round;screen;date;advance;chainage;drill_type;total_drillmeters;start_drilling;end_drilling;totel_time;capacity;screen_length_m;inleakage_l_per_min;otv;deviation_measurement;otv_comment;start_pumping;end_pumpping;injection_pressure;cement_type;injection_volume_litres;injection_qty_kg;superplastisizer_qty;accelerator_qty;packers
1;;20.12.2023;11;194.8;Injection;528.0;20.12.2023 13:56;21.12.2023 13:56;24.0;22.0;24.0;0.0;No;;No equipment;20.12.2023 17:43;20.12.2023 23:32;;Norcem Micro;3547.0;3015.0;31.0;;22.0
2;;02.01.2024;15;202.0;Injection;552.0;21.12.2023 20:01;22.12.2023 13:10;17.2;32.2;24.0;0.0;No;;No equipment;02.01.2024 10:14;03.01.2024 02:00;;Norcem Micro;13633.0;10833.7;114.2;87.9;23.0
3;;05.01.2024;19;209.2;Injection;504.0;05.01.2024 07:48;05.01.2024 19:48;12.0;42.0;24.0;0.0;No;;No equipment;05.01.2024 20:45;06.01.2024 14:54;;Norcem Micro;12810.0;10273.9;117.8;324.6;21.0
4;;08.01.2024;23;216.4;Injection;552.0;08.01.2024 18:30;09.01.2024 02:30;8.0;69.0;24.0;0.0;No;;No equipment;09.01.2024 03:37;10.01.2024 01:00;;Norcem Micro;9578.0;7046.6;86.2;206.6;23.0
5;;10.01.2024;27;223.6;Injection;451.5;10.01.2024 19:15;11.01.2024 02:45;7.5;60.2;24.0;3.0;Yes;;;11.01.2024 04:46;11.01.2024 14:43;;Norcem Micro;9944.0;8661.8;107.4;0.0;19.0
6;;12.01.2024;31;230.8;Injection;576.0;12.01.2024 01:00;12.01.2024 09:00;8.0;72.0;24.0;3.0;Yes;;;12.01.2024 10:51;12.01.2024 17:41;;Norcem Micro;8153.0;6465.4;75.4;0.0;24.0
7;;13.01.2024;35;238.0;Injection;408.0;13.01.2024 04:00;13.01.2024 13:30;9.5;42.9;24.0;7.0;No;;Unknown;13.01.2024 14:13;13.01.2024 20:26;;Norcem Micro;10811.0;7306.2;76.0;12.9;17.0
8;;14.01.2024;37;241.6;Injection;480.0;14.01.2024 13:00;14.01.2024 20:30;7.5;64.0;24.0;7.0;No;;Unknown;15.01.2024 06:41;15.01.2024 15:15;;Norcem Micro;11122.0;9150.6;94.0;0.0;20.0
9;;16.01.2024;41;248.8;Injection;432.0;16.01.2024 15:40;16.01.2024 23:40;8.0;54.0;24.0;0.0;Yes;;;17.01.2024 04:12;17.01.2024 10:50;;Norcem Micro;7317.0;6362.1;718.1;0.0;18.0
10.1;1;18.01.2024;45;256.0;Injection;216.0;18.01.2024 08:00;18.01.2024 18:00;10.0;21.6;24.0;0.0;Yes;;;18.01.2024 21:38;19.01.2024 01:38;;Norcem Micro;3067.0;2297.1;676.8;0.0;9.0
10.2;2;19.01.2024;45;256.0;Injection;240.0;19.01.2024 04:50;19.01.2024 08:00;3.2;75.8;24.0;0.0;Yes;;;19.01.2024 08:56;19.01.2024 11:40;;Norcem Micro;3414.0;3041.8;30.4;89.3;9.0
11.1;1;29.01.2024;46;257.8;Injection;283.0;27.01.2024 11:00;29.01.2024 07:00;44.0;17.2;24.0;1.8;Yes;;;29.01.2024 08:46;29.01.2024 15:27;;Norcem Micro;7450.0;6041.7;62.4;80.0;12.0
11.2;2;31.01.2024;46;257.8;Injection;264.0;30.01.2024 07:00;30.01.2024 11:30;4.5;58.7;24.0;1.8;Yes;;;31.01.2024 07:14;31.01.2024 12:03;;Norcem Micro;6928.0;5803.3;62.5;162.9;23.0
12;;02.02.2024;49;263.2;Injection;552.0;01.02.2024 16:00;02.02.2024 08:00;16.0;34.5;24.0;0.0;Yes;;;02.02.2024 10:31;02.02.2024 20:04;;Norcem Micro;8042.0;6502.4;65.0;105.0;23.0
13;;05.02.2024;53;270.4;Injection;528.0;03.02.2024 19:30;04.02.2024 19:30;24.0;22.0;24.0;0.0;Yes;;;05.02.2024 07:47;05.02.2024 14:50;;Norcem Micro;9437.0;6207.9;69.8;319.0;24.0
14;;06.02.2024;57;277.6;Injection;576.0;06.02.2024 00:30;06.02.2024 10:00;9.5;60.6;24.0;4.0;No;;Lack of staff;06.02.2024 11:22;06.02.2024 22:59;;Norcem Micro;14607.0;10493.7;119.8;595.2;21.0
15;;08.02.2024;61;284.8;Injection;504.0;07.02.2024 15:38;07.02.2024 22:20;6.7;75.2;24.0;70.0;No;;Collapsed borehole;07.02.2024 23:55;08.02.2024 08:24;;Norcem Micro;19089.0;15230.6;159.2;605.8;15.0
16.1;1;09.02.2024;63;288.4;Injection;360.0;08.02.2024 08:30;08.02.2024 22:50;14.3;25.1;24.0;50.0;Yes;;;09.02.2024 00:33;09.02.2024 11:18;;Norcem Micro;13789.0;10824.8;115.0;474.6;15.0
16.2;2;10.02.2024;63;288.4;Injection;504.0;09.02.2024 13:50;09.02.2024 20:00;6.2;81.7;24.0;50.0;Yes;;;09.02.2024 21:16;10.02.2024 00:35;;Norcem Micro;3937.0;3045.4;31.0;145.3;6.0
17;;10.02.2024;65;292.0;Control;108.0;10.02.2024 05:00;10.02.2024 08:30;3.5;30.9;18.0;0.0;No;;Water from borehole;10.02.2024 09:28;10.02.2024 12:54;;Norcem Micro;6856.0;5043.1;56.4;209.9;6.0
18;;12.02.2024;67;295.6;Injection;240.0;10.02.2024 18:30;12.02.2024 10:30;40.0;19.5;24.0;0.0;No;;Lack of staff;12.02.2024 10:53;12.02.2024 12:09;;Norcem Micro;1298.0;1120.0;11.2;55.2;6.0
19;;13.02.2024;71;302.8;Injection;516.0;13.02.2024 14:25;13.02.2024 23:59;9.6;53.9;24.0;0.0;No;;Collapsed borehole;14.02.2024 00:45;14.02.2024 07:10;;Norcem Micro;3595.0;3100.7;32.4;42.6;22.0
20;;14.02.2024;73;306.4;Control;108.0;14.02.2024 15:30;14.02.2024 18:00;2.5;43.2;18.0;0.0;Yes;;;14.02.2024 18:42;14.02.2024 19:10;;Norcem Micro;218.0;539.9;5.4;21.3;6.0
21;;15.02.2024;75;310.0;Injection;216.0;15.02.2024 09:00;15.02.2024 13:31;4.5;47.8;24.0;0.0;No;;Glass broken due to collapse;15.02.2024 13:46;15.02.2024 14:50;;Norcem Micro;793.0;721.1;9.0;53.1;8.0
22;;16.02.2024;77;313.6;Injection;309.0;15.02.2024 22:00;16.02.2024 02:30;4.5;68.7;24.0;0.0;No;;Loose rock;16.02.2024 03:06;16.02.2024 05:10;;Norcem Micro;2913.0;2163.1;21.6;21.4;14.0
23;;16.02.2024;79;317.2;Injection;576.0;16.02.2024 11:45;16.02.2024 20:20;8.6;67.1;24.0;0.0;Yes;;;16.02.2024 20:20;16.02.2024 22:12;;Norcem Micro;3749.0;2521.3;25.2;63.9;24.0
24;;17.02.2024;82;322.6;Injection;576.0;17.02.2024 08:12;17.02.2024 17:23;9.2;62.8;24.0;0.0;No;;Loose rock;17.02.2024 18:44;17.02.2024 19:58;;Norcem Micro;1582.0;1260.1;12.6;68.7;24.0
25;;19.02.2024;86;329.8;Injection;576.0;19.02.2024 00:15;19.02.2024 12:00;11.8;49.0;24.0;0.0;No;;Loose rock;20.02.2024 11:46;20.02.2024 14:01;;Norcem Micro;3414.0;2382.0;23.8;21.3;22.0
26;;21.02.2024;88;333.4;Injection;489.0;20.02.2024 23:30;21.02.2024 23:00;23.5;20.8;24.0;0.0;Yes;;;22.02.2024 03:40;22.02.2024 05:09;;Norcem Micro;921.0;980.4;10.8;26.6;18.0
27;;04.03.2024;92;340.6;Injection;518.0;02.03.2024 23:00;04.03.2024 14:00;39.0;46.3;24.0;0.0;No;;Loose rock;04.03.2024 14:27;04.03.2024 16:38;;Norcem Micro;2599.0;1982.3;21.6;64.1;20.0
28;;05.03.2024;95;346.0;Injection;480.0;05.03.2024 01:12;05.03.2024 11:00;9.8;49.0;40.0;0.0;No;;Loose rock;05.03.2024 11:01;05.03.2024 18:30;;Norcem Micro;11553.0;8043.2;91.4;243.7;11.0
29;;07.03.2024;110;373.0;Control;240.0;06.03.2024 22:00;07.03.2024 01:30;3.5;68.6;40.0;0.0;No;;Loose rock;;;;Norcem Micro;0.0;0.0;0.0;0.0;0.0
30;;09.03.2024;123;396.4;Control;240.0;08.03.2024 12:10;08.03.2024 16:10;4.0;60.0;40.0;0.0;No;;All holes grouted;08.03.2024 17:13;08.03.2024 19:59;;Norcem Micro;3249.0;2562.6;26.0;76.9;6.0
31;;11.03.2024;137;421.6;Injection;480.0;09.03.2024 21:55;11.03.2024 08:10;34.3;71.1;40.0;0.0;No;;Loose rock;11.03.2024 08:20;11.03.2024 19:48;;Norcem Micro;25547.0;21447.0;228.2;672.2;12.0
32;;13.03.2024;139;425.2;Control;396.0;12.03.2024 08:15;12.03.2024 15:45;7.5;52.8;32.6;0.0;No;;Loose rock;12.03.2024 15:28;12.03.2024 22:27;;Norcem Micro;10849.0;8421.0;87.0;299.0;12.0
33;;14.03.2024;147;439.6;Injection;706.0;13.03.2024 13:23;13.03.2024 23:03;9.7;73.0;27.0;0.0;Yes;;;14.03.2024 00:12;14.03.2024 22:35;;Norcem Micro;39368.0;33037.7;335.8;1046.0;21.0
34;;14.03.2024;149;443.2;Control;162.0;14.03.2024 00:10;14.03.2024 04:06;3.9;41.2;24.0;0.0;No;;HSE course;15.03.2024 04:58;15.03.2024 08:37;;Norcem Micro;7075.0;5718.9;59.2;196.4;6.0
35;;16.03.2024;157;457.6;Injection;692.0;16.03.2024 01:08;16.03.2024 10:31;9.4;73.7;24.0;0.0;No;;Loose rock;16.03.2024 11:15;16.03.2024 15:59;;Norcem Micro;11623.0;9204.8;93.8;389.6;21.0
36;;16.03.2024;160;463.0;Control;162.0;16.03.2024 20:27;16.03.2024 21:40;1.2;133.2;24.0;0.0;No;;Loose rock;16.03.2024 22:10;16.03.2024 23:35;;Norcem Micro;2692.0;2163.6;21.6;74.6;6.0
37;;19.03.2024;168;477.4;Injection;649.2;18.03.2024 21:07;20.03.2024 03:49;30.7;21.1;32.6;0.0;No;;Winch broken - electrical issue;19.03.2024 13:33;20.03.2024 05:03;;Norcem Micro;29911.0;25960.2;263.6;569.0;19.0
38;;20.03.2024;170;481.0;Control;161.8;20.03.2024 09:52;20.03.2024 17:35;7.7;21.0;27.0;0.0;No;;Winch broken - electrical issue;20.03.2024 15:03;20.03.2024 16:23;;Norcem Micro;1912.0;1502.3;15.0;71.2;3.0
39;;21.03.2024;172;484.6;Injection;693.7;21.03.2024 00:04;21.03.2024 17:42;17.6;39.3;32.6;0.0;No;;Winch broken - electrical issue;21.03.2024 18:23;22.03.2024 03:30;;Norcem Micro;19788.0;17309.7;173.0;386.8;17.0
40;;22.03.2024;174;488.2;Control;152.8;22.03.2024 10:50;22.03.2024 13:17;2.5;62.3;27.0;0.0;No;;Winch broken - electrical issue;22.03.2024 14:04;22.03.2024 15:58;;Norcem Micro;3029.0;2439.6;24.4;114.8;6.0
41;;25.03.2024;182;502.6;Injection;663.9;23.03.2024 08:32;23.03.2024 15:07;6.6;100.8;32.6;0.0;No;;Winch broken - electrical issue;23.03.2024 15:42;25.03.2024 18:54;;Norcem Micro;27578.0;22906.5;267.6;829.1;21.0
42;;25.03.2024;184;506.2;Control;142.4;26.03.2024 00:33;26.03.2024 02:09;1.6;88.4;32.6;0.0;No;;Winch broken - electrical issue;26.03.2024 03:10;26.03.2024 07:25;;Norcem Micro;7695.0;5861.9;65.8;194.7;6.0
43;;27.03.2024;194;524.2;Injection;652.0;27.03.2024 00:07;27.03.2024 07:53;7.8;84.0;32.6;0.0;No;;Winch broken - electrical issue;27.03.2024 07:53;27.03.2024 15:59;;Norcem Micro;16761.0;13812.8;144.8;396.5;20.0
44;;03.04.2024;198;531.4;Injection;757.2;03.04.2024 05:30;03.04.2024 23:50;18.3;41.3;32.6;0.0;No;;Winch broken - electrical issue;04.04.2024 00:30;04.04.2024 13:45;;Norcem Micro;24813.0;17958.7;191.6;603.4;24.0
45;;05.04.2024;200;535.0;Control;162.0;05.04.2024 00:15;05.04.2024 02:01;1.8;92.3;27.0;0.0;No;;Winch broken - electrical issue;05.04.2024 02:38;05.04.2024 05:45;;Norcem Micro;5333.0;4061.0;55.0;155.0;6.0
46;;06.04.2024;208;549.4;Injection;415.2;06.04.2024 09:30;06.04.2024 23:00;13.5;30.8;32.6;0.0;No;;Winch broken - electrical issue;06.04.2024 22:30;07.04.2024 01:45;;Norcem Micro;;6448.7;64.0;97.9;13.0
47;;09.04.2024;212;556.6;Injection;619.4;08.04.2024 17:30;09.04.2024 01:10;7.7;80.8;32.6;0.0;No;;Winch broken - electrical issue;09.04.2024 01:39;09.04.2024 05:39;;Norcem Micro;5090.0;4623.6;47.6;138.0;18.0
48;;10.04.2024;214;560.2;Control;162.0;09.04.2024 09:15;09.04.2024 11:45;2.5;64.8;27.0;0.0;No;;Winch broken - electrical issue;09.04.2024 11:35;09.04.2024 13:59;;Norcem Micro;3675.0;2979.5;30.2;83.3;6.0
49;;10.04.2024;222;574.6;Injection;724.3;10.04.2024 01:30;10.04.2024 10:53;9.4;77.2;27.0;0.0;No;;Winch broken - electrical issue;10.04.2024 11:56;10.04.2024 20:59;;Norcem Micro;24927.0;19709.0;207.8;397.5;21.0
50;;11.04.2024;224;578.2;Control;162.0;11.04.2024 01:15;11.04.2024 03:30;2.3;72.0;27.0;0.3;No;;Winch broken - electrical issue;11.04.2024 03:40;11.04.2024 04:40;;Norcem Micro;988.0;1080.4;10.8;32.0;6.0
51;;12.04.2024;232;592.6;Injection;782.4;11.04.2024 15:50;12.04.2024 01:50;10.0;78.2;32.6;1.0;No;;Winch broken - electrical issue;12.04.2024 02:05;12.04.2024 11:02;;Norcem Micro;15687.0;13472.6;135.0;290.7;24.0
52;;12.04.2024;234;596.2;Control;166.0;12.04.2024 16:20;12.04.2024 19:00;2.7;62.3;27.0;0.0;No;;Winch broken - electrical issue;12.04.2024 19:27;12.04.2024 20:14;;Norcem Micro;544.0;541.4;5.4;16.0;6.0
53;;13.04.2024;242;610.6;Injection;705.6;13.04.2024 06:20;13.04.2024 13:20;7.0;100.8;32.6;6.0;No;;Winch broken - electrical issue;13.04.2024 13:04;13.04.2024 17:41;;Norcem Micro;9238.0;7158.7;72.0;177.0;22.0
54;;13.04.2024;244;614.2;Control;162.0;13.04.2024 20:15;13.04.2024 22:10;1.9;84.5;27.0;0.0;No;;Winch broken - electrical issue;13.04.2024 22:08;13.04.2024 22:40;;Norcem Micro;676.0;717.9;9.0;21.0;6.0
55;;16.04.2024;252;628.6;Injection;749.8;16.04.2024 01:30;16.04.2024 14:20;12.8;58.4;32.6;5.0;No;;Winch broken - electrical issue - Risk of collapse;16.04.2024 12:28;16.04.2024 21:19;;Norcem Micro;17410.0;13323.0;133.0;394.0;23.0
56;;17.04.2024;254;632.2;Control;162.0;17.04.2024 00:10;17.04.2024 02:07;1.9;83.1;27.0;0.0;No;;Winch broken - electrical issue - Risk of collapse;17.04.2024 02:53;17.04.2024 04:20;;Norcem Micro;2324.0;1720.0;17.0;51.0;6.0
57;;18.04.2024;262;646.6;Injection;487.4;17.04.2024 17:00;18.04.2024 04:10;11.2;43.6;32.6;0.8;No;;Winch broken - electrical issue - Risk of collapse;18.04.2024 04:10;18.04.2024 09:51;;Norcem Micro;8164.0;6204.0;64.0;189.0;12.0
58;;18.04.2024;264;650.2;Control;290.0;18.04.2024 17:00;18.04.2024 22:45;5.7;50.4;27.0;0.0;No;;Winch broken - electrical issue - Risk of collapse;18.04.2024 22:56;19.04.2024 01:08;;Norcem Micro;4119.0;2862.0;33.0;97.0;10.0
59;;20.04.2024;272;664.6;Injection;684.6;19.04.2024 20:35;20.04.2024 04:50;8.3;83.0;32.6;0.5;No;;Winch broken - electrical issue;20.04.2024 04:44;20.04.2024 14:47;;Norcem Micro;19463.0;14826.4;149.4;564.3;20.0
60;;20.04.2024;274;668.2;Control;162.0;20.04.2024 17:45;20.04.2024 19:45;2.0;81.0;27.0;0.0;No;;Winch broken - electrical issue;20.04.2024 19:55;20.04.2024 20:39;;Norcem Micro;1315.0;940.0;9.0;28.0;6.0
61;;21.04.2024;282;682.6;Injection;714.7;22.04.2024 13:30;22.04.2024 23:00;9.5;75.2;32.6;5.5;No;;Winch broken - electrical issue;22.04.2024 23:59;23.04.2024 07:56;;Norcem Micro;12840.0;10773.2;118.2;346.8;21.0
62;;23.04.2024;284;686.2;Control;164.0;23.04.2024 15:00;23.04.2024 17:10;2.2;75.7;27.0;0.0;No;;Winch broken - electrical issue;23.04.2024 17:40;23.04.2024 19:52;;Norcem Micro;3345.0;2462.3;24.9;75.2;6.0
63;;24.04.2024;292;700.6;Injection;725.2;24.04.2024 05:50;24.04.2024 16:30;10.7;68.0;32.6;0.0;No;;Winch broken - electrical issue;24.04.2024 15:47;25.04.2024 01:38;;Norcem Micro;22479.0;17507.3;180.1;474.1;22.0
64;;25.04.2024;294;704.2;Control;162.0;25.04.2024 07:40;25.04.2024 12:15;4.6;35.3;27.0;0.0;No;;Winch broken - electrical issue;25.04.2024 12:33;25.04.2024 13:23;;Norcem Micro;1119.0;741.0;7.0;38.0;21.0
65;;25.04.2024;296;707.8;Control;144.0;25.04.2024 20:05;25.04.2024 22:55;2.8;50.8;24.0;1.5;No;;Winch broken - electrical issue;25.04.2024 23:20;26.04.2024 02:20;;Norcem Micro;6414.0;5063.0;51.0;129.0;6.0
66;;27.04.2024;302;718.6;Injection;713.1;26.04.2024 17:20;27.04.2024 06:20;13.0;54.9;32.6;0.0;No;;Winch broken - electrical issue;27.04.2024 06:06;27.04.2024 10:53;;Norcem Micro;11526.0;9785.8;95.6;217.6;22.0
67;;27.04.2024;304;722.2;Control;38.0;27.04.2024 15:07;27.04.2024 16:45;1.6;23.3;27.0;0.0;No;;Winch broken - electrical issue;;;;Norcem Micro;0.0;0.0;0.0;0.0;0.0
68;;30.04.2024;312;736.6;Injection;717.2;30.04.2024 06:00;30.04.2024 12:10;6.2;116.3;27.0;0.0;No;;Winch broken - electrical issue;30.04.2024 12:15;30.04.2024 22:14;;Norcem Micro;20520.0;16754.6;168.4;432.1;23.0
69;;02.05.2024;314;740.2;Control;162.0;02.05.2024 03:57;02.05.2024 06:00;2.1;79.0;27.0;0.0;No;;Winch broken - electrical issue;02.05.2024 09:05;02.05.2024 10:06;;Norcem Micro;387.0;540.4;5.4;16.0;6.0
70;;03.05.2024;322;754.6;Injection;726.1;02.05.2024 19:27;03.05.2024 12:27;17.0;42.7;32.6;10.7;No;;Winch broken - electrical issue;03.05.2024 13:01;03.05.2024 19:45;;Norcem Micro;14733.0;12148.0;123.4;323.8;11.0
71;;04.05.2024;324;758.2;Control;162.0;04.05.2024 14:14;04.05.2024 18:00;3.8;43.0;27.0;0.0;No;;Winch broken - electrical issue;04.05.2024 03:54;04.05.2024 06:26;;Norcem Micro;4125.0;3221.7;32.4;71.6;6.0
72;;06.05.2024;331;770.8;Injection;619.4;06.05.2024 07:27;06.05.2024 11:30;4.0;152.9;24.0;0.0;No;;Lack of staff;06.05.2024 11:17;06.05.2024 18:19;;Norcem Micro;19867.0;14867.0;151.0;403.0;19.0
73;;06.05.2024;333;774.4;Control;135.0;06.05.2024 21:40;06.05.2024 23:10;1.5;90.0;27.0;0.0;No;;Lack of staff;06.05.2024 23:30;06.05.2024 23:54;;Norcem Micro;681.0;539.9;5.4;16.0;4.0
74;;07.05.2024;341;788.8;Injection;652.0;07.05.2024 16:00;08.05.2024 00:10;8.2;79.8;27.0;0.0;No;;Connection issue;08.05.2024 00:39;08.05.2024 04:12;;Norcem Micro;7139.0;5602.0;76.0;224.0;21.0
75;;08.05.2024;343;792.4;Control;162.0;08.05.2024 07:10;08.05.2024 10:30;3.3;48.6;27.0;0.0;No;;Lack of staff;08.05.2024 09:51;08.05.2024 12:46;;Norcem Micro;3195.0;2222.0;24.0;65.0;6.0
76;;09.05.2024;351;806.8;Injection;684.6;09.05.2024 02:30;09.05.2024 10:00;7.5;91.3;32.6;0.0;No;;Unknown;09.05.2024 09:47;09.05.2024 17:06;;Norcem Micro;15655.0;12423.0;132.0;357.0;21.0
77;;09.05.2024;353;810.4;Control;149.0;09.05.2024 19:20;09.05.2024 23:30;4.2;35.8;27.0;0.0;No;;Unknown;09.05.2024 23:36;10.05.2024 00:18;;Norcem Micro;907.0;718.0;7.0;21.0;6.0
78;;10.05.2024;361;824.8;Injection;717.2;10.05.2024 15:30;11.05.2024 00:45;9.2;77.5;32.6;0.0;No;;Unknown;11.05.2024 01:16;11.05.2024 09:59;;Norcem Micro;20377.0;16519.0;176.0;485.0;22.0
79;;13.05.2024;363;828.4;Control;162.0;13.05.2024 14:12;13.05.2024 16:05;1.9;86.0;32.6;0.0;No;;Unknown;13.05.2024 16:16;13.05.2024 17:58;;Norcem Micro;1453.0;1079.0;15.0;43.0;6.0
80;;14.05.2024;370;842.0;Injection;652.0;14.05.2024 06:10;14.05.2024 14:45;8.6;76.1;32.6;47.0;No;;Collapsed borehole;14.05.2024 14:51;15.05.2024 04:54;;Norcem Micro;28456.0;20802.7;217.7;644.1;20.0
81;;15.05.2024;372;846.2;Control;162.0;15.05.2024 09:45;15.05.2024 12:30;2.8;58.9;27.0;0.0;No;;Collapsed borehole;15.05.2024 12:45;15.05.2024 12:50;;Norcem Micro;54.0;180.0;1.8;5.0;6.0
82;;15.05.2024;375;849.6;Control;23.0;15.05.2024 15:21;15.05.2024 16:21;1.0;23.0;27.0;0.0;No;;Collapsed borehole;00.01.1900 00:00;00.01.1900 00:00;;Norcem Micro;0.0;0.0;0.0;0.0;0.0
83;;16.05.2024;381;860.6;Injection;726.2;16.05.2024 03:50;16.05.2024 15:00;11.2;65.0;32.6;0.0;Yes;;;16.05.2024 15:45;16.05.2024 22:37;;Norcem Micro;19264.0;15106.0;156.0;451.0;22.0
84;;16.05.2024;383;864.0;Control;162.0;17.05.2024 01:20;17.05.2024 03:40;2.3;69.4;32.6;0.0;No;;training OTV;17.05.2024 03:24;17.05.2024 04:16;;Norcem Micro;1108.0;719.0;7.0;21.0;6.0
85;;17.05.2024;391;878.3;Injection;708.6;16.05.2024 12:59;16.05.2024 20:40;7.7;92.2;27.0;0.0;No;;Packers placed;17.05.2024 20:05;18.05.2024 01:38;;Norcem Micro;18072.0;13036.0;131.0;386.0;21.0
86;;18.05.2024;393;882.0;Control;162.0;18.05.2024 05:25;18.05.2024 06:55;1.5;108.0;27.0;0.0;No;;Unknown;18.05.2024 07:13;18.05.2024 08:09;;Norcem Micro;1679.0;1081.0;11.0;32.0;6.0
87;;20.05.2024;401;896.3;Injection;670.5;20.05.2024 10:55;20.05.2024 18:00;7.1;94.7;32.6;2.5;No;;Elettricity issue;20.05.2024 17:25;21.05.2024 04:34;;Norcem Micro;24880.0;19363.2;197.5;446.8;20.0
88;;21.05.2024;403;900.0;Control;162.0;21.05.2024 07:30;21.05.2024 09:12;1.7;95.3;27.0;0.0;No;;Unknown;21.05.2024 08:58;21.05.2024 10:04;;Norcem Micro;1621.0;1121.0;11.0;33.0;6.0
89;;21.05.2024;411;914.5;Injection;749.8;21.05.2024 18:26;22.05.2024 05:03;10.6;70.6;32.6;0.0;Yes;;;22.05.2024 05:18;22.05.2024 10:59;;Norcem Micro;16186.0;11983.0;128.0;379.0;23.0
90;;22.05.2024;413;918.0;Control;162.0;22.05.2024 15:30;22.05.2024 16:44;1.2;131.4;32.6;0.0;No;;;22.05.2024 16:58;22.05.2024 18:20;;Norcem Micro;1915.0;1303.0;13.0;36.0;6.0
91;;23.05.2024;421;932.5;Injection;779.8;23.05.2024 01:45;23.05.2024 12:20;10.6;73.7;32.6;0.0;Yes;;;23.05.2024 12:34;23.05.2024 20:02;;Norcem Micro;22103.0;16963.0;174.0;472.0;23.0
92;;24.05.2024;431;950.5;Injection;729.1;24.05.2024 07:45;24.05.2024 14:27;6.7;108.8;32.6;0.0;Yes;;;24.05.2024 15:00;24.05.2024 19:35;;Norcem Micro;13410.0;9987.0;102.0;295.0;19.0
93;;25.05.2024;441;968.5;Injection;671.2;25.05.2024 03:29;25.05.2024 15:25;11.9;56.2;32.6;0.0;Yes;;;25.05.2024 15:51;25.05.2024 19:30;;Norcem Micro;4362.0;3361.0;34.0;99.0;20.0
94;;27.05.2024;450;986.6;Injection;749.8;27.05.2024 15:00;28.05.2024 00:20;9.3;80.3;32.6;1.0;Yes;;;28.05.2024 00:17;28.05.2024 07:50;;Norcem Micro;13446.0;10708.0;107.0;308.0;22.0
95;;29.05.2024;461;1004.2;Injection;749.8;29.05.2024 14:15;29.05.2024 20:00;5.8;130.4;32.6;1.0;No;;Evacuation from TBM;29.05.2024 14:13;29.05.2024 20:13;;Norcem Micro;12101.0;9835.2;98.5;220.7;15.0
96;;30.05.2024;465;1010.1;Injection;762.3;30.05.2024 23:35;31.05.2024 05:05;5.5;138.6;32.6;0.0;Yes;;;30.05.2024 23:44;31.05.2024 05:03;;Norcem Micro;6309.0;5112.9;42.0;141.0;19.0
97;;01.06.2024;475;1029.5;Injection;326.0;01.06.2024 01:19;01.06.2024 09:24;8.1;40.3;32.6;0.0;No;;Loose rock;00.01.1900 00:00;00.01.1900 00:00;;Norcem Micro;0.0;0.0;0.0;0.0;4.0
98;;04.06.2024;480;1041.0;Injection;499.0;04.06.2024 04:00;04.06.2024 12:15;8.3;60.5;32.6;0.0;No;;Evacuation from TBM ;04.06.2024 12:29;04.06.2024 15:44;;Norcem Micro;6375.0;5253.0;53.0;80.0;16.0
99;;05.06.2024;490;1058.2;Injection;619.4;05.06.2024 16:20;05.06.2024 23:45;7.4;83.5;32.6;7.0;No;;Evacuation from TBM ;05.06.2024 23:48;06.06.2024 02:50;;Norcem Micro;8271.0;6202.0;62.0;184.0;19.0
100;;06.06.2024;500;1076.5;Injection;782.4;06.06.2024 12:00;06.06.2024 22:49;10.8;72.3;32.6;0.5;No;;Probe under maintainance;06.06.2024 23:00;07.06.2024 01:52;;Norcem Micro;6404.0;4865.0;55.0;152.0;24.0
101;;07.06.2024;511;1094.5;Injection;782.4;07.06.2024 12:30;07.06.2024 22:50;10.3;75.7;32.6;1.7;Yes;;;07.06.2024 23:00;08.06.2024 07:07;;Norcem Micro;19165.0;14955.7;154.4;454.1;23.0
102;;08.06.2024;521;1112.5;Injection;619.4;08.06.2024 15:30;08.06.2024 22:30;7.0;88.5;32.6;0.0;No;;All holes grouted;10.06.2024 06:41;10.06.2024 16:20;;Norcem Micro;11083.0;9526.1;121.5;305.4;20.0
103;;11.06.2024;531;1130.5;Injection;782.4;11.06.2024 09:00;11.06.2024 21:00;12.0;65.2;32.6;3.0;No;;Packers placed;11.06.2024 19:36;12.06.2024 00:37;;Norcem Micro;15631.0;10036.0;104.0;306.0;24.0
104;;12.06.2024;541;1148.5;Injection;754.3;12.06.2024 10:55;12.06.2024 21:30;10.6;71.3;32.6;0.0;Yes;;;12.06.2024 21:34;13.06.2024 00:40;;Norcem Micro;10262.0;7338.0;74.0;218.0;23.0
105;;13.06.2024;551;1167.1;Injection;726.0;13.06.2024 10:45;13.06.2024 19:45;9.0;80.7;32.6;0.0;Yes;;;13.06.2024 19:25;13.06.2024 22:34;;Norcem Micro;9933.0;6795.8;72.1;206.7;22.0
106;;14.06.2024;561;1184.0;Injection;755.0;14.06.2024 09:25;14.06.2024 19:20;9.9;76.1;32.6;2.0;Yes;;;14.06.2024 20:07;14.06.2024 23:07;;Norcem Micro;8432.0;5769.7;60.1;155.7;23.0
107;;15.06.2024;571;1202.0;Injection;782.4;15.06.2024 07:27;15.06.2024 14:45;7.3;107.2;32.6;0.0;Yes;;;15.06.2024 14:57;15.06.2024 19:12;;Norcem Micro;9961.0;7006.6;72.4;212.8;24.0
108;;17.06.2024;581;1220.0;Injection;712.4;17.06.2024 07:45;17.06.2024 16:59;9.2;77.1;32.6;4.0;Yes;;;17.06.2024 16:24;17.06.2024 20:02;;Norcem Micro;10998.0;7706.3;79.6;234.8;22.0
109;;18.06.2024;591;1238.5;Injection;670.6;18.06.2024 06:01;18.06.2024 14:09;8.1;82.4;32.6;77.0;Yes;;;18.06.2024 13:28;18.06.2024 19:14;;Norcem Micro;17911.0;12982.7;132.3;390.2;20.0
110;;19.06.2024;593;1242.1;Control;154.9;18.06.2024 21:45;19.06.2024 01:07;3.4;46.0;27.0;0.5;No;;Poor rock conditions;19.06.2024 01:18;19.06.2024 01:59;;Norcem Micro;634.0;541.2;5.4;16.0;6.0
111;;19.06.2024;601;1255.9;Injection;680.3;19.06.2024 10:30;19.06.2024 18:05;7.6;89.7;32.6;0.0;No;;Poor rock conditions;19.06.2024 18:56;20.06.2024 00:31;;Norcem Micro;14674.0;11770.2;118.3;300.7;22.0
112;;20.06.2024;611;1274.4;Injection;673.1;20.06.2024 19:00;21.06.2024 05:35;10.6;63.6;32.6;2.5;Yes;;;21.06.2024 06:10;21.06.2024 10:41;;Norcem Micro;9579.0;6744.5;67.6;199.7;18.0
113;;22.06.2024;621;1291.5;Injection;713.0;22.06.2024 04:00;22.06.2024 10:20;6.3;112.6;32.6;0.0;Yes;;;22.06.2024 10:47;22.06.2024 13:07;;Norcem Micro;5388.0;3741.6;37.5;86.9;21.0
114;;24.06.2024;631;1309.5;Injection;728.9;24.06.2024 06:55;24.06.2024 15:32;8.6;84.6;32.6;1.5;Yes;;;24.06.2024 15:36;24.06.2024 23:26;;Norcem Micro;16839.0;13330.0;135.0;338.0;23.0
115;;25.06.2024;641;1327.6;Injection;680.7;25.06.2024 11:05;26.06.2024 05:00;17.9;38.0;32.6;264.0;Yes;;;26.06.2024 04:07;26.06.2024 14:08;;Norcem Micro;24776.0;19727.0;202.0;448.0;22.0
116;;27.06.2024;643;1331.5;Control;162.0;27.06.2024 00:10;27.06.2024 05:00;4.8;33.5;27.0;0.0;No;1;Poor rock conditions;27.06.2024 05:09;27.06.2024 06:53;;Norcem Micro;3161.0;2440.7;24.4;72.2;6.0
117;;28.06.2024;651;1345.9;Injection;754.2;27.06.2024 16:40;28.06.2024 06:48;14.1;53.4;32.6;1.8;Yes;;;28.06.2024 03:56;28.06.2024 12:40;;Norcem Micro;18204.0;14079.0;141.0;390.0;24.0
118;;28.06.2024;661;1363.9;Injection;665.1;28.06.2024 22:14;29.06.2024 10:21;12.1;54.9;32.6;0.0;Yes;;;29.06.2024 10:37;29.06.2024 14:11;;Norcem Micro;10459.0;8004.0;83.0;221.0;23.0
119;;01.07.2024;671;1382.0;Injection;759.8;01.07.2024 08:15;01.07.2024 17:10;8.9;85.2;32.6;0.0;Yes;;;01.07.2024 17:32;01.07.2024 23:01;;Norcem Micro;11211.0;9302.0;105.0;304.0;23.0
120;;02.07.2024;681;1400.0;Injection;372.9;02.07.2024 07:40;02.07.2024 13:00;5.3;69.9;32.6;0.0;Yes;1;;02.07.2024 13:31;02.07.2024 15:31;;Norcem Micro;2685.0;2223.0;22.0;60.0;12.0
121;;03.07.2024;691;1418.0;Injection;391.2;03.07.2024 00:30;03.07.2024 04:59;4.5;87.3;32.6;0.0;Yes;1;;03.07.2024 06:16;03.07.2024 07:14;;Norcem Micro;1760.0;1443.0;16.0;32.0;10.0
122;;03.07.2024;701;1436.0;Injection;391.2;03.07.2024 00:30;03.07.2024 04:59;4.5;87.3;32.6;0.0;Yes;;;03.07.2024 22:13;04.07.2024 01:15;;Norcem Micro;5451.0;4318.0;52.0;160.0;10.0
123;;04.07.2024;711;1454.0;Injection;391.2;04.07.2024 10:45;04.07.2024 17:00;6.3;62.6;32.6;0.0;Yes;;;04.07.2024 18:05;04.07.2024 21:18;;Norcem Micro;5623.0;4339.0;44.0;129.0;12.0
124;;05.07.2024;721;1472.0;Injection;391.2;05.07.2024 06:45;05.07.2024 12:24;5.7;69.2;32.6;1.0;Yes;;;05.07.2024 12:56;05.07.2024 15:00;;Norcem Micro;5464.0;4060.0;42.0;123.0;12.0
125;;06.07.2024;731;1490.0;Injection;480.0;06.07.2024 01:35;06.07.2024 06:00;4.4;108.7;40.0;0.0;Yes;;;06.07.2024 06:27;06.07.2024 08:15;;Norcem Micro;5144.0;3442.0;35.0;30.0;12.0
126;;06.07.2024;743;1512.6;Injection;480.0;06.07.2024 17:50;06.07.2024 21:48;4.0;121.0;40.0;0.0;Yes;;;06.07.2024 22:12;06.07.2024 23:28;;Norcem Micro;2148.0;1803.0;18.0;53.0;12.0
127;;08.07.2024;755;1533.0;Injection;478.0;08.07.2024 22:30;09.07.2024 08:15;9.8;49.0;40.0;0.0;Yes;;;09.07.2024 05:37;09.07.2024 08:57;;Norcem Micro;7751.0;4582.0;59.0;176.0;11.0
128;;09.07.2024;767;1555.0;Injection;480.0;09.07.2024 21:05;10.07.2024 03:10;6.1;78.9;40.0;0.0;Yes;;;10.07.2024 03:40;10.07.2024 09:29;;Norcem Micro;12172.0;6007.0;77.0;181.0;12.0
129;;10.07.2024;779;1576.0;Injection;480.0;10.07.2024 23:00;11.07.2024 04:10;5.2;92.9;40.0;6.0;Yes;;;11.07.2024 04:35;11.07.2024 09:17;;Norcem Micro;12294.0;8600.8;208.9;90.4;12.0
130;;11.07.2024;791;1598.0;Injection;480.0;11.07.2024 21:40;12.07.2024 02:40;5.0;96.0;40.0;0.0;Yes;;;12.07.2024 02:52;12.07.2024 04:11;;Norcem Micro;3857.0;2578.0;25.9;76.4;12.0
131;;12.07.2024;803;1619.0;Injection;480.0;12.07.2024 14:15;12.07.2024 17:20;3.1;155.7;40.0;0.0;Yes;;;12.07.2024 17:47;12.07.2024 21:01;;Norcem Micro;4709.0;3448.0;49.0;133.0;12.0
132;;29.07.2024;813;1637.8;Injection;480.0;29.07.2024 07:00;29.07.2024 15:30;8.5;56.5;40.0;0.0;Yes;;;29.07.2024 15:51;29.07.2024 19:10;;Norcem Micro;3918.0;3134.0;31.5;93.0;12.0
133;;30.07.2024;822;1656.0;Injection;480.0;30.07.2024 09:00;30.07.2024 13:15;4.3;112.9;40.0;0.0;Yes;1;;30.07.2024 14:52;30.07.2024 16:34;;Norcem Micro;3927.0;3048.0;4.0;91.0;12.0
134;;31.07.2024;835;1677.0;Injection;480.0;31.07.2024 15:00;31.07.2024 22:50;7.8;61.3;40.0;2.0;No;;Collapsed borehole;31.07.2024 22:57;01.08.2024 00:42;;Norcem Micro;5538.0;3940.0;41.0;122.0;12.0
135;;01.08.2024;847;1699.0;Injection;480.0;01.08.2024 12:30;01.08.2024 20:35;8.1;59.4;40.0;18.0;No;;Broken glass due to borehole collapse;01.08.2024 20:35;01.08.2024 23:21;;Norcem Micro;7228.0;5625.0;56.0;166.0;12.0
136;;02.08.2024;858;1720.5;Injection;480.0;02.08.2024 09:00;02.08.2024 16:50;7.8;61.3;40.0;0.0;No;;Grout flowing out of hole;02.08.2024 17:05;02.08.2024 19:43;;Norcem Micro;5188.0;3900.0;41.0;121.0;12.0
137;;03.08.2024;871;1741.0;Injection;480.0;03.08.2024 09:15;03.08.2024 16:05;6.8;70.2;40.0;0.5;Yes;;;03.08.2024 16:36;03.08.2024 19:35;;Norcem Micro;6690.0;4893.0;50.0;148.0;12.0
138;;05.08.2024;883;1763.0;Injection;451.8;05.08.2024 13:55;05.08.2024 22:09;8.2;54.9;40.0;85.5;Yes;;;05.08.2024 22:32;06.08.2024 06:20;;Norcem Micro;11705.0;9616.1;100.8;281.2;14.0
139;;06.08.2024;885;1767.0;Injection;362.9;06.08.2024 08:10;06.08.2024 15:05;6.9;52.5;32.6;16.5;No;;Poor rock conditions;06.08.2024 15:19;06.08.2024 16:20;;Norcem Micro;2218.0;1640.0;17.0;49.0;11.0
140;;07.08.2024;895;1785.0;Injection;480.0;07.08.2024 04:55;07.08.2024 11:50;6.9;69.4;40.0;38.0;Yes;;;07.08.2024 12:15;07.08.2024 14:56;;Norcem Micro;8714.0;6361.0;66.0;193.0;12.0
141;;08.08.2024;909;1810.0;Injection;619.0;08.08.2024 05:25;08.08.2024 15:18;9.9;62.6;40.0;444.0;No;;High water leakage in che hole;08.08.2024 16:25;08.08.2024 22:52;;Norcem Micro;16400.0;12507.0;129.0;346.0;16.0
142;;09.08.2024;911;1814.0;Injection;165.0;09.08.2024 02:52;09.08.2024 07:36;4.7;34.9;32.6;0.0;No;;High water leakage in the hole;09.08.2024 07:35;09.08.2024 08:18;;Norcem Micro;1049.0;741.0;7.0;22.0;5.0
143.1;1;10.08.2024;923;1835.0;Injection;512.9;10.08.2024 06:15;10.08.2024 17:00;10.8;47.7;40.0;460.0;No;;Collapsed borehole;10.08.2024 17:17;11.08.2024 00:50;;Norcem Micro;19400.0;15286.4;156.0;285.0;13.0
143.2;2;12.08.2024;923;1835.0;Injection;364.0;12.08.2024 10:02;12.08.2024 15:31;5.5;66.4;40.0;460.0;No;;Collapsed borehole;12.08.2024 15:35;12.08.2024 18:55;;Norcem Micro;8304.0;6825.0;68.0;202.0;7.0
144;;13.08.2024;927;1843.0;Injection;205.0;13.08.2024 00:50;13.08.2024 06:37;5.8;35.4;29.0;17.0;Yes;;;13.08.2024 07:42;13.08.2024 11:34;;Norcem Micro;7432.0;5836.0;59.0;170.0;7.0
145.1;1;14.08.2024;935;1857.7;Injection;347.0;13.08.2024 21:50;14.08.2024 04:00;6.2;56.3;40.0;232.0;No;;Equipment under repair;14.08.2024 04:02;14.08.2024 12:05;;Norcem Micro;16217.0;12939.0;140.0;311.0;11.0
145.2;2;14.08.2024;935;1857.7;Injection;414.4;14.08.2024 12:44;14.08.2024 19:00;6.3;66.1;40.0;321.5;No;;Equipment under repair;14.08.2024 18:17;14.08.2024 23:08;;Norcem Micro;18868.0;14313.0;149.0;371.0;10.0
146;;15.08.2024;939;1864.6;Injection;160.0;15.08.2024 03:24;15.08.2024 09:20;5.9;27.0;29.0;42.0;No;;Equipment under repair;15.08.2024 09:20;15.08.2024 12:50;;Norcem Micro;6667.0;5432.0;55.0;195.0;7.0
147;;16.08.2024;945;1875.7;Injection;340.5;15.08.2024 23:15;16.08.2024 07:20;8.1;42.1;40.0;33.1;No;;Equipment under repair;16.08.2024 07:14;16.08.2024 09:21;;Norcem Micro;4451.0;3583.0;36.0;107.0;9.0
148;;16.08.2024;947;1879.5;Injection;197.1;16.08.2024 14:08;16.08.2024 17:34;3.4;57.4;32.6;124.5;No;;Equipment under repair;16.08.2024 17:45;16.08.2024 21:53;;Norcem Micro;6544.0;5418.0;64.0;220.0;6.0
149;;17.08.2024;958;1900.0;Injection;480.0;17.08.2024 11:12;18.08.2024 02:00;14.8;32.4;40.0;20.5;No;;Equipment under repair;19.08.2024 07:42;19.08.2024 10:12;;Norcem Micro;4441.0;3412.0;34.0;101.0;12.0
150;;20.08.2024;970;1921.5;Injection;440.0;20.08.2024 11:45;20.08.2024 20:45;9.0;48.9;40.0;4.0;No;;Equipment under repair;20.08.2024 20:26;20.08.2024 22:57;;Norcem Micro;6371.0;4921.7;51.4;130.2;11.0
151;;21.08.2024;984;1946.8;Injection;360.0;21.08.2024 15:00;21.08.2024 18:54;3.9;92.3;40.0;0.0;No;;Equipment under repair;21.08.2024 17:40;21.08.2024 20:06;;Norcem Micro;3318.0;2582.5;25.8;76.2;6.0
152;;22.08.2024;998;1972.0;Injection;320.0;22.08.2024 09:40;22.08.2024 17:20;7.7;41.7;40.0;0.0;No;;Equipment under repair;22.08.2024 16:51;22.08.2024 18:35;;Norcem Micro;1925.0;1802.7;18.3;54.0;8.0
153;;23.08.2024;1013;1997.2;Injection;240.0;23.08.2024 05:25;23.08.2024 09:00;3.6;67.0;40.0;0.0;No;;Equipment under repair;23.08.2024 08:11;23.08.2024 09:18;;Norcem Micro;828.0;912.3;9.1;26.6;6.0
154;;23.08.2024;1022;2014.3;Injection;240.0;23.08.2024 21:45;24.08.2024 00:00;2.3;106.7;40.0;1.0;No;;Equipment under repair;24.08.2024 01:58;24.08.2024 02:25;;Norcem Micro;304.0;720.9;7.2;21.4;6.0
155;;26.08.2024;1037;2040.2;Injection;240.0;26.08.2024 15:50;26.08.2024 18:30;2.7;90.0;40.0;0.0;No;;Equipment under repair;26.08.2024 18:50;26.08.2024 19:14;;Norcem Micro;239.0;360.0;4.0;11.0;6.0
156.1;1;27.08.2024;1051;2065.4;Injection;240.0;27.08.2024 08:05;27.08.2024 11:30;3.4;70.2;32.6;710.0;No;;Equipment under repair;27.08.2024 11:42;28.08.2024 00:45;;Norcem Micro;13132.0;10874.0;115.0;340.0;12.0
156.2;2;28.08.2024;1051;2065.4;Injection;640.0;28.08.2024 04:30;28.08.2024 11:45;7.3;88.3;32.6;354.0;No;;Equipment under repair;28.08.2024 12:37;28.08.2024 20:31;;Norcem Micro;15528.0;11961.0;131.0;385.0;11.0
157;;29.08.2024;1053;2070.0;Injection;198.0;29.08.2024 00:30;29.08.2024 02:27;1.9;101.5;32.6;1.5;No;;Equipment under repair;29.08.2024 02:35;29.08.2024 03:22;;Norcem Micro;1330.0;941.0;9.0;28.0;6.0
158;;29.08.2024;1061;2084.4;Injection;480.0;29.08.2024 08:50;29.08.2024 12:50;4.0;120.0;40.0;70.0;No;;Equipment under repair;29.08.2024 13:05;29.08.2024 17:58;;Norcem Micro;7578.0;5981.0;62.0;182.0;12.0
159;;29.08.2024;1063;2088.0;Injection;198.0;29.08.2024 20:30;29.08.2024 22:23;1.9;105.1;32.6;1.5;No;;Equipment under repair;30.08.2024 00:32;30.08.2024 01:02;;Norcem Micro;656.0;621.0;9.0;27.0;6.0
160.1;1;30.08.2024;1075;2109.6;Injection;480.0;30.08.2024 15:50;30.08.2024 21:57;6.1;78.5;40.0;224.0;No;;Equipment under repair;30.08.2024 22:01;31.08.2024 08:28;;Norcem Micro;14753.0;11122.0;118.0;336.0;6.0
160.2;2;31.08.2024;1075;2109.6;Injection;164.0;31.08.2024 14:00;31.08.2024 19:05;5.1;32.3;40.0;0.0;No;;Equipment under repair;31.08.2024 19:15;31.08.2024 19:31;;Norcem Micro;411.0;358.0;4.0;11.0;6.0
161;;02.09.2024;1077;2113.0;Injection;198.0;02.09.2024 11:40;02.09.2024 14:20;2.7;74.3;32.6;1.0;No;;Equipment under repair;02.09.2024 14:20;02.09.2024 15:39;;Norcem Micro;1190.0;935.0;10.0;28.0;6.0
162;;02.09.2024;1089;2134.6;Injection;240.0;03.09.2024 00:55;03.09.2024 03:40;2.8;87.3;40.0;20.5;No;;Equipment under repair;03.09.2024 04:07;03.09.2024 06:23;;Norcem Micro;5408.0;3806.0;38.0;113.0;8.0
163;;03.09.2024;1103;2159.8;Injection;262.3;03.09.2024 23:00;04.09.2024 04:30;5.5;47.7;40.0;7.5;No;;Equipment under repair;04.09.2024 05:09;04.09.2024 06:10;;Norcem Micro;1305.0;1079.0;13.0;37.0;7.0
164;;05.09.2024;1117;2185.0;Injection;240.0;05.09.2024 01:30;05.09.2024 04:39;3.1;76.2;40.0;0.0;No;;Equipment under repair;05.09.2024 05:00;05.09.2024 05:58;;Norcem Micro;1450.0;1076.0;11.0;32.0;6.0
165;;06.09.2024;1131;2210.2;Injection;240.0;06.09.2024 03:45;06.09.2024 06:01;2.3;105.9;40.0;3.5;No;;Equipment under repair;06.09.2024 06:17;06.09.2024 07:54;;Norcem Micro;3128.0;1940.0;22.0;63.0;6.0
166;;07.09.2024;1145;2235.3;Injection;240.0;07.09.2024 05:10;07.09.2024 07:15;2.1;115.2;40.0;1.5;No;;Equipment under repair;07.09.2024 07:31;07.09.2024 08:28;;Norcem Micro;1385.0;921.0;11.0;33.0;6.0
167;;08.09.2024;1159;2260.5;Injection;240.0;07.09.2024 21:27;07.09.2024 23:50;2.4;100.7;40.0;2.0;No;;Equipment under repair;07.09.2024 23:57;08.09.2024 04:58;;Norcem Micro;10667.0;8063.0;82.0;231.0;6.0
168;;10.09.2024;1173;2286.3;Injection;249.0;10.09.2024 12:25;10.09.2024 17:05;4.7;53.4;40.0;18.0;No;;Equipment under repair;10.09.2024 17:09;10.09.2024 19:38;;Norcem Micro;7485.0;5403.0;64.0;178.0;8.0
169;;11.09.2024;1187;2311.3;Injection;215.0;11.09.2024 13:53;11.09.2024 17:25;3.5;60.8;40.0;1.4;No;1;Equipment under repair;11.09.2024 17:41;11.09.2024 18:35;;Norcem Micro;2212.0;1258.0;13.0;32.0;6.0
170;;12.09.2024;1196;2327.5;Injection;240.0;12.09.2024 03:45;12.09.2024 07:02;3.3;73.1;40.0;4.0;No;;Equipment under repair;12.09.2024 07:29;12.09.2024 09:28;;Norcem Micro;3614.0;2686.0;29.0;82.0;6.0
171;;13.09.2024;1210;2352.7;Injection;240.0;13.09.2024 05:55;13.09.2024 08:52;2.9;81.4;40.0;16.0;No;;Equipment under repair;13.09.2024 09:11;13.09.2024 12:35;;Norcem Micro;6271.0;5060.0;51.0;132.0;6.0
172;;16.09.2024;1224;2376.1;Injection;242.0;16.09.2024 15:35;16.09.2024 19:00;3.4;70.8;40.0;16.0;No;;Equipment under repair;16.09.2024 19:25;16.09.2024 21:26;;Norcem Micro;6251.0;4751.7;51.2;140.7;6.0
173;;25.09.2024;1235;2401.0;Injection;629.0;24.09.2024 10:00;25.09.2024 04:30;18.5;34.0;32.6;0.0;Yes;;;25.09.2024 02:33;25.09.2024 08:35;;Norcem Micro;13964.0;11243.0;116.0;342.0;20.0
174;;26.09.2024;1247;2419.0;Injection;561.0;25.09.2024 19:30;26.09.2024 01:30;6.0;93.5;32.6;0.5;Yes;;;26.09.2024 01:41;26.09.2024 04:13;;Norcem Micro;7713.0;6287.0;65.0;192.0;17.0
175;;27.09.2024;1257;2437.0;Injection;693.0;26.09.2024 11:51;26.09.2024 22:18;10.5;66.3;32.6;11.5;No;;Grouting flowing from hole;26.09.2024 22:10;27.09.2024 02:50;;Norcem Micro;17186.0;13866.0;143.0;422.0;21.0
176;;27.09.2024;1267;2455.0;Injection;693.0;27.09.2024 13:30;27.09.2024 20:15;6.8;102.7;32.6;0.0;Yes;;;27.09.2024 20:19;28.09.2024 00:07;;Norcem Micro;7504.0;5968.0;62.0;183.0;21.0
177;;01.10.2024;1277;2473.0;Injection;663.0;28.09.2024 15:21;28.09.2024 23:30;8.2;81.3;32.6;25.0;Yes;;;01.10.2024 05:27;01.10.2024 11:14;;Norcem Micro;13800.0;9813.0;103.0;304.0;20.0
178.1;1;02.10.2024;1287;2491.0;Injection;522.0;01.10.2024 21:50;02.10.2024 05:43;7.9;66.2;40.0;338.5;Yes;;;02.10.2024 05:05;02.10.2024 12:30;;Norcem Micro;19735.0;16553.0;170.0;372.0;13.0
178.2;2;02.10.2024;1287;2491.0;Injection;290.6;02.10.2024 16:22;02.10.2024 19:47;3.4;85.1;40.0;338.5;Yes;;;02.10.2024 20:02;03.10.2024 00:48;;Norcem Micro;10324.0;9262.5;97.7;219.5;7.0
179;;03.10.2024;1289;2494.9;Injection;198.0;03.10.2024 03:17;03.10.2024 05:30;2.2;89.3;32.6;0.0;No;;Control holes, no grouting, mechanical packers;00.01.1900 00:00;00.01.1900 00:00;;Norcem Micro;0.0;0.0;0.0;0.0;0.0
180;;03.10.2024;1301;2516.0;Injection;911.5;03.10.2024 19:45;04.10.2024 09:30;13.8;66.3;40.0;59.8;Yes;;;04.10.2024 08:43;04.10.2024 16:36;;Norcem Micro;22383.0;16638.0;171.0;452.0;23.0
181;;05.10.2024;1315;2542.2;Injection;723.3;05.10.2024 06:25;05.10.2024 18:45;12.3;58.6;40.0;67.0;No;;Hole collapsed;05.10.2024 15:03;06.10.2024 01:13;;Norcem Micro;21518.0;17287.6;175.8;454.0;20.0
182;;08.10.2024;1329;2566.9;Injection;877.6;07.10.2024 23:30;08.10.2024 14:16;14.8;59.4;40.0;24.0;Yes;;;08.10.2024 14:35;08.10.2024 21:18;;Norcem Micro;16474.0;12585.8;126.2;355.0;22.0
183;;10.10.2024;1343;2591.6;Injection;704.9;09.10.2024 19:00;10.10.2024 09:35;14.6;48.3;40.0;6.6;No;;Lack of staff;10.10.2024 09:11;10.10.2024 14:28;;Norcem Micro;11524.0;8265.0;83.5;203.2;17.0
184;;11.10.2024;1347;2599.3;Injection;70.0;11.10.2024 05:00;11.10.2024 08:35;3.6;19.5;32.6;0.0;No;;Collapsed borehole;11.10.2024 08:57;11.10.2024 09:10;;Norcem Micro;170.0;180.2;1.8;5.3;2.0
185;;11.10.2024;1357;2616.9;Injection;400.0;11.10.2024 17:27;12.10.2024 02:00;8.6;46.8;40.0;2.0;Yes;;;12.10.2024 02:14;12.10.2024 04:29;;Norcem Micro;3431.0;3143.1;31.5;162.4;12.0
186;;14.10.2024;1371;2640.4;Injection;480.0;12.10.2024 18:14;13.10.2024 01:15;7.0;68.4;40.0;2.0;No;;Connection issue;14.10.2024 07:52;14.10.2024 10:25;;Norcem Micro;4640.0;3778.5;39.8;176.4;12.0
187;;15.10.2024;1384;2665.9;Injection;455.0;15.10.2024 03:25;15.10.2024 07:30;4.1;111.4;40.0;2.0;No;;Connection issue;15.10.2024 07:38;15.10.2024 09:04;;Norcem Micro;3767.0;3061.0;32.0;157.0;11.0
188;;16.10.2024;1399;2692.9;Injection;480.0;15.10.2024 20:02;16.10.2024 03:25;7.4;65.0;40.0;4.0;Yes;;;16.10.2024 04:01;16.10.2024 07:49;;Norcem Micro;5666.0;4929.0;50.0;137.0;11.0
189;;17.10.2024;1412;2716.3;Injection;440.0;16.10.2024 19:22;16.10.2024 23:50;4.5;98.5;40.0;5.0;Yes;;;17.10.2024 01:09;17.10.2024 03:11;;Norcem Micro;4009.0;3203.0;34.0;101.0;10.0
190;;17.10.2024;1427;2743.3;Injection;400.0;17.10.2024 15:55;17.10.2024 21:05;5.2;77.4;40.0;1.0;No;;Collapsed borehole;17.10.2024 21:14;17.10.2024 22:14;;Norcem Micro;1836.0;1440.0;14.8;42.6;11.0
191;;19.10.2024;1438;2763.1;Injection;440.0;18.10.2024 20:50;19.10.2024 01:30;4.7;94.3;40.0;1.0;No;;Collapsed borehole;19.10.2024 02:13;19.10.2024 03:07;;Norcem Micro;915.0;900.0;9.0;27.0;11.0
192;;22.10.2024;1453;2790.0;Injection;478.0;21.10.2024 18:10;22.10.2024 00:50;6.7;71.7;40.0;0.0;No;;Lack of staff;22.10.2024 01:49;22.10.2024 02:34;;Norcem Micro;1624.0;1162.0;12.0;34.0;12.0
193;;23.10.2024;1467;2815.6;Injection;440.0;22.10.2024 22:50;23.10.2024 04:00;5.2;85.2;40.0;0.0;No;;Lack of staff;23.10.2024 04:28;23.10.2024 06:34;;Norcem Micro;6291.0;4940.0;51.0;146.0;11.0
194;;24.10.2024;1481;2840.0;Injection;480.0;24.10.2024 11:35;24.10.2024 17:10;5.6;86.0;40.0;8.0;No;;Collapsed borehole;24.10.2024 17:41;24.10.2024 20:28;;Norcem Micro;3791.0;3200.0;34.0;100.0;12.0
195;;25.10.2024;1495;2865.0;Injection;480.0;25.10.2024 12:40;25.10.2024 19:40;7.0;68.6;40.0;0.0;No;;Probe under maintainance;25.10.2024 19:56;25.10.2024 22:47;;Norcem Micro;7628.0;6130.0;61.0;181.0;12.0
196;;26.10.2024;1509;2890.5;Injection;478.5;26.10.2024 12:10;26.10.2024 19:04;6.9;69.3;40.0;7.0;Yes;;;26.10.2024 19:12;26.10.2024 21:05;;Norcem Micro;5528.0;4162.0;43.0;123.0;12.0
197;;29.10.2024;1523;2915.7;Injection;452.0;29.10.2024 01:30;29.10.2024 11:22;9.9;45.8;40.0;74.0;Yes;;;29.10.2024 11:45;29.10.2024 15:44;;Norcem Micro;9470.0;7428.0;82.0;242.0;13.0
198;;30.10.2024;1525;2919.8;Injection;212.7;29.10.2024 20:12;30.10.2024 00:03;3.8;55.2;32.6;28.0;No;;;30.10.2024 00:15;30.10.2024 01:05;;Norcem Micro;1124.0;901.0;9.0;27.0;7.0
199;;31.10.2024;1537;2941.3;Injection;437.5;30.10.2024 21:53;31.10.2024 04:17;6.4;68.4;40.0;20.0;No;;Broken glass due to borehole collapse;31.10.2024 04:08;31.10.2024 06:41;;Norcem Micro;6033.0;4345.0;45.0;134.0;12.0
200;;01.11.2024;1551;2967.0;Injection;487.0;31.10.2024 22:27;01.11.2024 02:57;4.5;108.2;40.0;0.5;Yes;;;01.11.2024 02:45;01.11.2024 05:19;;Norcem Micro;4900.0;4043.0;44.0;125.0;12.0
201;;02.11.2024;1565;2992.0;Injection;480.0;02.11.2024 02:41;02.11.2024 11:48;9.1;52.7;40.0;4.0;No;;Broken glass due to borehole collapse;02.11.2024 12:16;02.11.2024 14:13;;Norcem Micro;7060.0;5062.0;51.0;150.0;12.0
202;;04.11.2024;1577;3014.0;Injection;486.0;04.11.2024 07:47;04.11.2024 17:51;10.1;48.3;40.0;8.5;No;;Collapsed borehole;04.11.2024 18:20;04.11.2024 19:56;;Norcem Micro;3950.0;2964.2;29.8;87.5;12.0
203;;05.11.2024;1591;3039.0;Injection;495.5;05.11.2024 20:00;06.11.2024 07:22;11.4;43.6;40.0;25.0;No;;Lack of staff;06.11.2024 05:52;06.11.2024 11:05;;Norcem Micro;16411.0;12084.3;121.6;347.0;12.0
204.1;1;07.11.2024;1605;3063.0;Injection;411.0;07.11.2024 04:45;07.11.2024 10:45;6.0;68.5;40.0;322.0;Yes;;;07.11.2024 11:05;07.11.2024 20:29;;Norcem Micro;19844.0;13326.3;138.7;361.0;12.0
204.2;2;08.11.2024;1605;3063.0;Injection;383.0;08.11.2024 00:20;08.11.2024 05:15;4.9;77.9;40.0;322.0;Yes;;;08.11.2024 04:20;08.11.2024 08:14;;Norcem Micro;11478.0;8140.9;87.6;246.2;11.0
205;;11.11.2024;1609;3070.0;Injection;480.0;11.11.2024 20:20;12.11.2024 00:20;4.0;120.0;40.0;2.0;Yes;;;12.11.2024 00:49;12.11.2024 03:56;;Norcem Micro;5639.0;4185.1;41.8;123.6;12.0
206;;13.11.2024;1623;3095.0;Injection;400.0;13.11.2024 02:05;13.11.2024 10:30;8.4;47.5;40.0;0.0;No;;Lack of staff;13.11.2024 08:28;13.11.2024 11:48;;Norcem Micro;7101.0;5102.6;51.2;150.8;10.0
207;;15.11.2024;1637;3121.0;Injection;423.0;15.11.2024 11:20;15.11.2024 21:05;9.8;43.4;40.0;75.0;No;;Packers placed;15.11.2024 21:40;16.11.2024 05:20;;Norcem Micro;13356.0;10374.9;106.8;309.9;12.0
208;;18.11.2024;1651;3146.0;Injection;480.0;16.11.2024 21:10;17.11.2024 01:10;4.0;120.0;40.0;3.0;Yes;;;18.11.2024 07:23;18.11.2024 10:03;;Norcem Micro;6659.0;4724.1;47.2;139.2;12.0
209;;19.11.2024;1665;3170.0;Injection;477.0;18.11.2024 23:15;19.11.2024 05:27;6.2;76.9;40.0;;No;;Lack of staff;19.11.2024 05:26;19.11.2024 08:38;;Norcem Micro;8869.0;6124.0;61.0;181.0;12.0
210;;19.11.2024;1679;3196.5;Injection;431.0;19.11.2024 20:10;20.11.2024 04:10;8.0;53.9;40.0;73.0;No;;Bad rock conditions;20.11.2024 04:18;20.11.2024 11:03;;Norcem Micro;20897.0;16094.0;164.0;483.0;12.0
211;;20.11.2024;1687;3211.0;Injection;480.0;20.11.2024 22:10;21.11.2024 03:10;5.0;96.0;40.0;75.0;No;;Bad rock conditions;21.11.2024 03:21;21.11.2024 07:47;;Norcem Micro;12114.0;9105.0;97.0;287.0;12.0
212;;21.11.2024;1695;3225.4;Injection;480.0;21.11.2024 14:30;21.11.2024 20:00;5.5;87.3;40.0;28.0;No;;Bad rock conditions;21.11.2024 20:00;21.11.2024 22:58;;Norcem Micro;10888.0;8380.0;88.0;259.0;12.0
213;;22.11.2024;1703;3239.8;Injection;440.0;22.11.2024 06:25;22.11.2024 11:30;5.1;86.6;40.0;0.0;No;;Equipment damaged;22.11.2024 11:48;22.11.2024 12:45;;Norcem Micro;1550.0;1261.0;13.0;27.0;11.0
214;;23.11.2024;1711;3255.2;Injection;480.0;22.11.2024 20:00;23.11.2024 00:07;4.1;116.6;40.0;1.0;No;;Probe under maintainance;23.11.2024 00:19;23.11.2024 01:06;;Norcem Micro;1404.0;899.0;11.0;32.0;12.0
215;;23.11.2024;1718;3266.8;Injection;480.0;23.11.2024 07:05;23.11.2024 12:00;4.9;97.6;40.0;0.0;No;;Probe under maintainance;23.11.2024 11:49;23.11.2024 12:39;;Norcem Micro;2205.0;1621.5;16.2;47.9;12.0
216;;25.11.2024;1727;3281.1;Injection;484.5;25.11.2024 18:45;26.11.2024 00:11;5.4;89.2;40.0;0.5;No;;Bad rock conditions;26.11.2024 00:11;26.11.2024 05:50;;Norcem Micro;13952.0;10701.0;109.0;317.0;12.0
217;;26.11.2024;1735;3297.3;Injection;483.0;26.11.2024 12:50;26.11.2024 17:08;4.3;112.3;40.0;0.0;No;;Bad rock conditions;26.11.2024 17:05;26.11.2024 18:10;;Norcem Micro;2212.0;1621.0;16.0;48.0;12.0
218;;27.11.2024;1743;3311.7;Injection;480.0;27.11.2024 04:20;27.11.2024 09:59;5.7;85.0;40.0;90.0;No;;Water from borehole;27.11.2024 10:04;27.11.2024 14:04;;Norcem Micro;12204.0;9562.0;96.0;283.0;12.0
219;;28.11.2024;1751;3326.1;Injection;480.0;28.11.2024 04:39;28.11.2024 09:18;4.6;103.2;40.0;15.0;No;;Water from borehole;28.11.2024 09:36;28.11.2024 12:44;;Norcem Micro;6722.0;4803.0;48.0;142.0;12.0
220;;28.11.2024;1759;3340.5;Injection;480.0;28.11.2024 21:20;29.11.2024 03:50;6.5;73.8;40.0;14.5;No;;Bad rock conditions;29.11.2024 03:19;29.11.2024 05:49;;Norcem Micro;4695.0;3484.0;39.0;114.0;12.0
221;;29.11.2024;1767;3355.0;Injection;474.5;29.11.2024 16:06;29.11.2024 19:32;3.4;138.2;40.0;17.0;No;;Collapsed borehole;29.11.2024 20:18;30.11.2024 01:15;;Norcem Micro;14909.0;11225.0;115.0;313.0;12.0
222;;30.11.2024;1775;3370.0;Injection;484.0;30.11.2024 17:25;30.11.2024 22:09;4.7;102.3;40.0;77.0;No;;Collapsed borehole;30.11.2024 21:40;01.12.2024 02:16;;Norcem Micro;15259.0;11299.3;114.0;306.1;12.0
223;;02.12.2024;1783;3384.0;Injection;468.0;02.12.2024 21:45;03.12.2024 05:40;7.9;59.1;40.0;68.0;No;;Lack of staff;03.12.2024 05:15;03.12.2024 12:22;;Norcem Micro;17641.0;13833.9;140.6;376.1;12.0
224;;03.12.2024;1791;3398.4;Injection;443.5;03.12.2024 18:20;03.12.2024 23:42;5.4;82.5;40.0;113.0;No;;Lack of staff;04.12.2024 22:12;05.12.2024 11:56;;Norcem Micro;28440.0;21229.7;227.2;455.2;12.0
225;;05.12.2024;1795;3405.2;Injection;480.0;05.12.2024 16:05;05.12.2024 23:00;6.9;69.4;40.0;19.0;No;;Lack of staff;05.12.2024 22:50;06.12.2024 01:45;;Norcem Micro;8753.0;6666.0;69.5;143.0;12.0
226;;06.12.2024;1809;3430.4;Injection;480.0;06.12.2024 15:06;06.12.2024 19:50;4.7;101.4;40.0;35.0;No;;Lack of staff;06.12.2024 19:55;06.12.2024 22:02;;Norcem Micro;6488.0;4802.0;52.0;108.6;12.0
227;;07.12.2024;1823;3455.6;Injection;480.0;07.12.2024 10:58;07.12.2024 15:05;4.1;116.6;40.0;19.0;No;;Lack of staff;07.12.2024 15:12;07.12.2024 16:27;;Norcem Micro;2983.0;2772.0;32.2;71.7;12.0
228;;09.12.2024;1837;3480.8;Injection;391.2;09.12.2024 14:14;09.12.2024 18:05;3.8;101.6;32.6;9.0;No;;Lack of staff;09.12.2024 18:31;09.12.2024 19:22;;Norcem Micro;1500.0;1257.6;12.7;37.3;12.0
229;;10.12.2024;1847;3498.8;Injection;391.2;10.12.2024 07:00;10.12.2024 10:35;3.6;109.2;32.6;1.0;Yes;;Equioment damaged;10.12.2024 10:46;10.12.2024 12:23;;Norcem Micro;2753.0;2975.2;30.8;90.8;12.0
230;;11.12.2024;1856;3517.0;Injection;412.8;10.12.2024 20:27;11.12.2024 00:52;4.4;93.5;32.6;0.0;No;;Equipment under repair;11.12.2024 01:08;11.12.2024 01:57;;Norcem Micro;501.0;540.7;7.3;16.0;12.0
231;;12.12.2024;1867;3535.7;Injection;321.4;11.12.2024 22:45;12.12.2024 02:00;3.3;98.9;32.6;0.0;No;;Equipment under repair;12.12.2024 02:21;12.12.2024 02:56;;Norcem Micro;896.0;720.5;7.2;21.2;12.0
232;;13.12.2024;1877;3553.0;Injection;391.1;12.12.2024 13:20;12.12.2024 16:16;2.9;133.3;32.6;1.0;No;;Equipment under repair;12.12.2024 16:33;12.12.2024 17:41;;Norcem Micro;2091.0;1802.0;18.0;53.0;12.0
233;;13.12.2024;1887;3570.6;Injection;391.2;13.12.2024 02:10;13.12.2024 05:05;2.9;134.1;32.6;45.0;No;;Equipment under repair;13.12.2024 05:02;13.12.2024 08:24;;Norcem Micro;9284.0;6901.9;71.0;209.9;12.0
234;;13.12.2024;1895;3585.7;Injection;371.0;13.12.2024 15:35;13.12.2024 20:30;4.9;75.5;32.6;87.0;No;;Equipment under repair;13.12.2024 20:46;14.12.2024 03:13;;Norcem Micro;20215.0;14641.5;150.3;437.6;13.0
235;;14.12.2024;1897;3588.6;Injection;162.0;14.12.2024 04:51;14.12.2024 07:00;2.2;75.3;27.0;;No;;Equipment under repair;14.12.2024 06:57;14.12.2024 07:57;;Norcem Micro;2597.0;2341.0;25.4;75.1;6.0
236;;14.12.2024;1905;3604.0;Injection;160.0;14.12.2024 22:30;15.12.2024 01:40;3.2;50.5;32.6;0.0;No;;Equipment under repair;16.12.2024 07:37;16.12.2024 09:02;;Norcem Micro;661.0;540.9;5.4;15.9;3.0
237;;16.12.2024;1908;3608.7;Injection;391.2;16.12.2024 17:30;17.12.2024 00:35;7.1;55.2;32.6;11.0;No;;Equipment under repair;17.12.2024 01:26;17.12.2024 02:07;;Norcem Micro;1047.0;541.3;5.4;16.1;12.0
238;;17.12.2024;1917;3625.1;Injection;391.2;17.12.2024 10:38;17.12.2024 16:00;5.4;72.9;32.6;50.5;No;;Equipment under repair;17.12.2024 15:28;17.12.2024 21:33;;Norcem Micro;19004.0;14122.2;149.3;439.4;12.0
239;;18.12.2024;1927;3643.0;Injection;403.2;18.12.2024 05:00;18.12.2024 10:09;5.2;78.3;32.6;26.0;No;;Equipment under repair;18.12.2024 10:02;18.12.2024 19:38;;Norcem Micro;38241.0;30414.3;316.9;914.3;12.0
240;;19.12.2024;1935;3657.2;Injection;586.8;19.12.2024 05:50;19.12.2024 13:50;8.0;73.3;32.6;33.0;No;;Equipment under repair;19.12.2024 13:24;19.12.2024 17:26;;Norcem Micro;11244.0;7990.1;79.8;236.1;18.0
241;;20.12.2024;1943;3672.8;Injection;581.7;20.12.2024 00:15;20.12.2024 07:40;7.4;78.4;32.6;21.0;No;;Equipment under repair;20.12.2024 07:03;20.12.2024 10:52;;Norcem Micro;11780.0;8807.8;92.3;272.4;18.0
242;;21.12.2024;1951;3686.2;Injection;583.2;20.12.2024 19:00;21.12.2024 03:30;8.5;68.6;32.6;2.0;No;;Equipment under repair;21.12.2024 05:25;21.12.2024 06:37;;Norcem Micro;2480.0;1799.2;18.0;53.3;17.0
243;;07.01.2025;1961;3705.5;Injection;391.2;07.01.2025 05:47;07.01.2025 13:20;7.5;51.8;32.6;5.0;No;;Equipment under repair;07.01.2025 13:33;07.01.2025 15:46;;Norcem Micro;5690.0;4122.0;41.0;123.0;12.0
244;;08.01.2025;1971;3722.1;Injection;395.2;08.01.2025 03:30;08.01.2025 12:10;8.7;45.6;32.6;0.0;Yes;;;08.01.2025 11:39;08.01.2025 12:31;;Norcem Micro;2781.0;1261.0;13.0;37.0;12.0
245;;08.01.2025;1981;3740.1;Injection;395.2;08.01.2025 21:50;09.01.2025 06:30;8.7;45.6;32.6;77.0;No;;Lack of staff;09.01.2025 06:11;09.01.2025 10:39;;Norcem Micro;11133.0;8530.0;89.0;908.0;12.0
246;;09.01.2025;1989;3756.0;Injection;389.5;09.01.2025 18:14;09.01.2025 23:26;5.2;74.9;32.6;20.0;Yes;;;09.01.2025 23:59;10.01.2025 04:40;;Norcem Micro;10987.0;7994.0;84.0;246.0;12.0
247;;14.01.2025;2000;3774.9;Injection;480.0;14.01.2025 09:50;14.01.2025 16:50;7.0;68.6;40.0;30.0;No;;Broken chain;14.01.2025 16:40;14.01.2025 19:41;;Norcem Micro;7127.0;5399.0;64.0;190.0;12.0
248;;15.01.2025;2014;3799.1;Injection;437.7;15.01.2025 09:36;15.01.2025 14:09;4.5;96.2;40.0;84.0;Yes;;;15.01.2025 14:22;15.01.2025 22:27;;Norcem Micro;24044.0;17140.0;175.0;515.0;12.0
249;;16.01.2025;2028;3824.3;Injection;480.0;16.01.2025 17:22;16.01.2025 22:13;4.8;99.0;40.0;15.0;No;;Lack of staff;16.01.2025 22:25;17.01.2025 00:11;;Norcem Micro;5129.0;3819.0;38.0;107.0;12.0
250;;18.01.2025;2042;3849.6;Injection;482.2;17.01.2025 18:20;18.01.2025 02:20;8.0;60.3;40.0;5.0;No;;Lack of staff;18.01.2025 02:49;18.01.2025 09:03;;Norcem Micro;21155.0;16089.0;164.0;302.0;13.0
251;;20.01.2025;2056;3875.6;Injection;480.0;20.01.2025 12:04;20.01.2025 17:47;5.7;84.0;40.0;4.0;Yes;;;20.01.2025 17:53;21.01.2025 03:52;;Norcem Micro;29937.0;20282.0;209.0;617.0;12.0
252;;21.01.2025;2070;3899.9;Injection;480.0;21.01.2025 14:52;21.01.2025 20:15;5.4;89.2;40.0;9.0;No;;Lack of staff;21.01.2025 20:27;22.01.2025 02:10;;Norcem Micro;20151.0;14719.0;150.0;442.0;12.0
253;;22.01.2025;2084;3925.0;Injection;480.0;22.01.2025 14:02;22.01.2025 20:10;6.1;78.3;40.0;7.0;Yes;;Connection issue;22.01.2025 18:24;22.01.2025 22:52;;Norcem Micro;16930.0;11031.0;114.0;297.0;12.0
254;;23.01.2025;2098;3950.1;Injection;480.0;23.01.2025 10:29;23.01.2025 14:24;3.9;122.6;40.0;10.0;Yes;;Connection issue;23.01.2025 14:29;23.01.2025 17:03;;Norcem Micro;8044.0;5039.0;56.0;157.0;12.0
255;;24.01.2025;2112;3975.5;Injection;480.0;24.01.2025 03:46;24.01.2025 08:15;4.5;107.1;40.0;1.0;No;;Lack of staff;24.01.2025 07:42;24.01.2025 10:26;;Norcem Micro;7748.0;5635.0;57.0;131.0;12.0
256;;24.01.2025;2126;4001.9;Injection;480.0;25.01.2025 00:25;25.01.2025 03:45;3.3;144.0;40.0;10.0;No;;Lack of staff;25.01.2025 04:05;25.01.2025 04:42;;Norcem Micro;1022.0;1062.0;11.0;29.4;13.0
257;;27.01.2025;2140;4027.2;Injection;480.0;28.01.2025 03:27;28.01.2025 07:06;3.6;131.5;40.0;0.0;No;;Lack of staff;28.01.2025 07:45;28.01.2025 09:12;;Norcem Micro;2522.0;1982.0;20.0;59.0;12.0
258;;28.01.2025;2154;4051.6;Injection;470.0;28.01.2025 21:15;29.01.2025 01:19;4.1;115.6;40.0;0.0;Yes;;;29.01.2025 01:49;29.01.2025 03:10;;Norcem Micro;4123.0;2961.0;30.0;88.0;12.0
259;;29.01.2025;2168;4076.8;Injection;465.0;29.01.2025 13:32;29.01.2025 20:30;7.0;66.7;40.0;0.0;Yes;;;29.01.2025 20:46;29.01.2025 23:02;;Norcem Micro;7905.0;5298.0;55.0;162.0;12.0
260;;30.01.2025;2182;4102.0;Injection;480.0;30.01.2025 13:40;30.01.2025 17:00;3.3;144.0;40.0;0.0;Yes;;;30.01.2025 16:52;30.01.2025 19:04;;Norcem Micro;4729.0;3302.0;33.0;97.0;12.0
261;;01.02.2025;2196;4127.2;Injection;480.0;01.02.2025 05:05;01.02.2025 08:44;3.7;131.5;40.0;0.0;No;;Lack of staff;01.02.2025 09:19;01.02.2025 16:05;;Norcem Micro;15000.0;11516.0;119.0;351.0;12.0
262;;02.02.2025;2210;4153.2;Injection;463.3;03.02.2025 07:05;03.02.2025 11:25;4.3;106.9;40.0;258.0;Yes;;;03.02.2025 11:34;03.02.2025 22:16;;Norcem Micro;34582.0;26941.0;275.0;784.0;12.0
263;;04.02.2025;2214;4160.0;Injection;480.0;04.02.2025 04:40;04.02.2025 09:05;4.4;108.7;40.0;7.0;Yes;;;04.02.2025 08:52;04.02.2025 12:32;;Norcem Micro;14056.0;10095.4;101.1;298.9;12.0
264;;05.02.2025;2228;4184.8;Injection;470.0;05.02.2025 05:22;05.02.2025 09:50;4.5;105.2;40.0;10.0;No;;Poor rock conditions - Water;05.02.2025 10:23;06.02.2025 02:05;;Norcem Micro;51616.0;40428.0;411.0;1214.0;13.0
265;;06.02.2025;2242;4210.4;Injection;480.0;06.02.2025 13:00;06.02.2025 17:28;4.5;107.5;40.0;8.0;Yes;;;06.02.2025 17:47;07.02.2025 05:44;;Norcem Micro;32561.0;24325.0;243.0;720.0;14.0
266;;07.02.2025;2256;4235.2;Injection;480.0;07.02.2025 15:50;07.02.2025 20:25;4.6;104.7;40.0;30.5;No;;Packers placed;07.02.2025 20:12;08.02.2025 06:19;;Norcem Micro;31748.0;22316.0;226.0;665.0;12.0
267.1;1;08.02.2025;2264;4249.6;Injection;200.0;08.02.2025 18:30;08.02.2025 20:55;2.4;82.8;40.0;172.0;Yes;;;08.02.2025 20:33;09.02.2025 01:27;;Norcem Micro;15485.0;11244.0;113.0;333.0;5.0
267.2;2;10.02.2025;2264;4249.6;Injection;560.0;10.02.2025 07:28;10.02.2025 12:55;5.4;102.8;40.0;172.0;Yes;;;10.02.2025 13:09;10.02.2025 22:35;;Norcem Micro;23518.0;17241.0;177.0;523.0;14.0
268;;11.02.2025;2274;4267.2;Injection;760.0;11.02.2025 10:48;11.02.2025 17:16;6.5;117.5;40.0;71.0;Yes;;;11.02.2025 17:33;12.02.2025 06:21;;Norcem Micro;45198.0;31731.0;326.0;959.0;19.0
269;;12.02.2025;2284;4285.2;Injection;717.2;12.02.2025 16:20;12.02.2025 21:50;5.5;130.4;40.0;18.0;No;;Lack of staff;12.02.2025 20:09;12.02.2025 23:35;;Norcem Micro;11277.0;8031.0;81.0;238.0;18.0
270;;13.02.2025;2298;4310.4;Injection;456.0;13.02.2025 16:35;14.02.2025 00:45;8.2;55.8;40.0;6.0;No;;Bad rock conditions;14.02.2025 00:19;14.02.2025 03:24;;Norcem Micro;9766.0;7531.0;75.0;193.0;12.0
271;;15.02.2025;2304;4321.1;Injection;440.0;15.02.2025 01:45;15.02.2025 05:00;3.3;135.4;40.0;3.0;No;;Lack of staff;15.02.2025 05:15;15.02.2025 06:26;;Norcem Micro;3782.0;2841.0;29.0;85.0;11.0
272;;17.02.2025;2318;4346.4;Injection;480.0;17.02.2025 07:10;17.02.2025 10:50;3.7;130.9;40.0;5.0;Yes;;Collapsed borehole;17.02.2025 10:46;17.02.2025 14:00;;Norcem Micro;8718.0;6432.0;64.0;191.0;12.0
273;;20.02.2025;2332;4372.9;Injection;473.5;20.02.2025 15:30;20.02.2025 21:30;6.0;78.9;40.0;8.0;No;;Lack of staff;20.02.2025 21:10;21.02.2025 05:04;;Norcem Micro;20400.0;16458.0;165.0;487.0;12.0
274;;21.02.2025;2346;4396.8;Injection;480.0;21.02.2025 17:00;21.02.2025 21:30;4.5;106.7;40.0;2.0;Yes;;;21.02.2025 20:50;22.02.2025 02:49;;Norcem Micro;24217.0;20348.0;206.0;606.0;12.0
275;;22.02.2025;2360;4422.7;Injection;480.0;22.02.2025 16:00;22.02.2025 21:32;5.5;86.7;40.0;4.0;No;;Lack of staff;22.02.2025 20:56;22.02.2025 23:04;;Norcem Micro;8990.0;7201.0;72.0;213.0;13.0
276;;24.02.2025;2373;4445.7;Injection;475.0;24.02.2025 17:00;24.02.2025 21:55;4.9;96.6;40.0;55.0;No;;35 l/min water (paker placed);24.02.2025 21:53;25.02.2025 03:55;;Norcem Micro;24126.0;19096.0;198.0;577.0;12.0
277;;25.02.2025;2387;4471.7;Injection;473.0;25.02.2025 17:20;25.02.2025 22:08;4.8;98.5;40.0;37.0;No;;Poor rock conditions;25.02.2025 21:40;26.02.2025 10:32;;Norcem Micro;48865.0;39206.0;409.0;1205.0;12.0
278;;26.02.2025;2401;4496.6;Injection;436.4;26.02.2025 21:28;27.02.2025 04:36;7.1;61.2;40.0;205.0;No;;Poor rock conditions - Water;27.02.2025 04:25;28.02.2025 01:53;;Norcem Micro;64148.0;53399.0;546.0;1609.0;16.0
279;;28.02.2025;2405;4503.6;Injection;377.6;28.02.2025 07:35;28.02.2025 11:40;4.1;92.5;32.6;14.0;Yes;;;28.02.2025 12:16;28.02.2025 16:16;;Norcem Micro;9571.0;6478.0;65.0;192.0;12.0
280;;01.03.2025;2415;4521.0;Injection;498.0;01.03.2025 00:15;01.03.2025 06:20;6.1;81.9;40.0;16.5;Yes;;;03.01.2025 05:40;03.01.2025 08:52;;Norcem Micro;9604.0;7424.0;80.0;230.0;13.0
281;;03.03.2025;2429;4546.0;Injection;480.0;03.03.2025 19:40;03.03.2025 23:45;4.1;117.6;40.0;1.0;No;;Poor rock conditions;03.03.2025 07:24;03.03.2025 10:53;;Norcem Micro;11980.0;9000.0;90.0;266.0;12.0
282;;04.03.2025;2443;4571.0;Injection;483.2;04.03.2025 04:20;04.03.2025 11:10;6.8;70.7;40.0;83.0;Yes;;;04.03.2025 10:42;04.03.2025 17:03;;Norcem Micro;27795.0;21675.0;224.0;654.0;12.0
283;;04.03.2025;2449;4582.0;Injection;480.0;05.03.2025 01:20;05.03.2025 05:31;4.2;114.7;40.0;1.0;Yes;;;05.03.2025 06:21;05.03.2025 13:48;;Norcem Micro;19046.0;14703.0;150.0;441.0;12.0
284;;06.03.2025;2463;4608.0;Injection;480.0;06.03.2025 07:58;06.03.2025 11:25;3.5;139.1;40.0;14.0;No;;Hole collapsed. Equipment broken.;06.03.2025 11:27;06.03.2025 20:43;;Norcem Micro;25977.0;19344.0;196.0;578.0;12.0
285;;07.03.2025;2477;4633.0;Injection;392.6;07.03.2025 08:50;07.03.2025 14:32;5.7;68.9;40.0;0.0;No;;Poor rock conditions;07.03.2025 14:38;07.03.2025 16:16;;Norcem Micro;2799.0;2200.0;22.0;65.0;8.0
286;;08.03.2025;2483;4644.0;Injection;480.0;03.08.2025 09:50;03.08.2025 15:02;5.2;92.3;40.0;2.0;No;;Poor rock conditions;08.03.2025 15:11;09.03.2025 00:12;;Norcem Micro;32626.0;24858.8;249.5;735.9;12.0
287;;10.03.2025;2497;4669.0;Injection;480.0;10.03.2025 19:30;11.03.2025 00:41;5.2;92.6;40.0;3.0;No;;Lack of staff;11.03.2025 00:30;11.03.2025 09:15;;Norcem Micro;21221.0;17326.0;176.0;398.0;12.0
288;;13.03.2025;2511;4694.2;Injection;391.2;13.03.2025 14:18;13.03.2025 17:46;3.5;112.8;40.0;2.0;Yes;;;13.03.2025 20:47;14.03.2025 00:17;;Norcem Micro;12979.0;9816.0;100.0;282.0;12.0
289;;14.03.2025;2521;4712.8;Injection;391.2;14.03.2025 15:13;14.03.2025 18:30;3.3;119.1;32.6;1.0;Yes;;;14.03.2025 18:20;14.03.2025 21:30;;Norcem Micro;5686.0;4289.0;46.0;119.0;12.0
290;;15.03.2025;2531;4730.2;Injection;391.2;15.03.2025 07:00;15.03.2025 10:08;3.1;124.9;32.6;0.0;Yes;;;15.03.2025 10:22;15.03.2025 11:33;;Norcem Micro;2619.0;2381.0;24.0;59.0;12.0
291;;15.03.2025;2541;4748.2;Injection;391.2;15.03.2025 20:45;15.03.2025 23:20;2.6;151.4;32.6;1.0;No;;Lack of staff;15.03.2025 23:20;16.03.2025 00:39;;Norcem Micro;3273.0;3000.0;30.0;71.0;12.0
292;;17.03.2025;2551;4766.0;Injection;356.6;17.03.2025 16:30;17.03.2025 20:00;3.5;101.9;32.6;4.0;No;;Cement flowing from the hole;17.03.2025 19:40;17.03.2025 22:39;;Norcem Micro;6952.0;5303.4;53.1;156.2;12.0
293;;18.03.2025;2561;4784.0;Injection;423.8;18.03.2025 06:30;18.03.2025 10:30;4.0;106.0;32.6;9.0;Yes;;Hole collapsed. Equipment broken.;18.03.2025 10:58;18.03.2025 14:02;;Norcem Micro;9088.0;6811.9;68.4;110.4;13.0
294;;19.03.2025;2571;4802.2;Injection;391.2;18.03.2025 22:40;19.03.2025 01:40;3.0;130.4;32.6;0.0;No;;Equipment under repair;19.03.2025 01:55;19.03.2025 02:58;;Norcem Micro;1850.0;1622.8;16.2;47.9;12.0
295;;20.03.2025;2581;4820.2;Injection;391.2;19.03.2025 23:00;20.03.2025 01:38;2.6;148.6;32.6;0.0;No;3;Equipment under repair;20.03.2025 03:19;20.03.2025 05:11;;Norcem Micro;4974.0;4042.8;40.4;119.2;12.0
296;;21.03.2025;2589;4835.0;Injection;389.8;21.03.2025 18:35;21.03.2025 22:15;3.7;106.3;32.6;0.0;No;4;Equipment under repair;20.03.2025 23:13;21.03.2025 00:23;;Norcem Micro;2807.0;2162.5;21.7;64.0;12.0
297;;21.03.2025;2599;4852.1;Injection;391.2;21.03.2025 10:20;21.03.2025 12:50;2.5;156.5;32.6;0.0;No;;Equipment under repair;21.03.2025 12:59;21.03.2025 15:11;;Norcem Micro;7883.0;5977.9;59.8;105.2;12.0
298;;22.03.2025;2609;4870.2;Injection;391.2;22.03.2025 03:19;22.03.2025 06:16;3.0;132.6;32.6;0.0;No;4;Equipment under repair;22.03.2025 06:47;22.03.2025 09:18;;Norcem Micro;11918.0;9278.4;95.7;223.0;12.0
299;;23.03.2025;2614;4879.9;Injection;285.6;22.03.2025 17:45;22.03.2025 19:55;2.2;131.8;32.6;0.0;No;;Equipment under repair;22.03.2025 20:21;22.03.2025 21:08;;Norcem Micro;2302.0;2083.3;21.8;64.5;12.0
300;;25.03.2025;2624;4898.0;Injection;400.2;24.03.2025 17:20;24.03.2025 20:30;3.2;126.4;32.6;0.0;No;;Equipment under repair;24.03.2025 20:14;24.03.2025 21:58;;Ultrafine;3020.0;2151.0;24.0;69.0;12.0
301;;27.03.2025;2635;4917.5;Injection;389.4;26.03.2025 11:00;26.03.2025 14:00;3.0;129.8;32.6;10.0;No;1;Equipment under repair;26.03.2025 14:19;26.03.2025 17:58;;Ultrafine;8516.0;5953.0;59.0;192.0;12.0
302;;27.03.2025;2645;4935.7;Injection;391.2;27.03.2025 02:55;27.03.2025 07:00;4.1;95.8;32.6;25.0;No;1;Equipment under repair;27.03.2025 06:08;27.03.2025 16:21;;Ultrafine + Microcement;31757.0;26918.0;281.0;812.0;12.0
303;;28.03.2025;2653;4950.0;Injection;412.2;28.03.2025 05:10;28.03.2025 10:11;5.0;82.2;32.6;0.0;No;1;Equipment under repair;28.03.2025 10:23;28.03.2025 12:10;;Norcem Micro;1616.0;1440.0;15.0;43.0;12.0
304;;29.03.2025;2663;4968.0;Injection;384.6;28.03.2025 21:15;29.03.2025 00:53;3.6;105.9;32.6;0.0;No;;Equipment under repair;29.03.2025 00:38;29.03.2025 07:44;;Norcem Micro;19354.0;14418.0;153.0;452.0;12.0
305;;29.03.2025;2673;4986.0;Injection;391.2;29.03.2025 16:32;29.03.2025 20:19;3.8;103.4;32.6;0.0;No;;Equipment under repair;29.03.2025 19:57;29.03.2025 22:30;;Norcem Micro;9197.0;7470.0;77.0;227.0;12.0
306;;31.03.2025;2683;5004.0;Injection;395.2;31.03.2025 16:20;31.03.2025 19:55;3.6;110.3;32.6;0.0;No;;Equipment under repair;31.03.2025 20:01;01.04.2025 04:09;;Ultrafine + Micro;15149.0;12055.9;131.0;381.0;12.0
307;;01.04.2025;2685;5007.6;Control;162.0;01.04.2025 07:35;01.04.2025 08:30;0.9;176.7;27.0;0.0;No;;Equipment under repair;01.04.2025 08:28;01.04.2025 09:33;;Ultrafine;1315.0;1095.0;11.0;59.0;6.0
308;;01.04.2025;2693;5022.0;Injection;398.1;01.04.2025 16:10;01.04.2025 20:02;3.9;103.0;32.6;1.5;No;;Equipment under repair;01.04.2025 19:58;01.04.2025 23:11;;Ultrafine;10107.0;7177.0;72.0;373.0;12.0
309;;02.04.2025;2703;5039.7;Injection;523.3;02.04.2025 07:30;02.04.2025 12:50;5.3;98.1;32.6;0.0;No;;Equipment under repair;02.04.2025 13:47;02.04.2025 16:32;;Ultrafine;9144.0;6356.0;64.0;306.0;16.0
310;;03.04.2025;2713;5058.0;Injection;474.4;03.04.2025 02:22;03.04.2025 13:13;10.8;43.7;32.6;0.0;No;;Equipment under repair;03.04.2025 12:35;03.04.2025 15:55;;Ultrafine;10794.0;7433.0;75.0;369.0;16.0
311;;04.04.2025;2721;5072.2;Injection;626.1;04.04.2025 02:12;04.04.2025 09:37;7.4;84.4;32.6;0.5;No;;Equipment under repair;04.04.2025 09:42;04.04.2025 13:20;;Ultrafine;12785.0;9008.0;90.0;421.0;17.0
312;;05.04.2025;2731;5090.7;Injection;614.2;05.04.2025 07:10;05.04.2025 16:03;8.9;69.1;32.6;2.0;No;;Equipment under repair;05.04.2025 16:11;05.04.2025 18:44;;Ultrafine;8930.0;6416.2;65.6;203.8;16.0
313;;07.04.2025;2741;5108.2;Injection;584.7;07.04.2025 07:34;07.04.2025 12:52;5.3;110.3;32.6;1.5;No;1;Equipment under repair;07.04.2025 13:07;07.04.2025 19:42;;Norcem Micro;14019.0;10456.9;106.9;315.2;18.0
314;;08.04.2025;2749;5122.6;Injection;393.6;08.04.2025 08:38;08.04.2025 13:03;4.4;89.1;32.6;0.0;No;;Equipment under repair;08.04.2025 13:44;08.04.2025 19:58;;Norcem Micro;22373.0;16905.6;170.6;464.0;12.0
315;;09.04.2025;2759;5140.0;Injection;394.0;09.04.2025 05:35;09.04.2025 08:31;2.9;134.3;32.6;6.0;No;2;Equipment under repair;09.04.2025 09:02;09.04.2025 15:00;;Norcem Micro;14409.0;11022.4;113.2;332.6;12.0
316;;10.04.2025;2769;5158.1;Injection;406.0;10.04.2025 00:10;10.04.2025 02:50;2.7;152.3;32.6;5.0;No;;Equipment under repair;10.04.2025 03:03;10.04.2025 14:24;;Norcem Micro;27246.0;20401.6;206.7;635.8;12.0
317;;11.04.2025;2778;5175.0;Injection;406.0;11.04.2025 03:10;11.04.2025 07:02;3.9;105.0;32.6;6.5;No;;Equipment under repair;11.04.2025 05:15;11.04.2025 15:53;;Norcem Micro;36346.0;27506.6;278.6;1142.1;13.0
318;;12.04.2025;2787;5191.0;Injection;406.0;12.04.2025 12:19;12.04.2025 16:10;3.8;105.5;32.6;1.0;No;;Equipment under repair;12.04.2025 15:56;12.04.2025 18:28;;Norcem Micro;11395.0;8637.6;87.9;225.7;12.0
319;;14.04.2025;2797;5209.2;Injection;394.0;14.04.2025 12:10;14.04.2025 14:35;2.4;163.0;32.6;4.0;No;;Equipment under repair;14.04.2025 14:35;14.04.2025 17:48;;Norcem Micro;9964.0;7240.0;75.0;190.0;11.0
320;;15.04.2025;2807;5226.9;Injection;406.0;15.04.2025 01:56;15.04.2025 05:28;3.5;114.9;32.6;1.0;No;;Equipment under repair;15.04.2025 05:29;15.04.2025 08:06;;Norcem Micro;7635.0;5662.0;61.0;168.0;12.0
321;;15.04.2025;2815;5241.6;Injection;406.0;15.04.2025 18:55;15.04.2025 21:25;2.5;162.4;32.6;0.0;No;;Lack of staff;15.04.2025 21:35;15.04.2025 22:49;;Norcem Micro;3968.0;3879.0;39.0;115.0;12.0
322;;21.04.2025;2825;5260.5;Injection;391.2;22.04.2025 06:42;22.04.2025 09:17;2.6;151.4;32.6;0.0;No;2;Lack of staff;22.04.2025 09:38;22.04.2025 13:03;;Norcem Micro;9007.0;6951.0;72.0;212.0;12.0
323;;22.04.2025;2835;5277.5;Injection;406.0;22.04.2025 19:50;22.04.2025 22:59;3.1;128.9;32.6;0.0;No;;Lack of staff;22.04.2025 22:53;23.04.2025 00:31;;Norcem Micro;2669.0;1997.0;20.0;59.0;12.0
324;;23.04.2025;2845;5295.5;Injection;391.2;23.04.2025 09:57;23.04.2025 12:16;2.3;168.9;32.6;3.0;Yes;1;;23.04.2025 12:25;23.04.2025 16:06;;Norcem Micro;16517.0;13004.0;134.0;397.0;12.0
325;;24.04.2025;2855;5313.5;Injection;378.6;24.04.2025 00:49;24.04.2025 03:42;2.9;131.3;32.6;4.0;No;1;Lack of staff;24.04.2025 03:56;24.04.2025 12:56;;Norcem Micro;28344.0;22660.0;232.0;682.0;12.0
326;;25.04.2025;2865;5331.9;Injection;391.2;25.04.2025 01:55;25.04.2025 05:55;4.0;97.8;32.6;0.0;No;1;Lack of staff;25.04.2025 05:36;25.04.2025 10:22;;Norcem Micro;13250.0;10618.0;109.0;320.0;12.0
327;;25.04.2025;2873;5345.0;Injection;391.2;25.04.2025 19:40;25.04.2025 23:02;3.4;116.2;32.6;0.0;No;1;Lack of staff;25.04.2025 22:42;26.04.2025 02:06;;Norcem Micro;12836.0;9990.0;102.0;301.0;12.0
328;;26.04.2025;2883;5363.8;Injection;391.2;26.04.2025 17:35;26.04.2025 20:25;2.8;138.1;32.6;0.0;No;1;Lack of staff;26.04.2025 19:45;26.04.2025 22:44;;Norcem Micro;8653.0;6444.0;66.0;271.0;12.0
329;;28.04.2025;2893;5382.0;Injection;387.1;28.04.2025 13:39;28.04.2025 17:25;3.8;102.8;32.6;6.0;Yes;;;28.04.2025 16:39;29.04.2025 00:44;;Norcem Micro;26133.0;19314.0;194.0;649.0;16.0
330;;29.04.2025;2903;5400.0;Injection;391.2;29.04.2025 09:00;29.04.2025 12:07;3.1;125.5;32.6;0.0;Yes;;;29.04.2025 11:46;29.04.2025 15:59;;Norcem Micro + Tarmac (4.5t);18480.0;12271.0;125.0;270.0;12.0
331;;30.04.2025;2913;5418.0;Injection;391.5;30.04.2025 00:14;30.04.2025 04:34;4.3;90.3;32.6;6.0;Yes;;;30.04.2025 03:49;30.04.2025 13:51;;Norcem Micro;30814.0;24632.0;250.0;754.0;12.0
332;;02.05.2025;2923;5436.0;Injection;391.2;30.04.2025 21:18;02.05.2025 03:36;30.3;139.7;32.6;1.5;No;;Lack of staff;02.05.2025 03:44;02.05.2025 14:04;;Norcem Micro;27651.0;21445.0;219.0;606.0;12.0
333;;03.05.2025;2931;5450.0;Injection;391.2;02.05.2025 22:27;03.05.2025 01:25;3.0;131.9;32.6;0.0;Yes;;;03.05.2025 01:27;03.05.2025 08:02;;Norcem Micro;20941.0;16840.0;171.0;386.0;12.0
334;;04.05.2025;2941;5468.4;Injection;398.0;03.05.2025 15:54;03.05.2025 18:59;3.1;129.1;32.6;0.0;Yes;;;03.05.2025 18:46;04.05.2025 00:48;;Norcem Micro;20729.0;16198.5;167.7;493.8;12.0
335;;05.05.2025;2951;5486.5;Injection;391.2;05.05.2025 19:07;05.05.2025 21:55;2.8;139.7;32.6;14.0;No;1;Lack of staff;05.05.2025 21:47;06.05.2025 03:04;;Norcem Micro;26051.0;19088.0;193.0;478.0;12.0
336;;06.05.2025;2961;5504.0;Injection;391.2;06.05.2025 12:27;06.05.2025 16:05;3.6;107.7;32.6;18.5;Yes;;;06.05.2025 16:05;06.05.2025 22:17;;Norcem Micro;26419.0;19888.0;199.0;523.0;12.0
337;;07.05.2025;2971;5522.5;Injection;391.2;07.05.2025 06:20;07.05.2025 09:47;3.4;113.4;32.6;20.0;Yes;;;07.05.2025 09:59;08.05.2025 00:04;;Norcem Micro;34746.0;26321.0;274.0;767.0;12.0
338;;08.05.2025;2981;5540.0;Injection;391.2;08.05.2025 10:10;08.05.2025 12:51;2.7;145.8;32.6;3.0;Yes;;;08.05.2025 12:41;08.05.2025 23:41;;Norcem Micro;37331.0;29706.0;302.0;792.0;15.0
339;;09.05.2025;2989;5554.0;Injection;391.2;09.05.2025 08:09;09.05.2025 10:41;2.5;154.4;32.6;0.0;Yes;;;09.05.2025 10:48;09.05.2025 14:42;;Norcem Micro;13680.0;10277.0;107.0;315.0;12.0
340;;10.05.2025;2999;5572.0;Injection;391.2;10.05.2025 01:10;10.05.2025 04:10;3.0;130.4;32.6;13.0;Yes;;;10.05.2025 04:04;10.05.2025 11:20;;Norcem Micro;21669.0;17487.0;176.0;476.0;12.0
341;;10.05.2025;3009;5590.0;Injection;391.2;10.05.2025 19:20;10.05.2025 23:15;3.9;99.9;32.6;9.0;Yes;;;10.05.2025 23:18;11.05.2025 01:35;;Norcem Micro;6725.0;5484.0;56.0;134.0;12.0
342;;12.05.2025;3019;5608.7;Injection;358.6;12.05.2025 15:25;12.05.2025 19:12;3.8;94.8;32.6;4.0;No;1;Lack of staff;12.05.2025 19:21;13.05.2025 01:31;;Norcem Micro;12080.0;9096.0;95.0;280.0;12.0
343;;13.05.2025;3029;5626.7;Injection;391.2;13.05.2025 11:15;13.05.2025 15:00;3.8;104.3;32.6;8.0;Yes;;;13.05.2025 15:21;13.05.2025 21:10;;Norcem Micro;18674.0;14169.0;145.0;405.0;11.0
344;;14.05.2025;3039;5644.7;Injection;379.6;14.05.2025 05:00;14.05.2025 07:45;2.7;138.0;32.6;0.0;No;1;Lack of staff;14.05.2025 08:00;14.05.2025 12:00;;Norcem Micro;14313.0;11442.0;117.0;306.0;11.0
345;;14.05.2025;3049;5662.7;Injection;372.0;14.05.2025 19:00;14.05.2025 21:30;2.5;148.8;32.6;18.0;No;1;Lack of staff;14.05.2025 22:10;15.05.2025 06:18;;Norcem Micro;21804.0;17642.0;180.0;530.0;11.0
346;;15.05.2025;3057;5677.1;Injection;358.6;15.05.2025 13:45;15.05.2025 17:45;4.0;89.6;32.6;198.0;No;;Poor rock conditions;15.05.2025 18:01;16.05.2025 03:47;;Norcem Micro;24266.0;20013.0;206.0;607.0;10.0
347;;16.05.2025;3059;5681.2;Injection;199.5;16.05.2025 06:50;16.05.2025 09:35;2.8;72.5;28.6;0.0;No;;Poor rock conditions;16.05.2025 11:43;16.05.2025 13:14;;Norcem Micro;3548.0;2723.0;27.0;78.0;11.0
348;;16.05.2025;3067;5695.1;Injection;391.2;16.05.2025 20:58;17.05.2025 00:53;3.9;99.9;32.6;9.0;No;;Poor rock conditions;17.05.2025 00:52;17.05.2025 08:27;;Norcem Micro;13239.0;10933.0;111.0;329.0;12.0
349;;17.05.2025;3077;5713.2;Injection;195.6;17.05.2025 14:41;17.05.2025 17:05;2.4;81.5;32.6;10.0;No;;Poor rock conditions;17.05.2025 17:16;17.05.2025 19:22;;Norcem Micro;2775.0;2158.0;30.0;86.0;6.0
350;;17.05.2025;3079;5716.8;Injection;339.6;17.05.2025 22:00;18.05.2025 00:10;2.2;156.7;28.6;16.0;No;;Lack of staff;19.05.2025 08:00;19.05.2025 10:45;;Norcem Micro;6275.0;4663.0;47.0;138.0;12.0
351;;19.05.2025;3085;5727.5;Injection;195.6;19.05.2025 15:50;19.05.2025 17:35;1.8;111.8;32.6;0.0;No;;;19.05.2025 19:54;19.05.2025 22:53;;Norcem Micro;3718.0;2842.0;29.0;84.0;6.0
352;;19.05.2025;3087;5731.1;Injection;343.2;20.05.2025 01:22;20.05.2025 03:48;2.4;141.0;28.6;0.0;Yes;;;20.05.2025 04:09;20.05.2025 04:43;;Norcem Micro;946.0;535.0;5.0;16.0;12.0
353;;20.05.2025;3093;5742.0;Injection;195.6;20.05.2025 10:05;20.05.2025 12:10;2.1;93.9;32.6;0.0;Yes;;;20.05.2025 12:28;20.05.2025 18:15;;Norcem Micro;15264.0;11125.0;118.0;528.0;6.0
354;;21.05.2025;3095;5745.6;Injection;343.2;20.05.2025 20:45;21.05.2025 00:07;3.4;101.9;28.6;3.0;No;1;Unable to insert tool - Broken rock;21.05.2025 00:05;21.05.2025 01:56;;Norcem Micro;4181.0;2864.0;29.0;117.0;12.0
355;;21.05.2025;3101;5756.4;Injection;195.6;21.05.2025 06:55;21.05.2025 08:34;1.6;118.5;32.6;10.0;No;;Packers placed;21.05.2025 08:46;21.05.2025 11:31;;Norcem Micro;4907.0;3448.0;37.0;204.0;6.0
356;;21.05.2025;3103;5760.0;Injection;343.2;21.05.2025 13:40;21.05.2025 16:00;2.3;147.1;28.6;1.0;Yes;;;21.05.2025 16:12;21.05.2025 19:28;;Norcem Micro;9552.0;7564.0;78.0;337.0;12.0
357;;22.05.2025;3109;5770.8;Injection;391.2;22.05.2025 02:00;22.05.2025 05:05;3.1;126.9;32.6;0.0;Yes;;;22.05.2025 04:51;22.05.2025 07:52;;Norcem Micro;4592.0;3358.0;34.0;163.0;12.0
358;;22.05.2025;3117;5785.0;Injection;376.1;22.05.2025 13:10;22.05.2025 18:00;4.8;77.8;32.6;20.0;Yes;;;22.05.2025 17:22;22.05.2025 22:01;;Norcem Micro;14299.0;10674.0;110.0;452.0;12.0
359;;23.05.2025;3125;5799.0;Injection;391.2;23.05.2025 04:02;23.05.2025 09:21;5.3;73.6;32.6;0.0;No;1;Unable to insert tool - Broken rock;23.05.2025 08:49;23.05.2025 13:59;;Norcem Micro;13500.0;9963.0;100.0;402.0;12.0
360;;23.05.2025;3135;5817.5;Injection;391.2;23.05.2025 21:40;24.05.2025 00:32;2.9;136.5;32.6;0.0;Yes;;;24.05.2025 00:33;24.05.2025 01:35;;Norcem Micro;1790.0;1251.0;13.0;75.0;12.0
361;;24.05.2025;3145;5835.0;Injection;391.2;24.05.2025 19:02;24.05.2025 21:35;2.5;153.4;32.6;0.0;No;1;Unable to insert tool - Broken rock;24.05.2025 21:28;24.05.2025 23:20;;Norcem Micro;5217.0;3373.0;34.0;159.0;12.0
362;;26.05.2025;3155;5853.6;Injection;391.2;26.05.2025 16:45;26.05.2025 19:55;3.2;123.5;32.6;0.0;No;1;Unable to insert tool - Broken rock;26.05.2025 19:59;27.05.2025 01:10;;Norcem Micro;19122.0;14435.0;145.0;424.0;13.0
363;;27.05.2025;3165;5871.6;Injection;391.2;27.05.2025 11:02;27.05.2025 14:05;3.0;128.3;32.6;2.0;Yes;;;27.05.2025 14:02;27.05.2025 18:43;;Norcem Micro;13266.0;9622.0;99.0;409.0;12.0
364;;28.05.2025;3173;5886.0;Injection;391.2;28.05.2025 02:04;28.05.2025 06:07;4.1;96.6;32.6;0.0;Yes;;;28.05.2025 05:26;28.05.2025 10:53;;Norcem Micro;19294.0;14300.0;151.0;492.0;12.0
365;;28.05.2025;3183;5904.4;Injection;391.2;28.05.2025 19:36;28.05.2025 22:44;3.1;124.9;32.6;5.0;Yes;;;28.05.2025 22:51;29.05.2025 00:46;;Norcem Micro;6250.0;4883.0;49.0;145.0;12.0
366;;29.05.2025;3193;5922.0;Injection;391.2;29.05.2025 09:05;29.05.2025 14:05;5.0;78.2;32.6;0.0;No;;Lack of staff;29.05.2025 14:01;29.05.2025 15:15;;Norcem Micro;1530.0;1101.0;11.0;59.0;12.0
367;;30.05.2025;3203;5940.4;Injection;391.2;30.05.2025 00:35;30.05.2025 05:04;4.5;87.3;32.6;0.0;Yes;;;30.05.2025 05:09;30.05.2025 08:12;;Norcem Micro;8366.0;6550.0;66.0;194.0;12.0
368;;30.05.2025;3213;5958.0;Injection;389.8;30.05.2025 16:14;30.05.2025 19:28;3.2;120.6;32.6;0.0;No;;Collapsed borehole;30.05.2025 19:40;31.05.2025 01:30;;Norcem Micro;18590.0;14374.0;144.0;425.0;12.0
369;;31.05.2025;3223;5976.0;Injection;391.2;31.05.2025 09:15;31.05.2025 14:05;4.8;80.9;32.6;3.0;Yes;;;31.05.2025 14:06;31.05.2025 18:11;;Norcem Micro;11045.0;8934.0;89.8;264.2;12.0
370;;02.06.2025;3233;5994.0;Injection;391.2;02.06.2025 08:21;02.06.2025 11:15;2.9;134.9;32.6;2.0;Yes;;;02.06.2025 11:01;02.06.2025 17:36;;Norcem Micro;19040.0;14982.0;153.0;452.0;12.0
371;;03.06.2025;3241;6010.6;Injection;391.2;03.06.2025 01:50;03.06.2025 04:50;3.0;130.4;32.6;5.0;No;1;Lack of staff;03.06.2025 05:04;03.06.2025 14:02;;Norcem Micro;19936.0;14430.0;147.0;433.0;12.0
372;;03.06.2025;3251;6026.0;Injection;394.4;03.06.2025 23:45;04.06.2025 04:25;4.7;84.5;32.6;0.0;No;;Collapsed borehole;04.06.2025 04:33;04.06.2025 05:57;;Norcem Micro;4139.0;3342.0;33.0;84.0;12.0
373;;04.06.2025;3261;6044.8;Injection;391.2;04.06.2025 14:30;04.06.2025 17:27;3.0;132.6;32.6;0.0;Yes;;;04.06.2025 17:13;04.06.2025 19:54;;Norcem Micro;7795.0;6159.3;61.7;161.6;12.0
374;;05.06.2025;3271;6062.8;Injection;391.2;05.06.2025 03:00;05.06.2025 06:15;3.2;120.4;32.6;1.0;No;;Collapsed borehole;05.06.2025 06:35;05.06.2025 11:38;;Norcem Micro;17797.0;13614.5;138.3;407.7;12.0
375;;06.06.2025;3281;6080.8;Injection;391.2;06.06.2025 06:00;06.06.2025 08:48;2.8;139.7;32.6;2.0;No;;Collapsed borehole;06.06.2025 08:53;06.06.2025 11:30;;Norcem Micro;7445.0;6065.2;60.9;179.3;12.0
376;;07.06.2025;3291;6098.8;Injection;375.4;06.06.2025 21:00;07.06.2025 01:35;4.6;81.9;32.6;0.0;Yes;;;07.06.2025 01:39;07.06.2025 04:11;;Norcem Micro;12650.0;10886.1;109.3;254.0;12.0
377;;07.06.2025;3299;6113.2;Injection;423.8;07.06.2025 10:29;07.06.2025 17:10;6.7;63.4;32.6;2.0;Yes;;;07.06.2025 17:34;07.06.2025 19:26;;Norcem Micro;6614.0;5738.0;57.6;125.7;12.0
378;;09.06.2025;3309;6131.2;Injection;394.2;09.06.2025 13:20;09.06.2025 17:00;3.7;107.5;32.6;0.0;No;;Lack of staff;09.06.2025 16:34;09.06.2025 19:20;;Norcem Micro;10376.0;7513.2;78.3;141.9;13.0
379;;10.06.2025;3319;6148.9;Injection;371.2;10.06.2025 02:45;10.06.2025 07:20;4.6;81.0;32.6;0.0;No;;Unable to insert tool - Broken rock;10.06.2025 06:41;10.06.2025 09:17;;Norcem Micro;11626.0;8476.2;85.0;224.7;12.0
380;;10.06.2025;3329;6167.2;Injection;437.2;10.06.2025 20:00;10.06.2025 23:46;3.8;116.1;36.6;1.5;No;;Lack of staff;10.06.2025 23:48;11.06.2025 03:21;;Norcem Micro;15978.0;12196.6;122.0;460.2;12.0
381;;11.06.2025;3341;6188.8;Injection;439.2;11.06.2025 12:45;11.06.2025 18:25;5.7;77.5;36.6;3.0;Yes;;;11.06.2025 17:25;11.06.2025 22:12;;Norcem Micro;21670.0;16821.6;175.9;549.7;12.0
382;;12.06.2025;3353;6210.4;Injection;475.8;12.06.2025 10:30;12.06.2025 13:25;2.9;163.1;36.6;0.0;Yes;;;12.06.2025 10:31;12.06.2025 13:24;;Norcem Micro;9998.0;7315.0;77.0;216.0;12.0
383;;12.06.2025;3365;6232.0;Injection;438.5;13.06.2025 01:30;13.06.2025 04:25;2.9;150.3;36.6;0.0;No;1;Lack of staff;13.06.2025 04:52;13.06.2025 08:42;;Norcem Micro;16118.0;12828.0;129.0;384.0;12.0
384;;13.06.2025;3377;6254.0;Injection;423.4;13.06.2025 18:58;13.06.2025 22:13;3.2;130.3;36.6;5.0;No;1;Lack of staff;13.06.2025 22:26;14.06.2025 01:23;;Norcem Micro;9703.0;7016.6;71.4;338.5;12.0
385;;16.06.2025;3389;6275.0;Injection;473.2;16.06.2025 07:15;16.06.2025 12:10;4.9;96.2;36.6;1.0;Yes;;;16.06.2025 12:25;16.06.2025 16:34;;Norcem Micro;13196.0;10187.0;103.0;238.0;12.0
386;;17.06.2025;3403;6300.4;Injection;391.1;17.06.2025 10:24;17.06.2025 14:37;4.2;92.8;32.6;5.0;Yes;;;17.06.2025 10:32;17.06.2025 14:36;;Norcem Micro;17284.0;11855.0;121.0;309.0;12.0
387;;17.06.2025;3413;6318.5;Injection;480.0;17.06.2025 21:45;18.06.2025 01:58;4.2;113.8;40.0;0.0;Yes;;;18.06.2025 01:09;18.06.2025 04:26;;Norcem Micro;8887.0;6976.0;75.0;311.0;12.0
388;;19.06.2025;3427;6343.7;Injection;474.0;19.06.2025 04:05;19.06.2025 07:45;3.7;129.3;40.0;10.0;No;1;Lack of staff;19.06.2025 07:43;19.06.2025 13:16;;Norcem Micro;27007.0;20526.0;206.0;601.0;12.0
389;;19.06.2025;3441;6369.4;Injection;485.1;19.06.2025 23:45;20.06.2025 02:50;3.1;157.3;40.0;0.5;Yes;;;20.06.2025 03:02;20.06.2025 07:58;;Norcem Micro;19691.0;15029.0;152.0;572.0;12.0
390;;20.06.2025;3455;6394.6;Injection;480.0;20.06.2025 20:40;21.06.2025 00:05;3.4;140.5;40.0;0.0;Yes;;;20.06.2025 23:51;21.06.2025 03:06;;Norcem Micro;14482.0;11025.0;113.0;459.0;12.0
391;;21.06.2025;3469;6419.2;Injection;470.1;21.06.2025 15:50;21.06.2025 21:11;5.4;87.9;40.0;2.0;Yes;;;21.06.2025 21:13;22.06.2025 00:00;;Norcem Micro;10424.0;8191.0;83.0;323.0;12.0
392;;23.06.2025;3483;6444.4;Injection;480.0;23.06.2025 21:20;24.06.2025 00:47;3.4;139.1;40.0;0.0;No;1;Lack of staff;24.06.2025 00:48;24.06.2025 10:33;;Norcem Micro;35139.0;27712.0;279.0;784.0;12.0
393;;24.06.2025;3497;6469.7;Injection;480.0;24.06.2025 20:13;24.06.2025 23:30;3.3;146.2;40.0;9.0;Yes;;;24.06.2025 23:19;25.06.2025 04:46;;Norcem Micro;20762.0;16269.0;163.0;497.0;12.0
394;;25.06.2025;3511;6494.9;Injection;456.0;25.06.2025 15:12;25.06.2025 18:20;3.1;145.5;40.0;0.0;Yes;;;25.06.2025 18:48;25.06.2025 23:41;;Norcem Micro;19788.0;17821.0;179.0;527.0;12.0
395;;26.06.2025;3525;6519.7;Injection;480.0;26.06.2025 15:37;26.06.2025 18:34;3.0;162.7;40.0;0.0;Yes;;Collapse at 13 m;26.06.2025 18:11;26.06.2025 22:31;;Norcem Micro;11459.0;8864.0;93.0;311.0;12.0
396;;27.06.2025;3539;6545.2;Injection;480.0;27.06.2025 08:10;27.06.2025 11:47;3.6;132.7;40.0;0.0;No;1;Unable to insert tool. Hole is kinked.;27.06.2025 10:49;27.06.2025 14:33;;Norcem Micro;11295.0;9322.0;94.0;318.0;12.0
397;;28.06.2025;3553;6570.5;Injection;480.0;28.06.2025 00:45;28.06.2025 04:30;3.8;128.0;40.0;0.5;Yes;;;28.06.2025 04:22;28.06.2025 08:07;;Norcem Micro;12175.0;9965.0;101.0;294.0;12.0
398;;30.06.2025;3567;6595.7;Injection;480.0;30.06.2025 07:21;30.06.2025 10:47;3.4;139.8;40.0;9.0;Yes;;;30.06.2025 10:52;30.06.2025 15:39;;Norcem Micro;10931.0;8636.2;86.8;271.3;12.0
399;;01.07.2025;3581;6621.5;Injection;480.0;01.07.2025 02:32;01.07.2025 05:30;3.0;161.8;40.0;14.0;No;;Lack of staff;01.07.2025 05:51;01.07.2025 14:28;;Norcem Micro;29386.0;23370.4;234.6;690.4;12.0
400;;02.07.2025;3592;6640.7;Injection;391.2;02.07.2025 07:38;02.07.2025 10:31;2.9;135.7;32.6;1.0;Yes;;;02.07.2025 10:35;02.07.2025 18:05;;Norcem Micro;22909.0;17858.5;183.7;520.2;12.0
401;;03.07.2025;3602;6659.0;Injection;440.8;03.07.2025 12:58;03.07.2025 16:39;3.7;119.7;36.0;7.5;Yes;;;03.07.2025 16:35;04.07.2025 00:20;;Norcem Micro;21648.0;17024.7;181.8;535.6;12.0
402;;04.07.2025;3613;6678.0;Injection;391.2;04.07.2025 09:25;04.07.2025 11:58;2.6;153.4;32.6;4.0;Yes;;;04.07.2025 12:02;04.07.2025 16:41;;Norcem Micro;14160.0;10555.7;106.3;312.5;12.0
403;;04.07.2025;3621;6692.0;Injection;391.2;04.07.2025 22:50;05.07.2025 01:30;2.7;146.7;32.6;5.0;Yes;;;05.07.2025 02:08;05.07.2025 08:06;;Norcem Micro;20313.0;15745.5;165.2;483.6;12.0
404;;05.07.2025;3631;6710.9;Injection;391.2;05.07.2025 19:35;05.07.2025 22:02;2.5;159.7;32.6;7.0;Yes;;;05.07.2025 22:18;06.07.2025 00:08;;Norcem Micro;4962.0;3874.6;39.3;114.7;12.0
405;;07.07.2025;3641;6728.9;Injection;391.2;07.07.2025 17:31;07.07.2025 20:14;2.7;144.0;32.6;1.5;No;;Lack of staff;07.07.2025 19:53;07.07.2025 22:08;;Norcem Micro;5439.0;4184.7;42.4;124.1;12.0
406;;08.07.2025;3651;6746.9;Injection;391.2;08.07.2025 08:19;08.07.2025 10:46;2.4;159.7;32.6;0.0;Yes;;;08.07.2025 10:48;08.07.2025 15:26;;Norcem Micro;10127.0;7490.0;81.0;239.0;12.0
407;;08.07.2025;3661;6764.9;Injection;383.6;08.07.2025 22:10;09.07.2025 00:50;2.7;143.7;32.6;7.0;No;;Poor rock conditions;09.07.2025 00:59;09.07.2025 04:30;;Norcem Micro;11331.0;8649.3;89.2;262.0;12.0
408;;09.07.2025;3671;6783.0;Injection;391.2;09.07.2025 12:27;09.07.2025 15:23;2.9;133.6;32.6;25.0;Yes;;;09.07.2025 15:23;09.07.2025 22:47;;Norcem Micro;17385.0;13823.6;143.6;423.8;12.0
409;;10.07.2025;3681;6801.0;Injection;391.2;10.07.2025 08:47;10.07.2025 11:01;2.2;174.8;32.6;1.0;Yes;;;10.07.2025 11:04;10.07.2025 16:43;;Norcem Micro;21375.0;16233.5;166.5;476.7;12.0
410;;11.07.2025;3691;6819.0;Injection;388.1;11.07.2025 00:16;11.07.2025 03:58;3.7;104.7;32.6;14.0;Yes;;Poor image quality. Too high log speed?;11.07.2025 04:47;11.07.2025 13:02;;Norcem Micro;23830.0;18786.7;200.5;589.7;12.0
411;;12.07.2025;3699;6833.0;Injection;391.2;12.07.2025 06:35;12.07.2025 09:54;3.3;117.9;32.6;3.0;Yes;;;12.07.2025 09:57;12.07.2025 17:18;;Norcem Micro;17444.0;14117.3;142.5;418.9;12.0
412;;14.07.2025;3709;6851.4;Injection;391.2;14.07.2025 07:43;14.07.2025 10:42;3.0;131.1;32.6;23.0;Yes;;;14.07.2025 11:13;14.07.2025 16:12;;Norcem Micro;12760.0;10180.0;106.0;313.0;12.0
413;;14.07.2025;3719;6869.4;Injection;377.4;14.07.2025 23:45;15.07.2025 02:42;3.0;127.9;32.6;1.0;Yes;;Short log. Broken tool due to borehole collapse.;15.07.2025 02:43;15.07.2025 05:53;;Norcem Micro;10129.0;7479.4;75.1;221.1;12.0
414;;15.07.2025;3729;6887.4;Injection;391.1;15.07.2025 13:00;15.07.2025 16:03;3.0;128.2;32.6;13.0;No;1;Poor rock conditions;15.07.2025 16:37;16.07.2025 00:06;;Norcem Micro;28054.0;21255.9;243.8;723.8;12.0
415;;16.07.2025;3739;6905.4;Injection;370.6;16.07.2025 09:29;16.07.2025 12:02;2.5;145.3;32.6;10.0;No;1;Poor rock conditions;16.07.2025 12:32;16.07.2025 15:26;;Norcem Micro;8954.0;7345.7;73.6;217.1;12.0
416.1;1;17.07.2025;3749;6923.4;Injection;390.6;16.07.2025 23:05;17.07.2025 01:56;2.9;137.1;32.6;20.0;No;1;20 l/min in hole 1;17.07.2025 01:58;17.07.2025 03:54;;Norcem Micro;36987.0;25720.0;269.0;828.0;18.0
416.2;2;17.07.2025;3749;6923.4;Injection;195.6;17.07.2025 08:41;17.07.2025 09:50;1.1;170.1;32.6;6.0;No;;extra holes, second screen;17.07.2025 10:22;17.07.2025 21:04;;Norcem Micro;;;;;
417;;18.07.2025;3759;6941.4;Injection;391.2;18.07.2025 07:26;18.07.2025 10:03;2.6;149.5;32.6;0.0;Yes;;;18.07.2025 10:39;18.07.2025 14:43;;Norcem Micro;12401.0;9178.0;97.0;282.0;12.0
418;;18.07.2025;3769;6959.4;Injection;391.2;18.07.2025 21:53;19.07.2025 00:27;2.6;152.4;32.6;5.0;Yes;;;19.07.2025 00:27;19.07.2025 04:51;;Norcem Micro;18970.0;14275.0;147.0;432.0;12.0
419;;19.07.2025;3777;6973.8;Injection;391.2;19.07.2025 14:30;19.07.2025 18:41;4.2;93.5;32.6;0.0;No;0;Poor rock conditions. Lack of staff;19.07.2025 18:53;19.07.2025 21:16;;Norcem Micro;8568.0;6817.0;70.0;279.0;12.0
420;;21.07.2025;3787;6992.7;Injection;337.3;21.07.2025 16:05;21.07.2025 20:40;4.6;73.6;32.6;20.0;No;0;Poor rock conditions;21.07.2025 21:56;21.07.2025 23:44;;Norcem Micro;4557.0;3396.0;35.0;83.0;11.0
421;;22.07.2025;3795;7006.2;Injection;270.6;21.07.2025 18:04;21.07.2025 23:57;5.9;46.0;32.6;1.0;No;;Poor rock conditions;22.07.2025 23:57;23.07.2025 03:00;;Norcem Micro;8754.0;5991.0;69.0;172.0;9.0
422;;23.07.2025;3805;7024.2;Injection;391.2;23.07.2025 11:16;23.07.2025 15:22;4.1;95.4;32.6;0.0;No;1;Poor rock conditions;23.07.2025 15:33;23.07.2025 21:40;;Norcem Micro;15985.0;11569.0;117.0;378.0;12.0
423;;24.07.2025;3815;7042.2;Injection;358.6;24.07.2025 05:30;24.07.2025 09:06;3.6;99.6;32.6;3.0;Yes;;;24.07.2025 09:18;24.07.2025 13:38;;Norcem Micro;17214.0;12368.0;127.0;371.0;11.0
424;;24.07.2025;3825;7060.1;Injection;361.2;24.07.2025 22:14;25.07.2025 01:10;2.9;123.1;32.6;6.0;Yes;;;25.07.2025 01:25;25.07.2025 04:36;;Norcem Micro;12087.0;8559.0;86.0;201.0;11.0
425;;25.07.2025;3833;7074.6;Injection;391.2;25.07.2025 20:40;26.07.2025 02:00;5.3;73.3;32.6;6.0;Yes;;;26.07.2025 02:01;26.07.2025 04:52;;Norcem Micro;10251.0;7570.0;78.0;186.0;12.0
426;;26.07.2025;3843;7092.7;Injection;391.2;26.07.2025 12:30;26.07.2025 16:16;3.8;103.9;32.6;16.0;Yes;;;26.07.2025 16:20;26.07.2025 21:39;;Norcem Micro;24926.0;17097.0;190.0;384.0;12.0
427;;28.07.2025;3853;7110.6;Injection;480.0;28.07.2025 17:10;28.07.2025 21:18;4.1;116.1;40.0;1.0;No;1;Lack of staff;28.07.2025 20:07;29.07.2025 00:59;;Norcem Micro;15429.0;11287.0;116.0;283.0;12.0
428;;29.07.2025;3867;7135.8;Injection;520.0;29.07.2025 15:34;29.07.2025 20:45;5.2;100.3;40.0;1.0;No;1;Poor rock conditions;29.07.2025 20:28;30.07.2025 05:55;;Norcem Micro;14733.0;10025.0;103.0;209.0;12.0
429;;30.07.2025;3881;7161.0;Injection;480.0;30.07.2025 19:10;31.07.2025 00:20;5.2;92.9;40.0;13.0;Yes;;;30.07.2025 23:46;31.07.2025 03:25;;Norcem Micro;17115.0;12278.0;127.0;295.0;12.0
430;;31.07.2025;3895;7186.2;Injection;480.0;31.07.2025 13:30;31.07.2025 19:24;5.9;81.4;40.0;4.0;No;1;Lack of staff;31.07.2025 19:12;31.07.2025 21:46;;Norcem Micro;10797.0;7362.0;77.0;175.0;12.0
431;;01.08.2025;3909;7211.4;Injection;381.3;01.08.2025 10:10;01.08.2025 14:07;3.9;96.5;40.0;28.0;No;;Lack of staff;01.08.2025 13:40;01.08.2025 18:24;;Norcem Micro;17691.0;12779.0;131.0;486.0;12.0
432;;02.08.2025;3913;7218.6;Injection;164.2;01.08.2025 21:45;02.08.2025 01:00;3.2;50.5;26.0;0.0;No;;Control holes ;02.08.2025 01:16;02.08.2025 03:48;;Norcem Micro;6601.0;4363.0;46.0;126.0;6.0
433;;02.08.2025;3919;7229.4;Injection;391.2;02.08.2025 08:15;02.08.2025 13:07;4.9;80.4;33.0;0.0;No;;Lack of staff;02.08.2025 13:37;02.08.2025 19:27;;Norcem Micro;22168.0;14600.0;148.0;460.0;12.0
434;;04.08.2025;3929;7247.5;Injection;391.2;04.08.2025 07:25;04.08.2025 11:20;3.9;99.9;33.0;3.0;Yes;;;04.08.2025 10:46;04.08.2025 13:41;;Norcem Micro;12075.0;8744.0;88.0;244.0;12.0
435;;04.08.2025;3937;7262.6;Injection;391.0;04.08.2025 22:18;05.08.2025 01:48;3.5;111.7;33.0;3.0;Yes;;Poor image quality. Too much sement?;05.08.2025 01:50;05.08.2025 11:37;;Norcem Micro;29983.0;19724.0;208.0;568.0;12.0
436;;05.08.2025;3945;7277.0;Injection;391.2;05.08.2025 19:25;05.08.2025 22:35;3.2;123.5;33.0;0.0;Yes;;;05.08.2025 22:50;06.08.2025 06:37;;Norcem Micro;25339.0;15823.0;170.0;507.0;12.0
437;;06.08.2025;3955;7294.8;Injection;391.2;06.08.2025 17:05;06.08.2025 20:45;3.7;106.7;33.0;0.0;Yes;;;06.08.2025 20:23;06.08.2025 21:26;;Norcem Micro;2025.0;1867.6;21.7;64.0;12.0
438;;07.08.2025;3965;7312.8;Injection;391.2;07.08.2025 13:30;07.08.2025 16:54;3.4;115.1;33.0;0.0;Yes;;;07.08.2025 17:19;07.08.2025 21:52;;Norcem Micro;15072.0;11039.6;114.1;336.1;12.0
439;;08.08.2025;3973;7326.7;Injection;391.2;08.08.2025 18:00;08.08.2025 22:40;4.7;83.8;33.0;3.0;Yes;;;08.08.2025 23:33;09.08.2025 11:11;;Norcem Micro;16175.0;11191.5;116.2;345.8;12.0
440;;09.08.2025;3983;7344.5;Injection;391.2;09.08.2025 19:14;09.08.2025 22:20;3.1;126.2;33.0;0.0;Yes;;;09.08.2025 22:00;10.08.2025 00:00;;Norcem Micro;5262.0;3538.8;41.2;123.0;12.0
441;;11.08.2025;3993;7362.7;Injection;391.2;11.08.2025 15:30;11.08.2025 18:18;2.8;139.7;33.0;0.0;Yes;;;11.08.2025 17:24;11.08.2025 21:27;;Norcem Micro;15727.0;11364.0;118.0;346.0;12.0
442;;12.08.2025;4001;7377.1;Injection;391.2;12.08.2025 05:22;12.08.2025 08:01;2.6;147.6;33.0;0.0;Yes;;;12.08.2025 08:04;12.08.2025 11:38;;Norcem Micro;11055.0;7440.0;80.0;226.0;12.0
443;;12.08.2025;4011;7395.1;Injection;391.2;12.08.2025 20:01;12.08.2025 22:23;2.4;165.3;33.0;14.0;Yes;;20m Logged due to OTV not being able to be pushed any further;12.08.2025 22:47;13.08.2025 05:14;;Norcem Micro;20026.0;13542.0;138.0;406.0;12.0
444;;13.08.2025;4021;7413.1;Injection;675.6;13.08.2025 12:10;13.08.2025 19:38;7.5;90.5;40.0;2.0;Yes;;16m Logged due to OTV not being able to be pushed any further;13.08.2025 19:30;14.08.2025 01:32;;Norcem Micro;20742.0;14449.0;146.0;428.0;18.0
445;;14.08.2025;4029;7427.5;Injection;675.6;14.08.2025 07:30;14.08.2025 13:05;5.6;121.0;40.0;5.0;No;;;14.08.2025 12:19;14.08.2025 17:29;;Norcem Micro;17726.0;12909.0;134.0;387.0;18.0
446;;14.08.2025;4039;7445.5;Injection;635.6;14.08.2025 23:55;15.08.2025 05:13;5.3;119.9;40.0;0.0;Yes;;;15.08.2025 04:27;15.08.2025 13:03;;Norcem Micro;23586.0;17015.1;174.0;510.0;17.0
447;;15.08.2025;4047;7459.8;Injection;586.8;15.08.2025 19:00;15.08.2025 23:46;4.8;123.1;33.0;2.5;Yes;;Harder rock;15.08.2025 23:03;16.08.2025 05:24;;Norcem Micro;18537.0;13326.5;133.5;393.7;18.0
448;;16.08.2025;4057;7477.0;Injection;391.2;16.08.2025 12:56;16.08.2025 16:39;3.7;105.3;33.0;6.0;Yes;;;16.08.2025 16:41;16.08.2025 22:06;;Norcem Micro;21376.0;14813.1;150.9;443.6;12.0
449;;18.08.2025;4067;7496.0;Injection;378.6;18.08.2025 13:31;18.08.2025 16:35;3.1;123.5;33.0;15.0;No;;Lack of staff (OTV ready at shift change);18.08.2025 16:58;19.08.2025 00:22;;Norcem Micro;31701.0;23157.0;235.9;651.7;14.0
450;;19.08.2025;4075;7510.0;Injection;391.2;19.08.2025 06:35;19.08.2025 09:10;2.6;151.4;33.0;7.0;Yes;;;19.08.2025 09:34;19.08.2025 14:41;;Norcem Micro;19156.0;14123.0;148.0;434.0;12.0
451;;19.08.2025;4083;7525.5;Probe;480.0;19.08.2025 23:23;20.08.2025 03:18;3.9;122.6;40.0;0.9;Yes;;;;;;No grouting;0.0;0.0;0.0;0.0;12.0
452;;20.08.2025;4101;7558.0;Probe;320.0;20.08.2025 15:00;20.08.2025 19:23;4.4;73.0;40.0;0.0;Yes;;;;;;No grouting;0.0;0.0;0.0;0.0;8.0
453;;21.08.2025;4118;7587.6;Probe;280.0;21.08.2025 13:40;21.08.2025 16:27;2.8;100.6;40.0;0.6;Yes;;14m logged. Blocked ;;;;No grouting;0.0;0.0;0.0;0.0;7.0
454;;22.08.2025;4135;7618.3;Probe;476.0;22.08.2025 04:03;22.08.2025 08:17;4.2;112.4;40.0;0.0;Yes;;;;;;No grouting;0.0;0.0;0.0;0.0;12.0
455;;22.08.2025;4152;7649.0;Probe;360.0;22.08.2025 20:33;22.08.2025 23:15;2.7;133.3;40.0;3.8;Yes;;;;;;No grouting;0.0;0.0;0.0;0.0;9.0
456;;23.08.2025;4169;7679.6;Injection;480.0;23.08.2025 12:13;23.08.2025 17:25;5.2;92.3;40.0;365.0;No;;Too much water;23.08.2025 17:24;24.08.2025 01:55;;Norcem Micro;30371.0;22422.5;233.1;660.7;12.0
457;;25.08.2025;4179;7697.0;Injection;480.0;25.08.2025 17:40;25.08.2025 22:10;4.5;106.7;40.0;42.0;Yes;;;25.08.2025 22:49;26.08.2025 07:12;;Norcem Micro;24436.0;17506.5;184.0;577.2;12.0
458;;26.08.2025;4193;7723.0;Probe;360.0;26.08.2025 18:21;26.08.2025 21:10;2.8;127.8;40.0;0.0;Yes;;;;;;No grouting;0.0;0.0;0.0;0.0;9.0
459;;27.08.2025;4209;7751.0;Probe;360.0;27.08.2025 08:00;27.08.2025 10:06;2.1;171.4;40.0;2.8;Yes;;;;;;No grouting;0.0;0.0;0.0;0.0;9.0
460;;28.08.2025;4226;7782.0;Probe;360.0;28.08.2025 00:56;28.08.2025 04:15;3.3;108.5;40.0;3.0;No;;Collapsed borehole;;;;No grouting;0.0;0.0;0.0;0.0;9.0
461;;29.08.2025;4243;7813.0;Injection;480.0;29.08.2025 02:20;29.08.2025 08:05;5.8;83.5;40.0;355.0;No;;Too much water;29.08.2025 08:27;29.08.2025 19:51;;Norcem Micro;39817.0;32354.5;330.5;960.5;12.0
462;;30.08.2025;4247;7820.0;Injection;391.2;29.08.2025 22:50;30.08.2025 03:30;4.7;83.8;32.6;2.5;No;1;Lack of staff;30.08.2025 03:19;30.08.2025 08:51;;Norcem Micro;19740.0;13654.3;143.1;378.5;12.0
463;;30.08.2025;4257;7838.0;Probe;480.0;30.08.2025 21:30;31.08.2025 01:45;4.2;112.9;40.0;0.0;Yes;;;;;;No grouting;0.0;0.0;0.0;0.0;12.0
464;;01.09.2025;4274;7868.8;Probe;480.0;01.09.2025 22:00;02.09.2025 02:55;4.9;97.6;40.0;0.0;Yes;;;;;;No grouting;0.0;0.0;0.0;0.0;12.0
465;;03.09.2025;4291;7899.2;Probe;480.0;03.09.2025 13:10;03.09.2025 17:00;3.8;125.2;40.0;46.0;Yes;;;03.09.2025 17:22;04.09.2025 05:19;;Norcem Micro;51374.0;37514.0;393.8;1818.8;12.0
466;;04.09.2025;4305;7925.3;Injection;480.0;04.09.2025 18:35;04.09.2025 22:40;4.1;117.6;40.0;21.0;Yes;;;04.09.2025 23:18;05.09.2025 08:37;;Norcem Micro;34077.0;27418.8;302.0;887.8;12.0
467;;06.09.2025;4319;7949.7;Injection;480.0;06.09.2025 00:13;06.09.2025 04:50;4.6;104.0;40.0;37.0;Yes;;;06.09.2025 04:41;06.09.2025 09:27;;Norcem Micro;15753.0;12468.0;130.5;312.1;12.0
468;;06.09.2025;4333;7974.9;Probe;480.0;06.09.2025 19:35;06.09.2025 22:27;2.9;167.4;40.0;2.0;No;;;;;;No grouting;0.0;0.0;0.0;0.0;12.0
469;;09.09.2025;4350;8005.5;Injection;480.0;09.09.2025 00:48;09.09.2025 04:46;4.0;121.0;40.0;42.0;No;;Too much water;09.09.2025 04:51;09.09.2025 14:08;;Norcem Micro;35757.0;26765.0;284.1;833.0;12.0
470;;10.09.2025;4364;8030.5;Probe;480.0;10.09.2025 00:50;10.09.2025 04:12;3.4;142.6;40.0;1.0;Yes;;Log starts at depth 11m (technical issue);;;;No grouting;0.0;0.0;0.0;0.0;12.0
471;;10.09.2025;4381;8061.3;Probe;480.0;10.09.2025 17:07;10.09.2025 20:53;3.8;127.4;40.0;5.0;Yes;;;;;;No grouting;0.0;0.0;0.0;0.0;12.0
472;;11.09.2025;4397;8090.8;Probe;480.0;11.09.2025 12:55;11.09.2025 18:25;5.5;87.3;40.0;4.0;Yes;;Collapsed borehole at 22 m. Tool stuck during logging.;;;;No grouting;0.0;0.0;0.0;0.0;12.0
473;;12.09.2025;4415;8121.5;Probe;440.0;12.09.2025 05:51;12.09.2025 12:03;6.2;71.0;40.0;28.0;No;;Too much water;12.09.2025 12:42;12.09.2025 23:23;;Norcem Micro;33742.0;26390.0;282.0;829.0;12.0
474;;13.09.2025;4429;8147.7;Probe;479.5;13.09.2025 09:10;13.09.2025 12:55;3.8;127.9;40.0;0.0;Yes;;;;;;No grouting;0.0;0.0;0.0;0.0;12.0
475;;15.09.2025;4446;8178.3;Probe;473.9;15.09.2025 17:50;15.09.2025 22:10;4.3;109.4;40.0;91.5;No;;Too much water;15.09.2025 22:34;16.09.2025 08:24;;Norcem Micro;32797.0;25302.2;259.6;763.1;12.0
476;;16.09.2025;4459;8200.6;Probe;480.0;16.09.2025 23:11;17.09.2025 04:21;5.2;92.9;40.0;2.8;No;;;;;;No grouting;0.0;0.0;0.0;0.0;12.0
477;;17.09.2025;4476;8232.3;Injection;480.0;17.09.2025 17:58;17.09.2025 22:19;4.3;110.3;40.0;42.0;Yes;;30m, not being able to push further;17.09.2025 22:31;18.09.2025 11:03;;Norcem Micro;38680.0;32180.7;328.0;963.0;12.0
478;;18.09.2025;4490;8257.2;Injection;480.0;18.09.2025 21:30;19.09.2025 00:47;3.3;146.2;40.0;46.4;No;;Too much water;19.09.2025 00:57;19.09.2025 07:04;;Norcem Micro;19402.0;14663.7;147.8;433.6;12.0
479;;19.09.2025;4503;8280;Injection;480.0;19.09.2025 17:55;19.09.2025 21:50;3.9;122.6;40.0;73.0;Yes;;;19.09.2025 22:03;20.09.2025 03:30;;Norcem Micro;22344.0;17235.8;173,6;510,1;11.0
480;;20.09.2025;4517;8305.2;Injection;480.0;20.09.2025 13:06;20.09.2025 16:58;3.9;124.1;40.0;53.5;No;;Lack of staff;20.09.2025 16:42;20.09.2025 21:39;;Nocrem Micro;21732.0;16420.0;166.0;485.0;12.0
481;;23.09.2025;4531;8331.3;Injection;480.0;23.09.2025 01:45;23.09.2025 06:00;4.3;112.9;40.0;61.0;yes;;Restistance at 24 m;23.09.2025 06:05;23.09.2025 12:39;;Norcem Micro;24374.0;18590.9;187.4;552.0;12.0
482;;23.09.2025;4543;8352.0;Probe;441.0;23.09.2025 23:30;24.09.2025 04:10;4.7;94.5;40.0;61.0;No;;Bad rock conditions;24.09.2025 03:02;24.09.2025 11:48;;norcem Micro;32216.0;24386.2;247.5;586.4;12.0
483;;24.09.2025;4558;8379.9;Probe;504.2;24.09.2025 23:55;25.09.2025 04:23;4.5;112.9;40.0;90.0;No;;Too much water;25.09.2025 04:52;25.09.2025 12:44;;Norcem Micro;36758.0;28038.0;282.0;829.0;12.0
484;;25.09.2025;4572;8405.1;Injection;461.0;26.09.2025 01:45;26.09.2025 06:48;5.1;91.3;40.0;75.0;No;;Bad rock conditions;26.09.2025 06:55;26.09.2025 12:42;;Norcem micro;23360.0;17527.5;176.2;517.9;12.0
485;;26.09.2025;4585;8429.5;Probe;480.0;27.09.2025 00:30;27.09.2025 06:45;6.2;76.8;40.0;18.0;No;;Bad rock conditions;;;;No grouting;0.0;0.0;0.0;0.0;12.0
486;;29.09.2025;4599;8453.8;Probe;424.9;29.09.2025 07:10;29.09.2025 10:40;3.5;121.4;40.0;217.0;No;;Too much water;29.09.2025 11:35;29.09.2025 16:26;;Norcem Micro;18148.0;14671.4;155.7;298.5;11.0
487;;29.09.2025;4603;8461.0;Injection;366.0;29.09.2025 23:12;30.09.2025 03:40;4.5;81.9;32.6;42.0;No;;Bad rock conditions;30.09.2025 03:31;30.09.2025 09:19;;Norcem Micro;15836.0;13011.6;135.0;340.4;12.0
488;;30.09.2025;4613;8479.0;Injection;391.2;30.09.2025 16:27;30.09.2025 20:20;3.9;100.7;32.6;175.0;Yes;;;30.09.2025 20:49;01.10.2025 05:22;;Norcem Micro;29918.0;21809.3;234.6;691.2;12.0
489;;01.10.2025;4615;8482.6;Injection;359.6;01.10.2025 08:19;01.10.2025 12:55;4.6;78.2;28.5;0.0;Yes;;;01.10.2025 12:57;01.10.2025 15:56;;Norcem Micro;11142.0;7616.6;87.1;228.3;12.0
490;;01.10.2025;4622;8494.8;Injection;384.2;01.10.2025 23:25;02.10.2025 02:00;2.6;148.7;32.6;13.0;Yes;;;02.10.2025 02:27;02.10.2025 09:54;;Norcem Micro;25096.0;20484.3;212.3;515.3;12.0
491;;02.10.2025;4632;8513.2;Injection;358.6;02.10.2025 16:25;02.10.2025 21:09;4.7;75.8;32.6;11.0;No;;Hole collapsed;02.10.2025 20:53;03.10.2025 05:01;;Norcem Micro;32658.0;26674.8;293.8;859.3;11.0
492;;03.10.2025;4641;8529.2;Probe;480.0;03.10.2025 13:45;03.10.2025 17:40;3.9;122.6;40.0;0.0;Yes;;;;;;No grouting;0.0;;0.0;0.0;12.0
493;;04.10.2025;4657;8560.0;Probe;443.5;04.10.2025 14:45;04.10.2025 18:35;3.8;115.7;40.0;0.0;Yes;;;;;;No grouting;0.0;;0.0;0.0;12.0
494;;06.10.2025;4674;8588.8;Probe;444.0;06.10.2025 16:32;06.10.2025 20:28;3.9;112.9;40.0;5.5;Yes;;;;;;No grouting;0.0;0.0;0.0;0.0;12.0
495;;07.10.2025;4691;8619.4;Injection;480.0;07.10.2025 08:28;07.10.2025 11:43;3.2;147.7;40.0;91.0;No;;Too much water in hole 1 and 23;07.10.2025 12:11;07.10.2025 20:24;;Norcem Micro;34285.0;24491.0;263.0;765.0;12.0
496;;08.10.2025;4705;8644.5;Probe;467.0;08.10.2025 08:47;08.10.2025 12:10;3.4;138.0;40.0;7.5;Yes;;;;;;No grouting;0.0;0.0;0.0;0.0;12.0
497;;09.10.2025;4722;8675.0;Probe;480.0;09.10.2025 04:40;09.10.2025 08:56;4.3;112.5;40.0;0.0;Yes;;Two logs;;;;No grouting;0.0;0.0;0.0;0.0;12.0
498;;09.10.2025;4739;8705.6;Probe;480.0;09.10.2025 21:40;10.10.2025 01:04;3.4;141.2;40.0;0.0;Yes;;;;;;No grouting;0.0;0.0;0.0;0.0;12.0
499;;10.10.2025;4756;8736.2;Probe;480.0;10.10.2025 16:10;10.10.2025 20:50;4.7;102.9;40.0;0.0;Yes;;Two logs;;;;No grouting;0.0;0.0;0.0;0.0;12.0
500;;11.10.2025;4773;8767.0;Probe;440.0;11.10.2025 09:04;11.10.2025 09:04;0.0;111.4;40.0;18.0;Yes;;;;;;No grouting;0.0;0.0;0.0;0.0;11.0
501;;13.10.2025;4790;8797.6;Probe;336.0;13.10.2025 07:32;13.10.2025 09:42;2.2;155.1;28.0;0.0;Yes;;;;;;No grouting;0.0;0.0;0.0;0.0;12.0
502;;14.10.2025;4797;8811.0;Injection;465.2;14.10.2025 08:00;14.10.2025 11:53;3.9;119.8;40.0;90.0;Yes;;;14.10.2025 12:13;14.10.2025 20:27;;Norcem Micro;28186.0;22364.6;240.8;754.9;12.0
503;;15.10.2025;4811;8835.2;Probe;320.0;15.10.2025 09:52;15.10.2025 15:15;5.4;59.4;40.0;0.5;Yes;;32m;;;;No grouting;0.0;0.0;0.0;0.0;8.0
504;;16.10.2025;4828;8866.0;Probe;360.0;16.10.2025 10:58;16.10.2025 14:00;3.0;118.7;40.0;0.0;NO;;Hole blocked. Poor material;;;;No grouting;0.0;0.0;0.0;0.0;9.0
505;;17.10.2025;4845;8896.6;Probe;360.0;17.10.2025 12:12;17.10.2025 15:15;3.0;118.0;40.0;0.0;Yes;;;;;;No grouting;0.0;0.0;0.0;0.0;9.0
506;;18.10.2025;4862;8927.2;Probe;360.0;18.10.2025 07:45;18.10.2025 10:27;2.7;133.3;40.0;0.0;Yes;;;;;;No grouting;0.0;0.0;0.0;0.0;9.0
507;;19.10.2025;4879;8958.6;Probe;360.0;19.10.2025 00:49;19.10.2025 04:27;3.6;99.1;40.0;8.0;Yes;;;;;;No grouting;0.0;0.0;0.0;0.0;9.0
508;;20.10.2025;4896;8988.4;Probe;350.0;20.10.2025 21:30;21.10.2025 01:00;3.5;100.0;40.0;2.0;No;;Technical issue;;;;No grouting;0.0;0.0;0.0;0.0;9.0
509;;21.10.2025;4913;9019.1;Probe;360.0;21.10.2025 17:17;21.10.2025 19:45;2.5;145.9;40.0;0.0;Yes;;;;;;No grouting;0.0;0.0;0.0;0.0;9.0
510;;22.10.2025;4930;9049.6;Probe;360.0;22.10.2025 14:02;22.10.2025 16:27;2.4;149.0;40.0;1.5;Yes;;;;;;No grouting;0.0;0.0;0.0;0.0;9.0
511;;23.10.2025;4947;9080.9;Probe;356.0;23.10.2025 09:22;23.10.2025 11:58;2.6;136.9;40.0;9.7;Yes;;stopped at ca. 35m due to big resistance when pushing in;;;;No grouting;0.0;0.0;0.0;0.0;9.0
512;;23.10.2025;4964;9110.9;Probe;240.0;24.10.2025 00:00;24.10.2025 03:00;3.0;80.0;40.0;7.0;Yes;;;;;;No grouting;0.0;0.0;0.0;0.0;6.0
513;;24.10.2025;4981;9141.5;Probe;360.0;24.10.2025 14:36;24.10.2025 16:55;2.3;155.4;40.0;0.0;Yes;;stopped at ca. 27m due to big resistance when pushing in;;;;No grouting;0.0;0.0;0.0;0.0;9.0
514;;25.10.2025;4998;9172.1;Probe;360.0;25.10.2025 05:25;25.10.2025 08:56;3.5;102.4;40.0;1.5;No;;Blocked hole, ca 1-2m from start;;;;No grouting;0.0;0.0;0.0;0.0;9.0
515;;25.10.2025;5015;9203.6;Probe;320.0;26.10.2025 00:00;26.10.2025 02:15;2.3;142.2;40.0;0.0;No;;Collapsed hole;;;;No grouting;0.0;0.0;0.0;0.0;7.0
516;;27.10.2025;5032;9233.3;Probe;360.0;28.10.2025 00:51;28.10.2025 04:15;3.4;105.9;40.0;4.5;No;;Collapsed hole;;;;No grouting;0.0;0.0;0.0;0.0;9.0
517;;28.10.2025;5049;9263.9;Probe;320.0;28.10.2025 14:30;28.10.2025 18:00;3.5;91.4;40.0;0.0;No;;Lack of staff;;;;No grouting;0.0;0.0;0.0;0.0;8.0
518;;29.10.2025;5067;9296.4;Probe;293.4;29.10.2025 15:00;29.10.2025 22:16;7.3;40.4;40.0;17.0;No;;Lack of staff;;;;No grouting;0.0;0.0;0.0;0.0;9.0
519;;30.10.2025;5081;9321.5;Injection;560.0;30.10.2025 16:20;31.10.2025 00:40;8.3;67.2;40.0;15.0;No;;Loggersuite not working;31.10.2025 01:10;31.10.2025 03:06;;Norcem Micro;3848.0;3038.4;30.5;89.8;17.0
520;;31.10.2025;5095;9346.7;Injection;720.0;31.10.2025 16:10;31.10.2025 22:34;6.4;112.5;40.0;21.0;No;;Loggersuite not working;31.10.2025 22:43;01.11.2025 03:29;;Norcem Micro;10219.0;8523.4;85.2;251.5;18.0
521;;03.11.2025;5109;9372.0;Injection;720.0;03.11.2025 13:47;03.11.2025 20:48;7.0;102.6;40.0;0.0;Yes;;;03.11.2025 20:51;04.11.2025 00:56;;Norcem Micro;11760.0;9966.0;102.0;300.0;18.0
522;;04.11.2025;5126;9403.0;Probe;360.0;04.11.2025 12:35;04.11.2025 14:56;2.3;153.2;40.0;2.0;Yes;;Incorrect depth;;;;No grouting;0.0;0.0;0.0;0.0;9.0
523;;05.11.2025;5143;9433.6;Probe;320.0;05.11.2025 05:10;05.11.2025 08:05;2.9;109.7;40.0;0.0;Yes;;;;;;No grouting;0.0;0.0;0.0;0.0;9.0
524;;05.11.2025;5159;9463.4;Probe;299.0;05.11.2025 20:35;06.11.2025 03:00;6.4;46.6;40.0;0.0;Yes;;22m, blocked hole, ;;;;No grouting;0.0;0.0;0.0;0.0;9.0
525;;06.11.2025;5176;9493.2;Probe;320.0;06.11.2025 13:30;06.11.2025 15:40;2.2;147.7;40.0;6.5;Yes;;;;;;No grouting;0.0;0.0;0.0;0.0;9.0
526;;06.11.2025;5193;9523.8;Probe;344.0;07.11.2025 01:55;07.11.2025 04:45;2.8;121.4;40.0;9.0;No;;Lack of staff;;;;No grouting;0.0;0.0;0.0;0.0;9.0
527;;07.11.2025;5209;9552.0;Probe;240.0;07.11.2025 15:47;07.11.2025 18:09;2.4;101.4;40.0;0.0;Yes;;39m ;;;;No grouting;0.0;0.0;0.0;0.0;6.0
528;;08.11.2025;5226;9583.2;Probe;240.0;08.11.2025 16:10;08.11.2025 19:05;2.9;82.3;40.0;0.0;No;;Lack of staff (OTV ready at shift change);;;;No grouting;0.0;0.0;0.0;0.0;6.0
529;;10.11.2025;5242;9613.0;Probe;240.0;10.11.2025 15:10;10.11.2025 16:40;1.5;160.0;40.0;0.0;Yes;;Stopped at ca. 26m due to big resistance.;;;;No grouting;0.0;0.0;0.0;0.0;6.0
530;;11.11.2025;5260;9643.7;Probe;240.0;11.11.2025 09:45;11.11.2025 11:35;1.8;130.9;40.0;0.0;Yes;;Log starts at -35. 37m long;;;;No grouting;0.0;0.0;0.0;0.0;6.0
531;;12.11.2025;5277;9674.3;Probe;240.0;12.11.2025 06:19;12.11.2025 07:50;1.5;158.2;40.0;0.0;Yes;;38m;;;;No grouting;0.0;0.0;0.0;0.0;6.0
532;;12.11.2025;5294;9705.6;Probe;360.0;13.11.2025 00:37;13.11.2025 02:55;2.3;156.5;40.0;0.0;Yes;;40.0;;;;No grouting;0.0;0.0;0.0;0.0;9.0
533;;13.11.2025;5311;9736.0;Injection;478.5;13.11.2025 20:39;14.11.2025 00:24;3.8;127.6;40.0;58.0;No;;Too much water;14.11.2025 00:33;14.11.2025 05:08;;Norcem Micro;16486.0;12243.0;123.0;362.0;12.0
534;;14.11.2025;5325;9760.8;Injection;480.0;14.11.2025 16:00;14.11.2025 19:41;3.7;130.3;40.0;21.0;Yes;;;14.11.2025 19:47;14.11.2025 23:11;;Norcem Micro;11252.0;8329.0;83.7;246.2;12.0
535;;15.11.2025;5337;9782.0;Probe;324.0;15.11.2025 13:25;15.11.2025 16:00;2.6;125.4;36.0;1.0;No;;Lack of staff (OTV ready at shift change);;;;No grouting;0.0;0.0;0.0;0.0;9.0
536;;17.11.2025;5349;9804.0;Probe;380.0;17.11.2025 07:25;17.11.2025 09:42;2.3;166.4;40.0;0.0;Yes;;;;;;No grouting;0.0;0.0;0.0;0.0;9.0
537;;18.11.2025;5363;9829.1;Probe;240.0;18.11.2025 17:00;18.11.2025 18:30;1.5;160.0;40.0;0.0;Yes;;;;;;No grouting;0.0;0.0;0.0;0.0;6.0
538;;19.11.2025;5380;9859.7;Probe;240.0;20.11.2025 00:35;20.11.2025 02:20;1.7;137.1;40.0;3.0;Yes;;;;;;No grouting;0.0;0.0;0.0;0.0;6.0
539;;20.11.2025;5397;9890.1;Probe;240.0;20.11.2025 17:49;20.11.2025 19:50;2.0;119.0;40.0;7.0;Yes;;;;;;No grouting;0.0;0.0;0.0;0.0;6.0
540;;21.11.2025;5414;9920.5;Probe;240.0;21.11.2025 07:40;21.11.2025 09:33;1.9;127.4;40.0;4.5;Yes;;;;;;No grouting;0.0;0.0;0.0;0.0;6.0
541;;21.11.2025;5431;9951.6;Probe;240.0;21.11.2025 23:45;22.11.2025 01:20;1.6;151.6;40.0;9.0;Yes;;;;;;No grouting;0.0;0.0;0.0;0.0;6.0
542;;22.11.2025;5448;9982.2;Probe;240.0;22.11.2025 17:40;22.11.2025 19:10;1.5;160.0;40.0;5.0;Yes;;;;;;No grouting;0.0;0.0;0.0;0.0;6.0
543;;24.11.2025;5465;10013.0;Probe;240.0;24.11.2025 14:50;24.11.2025 16:35;1.7;137.1;40.0;2.0;Yes;;;;;;No grouting;0.0;0.0;0.0;0.0;6.0
544;;25.11.2025;5483;10045.9;Injection;240.0;25.11.2025 06:27;25.11.2025 09:50;3.4;70.9;40.0;20.0;No;;Bad rock conditions;25.11.2025 10:08;25.11.2025 11:56;;Norcem Micro;5903.0;5184.0;52.0;127.0;6.0
545;;25.11.2025;5497;10070.7;Probe;240.0;26.11.2025 01:21;26.11.2025 03:20;2.0;121.0;40.0;6.0;No;;Lack of staff;;;;No grouting;0.0;0.0;0.0;0.0;6.0
546;;26.11.2025;5514;10101.0;Probe;240.0;26.11.2025 19:20;26.11.2025 21:30;2.2;110.8;40.0;0.0;No;;Lack of staff;;;;No grouting;0.0;0.0;0.0;0.0;6.0
547;;27.11.2025;5531;10131.6;Probe;240.0;27.11.2025 10:16;27.11.2025 12:39;2.4;100.7;40.0;0.0;No;;Collapsed hole;;;;No grouting;0.0;0.0;0.0;0.0;6.0
548;;28.11.2025;5548;10162.1;Injection;435.0;28.11.2025 01:25;28.11.2025 06:45;5.3;81.6;40.0;87.0;Yes;;;28.11.2025 06:47;28.11.2025 12:38;;Norcem Micro;20212.0;15648.5;165.8;432.0;11.0
549;;29.11.2025;5563;10188.5;Injection;430.0;29.11.2025 01:00;29.11.2025 05:10;4.2;103.2;40.0;90.0;No;;Too much water;29.11.2025 05:11;29.11.2025 09:10;;Norcem Micro;14397.0;10706.0;116.0;265.0;12.0
550;;29.11.2025;5577;10214.2;Injection ;440.0;29.11.2025 20:16;30.11.2025 01:16;5.0;88.0;40.0;85.0;No;;Too much water ;01.12.2025 07:25;01.12.2025 08:53;;Norcem Micro;3224.0;2802.0;30.0;88.5;11.0
551;;01.12.2025;5591;10239.6;Control;240.0;01.12.2025 20:55;01.12.2025 23:28;2.5;94.1;40.0;11.0;Yes;;40m;;;;No grouting;0.0;0.0;0.0;0.0;6.0
552;;02.12.2025;5608;10270.2;Probe;240.0;02.12.2025 11:50;02.12.2025 13:39;1.8;132.1;40.0;1.0;Yes;;;;;;No grouting;0.0;0.0;0.0;0.0;6.0
553;;03.12.2025;5625;10300.8;Probe;240.0;03.12.2025 07:30;03.12.2025 09:20;1.8;130.9;40.0;2.0;Yes;;;;;;No grouting;0.0;0.0;0.0;0.0;6.0
554;;08.12.2025;5641;10331.4;Probe;234.0;08.12.2025 19:45;08.12.2025 23:18;3.6;65.9;40.0;0.0;No;;Collapsed/blocked hole at the beginning;;;;No grouting;0.0;0.0;0.0;0.0;6.0
555;;09.12.2025;5658;10360.2;Probe;240.0;09.12.2025 15:31;09.12.2025 17:34;2.1;117.1;40.0;3.0;No;;Equipment under repair;;;;No grouting;0.0;0.0;0.0;0.0;6.0
556;;10.12.2025;5675;10390.0;Probe;198.0;10.12.2025 07:20;10.12.2025 09:31;2.2;90.7;33.0;5.0;Yes;;33m;;;;No grouting;0.0;0.0;0.0;0.0;6.0
557;;10.12.2025;5686;10410.0;Probe;120.0;10.12.2025 18:43;10.12.2025 19:47;1.1;112.5;40.0;0.0;No;;Statnett tunnel, No OTV;;;;No grouting;0.0;0.0;0.0;0.0;3.0
558;;11.12.2025;5703;10441.3;Probe;50.6;11.12.2025 13:08;11.12.2025 13:56;0.8;63.3;33.0;0.0;No;;Statnett tunnel, No OTV;;;;No grouting;0.0;0.0;0.0;0.0;2.0
559;;12.12.2025;5715;10463.6;Probe;120.0;12.12.2025 13:31;12.12.2025 17:10;3.7;32.9;40.0;0.0;No;;Statnett tunnel, No OTV;;;;No grouting;0.0;0.0;0.0;0.0;3.0
560;;13.12.2025;5732;10493.5;Probe;206.6;13.12.2025 06:48;13.12.2025 08:57;2.2;96.1;40.0;31.0;Yes;;;;;;No grouting;0.0;0.0;0.0;0.0;6.0
561;;13.12.2025;5748;10522.3;Probe;240.0;13.12.2025 20:42;13.12.2025 23:35;2.9;83.2;40.0;11.0;Yes;;;;;;No grouting;0.0;0.0;0.0;0.0;6.0
562;;15.12.2025;5764;10551.7;Probe;240.0;15.12.2025 23:20;16.12.2025 01:30;2.2;110.8;40.0;4.0;Yes;;;;;;No grouting;0.0;0.0;0.0;0.0;6.0
563;;17.12.2025;5781;10581.0;Probe;240.0;17.12.2025 22:20;18.12.2025 01:05;2.8;87.3;40.0;0.5;Yes;;;;;;No grouting;0.0;0.0;0.0;0.0;6.0
564;;18.12.2025;5798;10612.4;Probe;360.0;18.12.2025 16:03;18.12.2025 19:40;3.6;99.5;40.0;1.0;Yes;;;;;;No grouting;0.0;0.0;0.0;0.0;9.0
565;;19.12.2025;5815;10642.7;Injection;480.0;19.12.2025 10:28;19.12.2025 14:03;3.6;134.0;40.0;0.0;Yes;;;19.12.2025 14:13;19.12.2025 15:16;;Norcem Micro;2518.0;1839.1;18.4;54.4;12.0
566;;05.01.2026;5831;10673.4;Probe;240.0;05.01.2026 07:40;05.01.2026 10:15;2.6;92.9;40.0;0.0;Yes;;;;;;No grouting;0.0;0.0;0.0;0.0;6.0
567;;06.01.2026;5848;10702.0;Probe;240.0;06.01.2026 13:40;06.01.2026 15:55;2.3;106.7;40.0;1.0;Yes;;;;;;No grouting;0.0;0.0;0.0;0.0;6.0
568;;07.01.2026;5865;10732.5;Probe;240.0;07.01.2026 10:35;07.01.2026 13:10;2.6;92.9;40.0;1.0;Yes;;;;;;No grouting;0.0;0.0;0.0;0.0;6.0
569;;07.01.2026;5882;10763.4;Probe;240.0;08.01.2026 02:31;08.01.2026 04:31;2.0;120.0;40.0;0.5;No;;;;;;No grouting;0.0;0.0;0.0;0.0;6.0
570;;08.01.2026;5899;10793.3;Probe;230.0;08.01.2026 22:45;09.01.2026 01:15;2.5;92.0;40.0;2.0;No;;;;;;No grouting;0.0;0.0;0.0;0.0;6.0
571;;09.01.2026;5916;10824.5;Probe;240.0;10.01.2026 01:50;10.01.2026 04:04;2.2;107.5;40.0;14.0;No;;;;;;No grouting;0.0;0.0;0.0;0.0;6.0
572;;10.01.2026;5933;10855.0;Probe;235.0;10.01.2026 17:05;10.01.2026 18:55;1.8;128.2;40.0;2.0;No;;;;;;No grouting;0.0;0.0;0.0;0.0;6.0
573;;12.01.2026;5950;10885.0;Injection;470.0;12.01.2026 12:00;12.01.2026 17:10;5.2;91.0;40.0;233.0;Yes;;Hole nr 2;12.01.2026 17:22;12.01.2026 21:29;;Norcem Micro;13469.0;7594.0;90.0;257.0;12.0
574;;13.01.2026;5964;10910.0;Injection;274.0;13.01.2026 09:12;13.01.2026 14:20;5.1;53.4;40.0;190.0;Yes;;;13.01.2026 14:27;14.01.2026 02:31;;Norcem Micro;12659.0;9177.0;102.0;257.0;9.0
575;;14.01.2026;5979;10938.0;Probe;225.0;14.01.2026 17:50;14.01.2026 20:05;2.3;100.0;40.0;9.0;No;;Poor rock;;;;No grouting;0.0;0.0;0.0;0.0;6.0
576;;15.01.2026;5999;10974.1;Probe;232.0;15.01.2026 11:30;15.01.2026 13:10;1.7;139.2;40.0;10.0;Yes;;;;;;No grouting;0.0;0.0;0.0;0.0;6.0
577;;16.01.2026;6019;11009.0;Injection;470.0;16.01.2026 07:02;16.01.2026 13:25;6.4;73.6;40.0;5.0;Yes;;;16.01.2026 13:26;16.01.2026 14:37;;Norcem Micro;2266.0;1586.9;16.0;47.3;11.0
