chainage;advance;ring;ring_type;date;week;timestamp;Penetration (mm/min);Penetration (mm/rev);Cutterhead Rotation (rev/min);Torque (MNm);Total Advance Force (kN);Vibration (m/s2);Mekv (kN/c);FPI;Penetration (m/h)
175.01;0;13;C1-R1;;;;;;;;;;;;
176.81;1;14;C1-R1;09.12.2023;50;09.12.2023 12:38;13.1;6.0;2.2;0.45;3279;0.00;70;11.6;0.8
178.61;2;15;C1-R1;;1;;;;;;;;;;
180.41;3;16;C1-R1;13.12.2023;51;13.12.2023 16:26;23.7;4.8;5.8;0.96;7645;0.00;163;34.0;1.7
182.21;4;17;C1-R1;15.12.2023;51;15.12.2023 06:55;18.5;2.6;7.8;0.78;8282;0.00;176;67.5;1.2
184.01;5;18;C2-R2b;15.12.2023;51;15.12.2023 20:28;26.3;3.4;8.1;1.00;10108;0.00;215;62.7;1.7
185.81;6;19;C1-R1;16.12.2023;51;16.12.2023 00:42;20.7;3.3;7.5;0.79;9679;0.00;206;62.6;1.5
187.61;7;20;C1-R1;16.12.2023;51;16.12.2023 12:46;22.8;2.9;8.2;1.07;10626;0.00;226;77.2;1.4
189.41;8;21;C1-R1;18.12.2023;52;18.12.2023 11:02;28.0;3.6;8.2;1.24;10857;0.00;231;64.5;1.8
191.21;9;22;C1-R1;18.12.2023;52;18.12.2023 14:20;24.3;3.3;7.8;0.99;9112;0.00;194;59.5;1.5
193.01;10;23;C1-R1;19.12.2023;52;19.12.2023 08:21;31.2;4.0;8.1;1.14;9309;0.00;198;50.0;1.9
194.81;11;24;C1-R1;19.12.2023;52;19.12.2023 10:05;25.3;3.3;8.1;0.93;9187;0.00;195;60.1;1.6
196.61;12;25;C1-R1;19.12.2023;52;19.12.2023 16:07;26.8;3.4;8.0;1.00;10100;0.00;215;63.4;1.6
198.41;13;26;C1-R1;21.12.2023;52;21.12.2023 06:41;13.1;2.0;7.3;0.63;9215;0.00;196;100.5;0.9
200.21;14;27;C1-R1;21.12.2023;52;21.12.2023 09:54;13.9;3.0;5.1;0.76;10735;0.00;228;77.2;0.9
202.01;15;28;C1-R1;21.12.2023;52;21.12.2023 16:24;18.7;3.3;6.1;0.95;10268;0.00;218;66.0;1.2
203.81;16;29;C1-R1;21.12.2023;52;21.12.2023 21:06;18.4;2.5;7.8;0.86;9855;0.00;210;84.5;1.2
205.61;17;30;C1-R1;04.01.2024;1;04.01.2024 17:21;30.2;4.0;7.2;1.47;12224;0.00;260;64.7;1.7
207.41;18;31;C1-R1;04.01.2024;1;04.01.2024 21:06;24.8;3.1;8.1;1.04;11115;0.00;236;76.0;1.5
209.21;19;32;C1-R1;05.01.2024;1;05.01.2024 01:08;24.0;3.0;8.1;0.97;11393;0.00;242;80.5;1.5
211.01;20;33;C1-R1;05.01.2024;1;05.01.2024 03:51;27.8;3.7;7.9;1.08;10617;0.00;226;61.6;1.7
212.81;21;34;C1-R1;08.01.2024;2;08.01.2024 12:37;28.9;3.8;7.8;1.28;11538;0.00;245;65.3;1.8
214.61;22;35;C1-R1;08.01.2024;2;08.01.2024 14:56;32.7;4.1;8.2;1.38;11728;0.00;250;61.6;2.0
216.41;23;36;C1-R1;08.01.2024;2;08.01.2024 17:19;25.2;4.6;6.8;1.29;10929;0.00;233;50.8;1.9
218.21;24;37;C1-R1;10.01.2024;2;10.01.2024 09:48;34.2;4.5;8.0;1.48;11609;0.00;247;54.6;2.2
220.01;25;38;C1-R1;10.01.2024;2;10.01.2024 13:30;28.8;3.8;7.9;1.28;11566;0.00;246;64.4;1.8
221.81;26;39;C1-R1;10.01.2024;2;10.01.2024 16:02;29.7;3.9;8.2;1.27;11862;0.00;252;65.6;1.9
223.61;27;40;C1-R1;10.01.2024;2;10.01.2024 18:37;30.9;4.9;7.6;1.23;10631;0.00;226;45.8;2.3
225.41;28;41;C1-R1;11.01.2024;2;11.01.2024 16:38;39.4;5.2;8.0;1.51;10755;0.00;229;44.3;2.5
227.21;29;42;C1-R1;11.01.2024;2;11.01.2024 19:05;35.3;4.8;7.7;1.37;10861;0.00;231;48.3;2.2
229.01;30;43;C1-R1;11.01.2024;2;11.01.2024 20:45;38.7;5.2;7.7;1.43;11216;0.00;239;45.5;2.4
230.81;31;44;C1-R1;11.01.2024;2;11.01.2024 22:20;40.3;5.4;7.8;1.45;11016;0.00;234;43.1;2.5
232.61;32;45;C1-R1;12.01.2024;2;12.01.2024 18:45;30.4;4.1;7.7;1.15;10798;0.00;230;55.5;1.9
234.41;33;46;C2-R3;12.01.2024;2;12.01.2024 22:35;32.3;4.3;7.9;1.19;10536;0.00;224;52.6;2.0
236.21;34;47;C1-R1;13.01.2024;2;13.01.2024 00:09;33.7;4.4;7.8;1.16;9926;0.00;211;47.9;2.1
238.01;35;48;C2-R2b;13.01.2024;2;13.01.2024 02:25;41.3;6.2;7.4;0.98;8602;0.00;183;29.4;2.8
239.81;36;49;C1-R1;13.01.2024;2;13.01.2024 23:30;34.4;4.7;7.6;0.95;7467;0.00;159;33.7;2.1
241.61;37;50;C1-R1;14.01.2024;2;14.01.2024 01:15;32.6;4.5;7.6;0.94;9222;0.00;196;44.0;2.0
243.41;38;51;C1-R1;15.01.2024;3;15.01.2024 22:58;33.0;4.5;7.6;1.01;7965;0.00;169;38.1;2.0
245.21;39;52;C1-R1;16.01.2024;3;16.01.2024 02:17;30.4;5.2;6.0;1.01;7895;0.00;168;32.3;1.9
247.01;40;53;C2-R3;16.01.2024;3;16.01.2024 08:10;27.6;7.7;3.8;1.30;9040;0.00;192;24.9;1.8
248.81;41;54;C2-R3;16.01.2024;3;16.01.2024 14:47;31.5;8.9;3.7;1.43;8547;0.00;182;20.5;2.0
250.61;42;55;C2-R3;17.01.2024;3;17.01.2024 15:23;17.9;8.9;2.4;0.82;7045;0.00;150;16.8;1.3
252.41;43;56;C2-R3;17.01.2024;3;17.01.2024 22:12;20.0;8.4;2.6;1.35;9311;0.00;198;23.7;1.3
254.21;44;57;C2-R3;18.01.2024;3;18.01.2024 00:55;19.1;7.5;2.9;1.49;10243;0.00;218;29.1;1.3
256.01;45;58;C2-R3;18.01.2024;3;18.01.2024 04:38;17.9;7.9;2.6;1.48;10829;0.00;230;29.3;1.2
257.81;46;59;C2-R3;19.01.2024;3;19.01.2024 17:42;23.2;6.3;4.2;0.75;5749;0.00;122;19.6;1.6
259.61;47;60;C2-R3;31.01.2024;5;31.01.2024 21:51;31.1;4.1;8.1;0.99;8409;0.00;179;44.1;2.0
261.41;48;61;C2-R3;01.02.2024;5;01.02.2024 13:51;21.9;4.4;6.4;1.06;8676;0.00;185;41.7;1.7
263.21;49;62;C2-R3;;1;;;;;;;;;;
265.01;50;63;C2-R3;;1;;;;;;;;;;
266.81;51;64;C2-R3;;1;;;;;;;;;;
268.61;52;65;C2-R3;03.02.2024;5;03.02.2024 11:24;34.4;4.4;8.2;0.92;6714;0.00;143;32.3;2.2
270.41;53;66;C2-R3;03.02.2024;5;03.02.2024 13:50;35.2;4.5;8.2;0.90;7032;0.00;150;33.2;2.2
272.21;54;67;C2-R3;03.02.2024;5;03.02.2024 18:27;46.3;7.1;7.5;1.07;7213;0.00;153;21.8;3.2
274.01;55;68;C2-R3;05.02.2024;6;05.02.2024 15:36;40.9;6.7;6.5;1.11;5786;0.00;123;18.4;2.6
275.81;56;69;C2-R3;05.02.2024;6;05.02.2024 17:24;33.7;6.8;5.2;0.91;5916;0.00;126;18.5;2.1
277.61;57;70;C2-R3;05.02.2024;6;05.02.2024 19:45;32.1;7.4;4.8;1.00;6326;0.00;135;18.1;2.1
279.41;58;71;C2-R3;05.02.2024;6;05.02.2024 21:32;29.9;4.6;6.9;0.80;8398;0.00;179;38.7;1.9
281.21;59;72;C2-R3;07.02.2024;6;07.02.2024 01:42;23.0;5.6;4.2;0.93;7158;0.00;152;27.0;1.4
283.01;60;73;C2-R3;07.02.2024;6;07.02.2024 06:07;39.4;8.4;5.0;1.42;8217;0.00;175;20.9;2.5
284.81;61;74;C2-R3;07.02.2024;6;07.02.2024 08:55;41.1;8.8;4.9;1.35;8410;0.00;179;20.4;2.6
286.61;62;75;C2-R3;07.02.2024;6;07.02.2024 11:33;41.7;9.6;4.6;1.18;7275;0.00;155;16.2;2.7
288.41;63;76;C2-R3;08.02.2024;6;08.02.2024 10:38;43.4;10.3;4.5;1.05;6327;0.00;135;13.0;2.8
290.21;64;77;C2-R3;08.02.2024;6;08.02.2024 13:59;42.8;9.8;4.7;1.06;7041;0.00;150;15.3;2.7
292.01;65;78;C2-R3;10.02.2024;6;10.02.2024 02:19;23.1;5.2;4.8;0.58;6114;0.00;130;25.0;1.5
293.81;66;79;C2-R3;10.02.2024;6;10.02.2024 04:56;32.2;10.6;3.3;0.62;4607;0.00;98;9.3;2.1
295.61;67;80;C2-R3;10.02.2024;6;10.02.2024 13:17;34.0;20.6;1.9;0.88;6084;0.00;129;6.3;2.3
297.41;68;81;C2-R3;10.02.2024;6;10.02.2024 16:50;22.6;11.9;2.1;0.63;5005;0.00;106;8.9;1.5
299.21;69;82;C2-R3;12.02.2024;7;12.02.2024 15:02;22.3;12.0;2.0;0.59;4676;0.00;99;8.3;1.4
301.01;70;83;C2-R3;12.02.2024;7;12.02.2024 21:06;32.7;16.1;2.2;0.78;3057;0.00;65;4.0;2.1
302.81;71;84;C2-R3;;1;;;;;;;;;;
304.61;72;85;C2-R2b;13.02.2024;7;13.02.2024 13:15;22.7;13.8;1.8;0.56;2973;0.00;63;4.6;1.5
306.41;73;86;C2-R3;14.02.2024;7;14.02.2024 10:02;23.5;13.9;1.8;0.77;5424;0.00;115;8.3;1.5
308.21;74;87;C2-R3;14.02.2024;7;14.02.2024 13:29;26.1;11.8;2.5;0.96;5811;0.00;124;10.5;1.8
310.01;75;88;C2-R3;15.02.2024;7;15.02.2024 06:45;21.6;11.1;2.3;3.49;6982;0.00;149;13.4;1.5
311.81;76;89;C2-R3;;1;;;;;;;;;;
313.61;77;90;C2-R3;15.02.2024;7;15.02.2024 16:43;30.8;10.3;3.2;1.77;6722;0.00;143;13.9;2.0
315.41;78;91;C2-R3;15.02.2024;7;15.02.2024 21:10;37.7;11.8;3.5;1.08;6138;0.00;131;11.1;2.4
317.21;79;92;C2-R3;16.02.2024;7;16.02.2024 07:45;25.9;9.9;2.9;0.95;5984;0.00;127;12.9;1.7
319.01;80;93;C2-R3;16.02.2024;7;16.02.2024 10:20;30.4;12.8;2.6;1.16;6343;0.00;135;10.6;2.0
320.81;81;94;C2-R3;16.02.2024;7;16.02.2024 23:54;35.0;11.1;3.4;1.08;6272;0.00;133;12.0;2.3
322.61;82;95;C2-R3;17.02.2024;7;17.02.2024 01:55;41.6;13.0;3.5;1.26;6185;0.00;132;10.1;2.7
324.41;83;96;C2-R3;17.02.2024;7;17.02.2024 04:31;34.8;11.8;3.3;1.11;5481;0.00;117;9.9;2.3
326.21;84;97;C2-R3;19.02.2024;8;19.02.2024 14:49;34.5;11.0;3.4;1.11;6038;0.00;128;11.7;2.3
328.01;85;98;C2-R3;19.02.2024;8;19.02.2024 17:15;26.1;8.4;3.5;0.87;5933;0.00;126;15.1;1.7
329.81;86;99;C2-R3;19.02.2024;8;19.02.2024 21:09;32.5;9.5;3.7;1.10;7035;0.00;150;15.7;2.1
331.61;87;100;C2-R3;20.02.2024;8;20.02.2024 20:16;36.6;7.7;5.0;1.02;6486;0.00;138;18.0;2.3
333.41;88;101;C2-R3;20.02.2024;8;20.02.2024 20:51;42.1;9.4;5.0;0.99;5978;0.00;127;13.5;2.8
335.21;89;102;C2-R3;02.03.2024;9;02.03.2024 11:14;40.8;8.2;5.4;0.95;6411;0.00;136;16.7;2.6
337.01;90;103;C2-R3;02.03.2024;9;02.03.2024 16:16;49.8;9.4;5.6;1.20;6755;0.00;144;15.3;3.2
338.81;91;104;C2-R3;02.03.2024;9;02.03.2024 18:51;48.8;9.0;5.7;1.16;7091;0.00;151;16.7;3.1
340.61;92;105;C2-R3;02.03.2024;9;02.03.2024 20:14;56.0;10.9;5.5;1.26;7394;0.00;157;14.5;3.6
342.41;93;106;C2-R3;04.03.2024;10;04.03.2024 19:52;49.7;10.0;5.2;1.16;7421;0.00;158;15.8;3.1
344.21;94;107;C2-R3;04.03.2024;10;04.03.2024 21:57;51.3;10.5;5.2;1.07;6988;0.00;149;14.2;3.3
346.01;95;108;C2-R3;04.03.2024;10;04.03.2024 23:19;40.9;8.1;5.2;1.01;6485;0.00;138;17.0;2.5
347.81;96;109;C2-R3;04.03.2024;10;04.03.2024 23:25;57.2;11.6;5.2;1.18;7240;0.00;154;13.3;3.6
349.61;97;110;C2-R3;05.03.2024;10;05.03.2024 00:55;55.9;11.3;5.2;0.94;6175;0.00;131;11.6;3.5
351.41;98;111;C2-R3;05.03.2024;10;05.03.2024 20:23;44.4;9.2;5.1;0.85;5871;0.00;125;13.7;2.8
353.21;99;112;C2-R3;05.03.2024;10;05.03.2024 21:28;43.4;8.9;5.1;0.91;5747;0.00;122;13.7;2.7
355.01;100;113;C2-R3;05.03.2024;10;05.03.2024 22:45;45.0;9.3;5.1;0.87;4856;0.00;103;11.2;2.8
356.81;101;114;C2-R3;06.03.2024;10;06.03.2024 01:10;42.6;8.9;5.1;0.71;4810;0.00;102;11.5;2.7
358.61;102;115;C2-R3;06.03.2024;10;06.03.2024 04:35;43.1;9.1;5.1;0.67;3845;0.00;82;9.0;2.8
360.41;103;116;C2-R3;06.03.2024;10;06.03.2024 06:58;57.6;13.0;4.7;0.88;4184;0.00;89;6.8;3.7
362.21;104;117;C2-R3;06.03.2024;10;06.03.2024 08:40;75.3;19.8;4.0;1.29;5104;0.00;109;5.5;4.7
364.01;105;118;C2-R3;06.03.2024;10;06.03.2024 10:20;75.1;20.8;3.9;1.19;4627;0.00;98;4.7;4.8
365.81;106;119;C2-R3;06.03.2024;10;06.03.2024 11:58;75.1;20.6;3.8;1.25;4728;0.00;101;4.9;4.7
367.61;107;120;C2-R3;06.03.2024;10;06.03.2024 14:32;82.2;22.3;4.0;1.19;4623;0.00;98;4.4;5.3
369.41;108;121;C2-R3;06.03.2024;10;06.03.2024 15:32;69.2;28.7;2.7;1.71;5021;0.00;107;3.7;4.6
371.21;109;122;C2-R3;06.03.2024;10;06.03.2024 16:52;55.5;21.9;2.9;1.39;5224;0.00;111;5.1;3.8
373.01;110;123;C2-R3;06.03.2024;10;06.03.2024 19:37;51.5;13.7;4.0;0.87;5375;0.00;114;8.4;3.3
374.81;111;124;C2-R3;06.03.2024;10;06.03.2024 21:00;40.2;12.1;3.7;0.66;4662;0.00;99;8.2;2.7
376.61;112;125;C2-R3;07.03.2024;10;07.03.2024 05:40;63.6;12.4;5.2;1.06;6785;0.00;144;11.7;3.9
378.41;113;126;C2-R3;07.03.2024;10;07.03.2024 10:33;76.6;12.9;6.2;1.34;6041;0.00;129;10.0;4.8
380.21;114;127;C2-R3;07.03.2024;10;07.03.2024 16:35;70.5;14.0;5.4;1.12;5478;0.00;117;8.3;4.5
382.01;115;128;C2-R3;07.03.2024;10;07.03.2024 21:24;30.7;7.0;4.6;0.65;3757;0.00;80;11.4;1.9
383.81;116;129;C2-R3;07.03.2024;10;07.03.2024 21:29;47.0;14.2;3.5;0.98;4978;0.00;106;7.4;3.0
385.61;117;130;C2-R3;07.03.2024;10;07.03.2024 23:23;49.5;16.3;3.2;1.09;4800;0.00;102;6.3;3.2
387.41;118;131;C2-R3;08.03.2024;10;08.03.2024 00:52;48.5;15.4;3.3;1.11;5631;0.00;120;7.8;3.1
389.21;119;132;C2-R3;08.03.2024;10;08.03.2024 01:56;48.0;14.5;3.5;1.03;5133;0.00;109;7.5;3.0
391.01;120;133;C2-R3;08.03.2024;10;08.03.2024 03:34;51.7;15.6;3.5;1.05;4670;0.00;99;6.4;3.3
392.81;121;134;C2-R3;08.03.2024;10;08.03.2024 04:27;59.3;17.1;3.7;1.11;4480;0.00;95;5.6;3.8
394.61;122;135;C2-R3;08.03.2024;10;08.03.2024 08:42;74.8;16.4;4.8;1.16;5028;0.00;107;6.5;4.7
396.41;123;136;C2-R3;08.03.2024;10;08.03.2024 09:50;83.9;16.8;5.2;1.44;6253;0.00;133;7.9;5.2
398.21;124;137;C2-R2b;08.03.2024;10;08.03.2024 11:00;70.4;11.4;6.7;1.39;6281;0.00;134;11.7;4.6
400.01;125;138;C1-R1;08.03.2024;10;08.03.2024 21:12;0.0;0.0;6.0;0.31;673;0.00;14;;0.0
401.81;126;139;C1-R1;08.03.2024;10;08.03.2024 21:12;27.1;5.7;5.2;0.73;5050;0.00;107;18.8;1.8
403.61;127;140;C1-R1;09.03.2024;10;09.03.2024 00:36;28.3;5.7;5.3;0.75;5637;0.00;120;21.0;1.8
405.41;128;141;C1-R1;09.03.2024;10;09.03.2024 02:52;36.2;6.2;6.2;0.97;6971;0.00;148;23.9;2.3
407.21;129;142;C1-R1;09.03.2024;10;09.03.2024 04:23;48.7;6.9;7.6;1.10;7650;0.00;163;23.5;3.1
409.01;130;143;C1-R1;09.03.2024;10;09.03.2024 05:34;59.1;8.1;7.8;1.25;7496;0.00;159;19.6;3.8
410.81;131;144;C1-R1;09.03.2024;10;09.03.2024 07:08;82.2;10.5;8.2;1.65;7683;0.00;163;15.6;5.2
412.61;132;145;C2-R3;09.03.2024;10;09.03.2024 08:07;73.3;9.2;8.2;1.40;7358;0.00;157;17.0;4.6
414.41;133;146;C2-R3;09.03.2024;10;09.03.2024 09:59;82.4;11.1;7.9;1.52;7045;0.00;150;13.5;5.2
416.21;134;147;C2-R3;09.03.2024;10;09.03.2024 10:57;79.9;13.6;6.2;1.53;6832;0.00;145;10.7;5.1
418.01;135;148;C2-R3;09.03.2024;10;09.03.2024 15:42;72.8;11.3;6.8;1.53;6934;0.00;148;13.1;4.6
419.81;136;149;C1-R1;09.03.2024;10;09.03.2024 16:45;73.3;11.0;6.9;1.44;6590;0.00;140;12.8;4.5
421.61;137;150;C1-R1;09.03.2024;10;09.03.2024 19:30;51.0;8.1;6.6;1.00;5782;0.00;123;15.2;3.2
423.41;138;151;C1-R1;09.03.2024;10;09.03.2024 19:54;48.4;8.1;6.3;1.08;5900;0.00;126;15.6;3.0
425.21;139;152;C1-R1;09.03.2024;10;09.03.2024 20:45;54.4;8.2;7.0;1.20;6529;0.00;139;16.9;3.4
427.01;140;153;C1-R1;12.03.2024;11;12.03.2024 01:50;42.3;7.3;6.1;1.18;6809;0.00;145;20.0;2.7
428.81;141;154;C1-R1;12.03.2024;11;12.03.2024 06:51;63.0;8.5;7.8;1.38;7192;0.00;153;18.0;4.0
430.61;142;155;C1-R1;12.03.2024;11;12.03.2024 23:36;51.7;8.6;6.5;1.45;8840;0.00;188;21.8;3.4
432.41;143;156;C1-R1;13.03.2024;11;13.03.2024 01:00;47.1;7.6;6.6;1.44;10387;0.00;221;29.1;3.0
434.21;144;157;C2-R2b;13.03.2024;11;13.03.2024 02:25;44.2;7.1;6.7;1.43;10202;0.00;217;30.6;2.9
436.01;145;158;C1-R1;13.03.2024;11;13.03.2024 03:55;42.8;7.0;6.6;1.51;10734;0.00;228;32.5;2.8
437.81;146;159;C1-R1;13.03.2024;11;13.03.2024 08:10;46.3;6.4;7.9;1.23;9190;0.00;196;30.4;3.1
439.61;147;160;C1-R1;13.03.2024;11;13.03.2024 09:58;49.3;6.4;8.2;1.55;10888;0.00;232;36.5;3.1
441.41;148;161;C1-R1;13.03.2024;11;13.03.2024 10:57;38.5;5.0;8.2;1.21;10845;0.00;231;46.0;2.5
443.21;149;162;C1-R1;13.03.2024;11;13.03.2024 12:26;55.6;9.2;7.0;1.33;9215;0.00;196;21.3;3.8
445.01;150;163;C1-R1;14.03.2024;11;14.03.2024 23:58;46.8;7.6;6.6;1.46;8838;0.00;188;24.6;3.0
446.81;151;164;C2-R3;15.03.2024;11;15.03.2024 00:58;56.0;9.2;6.4;1.31;7697;0.00;164;17.8;3.6
448.61;152;165;C2-R3;15.03.2024;11;15.03.2024 10:03;55.8;7.1;8.2;1.14;6608;0.00;141;19.8;3.5
450.41;153;166;C2-R3;15.03.2024;11;15.03.2024 11:21;54.3;9.2;6.3;1.11;6060;0.00;129;14.1;3.5
452.21;154;167;C2-R3;15.03.2024;11;15.03.2024 12:27;53.2;9.9;5.7;1.17;6474;0.00;138;13.9;3.4
454.01;155;168;C1-R1;15.03.2024;11;15.03.2024 13:49;65.8;15.3;4.5;1.72;6448;0.00;137;9.0;4.1
455.81;156;169;C1-R1;15.03.2024;11;15.03.2024 14:52;51.3;10.1;6.0;1.17;6667;0.00;142;14.0;3.7
457.61;157;170;C1-R1;15.03.2024;11;15.03.2024 17:30;46.8;6.6;7.6;1.44;9867;0.00;210;31.8;3.0
459.41;158;171;C1-R1;15.03.2024;11;15.03.2024 21:40;43.5;6.8;6.8;1.53;10773;0.00;229;33.6;2.8
461.21;159;172;C1-R1;15.03.2024;11;15.03.2024 23:04;40.6;6.1;7.1;1.36;10481;0.00;223;36.7;2.6
463.01;160;173;C1-R1;16.03.2024;11;16.03.2024 00:48;34.5;6.3;5.9;0.92;7334;0.00;156;24.9;2.2
464.81;161;174;C2-R3;16.03.2024;11;16.03.2024 20:25;40.7;7.9;5.9;0.97;7097;0.00;151;19.1;2.8
466.61;162;175;C2-R3;18.03.2024;12;18.03.2024 08:22;56.3;8.2;7.3;1.24;7159;0.00;152;18.7;3.6
468.41;163;176;C2-R3;18.03.2024;12;18.03.2024 10:00;60.6;10.4;6.4;1.20;6088;0.00;130;12.5;4.0
470.21;164;177;C2-R3;18.03.2024;12;18.03.2024 11:07;63.1;11.0;6.1;1.12;5400;0.00;115;10.5;4.0
472.01;165;178;C2-R3;18.03.2024;12;18.03.2024 12:35;68.7;12.7;6.0;1.01;4944;0.00;105;8.3;4.5
473.81;166;179;C2-R3;18.03.2024;12;18.03.2024 13:44;64.0;11.4;5.9;0.93;5296;0.00;113;9.9;4.0
475.61;167;180;C2-R3;18.03.2024;12;18.03.2024 15:10;57.7;11.2;5.5;0.94;5560;0.00;118;10.6;3.7
477.41;168;181;C2-R3;18.03.2024;12;18.03.2024 16:09;55.1;10.0;5.9;0.99;6092;0.00;130;13.0;3.6
479.21;169;182;C2-R3;18.03.2024;12;18.03.2024 17:08;51.0;11.5;4.8;0.78;4629;0.00;98;8.6;3.3
481.01;170;183;C2-R3;20.03.2024;12;20.03.2024 07:08;59.2;11.8;5.3;1.17;5487;0.00;117;9.9;3.7
482.81;171;184;C2-R3;20.03.2024;12;20.03.2024 08:16;43.1;8.8;5.5;1.07;5786;0.00;123;14.0;2.9
484.61;172;185;C2-R3;20.03.2024;12;20.03.2024 20:17;53.7;9.6;5.9;1.09;5675;0.00;121;12.5;3.4
486.41;173;186;C2-R3;20.03.2024;12;20.03.2024 21:50;49.4;9.4;5.7;0.82;4464;0.00;95;10.1;3.2
488.21;174;187;C2-R3;22.03.2024;12;22.03.2024 05:47;38.5;9.5;4.5;0.92;5053;0.00;108;11.3;2.5
490.01;175;188;C2-R3;22.03.2024;12;22.03.2024 09:14;42.2;10.1;4.5;1.00;5199;0.00;111;10.9;2.7
491.81;176;189;C1-R1;22.03.2024;12;22.03.2024 18:25;44.9;10.5;4.6;0.90;4580;0.00;97;9.3;2.9
493.61;177;190;C1-R1;22.03.2024;12;22.03.2024 19:42;47.3;9.7;5.4;1.07;6543;0.00;139;14.3;3.1
495.41;178;191;C1-R1;22.03.2024;12;22.03.2024 20:58;45.4;6.9;7.0;1.07;7208;0.00;153;22.2;2.9
497.21;179;192;C1-R1;22.03.2024;12;22.03.2024 23:54;48.9;7.4;7.1;1.01;6257;0.00;133;18.0;3.1
499.01;180;193;C1-R1;23.03.2024;12;23.03.2024 01:27;49.7;7.5;7.0;1.08;6404;0.00;136;18.3;3.1
500.81;181;194;C1-R1;;1;;;;;;;;;;
502.61;182;195;C1-R1;23.03.2024;12;23.03.2024 06:31;0.0;0.0;5.1;0.28;545;0.00;12;;0.0
504.41;183;196;C1-R1;23.03.2024;12;23.03.2024 06:31;58.9;9.6;6.5;1.43;7098;0.00;151;15.7;3.7
506.21;184;197;C1-R1;25.03.2024;13;25.03.2024 21:19;50.3;8.0;6.8;1.18;6360;0.00;135;16.9;3.3
508.01;185;198;C1-R1;25.03.2024;13;25.03.2024 23:41;55.3;7.6;7.8;1.18;6600;0.00;140;18.4;3.5
509.81;186;199;C1-R1;26.03.2024;13;26.03.2024 08:04;49.7;8.6;6.0;1.25;6682;0.00;142;16.5;3.1
511.61;187;200;C1-R1;26.03.2024;13;26.03.2024 08:56;63.0;11.1;6.0;1.55;7408;0.00;158;14.2;4.0
513.41;188;201;C2-R3;26.03.2024;13;26.03.2024 10:12;49.8;8.5;6.1;1.37;7761;0.00;165;19.4;3.1
515.21;189;202;C2-R3;26.03.2024;13;26.03.2024 13:44;51.5;8.5;6.6;1.46;8209;0.00;175;20.5;3.4
517.01;190;203;C2-R3;26.03.2024;13;26.03.2024 15:26;50.6;8.2;6.6;1.41;8687;0.00;185;22.6;3.2
518.81;191;204;C2-R3;26.03.2024;13;26.03.2024 16:23;48.7;7.8;6.6;1.35;8376;0.00;178;22.9;3.1
520.61;192;205;C2-R3;26.03.2024;13;26.03.2024 17:21;51.7;8.4;6.6;1.33;8197;0.00;174;20.9;3.3
522.41;193;206;C2-R3;26.03.2024;13;26.03.2024 22:20;39.7;7.0;6.0;1.09;7263;0.00;155;22.2;2.5
524.21;194;207;C2-R3;27.03.2024;13;27.03.2024 18:03;52.2;7.6;7.4;1.16;7518;0.00;160;21.0;3.4
526.01;195;208;C1-R1;27.03.2024;13;27.03.2024 21:10;51.6;7.7;7.1;1.26;8141;0.00;173;22.6;3.3
527.81;196;209;C1-R1;02.04.2024;14;02.04.2024 08:38;38.4;6.8;5.9;1.14;6296;0.00;134;19.8;2.4
529.61;197;210;C1-R1;02.04.2024;14;02.04.2024 12:10;51.6;7.9;7.0;1.27;6265;0.00;133;16.9;3.3
531.41;198;211;C1-R1;02.04.2024;14;02.04.2024 14:15;64.2;9.8;7.1;1.25;6198;0.00;132;13.5;4.2
533.21;199;212;C1-R1;02.04.2024;14;02.04.2024 17:02;56.8;11.3;5.4;1.17;6006;0.00;128;11.3;3.7
535.01;200;213;C1-R1;04.04.2024;14;04.04.2024 20:49;27.9;7.2;4.0;0.96;5275;0.00;112;15.6;1.7
536.81;201;214;C1-R1;05.04.2024;14;05.04.2024 00:18;30.2;7.6;4.1;1.02;6196;0.00;132;17.4;1.9
538.61;202;215;C1-R1;05.04.2024;14;05.04.2024 18:07;32.4;8.3;4.2;1.05;6540;0.00;139;16.8;2.1
540.41;203;216;C1-R1;05.04.2024;14;05.04.2024 21:04;41.6;10.1;4.4;1.16;6725;0.00;143;14.2;2.6
542.21;204;217;C1-R1;05.04.2024;14;05.04.2024 23:00;43.8;10.5;4.4;1.12;7110;0.00;151;14.4;2.8
544.01;205;218;C1-R1;06.04.2024;14;06.04.2024 00:03;42.2;10.2;4.4;1.12;7730;0.00;164;16.2;2.7
545.81;206;219;C1-R1;06.04.2024;14;06.04.2024 01:26;39.6;11.1;4.1;1.13;7838;0.00;167;15.0;2.7
547.61;207;220;C1-R1;06.04.2024;14;06.04.2024 03:23;43.3;13.4;3.5;1.69;9245;0.00;197;14.7;2.8
549.41;208;221;C1-R1;06.04.2024;14;06.04.2024 05:20;41.7;12.9;3.5;1.67;9423;0.00;200;15.6;2.7
551.21;209;222;C1-R1;06.04.2024;14;06.04.2024 06:53;46.6;15.8;3.2;1.73;7938;0.00;169;10.7;3.0
553.01;210;223;C1-R1;08.04.2024;15;08.04.2024 10:19;42.6;9.8;4.5;0.93;7450;0.00;159;16.1;2.7
554.81;211;224;C1-R1;08.04.2024;15;08.04.2024 12:47;40.3;9.2;4.6;0.96;7542;0.00;160;17.5;2.5
556.61;212;225;C2-R3;08.04.2024;15;08.04.2024 14:27;39.7;9.2;4.5;1.05;7308;0.00;155;16.8;2.5
558.41;213;226;C2-R3;08.04.2024;15;08.04.2024 16:38;40.3;9.2;4.6;1.17;8254;0.00;176;19.2;2.5
560.21;214;227;C2-R3;09.04.2024;15;09.04.2024 07:02;42.2;12.9;3.6;1.37;7577;0.00;161;12.5;2.8
562.01;215;228;C2-R3;09.04.2024;15;09.04.2024 09:01;45.1;12.4;4.0;1.34;7326;0.00;156;12.6;3.0
563.81;216;229;C2-R3;09.04.2024;15;09.04.2024 16:00;47.4;12.0;4.1;1.29;6103;0.00;130;10.8;3.0
565.61;217;230;C2-R3;09.04.2024;15;09.04.2024 17:30;44.4;10.4;4.4;1.40;7686;0.00;164;15.7;2.8
567.41;218;231;C2-R3;09.04.2024;15;09.04.2024 18:56;49.6;9.8;5.2;1.60;8592;0.00;183;18.6;3.1
569.21;219;232;C2-R3;09.04.2024;15;09.04.2024 19:59;48.5;9.7;5.2;1.64;9314;0.00;198;20.5;3.0
571.01;220;233;C2-R3;09.04.2024;15;09.04.2024 21:33;50.4;8.3;6.2;1.45;8709;0.00;185;22.2;3.1
572.81;221;234;C2-R3;09.04.2024;15;09.04.2024 22:46;49.1;8.0;6.3;1.37;8643;0.00;184;23.0;3.0
574.61;222;235;C1-R1;10.04.2024;15;10.04.2024 00:03;52.7;8.5;6.3;1.44;8741;0.00;186;22.0;3.2
576.41;223;236;C1-R1;10.04.2024;15;10.04.2024 01:16;49.9;9.7;5.9;1.30;7705;0.00;164;16.9;3.4
578.21;224;237;C1-R1;10.04.2024;15;10.04.2024 23:10;46.6;7.9;6.2;1.36;7470;0.00;159;20.2;2.9
580.01;225;238;C1-R1;11.04.2024;15;11.04.2024 00:51;50.7;8.4;6.3;1.42;7859;0.00;167;20.0;3.1
581.81;226;239;C1-R1;11.04.2024;15;11.04.2024 06:32;48.6;11.1;4.6;1.81;8674;0.00;185;16.7;3.0
583.61;227;240;C1-R1;11.04.2024;15;11.04.2024 07:32;46.6;10.5;4.6;1.72;8741;0.00;186;17.6;2.9
585.41;228;241;C1-R1;11.04.2024;15;11.04.2024 09:10;46.1;9.7;5.0;1.73;9764;0.00;208;21.4;2.9
587.21;229;242;C1-R1;11.04.2024;15;11.04.2024 10:07;43.1;8.2;5.5;1.50;9732;0.00;207;25.2;2.7
589.01;230;243;C1-R1;11.04.2024;15;11.04.2024 11:50;46.0;8.8;5.5;1.58;9655;0.00;205;23.4;2.9
590.81;231;244;C1-R1;11.04.2024;15;11.04.2024 13:11;46.6;8.9;5.4;1.59;9549;0.00;203;22.7;2.9
592.61;232;245;C1-R1;11.04.2024;15;11.04.2024 14:31;45.1;8.6;5.5;1.62;10197;0.00;217;25.2;2.8
594.41;233;246;C1-R1;11.04.2024;15;11.04.2024 15:51;44.0;9.1;5.1;1.32;8218;0.00;175;19.1;2.8
596.21;234;247;C1-R1;12.04.2024;15;12.04.2024 12:38;46.7;8.8;5.5;1.69;8949;0.00;190;21.5;2.9
598.01;235;248;C1-R1;12.04.2024;15;12.04.2024 13:31;66.0;10.0;6.8;1.58;7228;0.00;154;15.4;4.1
599.81;236;249;C1-R1;12.04.2024;15;12.04.2024 21:04;56.2;8.9;6.6;1.67;8325;0.00;177;20.0;3.5
601.61;237;250;C1-R1;12.04.2024;15;12.04.2024 21:54;55.7;8.6;6.7;1.57;8548;0.00;182;21.1;3.5
603.41;238;251;C1-R1;12.04.2024;15;12.04.2024 23:11;62.0;9.2;7.0;1.55;8127;0.00;173;18.9;3.8
605.21;239;252;C1-R1;13.04.2024;15;13.04.2024 00:23;61.7;9.2;6.9;1.65;8851;0.00;188;20.5;3.8
607.01;240;253;C1-R1;13.04.2024;15;13.04.2024 03:04;56.5;8.4;6.9;1.49;8913;0.00;190;22.6;3.5
608.81;241;254;C1-R1;13.04.2024;15;13.04.2024 03:51;59.5;8.8;7.0;1.59;9235;0.00;196;22.3;3.7
610.61;242;255;C1-R1;13.04.2024;15;13.04.2024 04:47;59.3;8.8;6.9;1.57;9131;0.00;194;22.0;3.7
612.41;243;256;C1-R1;13.04.2024;15;13.04.2024 05:34;56.4;9.3;6.4;1.42;8065;0.00;172;18.5;3.6
614.21;244;257;C2-R3;13.04.2024;15;13.04.2024 18:30;52.4;7.9;6.9;1.42;8151;0.00;173;22.0;3.3
616.01;245;258;C2-R3;13.04.2024;15;13.04.2024 20:09;58.5;8.8;6.9;1.57;8876;0.00;189;21.6;3.6
617.81;246;259;C2-R3;15.04.2024;16;15.04.2024 13:37;62.2;9.3;6.9;1.65;8377;0.00;178;19.2;3.9
619.61;247;260;C2-R3;15.04.2024;16;15.04.2024 14:32;62.8;9.4;6.9;1.74;8255;0.00;176;18.7;3.9
621.41;248;261;C2-R3;15.04.2024;16;15.04.2024 15:47;57.6;8.7;6.9;1.66;9394;0.00;200;23.1;3.6
623.21;249;262;C2-R3;15.04.2024;16;15.04.2024 16:50;58.9;8.8;6.9;1.72;9784;0.00;208;23.6;3.7
625.01;250;263;C2-R3;15.04.2024;16;15.04.2024 19:11;45.9;6.5;7.3;1.23;8379;0.00;178;27.5;2.8
626.81;251;264;C2-R3;15.04.2024;16;15.04.2024 21:06;50.1;6.9;7.5;1.25;7778;0.00;165;24.0;3.1
628.61;252;265;C2-R3;15.04.2024;16;15.04.2024 22:33;60.0;8.0;7.7;1.24;6091;0.00;130;16.2;3.7
630.41;253;266;C2-R3;16.04.2024;16;16.04.2024 00:00;59.2;8.9;7.0;0.86;4439;0.00;94;10.6;3.7
632.21;254;267;C2-R3;16.04.2024;16;16.04.2024 21:44;61.8;12.4;5.3;1.20;4616;0.00;98;7.9;3.9
634.01;255;268;C2-R3;16.04.2024;16;16.04.2024 22:52;54.4;11.7;4.7;0.96;4443;0.00;95;8.1;3.3
635.81;256;269;C2-R3;17.04.2024;16;17.04.2024 06:07;67.1;14.9;4.8;1.62;5419;0.00;115;7.7;4.3
637.61;257;270;C2-R3;17.04.2024;16;17.04.2024 07:03;72.4;15.8;4.7;1.30;5032;0.00;107;6.8;4.5
639.41;258;271;C2-R3;17.04.2024;16;17.04.2024 08:12;54.8;15.7;3.7;1.62;5958;0.00;127;8.1;3.5
641.21;259;272;C2-R3;17.04.2024;16;17.04.2024 09:38;53.2;11.1;5.0;1.50;7997;0.00;170;15.4;3.3
643.01;260;273;C2-R3;17.04.2024;16;17.04.2024 10:33;54.7;10.1;5.7;1.39;7978;0.00;170;16.8;3.4
644.81;261;274;C2-R3;17.04.2024;16;17.04.2024 13:40;68.4;12.2;5.8;1.48;6484;0.00;138;11.3;4.2
646.61;262;275;C2-R3;17.04.2024;16;17.04.2024 14:23;64.9;11.8;5.7;1.51;7715;0.00;164;13.9;4.0
648.41;263;276;C2-R3;17.04.2024;16;17.04.2024 15:13;61.2;16.6;4.7;1.16;6118;0.00;130;7.9;4.7
650.21;264;277;C2-R3;18.04.2024;16;18.04.2024 13:00;30.9;9.5;3.6;1.04;5562;0.00;118;12.5;2.0
652.01;265;278;C2-R3;18.04.2024;16;18.04.2024 15:42;27.9;10.2;3.0;0.85;4779;0.00;102;10.0;1.8
653.81;266;279;C2-R3;19.04.2024;16;19.04.2024 02:33;28.4;7.4;4.2;0.88;4254;0.00;91;12.2;1.9
655.61;267;280;C2-R3;19.04.2024;16;19.04.2024 05:23;30.1;8.7;3.9;0.94;4837;0.00;103;11.8;2.0
657.41;268;281;C2-R3;19.04.2024;16;19.04.2024 07:30;26.6;8.5;3.4;0.87;5114;0.00;109;12.8;1.7
659.21;269;282;C2-R3;19.04.2024;16;19.04.2024 10:04;28.2;10.4;3.2;0.89;4344;0.00;92;8.9;2.0
661.01;270;283;C2-R3;19.04.2024;16;19.04.2024 15:29;42.3;10.4;4.2;1.18;5620;0.00;120;11.5;2.6
662.81;271;284;C1-R1;19.04.2024;16;19.04.2024 16:46;61.2;10.4;6.2;1.52;8306;0.00;177;17.0;3.9
664.61;272;285;C1-R1;19.04.2024;16;19.04.2024 18:02;44.0;6.1;7.4;1.14;8914;0.00;190;31.2;2.7
666.41;273;286;C1-R1;19.04.2024;16;19.04.2024 19:08;50.4;7.3;7.8;1.17;8727;0.00;186;25.4;3.4
668.21;274;287;C1-R1;20.04.2024;16;20.04.2024 16:04;67.7;11.2;6.4;1.42;7296;0.00;155;13.8;4.3
670.01;275;288;C1-R1;20.04.2024;16;20.04.2024 17:07;52.1;10.8;5.1;1.15;6328;0.00;135;12.5;3.3
671.81;276;289;C1-R1;20.04.2024;16;20.04.2024 21:30;52.6;7.5;7.3;1.33;8165;0.00;174;23.2;3.3
673.61;277;290;C1-R1;20.04.2024;16;20.04.2024 22:26;40.3;5.4;7.7;1.09;7314;0.00;156;29.0;2.5
675.41;278;291;C2-R2b;21.04.2024;16;21.04.2024 00:05;57.7;7.3;8.2;1.42;8995;0.00;191;26.3;3.6
677.21;279;292;C1-R1;21.04.2024;16;21.04.2024 00:55;51.2;6.5;8.2;1.28;8804;0.00;187;29.0;3.2
679.01;280;293;C1-R1;22.04.2024;17;22.04.2024 08:43;49.6;8.4;6.1;1.66;9455;0.00;201;24.1;3.1
680.81;281;294;C1-R1;22.04.2024;17;22.04.2024 10:04;51.0;8.2;6.4;1.62;9805;0.00;209;25.4;3.2
682.61;282;295;C1-R1;22.04.2024;17;22.04.2024 11:21;49.0;8.8;5.8;1.71;9890;0.00;210;24.0;3.0
684.41;283;296;C1-R1;22.04.2024;17;22.04.2024 12:15;50.4;9.2;5.7;1.70;10053;0.00;214;23.3;3.1
686.21;284;297;C1-R1;23.04.2024;17;23.04.2024 11:53;46.2;8.6;5.4;1.46;7367;0.00;157;18.2;2.8
688.01;285;298;C1-R1;23.04.2024;17;23.04.2024 13:25;50.9;9.2;5.7;1.27;6510;0.00;139;15.1;3.1
689.81;286;299;C1-R1;23.04.2024;17;23.04.2024 22:22;42.8;6.0;7.4;1.11;6850;0.00;146;24.2;2.7
691.61;287;300;C1-R1;23.04.2024;17;23.04.2024 23:43;49.4;6.5;7.9;1.28;7715;0.00;164;25.1;3.1
693.41;288;301;C1-R1;24.04.2024;17;24.04.2024 01:10;49.1;6.7;7.6;1.36;8771;0.00;187;27.8;3.0
695.21;289;302;C1-R1;24.04.2024;17;24.04.2024 02:57;46.9;6.3;7.8;1.26;8128;0.00;173;27.5;3.0
697.01;290;303;C1-R1;24.04.2024;17;24.04.2024 04:33;38.6;5.2;8.0;1.05;8148;0.00;173;33.5;2.5
698.81;291;304;C1-R1;24.04.2024;17;24.04.2024 05:43;43.8;5.7;8.2;1.09;7473;0.00;159;27.7;2.8
700.61;292;305;C1-R1;24.04.2024;17;24.04.2024 06:52;47.9;6.2;8.2;1.07;7031;0.00;150;24.3;3.0
702.41;293;306;C1-R1;24.04.2024;17;24.04.2024 07:45;46.9;6.7;7.8;0.94;7104;0.00;151;22.6;3.1
704.21;294;307;C1-R1;25.04.2024;17;25.04.2024 05:25;33.7;4.4;8.1;0.93;7249;0.00;154;35.2;2.1
706.01;295;308;C1-R1;25.04.2024;17;25.04.2024 06:35;40.8;5.7;7.8;0.87;7017;0.00;149;26.4;2.7
707.81;296;309;C1-R1;25.04.2024;17;25.04.2024 17:16;33.7;5.9;5.9;1.14;8584;0.00;183;31.0;2.1
709.61;297;310;C1-R1;25.04.2024;17;25.04.2024 19:10;34.6;5.8;6.3;1.14;8253;0.00;176;30.5;2.2
711.41;298;311;C1-R1;26.04.2024;17;26.04.2024 02:59;35.7;5.4;7.0;1.08;7920;0.00;169;31.1;2.3
713.21;299;312;C1-R1;26.04.2024;17;26.04.2024 04:10;36.5;5.4;7.1;1.04;7944;0.00;169;31.5;2.3
715.01;300;313;C1-R1;26.04.2024;17;26.04.2024 05:16;38.1;5.8;6.8;1.08;7871;0.00;167;28.7;2.4
716.81;301;314;C1-R1;26.04.2024;17;26.04.2024 06:20;32.5;6.5;5.3;1.04;7163;0.00;152;23.5;2.0
718.61;302;315;C1-R1;26.04.2024;17;26.04.2024 15:04;30.7;7.7;4.3;0.83;5604;0.00;119;15.6;2.0
720.41;303;316;C1-R1;26.04.2024;17;26.04.2024 16:30;33.9;8.5;4.3;0.94;6544;0.00;139;16.4;2.2
722.21;304;317;C1-R1;27.04.2024;17;27.04.2024 12:12;33.4;7.0;5.0;1.05;7449;0.00;158;22.6;2.1
724.01;305;318;C1-R1;27.04.2024;17;27.04.2024 13:17;35.6;7.9;4.9;0.97;7054;0.00;150;19.1;2.3
725.81;306;319;C1-R1;29.04.2024;18;29.04.2024 10:28;61.6;8.2;7.8;1.50;7582;0.00;161;19.8;3.8
727.61;307;320;C1-R1;29.04.2024;18;29.04.2024 11:12;57.4;7.3;8.2;1.42;8130;0.00;173;23.9;3.6
729.41;308;321;C1-R1;29.04.2024;18;29.04.2024 12:22;64.7;8.1;8.2;1.60;9054;0.00;193;23.8;4.0
731.21;309;322;C1-R1;29.04.2024;18;29.04.2024 13:15;51.2;6.4;8.2;1.27;8713;0.00;185;28.8;3.2
733.01;310;323;C1-R1;29.04.2024;18;29.04.2024 14:41;53.2;6.7;8.2;1.27;8315;0.00;177;26.4;3.3
734.81;311;324;C1-R1;29.04.2024;18;29.04.2024 15:41;53.2;6.7;8.2;1.19;7874;0.00;168;25.2;3.3
736.61;312;325;C1-R1;29.04.2024;18;29.04.2024 16:34;65.7;9.9;7.0;1.16;6107;0.00;130;13.1;4.2
738.41;313;326;C1-R1;29.04.2024;18;29.04.2024 17:25;48.5;9.3;5.8;1.13;6754;0.00;144;15.4;3.2
740.21;314;327;C1-R1;02.05.2024;18;02.05.2024 02:21;47.3;7.1;6.8;1.36;7755;0.26;165;23.2;2.9
742.01;315;328;C1-R1;02.05.2024;18;02.05.2024 03:22;51.3;8.2;6.8;1.46;8165;0.29;174;21.3;3.3
743.81;316;329;C1-R1;02.05.2024;18;02.05.2024 11:12;53.5;7.1;7.7;1.54;8970;0.29;191;26.9;3.3
745.61;317;330;C1-R1;02.05.2024;18;02.05.2024 12:04;55.4;7.0;8.2;1.46;9191;0.30;196;27.9;3.4
747.41;318;331;C1-R1;02.05.2024;18;02.05.2024 13:00;65.9;8.4;8.2;1.59;9249;0.30;197;23.6;4.1
749.21;319;332;C1-R1;02.05.2024;18;02.05.2024 13:41;65.4;9.0;7.8;1.65;8781;0.30;187;20.8;4.2
751.01;320;333;C1-R1;02.05.2024;18;02.05.2024 15:14;50.9;7.5;7.0;1.30;9002;0.29;192;25.6;3.2
752.81;321;334;C1-R1;02.05.2024;18;02.05.2024 16:04;53.1;7.6;7.2;1.30;8902;0.33;189;24.8;3.3
754.61;322;335;C1-R1;02.05.2024;18;02.05.2024 17:08;65.5;9.4;7.2;1.47;8330;0.37;177;18.8;4.1
756.41;323;336;C1-R1;02.05.2024;18;02.05.2024 18:40;51.5;8.8;6.6;1.15;7431;0.28;158;18.0;3.5
758.21;324;337;C1-R1;03.05.2024;18;03.05.2024 22:56;47.9;6.8;7.3;1.10;6977;0.24;148;21.8;3.0
760.01;325;338;C1-R1;03.05.2024;18;03.05.2024 23:55;45.5;7.7;6.6;1.18;7911;0.21;168;22.0;3.0
761.81;326;339;C1-R1;04.05.2024;18;04.05.2024 07:19;48.2;6.6;7.7;1.32;8265;0.27;176;26.6;3.1
763.61;327;340;C1-R1;04.05.2024;18;04.05.2024 08:24;48.5;6.3;8.1;1.30;8444;0.29;180;28.7;3.0
765.41;328;341;C1-R1;04.05.2024;18;04.05.2024 09:30;54.0;7.3;7.6;1.48;9555;0.34;203;27.7;3.3
767.21;329;342;C1-R1;04.05.2024;18;04.05.2024 10:23;55.0;7.5;7.7;1.48;9023;0.37;192;25.7;3.4
769.01;330;343;C1-R1;04.05.2024;18;04.05.2024 11:20;47.6;6.6;7.6;1.32;8723;0.28;186;28.2;3.0
770.81;331;344;C1-R1;04.05.2024;18;04.05.2024 12:44;47.1;7.6;7.3;1.23;8395;0.26;179;23.5;3.3
772.61;332;345;C1-R1;06.05.2024;19;06.05.2024 19:34;49.2;7.8;6.6;1.69;9131;0.20;194;25.0;3.1
774.41;333;346;C1-R1;06.05.2024;19;06.05.2024 21:18;58.7;12.6;6.2;1.76;9641;0.21;205;16.2;4.7
776.21;334;347;C1-R1;07.05.2024;19;07.05.2024 01:18;64.1;10.1;6.6;2.21;10236;0.24;218;21.6;4.0
778.01;335;348;C1-R1;07.05.2024;19;07.05.2024 04:11;53.3;8.5;6.5;1.83;9870;0.28;210;24.8;3.3
779.81;336;349;C1-R1;07.05.2024;19;07.05.2024 09:13;55.1;8.0;7.1;1.72;9570;0.42;204;25.5;3.4
781.61;337;350;C1-R1;07.05.2024;19;07.05.2024 11:10;62.9;11.5;5.8;2.51;10724;0.35;228;19.9;4.0
783.41;338;351;C1-R1;07.05.2024;19;07.05.2024 12:22;56.9;8.1;7.1;1.70;9919;0.00;211;26.0;3.5
785.21;339;352;C1-R1;07.05.2024;19;07.05.2024 13:10;54.8;7.9;7.1;1.57;9486;0.00;202;25.7;3.3
787.01;340;353;C1-R1;07.05.2024;19;07.05.2024 14:27;56.9;8.2;7.1;1.51;8235;0.00;175;21.5;3.5
788.81;341;354;C1-R1;07.05.2024;19;07.05.2024 15:30;57.6;9.1;6.9;1.59;8802;0.19;187;20.7;3.7
790.61;342;355;C1-R1;08.05.2024;19;08.05.2024 04:59;53.0;8.2;6.8;1.79;9114;0.26;194;23.6;3.3
792.41;343;356;C1-R1;08.05.2024;19;08.05.2024 06:54;58.4;9.3;6.9;1.79;8580;0.40;183;19.7;3.8
794.21;344;357;C1-R1;08.05.2024;19;08.05.2024 15:38;63.0;9.1;7.1;2.12;9704;0.33;206;22.7;3.9
796.01;345;358;C1-R1;08.05.2024;19;08.05.2024 16:21;60.6;9.1;6.9;2.11;9791;0.29;208;22.9;3.8
797.81;346;359;C1-R1;08.05.2024;19;08.05.2024 19:13;66.5;10.4;6.6;2.25;9866;0.24;210;20.2;4.1
799.61;347;360;C1-R1;08.05.2024;19;08.05.2024 20:01;59.3;9.5;6.5;1.94;9253;0.21;197;20.7;3.7
801.41;348;361;C1-R1;08.05.2024;19;08.05.2024 22:36;61.5;9.7;6.6;2.29;10678;0.26;227;23.4;3.8
803.21;349;362;C1-R1;08.05.2024;19;08.05.2024 23:28;58.7;9.3;6.6;2.17;11501;0.26;245;26.3;3.7
805.01;350;363;C1-R1;09.05.2024;19;09.05.2024 00:32;63.0;10.0;6.6;2.34;11605;0.27;247;24.8;3.9
806.81;351;364;C1-R1;09.05.2024;19;09.05.2024 01:19;37.5;6.5;6.1;1.15;8447;0.16;180;27.9;2.4
808.61;352;365;C1-R1;09.05.2024;19;09.05.2024 17:48;38.4;6.9;5.8;1.46;8634;0.17;184;26.5;2.4
810.41;353;366;C1-R1;09.05.2024;19;09.05.2024 18:52;29.9;6.6;4.8;1.38;8899;0.14;189;28.9;1.9
812.21;354;367;C1-R1;10.05.2024;19;10.05.2024 03:09;28.7;6.4;4.8;1.34;8166;0.11;174;27.2;1.8
814.01;355;368;C1-R1;10.05.2024;19;10.05.2024 04:40;28.0;5.5;5.4;1.17;6997;0.06;149;27.1;1.8
815.81;356;369;C2-R2b;10.05.2024;19;10.05.2024 06:31;30.2;5.9;5.3;1.35;6769;0.07;144;24.3;1.9
817.61;357;370;C1-R1;10.05.2024;19;10.05.2024 07:58;28.9;5.8;5.3;1.36;6192;0.05;132;22.8;1.8
819.41;358;371;C1-R1;10.05.2024;19;10.05.2024 09:36;29.2;5.8;5.3;1.34;6546;0.06;139;24.0;1.8
821.21;359;372;C1-R1;10.05.2024;19;10.05.2024 10:54;28.8;5.8;5.2;1.38;6132;0.07;130;22.7;1.8
823.01;360;373;C1-R1;10.05.2024;19;10.05.2024 12:16;28.6;5.7;5.2;1.41;5863;0.07;125;21.7;1.8
824.81;361;374;C1-R1;10.05.2024;19;10.05.2024 13:34;30.0;6.0;5.3;1.44;6454;0.10;137;22.8;1.9
826.61;362;375;C1-R1;13.05.2024;20;13.05.2024 12:56;41.6;7.2;6.0;1.96;9095;0.18;194;26.8;2.6
828.41;363;376;C1-R1;13.05.2024;20;13.05.2024 13:51;42.2;7.2;6.0;1.92;9184;0.19;195;27.0;2.6
830.21;364;377;C1-R1;13.05.2024;20;13.05.2024 18:46;50.6;7.5;7.0;1.73;9255;0.29;197;26.4;3.1
832.01;365;378;C1-R1;13.05.2024;20;13.05.2024 19:37;59.9;9.0;6.7;2.09;9355;0.30;199;22.0;3.6
833.81;366;379;C1-R1;13.05.2024;20;13.05.2024 22:01;69.3;9.7;7.4;2.34;10355;0.41;220;22.7;4.3
835.61;367;380;C1-R1;13.05.2024;20;13.05.2024 23:19;67.7;9.3;7.5;2.16;9897;0.43;211;22.7;4.2
837.41;368;381;C1-R1;14.05.2024;20;14.05.2024 00:27;70.0;9.3;7.8;2.13;9657;0.42;205;22.0;4.3
839.21;369;382;C1-R1;14.05.2024;20;14.05.2024 01:50;68.3;8.6;8.2;1.84;8669;0.41;184;21.4;4.2
841.01;370;383;C1-R1;14.05.2024;20;14.05.2024 03:40;51.4;6.5;8.1;1.28;7976;0.33;170;25.9;3.2
842.81;371;384;C1-R1;14.05.2024;20;14.05.2024 04:39;43.6;8.1;5.7;1.30;7979;0.19;170;20.9;2.7
844.61;372;385;C1-R1;15.05.2024;20;15.05.2024 07:06;55.4;9.0;6.3;1.83;8669;0.32;184;20.5;3.4
846.41;373;386;C1-R1;15.05.2024;20;15.05.2024 08:44;59.2;10.7;6.2;1.75;9317;0.33;198;18.6;4.0
848.21;374;387;C1-R1;15.05.2024;20;15.05.2024 14:10;67.4;10.7;6.5;2.11;10178;0.46;217;20.3;4.2
850.01;375;388;C1-R1;15.05.2024;20;15.05.2024 16:02;73.0;11.3;6.7;2.06;9784;0.48;208;18.5;4.5
851.81;376;389;C1-R1;15.05.2024;20;15.05.2024 17:12;89.7;13.9;6.7;2.42;9617;0.50;205;14.8;5.6
853.61;377;390;C1-R1;15.05.2024;20;15.05.2024 19:30;64.3;12.5;5.4;2.15;9768;0.46;208;16.6;4.1
855.41;378;391;C1-R1;15.05.2024;20;15.05.2024 20:51;67.6;13.5;5.2;2.36;10223;0.47;218;16.1;4.3
857.21;379;392;C1-R1;15.05.2024;20;15.05.2024 23:56;70.6;12.4;5.9;2.45;10637;0.59;226;18.3;4.3
859.01;380;393;C1-R1;16.05.2024;20;16.05.2024 01:25;66.6;10.5;6.6;2.43;11281;0.81;240;22.8;4.2
860.81;381;394;C1-R1;16.05.2024;20;16.05.2024 02:23;53.8;9.1;6.6;1.64;10172;0.66;216;23.7;3.6
862.61;382;395;C1-R1;16.05.2024;20;16.05.2024 23:34;58.2;9.5;6.0;2.30;11546;0.79;246;25.7;3.5
864.41;383;396;C1-R1;17.05.2024;20;17.05.2024 00:45;67.2;10.7;6.5;2.46;11831;0.86;252;23.6;4.2
866.21;384;397;C1-R1;17.05.2024;20;17.05.2024 05:31;50.8;8.9;5.9;2.13;11712;0.72;249;27.9;3.1
868.01;385;398;C1-R1;17.05.2024;20;17.05.2024 06:31;63.1;10.0;6.5;2.35;12476;0.78;265;26.4;3.9
869.81;386;399;C2-R2b;17.05.2024;20;17.05.2024 07:41;67.5;10.7;6.5;2.35;11940;0.75;254;23.7;4.2
871.61;387;400;C1-R1;17.05.2024;20;17.05.2024 08:31;69.9;10.5;7.0;2.24;12203;0.77;260;24.6;4.4
873.41;388;401;C1-R1;17.05.2024;20;17.05.2024 09:52;70.0;10.3;7.0;2.24;12090;0.79;257;25.0;4.3
875.21;389;402;C1-R1;17.05.2024;20;17.05.2024 10:37;75.1;11.0;7.1;2.18;11059;0.77;235;21.4;4.7
877.01;390;403;C1-R1;17.05.2024;20;17.05.2024 11:53;73.9;10.8;7.1;2.14;10679;0.73;227;21.0;4.6
878.81;391;404;C1-R1;17.05.2024;20;17.05.2024 12:33;65.6;10.3;6.5;1.52;8967;0.50;191;18.5;4.1
880.61;392;405;C1-R1;18.05.2024;20;18.05.2024 03:47;50.5;10.7;5.0;1.88;9157;0.00;195;18.2;3.2
882.41;393;406;C1-R1;18.05.2024;20;18.05.2024 04:54;64.1;12.8;5.2;2.09;10004;0.00;213;16.6;4.0
884.21;394;407;C1-R1;18.05.2024;20;18.05.2024 08:54;62.9;10.7;6.1;1.76;8257;0.00;176;16.5;3.9
886.01;395;408;C1-R1;18.05.2024;20;18.05.2024 23:11;61.0;10.3;6.0;1.49;6949;0.00;148;14.4;3.7
887.81;396;409;C1-R1;18.05.2024;20;18.05.2024 23:59;66.7;11.3;5.9;1.41;6277;0.00;134;11.8;4.0
889.61;397;410;C1-R1;19.05.2024;20;19.05.2024 00:35;67.7;13.3;5.5;1.65;7308;0.00;155;11.7;4.4
891.41;398;411;C1-R1;20.05.2024;21;20.05.2024 07:42;57.1;12.3;4.8;1.64;6872;0.00;146;11.9;3.6
893.21;399;412;C1-R1;20.05.2024;21;20.05.2024 08:32;63.1;12.1;5.4;1.62;6540;0.00;139;11.5;3.9
895.01;400;413;C1-R1;20.05.2024;21;20.05.2024 09:21;66.9;12.6;5.5;1.65;6727;0.00;143;11.4;4.1
896.81;401;414;C1-R1;20.05.2024;21;20.05.2024 10:12;59.3;11.3;5.4;1.58;6872;0.00;146;13.0;3.7
898.61;402;415;C1-R1;21.05.2024;21;21.05.2024 05:05;45.6;9.1;5.2;1.22;6642;0.00;141;15.5;2.9
900.41;403;416;C1-R1;21.05.2024;21;21.05.2024 06:24;66.7;12.8;5.4;1.99;7831;0.00;167;13.0;4.2
902.21;404;417;C1-R1;21.05.2024;21;21.05.2024 11:05;70.5;11.2;6.4;1.73;8034;0.00;171;15.3;4.3
904.01;405;418;C1-R1;21.05.2024;21;21.05.2024 12:03;72.6;11.9;6.3;1.83;8014;0.00;171;14.4;4.5
905.81;406;419;C1-R1;21.05.2024;21;21.05.2024 13:20;75.8;12.0;6.5;1.96;8932;0.00;190;15.8;4.7
907.61;407;420;C1-R1;21.05.2024;21;21.05.2024 13:57;68.9;10.9;6.5;1.83;8935;0.00;190;17.5;4.2
909.41;408;421;C1-R1;21.05.2024;21;21.05.2024 15:21;74.0;11.7;6.5;1.86;8342;0.00;177;15.2;4.5
911.21;409;422;C2-R3;21.05.2024;21;21.05.2024 16:02;78.2;12.0;6.7;1.72;7566;0.00;161;13.4;4.8
913.01;410;423;C2-R3;21.05.2024;21;21.05.2024 17:21;79.5;11.9;6.8;1.52;6810;0.00;145;12.1;4.9
914.81;411;424;C2-R3;21.05.2024;21;21.05.2024 18:01;65.8;12.5;5.6;0.97;4406;0.00;94;7.5;4.2
916.61;412;425;C2-R3;22.05.2024;21;22.05.2024 12:18;63.4;14.2;4.7;1.26;4615;0.00;98;6.9;4.0
918.41;413;426;C2-R3;22.05.2024;21;22.05.2024 15:00;67.1;12.9;5.3;1.32;5329;0.00;113;8.8;4.1
920.21;414;427;C2-R3;22.05.2024;21;22.05.2024 18:46;78.3;13.3;6.0;1.55;5787;0.00;123;9.3;4.8
922.01;415;428;C2-R3;22.05.2024;21;22.05.2024 19:42;80.2;11.9;6.9;1.46;6223;0.00;132;11.1;4.9
923.81;416;429;C2-R3;22.05.2024;21;22.05.2024 20:18;82.5;11.9;7.1;1.42;6638;0.00;141;11.8;5.1
925.61;417;430;C2-R3;22.05.2024;21;22.05.2024 21:18;84.7;12.9;6.8;1.35;6138;0.00;131;10.1;5.2
927.41;418;431;C2-R3;22.05.2024;21;22.05.2024 22:11;82.6;14.6;5.8;1.40;6112;0.00;130;8.9;5.1
929.21;419;432;C2-R3;22.05.2024;21;22.05.2024 23:05;84.3;15.9;5.5;1.59;6786;0.00;144;9.1;5.2
931.01;420;433;C2-R3;23.05.2024;21;23.05.2024 00:10;89.3;16.3;5.7;1.47;6191;0.00;132;8.1;5.5
932.81;421;434;C2-R3;23.05.2024;21;23.05.2024 01:22;73.0;14.9;5.1;1.20;5808;0.00;124;8.3;4.6
934.61;422;435;C2-R3;23.05.2024;21;23.05.2024 21:10;69.5;11.6;6.2;1.46;6713;0.00;143;12.3;4.3
936.41;423;436;C2-R3;23.05.2024;21;23.05.2024 22:01;81.0;12.7;6.6;1.55;6472;0.00;138;10.8;5.0
938.21;424;437;C2-R3;23.05.2024;21;23.05.2024 22:50;77.6;12.2;6.7;1.53;7073;0.00;150;12.4;4.9
940.01;425;438;C2-R3;23.05.2024;21;23.05.2024 23:33;90.3;11.7;7.9;1.58;7285;0.00;155;13.2;5.6
941.81;426;439;C2-R3;24.05.2024;21;24.05.2024 00:31;87.8;11.0;8.2;1.43;6948;0.00;148;13.5;5.4
943.61;427;440;C1-R1;24.05.2024;21;24.05.2024 01:13;82.2;10.4;8.2;1.46;6960;0.00;148;14.2;5.1
945.41;428;441;C1-R1;24.05.2024;21;24.05.2024 02:00;79.9;10.0;8.2;1.56;7415;0.00;158;15.8;4.9
947.21;429;442;C1-R1;24.05.2024;21;24.05.2024 02:39;80.4;10.1;8.2;1.49;7206;0.00;153;15.2;5.0
949.01;430;443;C1-R1;24.05.2024;21;24.05.2024 03:43;77.6;10.3;7.7;1.49;6931;0.00;147;14.3;4.8
950.81;431;444;C1-R1;24.05.2024;21;24.05.2024 06:46;69.8;12.0;6.1;1.40;6460;0.00;137;11.5;4.4
952.61;432;445;C2-R3;24.05.2024;21;24.05.2024 20:11;77.4;10.4;7.7;1.62;7305;0.00;155;15.0;4.8
954.41;433;446;C2-R3;24.05.2024;21;24.05.2024 20:51;82.8;10.4;8.2;1.60;7520;0.00;160;15.4;5.1
956.21;434;447;C2-R3;24.05.2024;21;24.05.2024 21:34;89.1;11.1;8.2;1.40;6937;0.00;148;13.3;5.5
958.01;435;448;C2-R3;24.05.2024;21;24.05.2024 22:08;100.9;12.6;8.2;1.38;6277;0.00;134;10.6;6.2
959.81;436;449;C2-R3;24.05.2024;21;24.05.2024 22:56;89.5;11.3;8.2;1.25;5908;0.00;126;11.2;5.5
961.61;437;450;C2-R3;25.05.2024;21;25.05.2024 00:02;84.1;12.1;7.2;1.38;6393;0.00;136;11.3;5.2
963.41;438;451;C2-R3;25.05.2024;21;25.05.2024 00:54;91.0;13.4;7.0;1.57;6799;0.00;145;10.8;5.6
965.21;439;452;C2-R3;25.05.2024;21;25.05.2024 01:28;79.5;11.1;7.4;1.42;6814;0.00;145;13.1;4.9
967.01;440;453;C2-R3;25.05.2024;21;25.05.2024 02:13;88.7;11.5;7.9;1.64;7492;0.00;159;13.8;5.5
968.81;441;454;C1-R1;25.05.2024;21;25.05.2024 02:50;84.6;12.0;7.3;1.45;6259;0.00;133;11.1;5.2
970.61;442;455;C1-R1;25.05.2024;21;25.05.2024 20:23;63.0;9.3;7.1;1.42;6138;0.00;131;14.0;4.0
972.41;443;456;C1-R1;25.05.2024;21;25.05.2024 22:23;83.7;10.8;8.0;1.78;7032;0.00;150;13.9;5.2
974.21;444;457;C1-R1;25.05.2024;21;25.05.2024 23:00;52.2;7.7;7.0;1.18;7218;0.00;154;19.8;3.2
976.01;445;458;C1-R1;27.05.2024;22;27.05.2024 08:04;78.7;10.0;8.1;1.83;7764;0.00;165;16.5;4.9
977.81;446;459;C1-R1;27.05.2024;22;27.05.2024 09:01;84.8;10.7;8.2;1.99;7620;0.00;162;15.2;5.3
979.61;447;460;C1-R1;27.05.2024;22;27.05.2024 09:44;74.1;9.4;8.2;1.74;8516;0.00;181;19.4;4.6
981.41;448;461;C1-R1;27.05.2024;22;27.05.2024 10:22;80.1;10.1;8.2;1.84;8472;0.00;180;17.9;5.0
983.21;449;462;C1-R1;27.05.2024;22;27.05.2024 11:00;74.0;9.3;8.2;1.80;8826;0.00;188;20.2;4.6
985.01;450;463;C1-R1;27.05.2024;22;27.05.2024 11:49;73.3;9.2;8.2;1.76;8741;0.00;186;20.2;4.5
986.81;451;464;C1-R1;27.05.2024;22;27.05.2024 12:35;46.7;6.5;7.3;1.03;5377;0.00;114;17.5;2.9
988.61;452;465;C1-R1;28.05.2024;22;28.05.2024 08:29;72.4;9.7;7.7;2.03;6813;0.00;145;14.9;4.5
990.41;453;466;C1-R1;28.05.2024;22;28.05.2024 09:23;73.6;10.4;7.4;2.04;7041;0.00;150;14.4;4.6
992.21;454;467;C2-R3;28.05.2024;22;28.05.2024 10:19;73.4;10.3;7.3;1.90;7658;0.00;163;15.8;4.5
994.01;455;468;C2-R3;28.05.2024;22;28.05.2024 11:03;77.8;10.5;7.6;1.98;7934;0.00;169;16.2;4.8
995.81;456;469;C2-R3;28.05.2024;22;28.05.2024 12:50;82.2;10.5;8.0;1.86;7308;0.00;155;14.9;5.0
997.61;457;470;C2-R3;28.05.2024;22;28.05.2024 13:31;86.1;10.9;8.2;1.97;7343;0.00;156;14.4;5.3
999.41;458;471;C2-R3;28.05.2024;22;28.05.2024 14:49;90.1;11.2;8.2;2.15;7453;0.00;159;14.2;5.5
1001.21;459;472;C2-R3;28.05.2024;22;28.05.2024 15:36;90.6;11.2;8.2;2.12;7250;0.00;154;13.7;5.5
1003.01;460;473;C2-R3;28.05.2024;22;28.05.2024 16:24;82.1;12.0;7.0;1.85;6809;0.00;145;12.0;5.1
1004.81;461;474;C1-R1;28.05.2024;22;28.05.2024 17:08;79.6;13.2;6.4;1.57;5970;0.00;127;9.6;5.1
1006.61;462;475;C1-R1;29.05.2024;22;29.05.2024 21:24;75.0;11.2;6.9;1.53;6936;0.00;148;13.2;4.6
1008.41;463;476;C1-R1;29.05.2024;22;29.05.2024 22:23;76.4;11.2;6.9;1.89;8693;0.00;185;16.5;4.7
1010.21;464;477;C2-R2b;29.05.2024;22;29.05.2024 23:22;74.1;10.8;7.0;1.97;9433;0.00;201;18.5;4.6
1012.01;465;478;C1-R1;30.05.2024;22;30.05.2024 00:30;70.5;9.8;7.5;1.33;8333;0.00;177;18.1;4.4
1013.81;466;479;C1-R1;31.05.2024;22;31.05.2024 07:35;59.8;7.9;7.8;1.27;7802;0.00;166;20.9;3.7
1015.61;467;480;C1-R1;31.05.2024;22;31.05.2024 08:55;75.2;9.5;8.2;1.38;8197;0.00;174;18.4;4.7
1017.41;468;481;C1-R1;31.05.2024;22;31.05.2024 09:34;75.7;9.6;8.2;1.36;7958;0.00;169;17.6;4.7
1019.21;469;482;C1-R1;31.05.2024;22;31.05.2024 10:14;81.7;10.5;8.2;1.52;8808;0.00;187;17.9;5.2
1021.01;470;483;C2-R3;31.05.2024;22;31.05.2024 10:57;72.3;10.4;7.5;1.14;6435;0.00;137;13.2;4.7
1022.81;471;484;C2-R3;31.05.2024;22;31.05.2024 11:46;101.5;16.3;6.5;1.27;5746;0.00;122;7.5;6.3
1024.61;472;485;C2-R3;31.05.2024;22;31.05.2024 12:23;71.8;11.7;6.6;0.84;4731;0.00;101;8.6;4.6
1026.41;473;486;C2-R3;31.05.2024;22;31.05.2024 13:55;78.6;20.3;4.1;1.32;5073;0.00;108;5.3;5.0
1028.21;474;487;C2-R3;31.05.2024;22;31.05.2024 15:42;63.3;15.4;4.3;0.86;5099;0.00;108;7.1;3.9
1030.01;475;488;C2-R3;01.06.2024;22;01.06.2024 13:31;58.0;21.9;3.0;1.78;5452;0.00;116;5.3;4.0
1031.81;476;489;C2-R3;01.06.2024;22;01.06.2024 20:59;31.3;18.2;2.1;1.32;4755;0.00;101;5.5;2.2
1033.61;477;490;C2-R3;01.06.2024;22;01.06.2024 21:00;48.1;25.7;2.1;2.46;7301;0.00;155;6.0;3.2
1035.41;478;491;C2-R3;01.06.2024;22;01.06.2024 23:34;44.8;22.6;2.1;2.50;8705;0.00;185;8.2;2.9
1037.21;479;492;C2-R3;02.06.2024;22;02.06.2024 13:46;42.8;16.2;3.0;1.94;8348;0.00;178;11.0;2.9
1039.01;480;493;C2-R3;04.06.2024;23;04.06.2024 01:24;51.0;14.2;3.9;1.58;7444;0.00;158;11.1;3.3
1040.81;481;494;C2-R3;04.06.2024;23;04.06.2024 16:37;55.1;16.8;3.4;2.43;8716;0.00;185;11.0;3.5
1042.61;482;495;C2-R3;04.06.2024;23;04.06.2024 18:43;0.0;0.0;5.4;0.31;1088;0.00;23;;0.0
1044.41;483;496;C1-R1;04.06.2024;23;04.06.2024 18:43;78.8;14.0;5.9;2.44;9169;0.00;195;13.9;4.9
1046.21;484;497;C1-R1;04.06.2024;23;04.06.2024 20:02;80.8;13.8;6.1;2.69;10139;0.00;216;15.7;5.0
1048.01;485;498;C1-R1;04.06.2024;23;04.06.2024 21:41;76.8;12.9;6.2;2.55;10136;0.00;216;16.7;4.8
1049.81;486;499;C1-R1;04.06.2024;23;04.06.2024 23:40;77.0;13.0;6.1;2.53;10370;0.00;221;16.9;4.7
1051.61;487;500;C1-R1;05.06.2024;23;05.06.2024 00:51;72.0;12.3;6.0;2.44;9797;0.00;208;17.0;4.4
1053.41;488;501;C1-R1;05.06.2024;23;05.06.2024 10:34;74.8;12.1;6.3;2.39;9073;0.00;193;15.9;4.6
1055.21;489;502;C1-R1;05.06.2024;23;05.06.2024 13:54;76.3;12.1;6.5;2.35;8925;0.00;190;15.7;4.7
1057.01;490;503;C1-R1;05.06.2024;23;05.06.2024 14:29;77.3;12.2;6.6;2.25;8817;0.00;188;15.4;4.8
1058.81;491;504;C1-R1;05.06.2024;23;05.06.2024 15:05;76.9;16.3;5.7;1.94;7580;0.00;161;9.9;5.5
1060.61;492;505;C1-R1;06.06.2024;23;06.06.2024 03:48;72.8;11.8;6.4;2.07;7308;0.00;155;13.2;4.5
1062.41;493;506;C1-R1;06.06.2024;23;06.06.2024 04:47;83.0;12.8;6.7;2.45;8826;0.00;188;14.6;5.2
1064.21;494;507;C1-R1;06.06.2024;23;06.06.2024 05:31;83.7;12.4;7.0;2.51;9617;0.00;205;16.6;5.2
1066.01;495;508;C1-R1;06.06.2024;23;06.06.2024 06:15;60.7;9.2;6.7;1.80;13476;0.00;287;31.0;3.7
1067.81;496;509;C1-R1;;1;;;;;;;;;;
1069.61;497;510;C1-R1;06.06.2024;23;06.06.2024 08:22;77.3;12.0;6.7;2.63;10190;0.00;217;18.1;4.8
1071.41;498;511;C1-R1;06.06.2024;23;06.06.2024 08:57;79.4;12.2;6.7;2.63;10668;0.00;227;18.6;4.9
1073.21;499;512;C1-R1;06.06.2024;23;06.06.2024 10:11;70.0;15.1;4.8;3.44;11850;0.00;252;16.7;4.3
1075.01;500;513;C1-R1;06.06.2024;23;06.06.2024 10:48;79.3;14.6;5.6;3.21;10508;0.00;224;15.3;4.9
1076.81;501;514;C1-R1;06.06.2024;23;06.06.2024 11:26;67.5;13.2;5.3;2.19;8904;0.00;189;14.4;4.2
1078.61;502;515;C1-R1;07.06.2024;23;07.06.2024 02:38;76.9;11.3;7.0;2.48;10411;0.00;222;19.7;4.7
1080.41;503;516;C1-R1;07.06.2024;23;07.06.2024 03:17;70.9;10.7;6.9;2.34;10149;0.00;216;20.1;4.4
1082.21;504;517;C1-R1;07.06.2024;23;07.06.2024 04:10;76.8;11.5;6.9;2.48;11061;0.00;235;20.5;4.8
1084.01;505;518;C1-R1;07.06.2024;23;07.06.2024 04:46;75.2;11.3;6.9;2.43;10857;0.00;231;20.5;4.7
1085.81;506;519;C1-R1;07.06.2024;23;07.06.2024 05:27;74.2;12.2;6.3;2.75;10945;0.00;233;19.0;4.6
1087.61;507;520;C1-R1;07.06.2024;23;07.06.2024 06:54;79.8;12.1;6.8;2.56;10546;0.00;224;18.5;4.9
1089.41;508;521;C1-R1;07.06.2024;23;07.06.2024 07:29;81.5;12.2;6.9;2.41;9954;0.00;212;17.4;5.1
1091.21;509;522;C1-R1;07.06.2024;23;07.06.2024 08:36;69.5;10.4;6.9;2.05;8794;0.00;187;18.0;4.3
1093.01;510;523;C1-R1;07.06.2024;23;07.06.2024 11:17;74.7;11.2;6.9;2.34;9697;0.00;206;18.5;4.6
1094.81;511;524;C1-R1;07.06.2024;23;07.06.2024 12:11;70.0;13.7;5.8;1.99;8446;0.00;180;13.1;4.8
1096.61;512;525;C1-R1;08.06.2024;23;08.06.2024 08:32;59.5;8.9;7.0;1.86;7970;0.00;170;19.2;3.7
1098.41;513;526;C1-R1;08.06.2024;23;08.06.2024 09:19;76.2;11.2;6.9;2.26;9445;0.00;201;17.9;4.7
1100.21;514;527;C1-R1;08.06.2024;23;08.06.2024 09:53;76.7;11.5;6.8;2.07;8218;0.00;175;15.3;4.7
1102.01;515;528;C2-R3;08.06.2024;23;08.06.2024 11:01;76.5;11.5;6.8;2.07;8433;0.00;179;15.6;4.7
1103.81;516;529;C2-R3;08.06.2024;23;08.06.2024 11:37;76.4;12.6;6.2;1.88;7435;0.00;158;12.5;4.7
1105.61;517;530;C2-R3;08.06.2024;23;08.06.2024 12:19;77.0;14.9;5.4;2.16;7364;0.00;157;10.5;4.8
1107.41;518;531;C2-R3;08.06.2024;23;08.06.2024 13:09;75.0;17.6;4.3;2.58;7041;0.00;150;8.5;4.6
1109.21;519;532;C1-R1;08.06.2024;23;08.06.2024 13:49;74.2;15.9;4.8;2.43;7890;0.00;168;10.6;4.6
1111.01;520;533;C1-R1;08.06.2024;23;08.06.2024 14:24;69.4;12.5;5.8;2.17;8402;0.00;179;14.3;4.4
1112.81;521;534;C1-R1;08.06.2024;23;08.06.2024 15:25;67.7;14.0;6.4;1.83;8153;0.00;173;12.4;5.4
1114.61;522;535;C1-R1;10.06.2024;24;10.06.2024 21:35;57.0;10.0;5.9;2.16;9816;0.00;209;20.8;3.5
1116.41;523;536;C1-R1;10.06.2024;24;10.06.2024 22:40;65.6;10.5;6.5;2.30;10205;0.00;217;20.7;4.1
1118.21;524;537;C1-R1;10.06.2024;24;10.06.2024 23:32;58.7;8.6;7.0;1.86;9721;0.00;207;24.0;3.6
1120.01;525;538;C1-R1;11.06.2024;24;11.06.2024 00:56;59.0;8.7;7.1;1.73;8812;0.00;187;21.7;3.7
1121.81;526;539;C2-R2b;11.06.2024;24;11.06.2024 02:58;60.8;10.3;6.1;1.96;8811;0.00;187;18.2;3.8
1123.61;527;540;C1-R1;11.06.2024;24;11.06.2024 03:42;65.5;10.9;6.2;1.96;8081;0.00;172;15.8;4.1
1125.41;528;541;C1-R1;11.06.2024;24;11.06.2024 04:29;69.0;11.4;6.2;2.10;7708;0.00;164;14.4;4.3
1127.21;529;542;C1-R1;11.06.2024;24;11.06.2024 05:10;63.9;10.6;6.3;1.96;7741;0.00;165;15.5;4.0
1129.01;530;543;C1-R1;11.06.2024;24;11.06.2024 06:46;76.4;11.3;7.0;2.44;8172;0.00;174;15.4;4.7
1130.81;531;544;C1-R1;11.06.2024;24;11.06.2024 07:30;64.4;10.9;6.3;1.72;7167;0.00;152;14.0;4.1
1132.61;532;545;C1-R1;12.06.2024;24;12.06.2024 01:21;60.5;11.0;5.5;2.44;8733;0.00;186;16.8;3.7
1134.41;533;546;C2-R2;12.06.2024;24;12.06.2024 02:31;74.3;11.9;6.4;2.69;9958;0.00;212;17.8;4.6
1136.21;534;547;C2-R2;12.06.2024;24;12.06.2024 03:20;74.7;12.0;6.4;2.73;10663;0.00;227;18.8;4.6
1138.01;535;548;C2-R2;12.06.2024;24;12.06.2024 04:01;72.0;11.6;6.4;2.56;11106;0.00;236;20.4;4.4
1139.81;536;549;C2-R2;12.06.2024;24;12.06.2024 05:06;82.9;12.9;6.7;2.74;10853;0.00;231;17.9;5.2
1141.61;537;550;C2-R2;12.06.2024;24;12.06.2024 06:19;84.7;12.4;7.0;2.55;10355;0.00;220;17.7;5.2
1143.41;538;551;C2-R2;12.06.2024;24;12.06.2024 07:01;80.8;11.9;7.0;2.57;10978;0.00;234;19.7;5.0
1145.21;539;552;C2-R2;12.06.2024;24;12.06.2024 07:53;75.5;11.1;7.0;2.49;11294;0.00;240;21.7;4.7
1147.01;540;553;C2-R2;12.06.2024;24;12.06.2024 08:49;76.4;11.2;7.0;2.57;11241;0.00;239;21.4;4.7
1148.81;541;554;C2-R2;12.06.2024;24;12.06.2024 09:29;56.6;9.4;6.1;1.84;8824;0.00;188;20.1;3.4
1150.61;542;555;C2-R2;13.06.2024;24;13.06.2024 03:44;75.4;11.6;6.6;2.44;11168;0.00;238;20.4;4.6
1152.41;543;556;C2-R2;13.06.2024;24;13.06.2024 04:28;81.9;11.2;7.5;2.35;10756;0.00;229;20.5;5.0
1154.21;544;557;C2-R2;13.06.2024;24;13.06.2024 05:05;79.4;10.4;7.6;2.05;9377;0.00;200;19.1;4.8
1156.01;545;558;C2-R2;;1;;;;;;;;;;
1157.81;546;559;C2-R2;13.06.2024;24;13.06.2024 06:40;84.9;12.3;7.0;2.11;8799;0.00;187;15.2;5.2
1159.61;547;560;C2-R2;13.06.2024;24;13.06.2024 07:15;84.6;12.4;7.0;2.04;8420;0.00;179;14.5;5.2
1161.41;548;561;C2-R2;13.06.2024;24;13.06.2024 08:19;86.5;12.7;7.0;2.08;8559;0.00;182;14.4;5.3
1163.21;549;562;C2-R2;13.06.2024;24;13.06.2024 08:52;72.7;10.7;7.1;1.77;7215;0.00;154;14.4;4.5
1165.01;550;563;C2-R2;13.06.2024;24;13.06.2024 09:38;81.8;12.0;7.1;2.11;9142;0.00;195;16.2;5.1
1166.81;551;564;C2-R2;13.06.2024;24;13.06.2024 10:12;66.7;10.8;6.3;1.54;7155;0.00;152;14.1;4.1
1168.61;552;565;C2-R2;14.06.2024;24;14.06.2024 00:09;70.2;11.2;6.3;1.94;7962;0.00;169;15.2;4.2
1170.41;553;566;C2-R2;14.06.2024;24;14.06.2024 00:50;72.8;11.7;6.4;1.82;7273;0.00;155;13.2;4.5
1172.21;554;567;C2-R2;14.06.2024;24;14.06.2024 01:31;73.4;12.6;6.0;1.97;8273;0.00;176;14.0;4.5
1174.01;555;568;C2-R3;14.06.2024;24;14.06.2024 02:53;69.1;11.3;6.3;1.80;9230;0.00;196;17.4;4.3
1175.81;556;569;C2-R3;14.06.2024;24;14.06.2024 03:33;71.2;11.5;6.3;1.58;7799;0.00;166;14.4;4.3
1177.61;557;570;C2-R3;14.06.2024;24;14.06.2024 04:22;74.2;12.4;6.2;1.60;6800;0.00;145;11.6;4.6
1179.41;558;571;C2-R3;14.06.2024;24;14.06.2024 04:59;73.5;16.9;4.6;2.31;7898;0.00;168;9.9;4.6
1181.21;559;572;C2-R3;14.06.2024;24;14.06.2024 05:36;63.5;14.0;4.7;2.06;7752;0.00;165;11.8;3.9
1183.01;560;573;C2-R3;14.06.2024;24;14.06.2024 06:41;81.0;13.4;6.1;2.44;9423;0.00;200;14.9;4.9
1184.81;561;574;C2-R2;14.06.2024;24;14.06.2024 23:25;44.8;7.6;6.3;0.72;4188;0.00;89;11.8;2.8
1186.61;562;575;C2-R2;15.06.2024;24;15.06.2024 00:00;78.3;11.6;6.9;2.38;9194;0.00;196;16.9;4.8
1188.41;563;576;C2-R2;15.06.2024;24;15.06.2024 00:44;77.2;11.1;7.1;2.26;9057;0.00;193;17.4;4.7
1190.21;564;577;C2-R2;15.06.2024;24;15.06.2024 01:20;80.7;11.5;7.2;2.21;8953;0.00;190;16.5;4.9
1192.01;565;578;C2-R2;15.06.2024;24;15.06.2024 02:17;75.3;11.0;7.0;1.97;8315;0.00;177;16.0;4.6
1193.81;566;579;C2-R2;15.06.2024;24;15.06.2024 02:53;76.8;16.3;5.0;2.71;9547;0.00;203;12.5;4.9
1195.61;567;580;C2-R2;15.06.2024;24;15.06.2024 03:28;71.5;14.6;5.1;2.55;9934;0.00;211;14.5;4.4
1197.41;568;581;C2-R2;15.06.2024;24;15.06.2024 04:10;71.4;13.0;5.7;2.49;10344;0.00;220;16.9;4.4
1199.21;569;582;C2-R2;15.06.2024;24;15.06.2024 04:50;64.8;12.7;5.4;2.67;10666;0.00;227;17.8;4.2
1201.01;570;583;C2-R2;15.06.2024;24;15.06.2024 05:36;83.2;13.8;6.2;2.73;11994;0.00;255;18.5;5.1
1202.81;571;584;C2-R2;15.06.2024;24;15.06.2024 06:57;48.4;8.5;5.5;1.20;7141;0.00;152;18.0;2.8
1204.61;572;585;C2-R3;15.06.2024;24;15.06.2024 20:21;77.4;13.6;5.8;2.40;9905;0.00;211;15.5;4.7
1206.41;573;586;C2-R3;15.06.2024;24;15.06.2024 21:03;80.5;13.8;5.9;2.24;8806;0.00;187;13.6;4.9
1208.21;574;587;C2-R3;15.06.2024;24;15.06.2024 21:38;89.0;16.1;5.7;2.41;8280;0.00;176;11.0;5.5
1210.01;575;588;C2-R3;15.06.2024;24;15.06.2024 22:22;78.2;15.4;5.3;2.09;7941;0.00;169;11.0;4.9
1211.81;576;589;C2-R2;15.06.2024;24;15.06.2024 23:04;76.8;15.9;5.0;2.35;9011;0.00;192;12.0;4.7
1213.61;577;590;C2-R2;15.06.2024;24;15.06.2024 23:43;73.8;14.8;5.1;2.51;9203;0.00;196;13.2;4.5
1215.41;578;591;C2-R2;16.06.2024;24;16.06.2024 00:24;79.9;12.6;6.4;2.18;9434;0.00;201;15.9;4.9
1217.21;579;592;C2-R2;16.06.2024;24;16.06.2024 00:58;88.8;12.9;7.0;2.50;10765;0.00;229;17.8;5.4
1219.01;580;593;C2-R2;16.06.2024;24;16.06.2024 01:31;82.0;11.7;7.1;2.42;11075;0.00;236;20.1;5.0
1220.81;581;594;C2-R2;16.06.2024;24;16.06.2024 02:06;54.8;9.3;6.3;1.28;7100;0.00;151;16.3;3.5
1222.61;582;595;C2-R2;17.06.2024;25;17.06.2024 21:37;62.1;7.8;8.2;1.57;8907;0.00;190;24.2;3.9
1224.41;583;596;C2-R2;17.06.2024;25;17.06.2024 22:29;68.1;8.6;8.2;1.69;9119;0.00;194;22.5;4.2
1226.21;584;597;C2-R3;17.06.2024;25;17.06.2024 23:18;84.7;10.7;8.2;1.99;8788;0.00;187;17.5;5.3
1228.01;585;598;C2-R3;17.06.2024;25;17.06.2024 23:59;90.4;11.3;8.2;1.93;8303;0.00;177;15.6;5.6
1229.81;586;599;C2-R3;18.06.2024;25;18.06.2024 00:43;93.3;12.5;7.8;1.75;7939;0.00;169;13.5;5.9
1231.61;587;600;C2-R3;18.06.2024;25;18.06.2024 01:20;79.3;15.9;5.1;1.61;6526;0.00;139;8.7;4.9
1233.41;588;601;C2-R3;18.06.2024;25;18.06.2024 01:57;83.6;17.0;5.1;1.51;5835;0.00;124;7.3;5.2
1235.21;589;602;C2-R2;18.06.2024;25;18.06.2024 02:43;71.5;15.6;4.8;1.57;6506;0.00;138;8.9;4.5
1237.01;590;603;C2-R2;18.06.2024;25;18.06.2024 03:50;71.1;11.3;6.7;1.55;7657;0.00;163;14.5;4.5
1238.81;591;604;C2-R2;18.06.2024;25;18.06.2024 04:55;63.3;9.6;7.1;1.41;7480;0.00;159;16.6;4.1
1240.61;592;605;C2-R2;18.06.2024;25;18.06.2024 20:05;66.6;8.6;7.9;1.58;8854;0.00;188;21.9;4.1
1242.41;593;606;C2-R2;18.06.2024;25;18.06.2024 21:30;70.2;11.1;7.1;1.46;7456;0.00;159;14.3;4.7
1244.21;594;607;C2-R2;19.06.2024;25;19.06.2024 02:39;84.9;10.7;8.2;2.01;9284;0.00;198;18.5;5.3
1246.01;595;608;C2-R2;19.06.2024;25;19.06.2024 03:26;88.0;11.1;8.2;1.94;8752;0.00;186;16.9;5.4
1247.81;596;609;C2-R2b;19.06.2024;25;19.06.2024 04:07;86.4;10.9;8.2;1.78;8138;0.00;173;15.9;5.4
1249.61;597;610;C2-R3;19.06.2024;25;19.06.2024 04:58;80.0;10.1;8.2;1.69;7957;0.00;169;16.8;5.0
1251.41;598;611;C2-R3;19.06.2024;25;19.06.2024 05:53;78.5;10.7;7.6;1.69;7695;0.00;164;15.3;4.9
1253.21;599;612;C2-R3;19.06.2024;25;19.06.2024 07:43;68.8;11.5;6.2;1.54;5886;0.00;125;10.9;4.3
1255.01;600;613;C2-R3;19.06.2024;25;19.06.2024 08:38;71.6;12.4;6.1;1.50;5502;0.00;117;9.5;4.5
1256.81;601;614;C2-R3;19.06.2024;25;19.06.2024 09:40;60.7;12.8;5.1;1.08;5203;0.00;111;8.6;4.0
1258.61;602;615;C2-R3;20.06.2024;25;20.06.2024 04:05;81.3;12.5;6.7;1.43;6699;0.00;143;11.4;5.0
1260.41;603;616;C2-R3;20.06.2024;25;20.06.2024 04:50;80.7;16.0;5.3;1.33;5507;0.00;117;7.3;5.0
1262.21;604;617;C2-R3;20.06.2024;25;20.06.2024 05:32;76.6;18.0;4.5;1.58;5943;0.00;126;7.0;4.8
1264.01;605;618;C2-R3;20.06.2024;25;20.06.2024 06:58;75.4;15.8;5.0;1.65;7435;0.00;158;10.0;4.7
1265.81;606;619;C2-R3;20.06.2024;25;20.06.2024 08:02;75.3;16.9;4.6;1.99;8159;0.00;174;10.3;4.7
1267.61;607;620;C2-R3;20.06.2024;25;20.06.2024 10:05;73.5;11.2;6.8;1.45;6145;0.00;131;11.7;4.6
1269.41;608;621;C2-R3;20.06.2024;25;20.06.2024 12:05;81.2;11.9;7.1;1.60;6428;0.00;137;11.5;5.0
1271.21;609;622;C2-R3;20.06.2024;25;20.06.2024 13:37;78.7;11.5;7.1;1.55;6849;0.00;146;12.6;4.9
1273.01;610;623;C2-R3;20.06.2024;25;20.06.2024 16:01;80.0;11.7;7.0;1.52;6458;0.00;137;11.8;4.9
1274.81;611;624;C2-R3;20.06.2024;25;20.06.2024 17:50;67.3;12.1;6.0;1.04;4948;0.00;105;8.7;4.4
1276.61;612;625;C2-R3;21.06.2024;25;21.06.2024 12:46;81.8;16.3;5.2;1.17;5508;0.00;117;7.2;5.1
1278.41;613;626;C2-R3;21.06.2024;25;21.06.2024 14:02;84.9;17.3;5.1;1.21;5810;0.00;124;7.2;5.3
1280.21;614;627;C2-R3;21.06.2024;25;21.06.2024 15:11;85.9;16.8;5.3;1.24;6113;0.00;130;7.8;5.4
1282.01;615;628;C2-R3;21.06.2024;25;21.06.2024 19:00;93.8;15.2;6.3;1.38;6913;0.00;147;9.7;5.8
1283.81;616;629;C2-R3;21.06.2024;25;21.06.2024 19:01;86.2;14.2;6.3;1.35;6487;0.00;138;9.7;5.4
1285.61;617;630;C2-R2;21.06.2024;25;21.06.2024 21:21;74.0;11.6;6.6;1.21;6461;0.00;137;11.8;4.6
1287.41;618;631;C2-R2;21.06.2024;25;21.06.2024 23:05;71.9;13.3;5.6;1.43;6153;0.00;131;9.9;4.5
1289.21;619;632;C2-R2;22.06.2024;25;22.06.2024 00:51;73.3;10.0;7.6;1.35;7025;0.00;149;14.9;4.5
1291.01;620;633;C2-R2;22.06.2024;25;22.06.2024 02:11;77.8;9.8;8.2;1.50;7425;0.00;158;16.1;4.8
1292.81;621;634;C2-R2;22.06.2024;25;22.06.2024 02:49;62.1;9.2;7.0;1.06;5713;0.00;122;13.2;3.9
1294.61;622;635;C2-R2;22.06.2024;25;22.06.2024 14:32;75.8;10.9;7.1;1.64;7937;0.00;169;15.4;4.7
1296.41;623;636;C2-R2;22.06.2024;25;22.06.2024 15:19;74.2;10.7;7.0;1.57;8104;0.00;172;16.1;4.5
1298.21;624;637;C2-R2;22.06.2024;25;22.06.2024 16:16;80.6;12.8;6.6;1.57;6800;0.00;145;11.3;5.1
1300.01;625;638;C2-R2;22.06.2024;25;22.06.2024 16:53;86.4;13.9;6.4;1.58;6644;0.00;141;10.1;5.3
1301.81;626;639;C2-R2;22.06.2024;25;22.06.2024 18:08;85.2;12.4;7.1;1.37;6721;0.00;143;11.5;5.3
1303.61;627;640;C2-R2;22.06.2024;25;22.06.2024 18:48;84.2;12.2;7.1;1.43;7056;0.00;150;12.3;5.2
1305.41;628;641;C2-R2;22.06.2024;25;22.06.2024 19:28;79.2;11.5;7.1;1.46;7135;0.00;152;13.2;4.9
1307.21;629;642;C2-R2;22.06.2024;25;22.06.2024 20:07;78.8;11.1;7.3;1.37;7101;0.00;151;13.7;4.8
1309.01;630;643;C2-R2;22.06.2024;25;22.06.2024 22:45;84.5;11.8;7.4;1.39;5895;0.00;125;10.7;5.2
1310.81;631;644;C2-R2;22.06.2024;25;22.06.2024 23:46;72.4;15.0;5.2;1.05;4037;0.00;86;5.7;4.6
1312.61;632;645;C2-R2;25.06.2024;26;25.06.2024 00:13;77.3;15.2;5.2;1.53;5635;0.00;120;7.9;4.7
1314.41;633;646;C2-R2;25.06.2024;26;25.06.2024 01:23;80.6;12.5;6.6;1.62;7391;0.00;157;12.6;5.0
1316.21;634;647;C2-R2;25.06.2024;26;25.06.2024 02:16;78.1;11.4;7.0;1.63;7802;0.00;166;14.6;4.8
1318.01;635;648;C2-R2;25.06.2024;26;25.06.2024 03:23;75.4;12.4;6.3;1.81;8664;0.00;184;14.9;4.7
1319.81;636;649;C2-R2;25.06.2024;26;25.06.2024 04:28;76.7;10.5;7.5;1.80;9454;0.00;201;19.2;4.7
1321.61;637;650;C2-R2;25.06.2024;26;25.06.2024 05:38;76.3;10.7;7.4;1.80;9497;0.00;202;18.9;4.7
1323.41;638;651;C2-R2;25.06.2024;26;25.06.2024 06:36;76.0;10.6;7.4;1.75;9206;0.00;196;18.5;4.7
1325.21;639;652;C2-R2;25.06.2024;26;25.06.2024 07:35;79.9;11.0;7.5;1.67;8262;0.00;176;16.0;4.9
1327.01;640;653;C2-R2;25.06.2024;26;25.06.2024 08:53;76.5;11.5;6.9;1.64;7531;0.00;160;14.0;4.8
1328.81;641;654;C2-R2;25.06.2024;26;25.06.2024 09:40;75.8;12.8;6.3;1.47;7456;0.00;159;12.4;4.9
1330.61;642;655;C2-R2;26.06.2024;26;26.06.2024 22:55;76.7;11.2;7.0;1.94;9217;0.00;196;17.5;4.7
1332.41;643;656;C2-R2;26.06.2024;26;26.06.2024 23:46;71.0;10.5;7.1;1.58;7699;0.00;164;15.7;4.5
1334.21;644;657;C2-R2;27.06.2024;26;27.06.2024 07:43;76.7;10.0;8.0;1.84;8985;0.00;191;19.2;4.8
1336.01;645;658;C2-R2;27.06.2024;26;27.06.2024 08:52;83.9;10.5;8.2;1.68;7800;0.00;166;15.8;5.2
1337.81;646;659;C2-R2;27.06.2024;26;27.06.2024 12:13;79.5;10.1;8.2;1.64;8280;0.00;176;17.5;4.9
1339.61;647;660;C2-R2;27.06.2024;26;27.06.2024 13:13;79.7;10.0;8.2;1.77;8732;0.00;186;18.5;4.9
1341.41;648;661;C2-R2;27.06.2024;26;27.06.2024 13:52;80.3;10.0;8.2;1.86;8891;0.00;189;18.8;4.9
1343.21;649;662;C2-R2;27.06.2024;26;27.06.2024 14:36;80.3;10.1;8.2;1.82;9492;0.00;202;20.1;5.0
1345.01;650;663;C2-R2;27.06.2024;26;27.06.2024 15:25;83.4;10.4;8.2;1.71;8924;0.00;190;18.2;5.1
1346.81;651;664;C2-R2;27.06.2024;26;27.06.2024 16:10;71.5;10.5;7.0;1.58;7653;0.00;163;15.6;4.4
1348.61;652;665;C2-R2;28.06.2024;26;28.06.2024 13:40;85.5;12.1;7.3;1.65;7758;0.00;165;13.7;5.3
1350.41;653;666;C2-R2;28.06.2024;26;28.06.2024 14:18;81.4;11.5;7.3;1.39;7105;0.00;151;13.1;5.1
1352.21;654;667;C2-R2;28.06.2024;26;28.06.2024 15:00;86.3;12.9;7.0;1.54;6864;0.00;146;11.3;5.4
1354.01;655;668;C2-R2;28.06.2024;26;28.06.2024 17:17;0.3;0.2;5.8;0.19;1425;0.00;30;131.8;0.1
1355.81;656;669;C2-R2b;28.06.2024;26;28.06.2024 17:18;81.2;14.7;5.7;1.48;5905;0.00;126;8.5;5.0
1357.61;657;670;C2-R2;28.06.2024;26;28.06.2024 17:55;77.9;16.2;5.0;1.32;5367;0.00;114;7.1;4.9
1359.41;658;671;C2-R2;28.06.2024;26;28.06.2024 18:39;81.1;16.6;5.0;1.48;6546;0.00;139;8.4;5.0
1361.21;659;672;C2-R2;28.06.2024;26;28.06.2024 19:15;80.6;15.3;5.4;1.67;7178;0.00;153;10.0;5.0
1363.01;660;673;C2-R2;28.06.2024;26;28.06.2024 20:05;81.5;15.2;5.5;1.59;6646;0.00;141;9.3;5.0
1364.81;661;674;C2-R2;28.06.2024;26;28.06.2024 20:43;65.2;12.5;5.4;1.25;6521;0.00;139;11.1;4.1
1366.61;662;675;C2-R2;29.06.2024;26;29.06.2024 15:18;81.3;11.3;7.4;1.36;7919;0.00;168;15.0;5.0
1368.41;663;676;C2-R2;29.06.2024;26;29.06.2024 15:56;81.0;11.2;7.4;1.38;7513;0.00;160;14.2;5.0
1370.21;664;677;C2-R2;29.06.2024;26;29.06.2024 16:34;81.1;11.0;7.6;1.37;8192;0.00;174;15.8;5.0
1372.01;665;678;C2-R2;29.06.2024;26;29.06.2024 17:47;75.9;11.5;6.8;1.37;8141;0.00;173;15.0;4.7
1373.81;666;679;C2-R2;29.06.2024;26;29.06.2024 18:31;75.1;11.5;6.7;1.44;7778;0.00;165;14.4;4.6
1375.61;667;680;C2-R2;29.06.2024;26;29.06.2024 19:12;77.8;11.9;6.8;1.34;7406;0.00;158;13.3;4.8
1377.41;668;681;C2-R2;29.06.2024;26;29.06.2024 19:54;77.8;11.8;6.7;1.45;7682;0.00;163;13.9;4.7
1379.21;669;682;C2-R2;29.06.2024;26;29.06.2024 20:28;79.2;12.0;6.8;1.61;7833;0.00;167;13.9;4.9
1381.01;670;683;C2-R2;29.06.2024;26;29.06.2024 21:24;77.5;11.7;6.7;1.66;7545;0.00;161;13.7;4.7
1382.81;671;684;C2-R2;29.06.2024;26;29.06.2024 21:59;68.1;11.4;6.2;1.25;6331;0.00;135;11.8;4.2
1384.61;672;685;C2-R2;01.07.2024;27;01.07.2024 23:24;80.4;12.0;6.9;1.70;7458;0.00;159;13.2;5.0
1386.41;673;686;C2-R2;02.07.2024;27;02.07.2024 00:30;94.8;14.1;6.9;1.88;7396;0.00;157;11.1;5.9
1388.21;674;687;C2-R2;02.07.2024;27;02.07.2024 01:31;99.5;14.8;7.0;1.77;6864;0.00;146;9.9;6.2
1390.01;675;688;C2-R2;02.07.2024;27;02.07.2024 02:21;93.7;13.9;7.0;1.54;6880;0.00;146;10.5;5.8
1391.81;676;689;C2-R2;02.07.2024;27;02.07.2024 03:08;81.0;14.6;5.7;1.43;6659;0.00;142;9.7;5.0
1393.61;677;690;C2-R2;02.07.2024;27;02.07.2024 03:45;80.5;14.8;5.6;1.39;6708;0.00;143;9.7;5.0
1395.41;678;691;C2-R2;02.07.2024;27;02.07.2024 04:15;82.1;15.7;5.4;1.44;6593;0.00;140;8.9;5.1
1397.21;679;692;C2-R2;02.07.2024;27;02.07.2024 04:58;82.5;17.0;5.0;1.49;6659;0.00;142;8.3;5.1
1399.01;680;693;C2-R2;02.07.2024;27;02.07.2024 05:33;80.5;16.6;5.0;1.39;6543;0.00;139;8.4;5.0
1400.81;681;694;C2-R2;02.07.2024;27;02.07.2024 06:31;79.2;16.5;5.0;1.22;5766;0.00;123;7.4;4.9
1402.61;682;695;C2-R2;02.07.2024;27;02.07.2024 16:45;79.2;16.2;5.0;1.73;6961;0.06;148;9.1;4.8
1404.41;683;696;C2-R2;02.07.2024;27;02.07.2024 17:55;79.3;16.3;5.0;1.72;7187;0.07;153;9.4;4.9
1406.21;684;697;C2-R2;02.07.2024;27;02.07.2024 18:52;75.4;15.6;5.0;1.72;7634;0.09;162;10.4;4.7
1408.01;685;698;C2-R2;02.07.2024;27;02.07.2024 20:10;77.2;15.0;5.3;1.65;6597;0.11;140;9.3;4.8
1409.81;686;699;C2-R2;02.07.2024;27;02.07.2024 20:45;81.8;14.6;5.8;1.63;6430;0.13;137;9.4;5.0
1411.61;687;700;C2-R2;02.07.2024;27;02.07.2024 21:24;86.7;13.5;6.6;1.57;7057;0.18;150;11.1;5.4
1413.41;688;701;C2-R2;02.07.2024;27;02.07.2024 21:58;86.2;14.0;6.3;1.72;7221;0.18;154;11.0;5.3
1415.21;689;702;C2-R2;02.07.2024;27;02.07.2024 22:42;93.1;15.1;6.4;2.15;7897;0.21;168;11.2;5.8
1417.01;690;703;C2-R2;02.07.2024;27;02.07.2024 23:25;82.9;14.2;6.0;2.03;8460;0.19;180;12.7;5.1
1418.81;691;704;C2-R2;03.07.2024;27;03.07.2024 00:11;86.3;16.1;5.5;1.74;6699;0.14;143;8.9;5.3
1420.61;692;705;C2-R2;03.07.2024;27;03.07.2024 08:53;101.4;16.9;6.2;2.48;7243;0.19;154;9.1;6.3
1422.41;693;706;C2-R2;03.07.2024;27;03.07.2024 10:20;80.3;14.5;5.7;2.02;7268;0.17;155;10.7;4.9
1424.21;694;707;C2-R2;03.07.2024;27;03.07.2024 11:07;81.2;14.5;5.7;1.96;7821;0.18;166;11.4;5.0
1426.01;695;708;C2-R2;03.07.2024;27;03.07.2024 11:41;81.9;14.7;5.7;1.86;7170;0.17;153;10.4;5.1
1427.81;696;709;C2-R2;03.07.2024;27;03.07.2024 12:46;107.5;15.1;7.3;2.36;7871;0.45;167;11.1;6.6
1429.61;697;710;C2-R2;03.07.2024;27;03.07.2024 13:32;82.3;12.2;7.0;1.64;7090;0.21;151;12.4;5.1
1431.41;698;711;C2-R2;03.07.2024;27;03.07.2024 14:58;83.8;15.8;5.4;1.93;7916;0.17;168;10.6;5.1
1433.21;699;712;C2-R2;03.07.2024;27;03.07.2024 15:37;81.0;14.5;5.7;1.91;7512;0.19;160;11.0;5.0
1435.01;700;713;C2-R2;03.07.2024;27;03.07.2024 16:18;84.8;15.1;5.8;1.86;6813;0.18;145;9.6;5.2
1436.81;701;714;C2-R2;03.07.2024;27;03.07.2024 16:57;83.0;16.5;5.6;1.73;6153;0.15;131;7.9;5.5
1438.61;702;715;C2-R2;04.07.2024;27;04.07.2024 03:18;86.7;15.7;5.7;1.93;6077;0.16;129;8.2;5.4
1440.41;703;716;C2-R2;04.07.2024;27;04.07.2024 03:50;84.4;14.1;6.2;2.06;7394;0.19;157;11.2;5.2
1442.21;704;717;C2-R2;04.07.2024;27;04.07.2024 04:23;87.6;13.4;6.8;2.06;8287;0.23;176;13.2;5.4
1444.01;705;718;C2-R2;04.07.2024;27;04.07.2024 05:06;81.1;12.2;6.9;2.06;8732;0.25;186;15.3;5.0
1445.81;706;719;C2-R2;04.07.2024;27;04.07.2024 05:44;79.8;11.8;7.0;2.10;9359;0.25;199;16.9;4.9
1447.61;707;720;C2-R2;04.07.2024;27;04.07.2024 06:22;81.5;12.2;6.9;2.24;9928;0.26;211;17.4;5.0
1449.41;708;721;C2-R2;04.07.2024;27;04.07.2024 07:23;80.3;12.0;6.9;2.20;9893;0.25;210;17.5;5.0
1451.21;709;722;C2-R2;04.07.2024;27;04.07.2024 07:59;72.9;10.7;7.0;2.09;9500;0.27;202;18.9;4.5
1453.01;710;723;C2-R2;04.07.2024;27;04.07.2024 08:40;80.8;11.7;7.1;2.34;10659;0.34;227;19.3;5.0
1454.81;711;724;C2-R2;04.07.2024;27;04.07.2024 09:37;71.6;13.3;6.1;1.75;8077;0.20;172;13.0;4.9
1456.61;712;725;C2-R2;05.07.2024;27;05.07.2024 00:09;77.0;11.5;7.0;2.37;8957;0.00;191;16.5;4.8
1458.41;713;726;C2-R2;05.07.2024;27;05.07.2024 01:04;78.8;11.6;7.0;2.38;9586;0.00;204;17.5;4.9
1460.21;714;727;C2-R2;05.07.2024;27;05.07.2024 01:42;72.0;10.6;7.0;2.20;10519;0.00;224;21.2;4.4
1462.01;715;728;C2-R2;05.07.2024;27;05.07.2024 02:26;76.8;10.9;7.3;2.29;11735;0.00;250;23.0;4.7
1463.81;716;729;C2-R2b;05.07.2024;27;05.07.2024 03:00;80.0;11.2;7.3;2.45;11737;0.00;250;22.3;4.9
1465.61;717;730;C2-R2;05.07.2024;27;05.07.2024 03:34;70.1;10.1;7.2;2.23;10656;0.00;227;22.5;4.3
1467.41;718;731;C2-R2;05.07.2024;27;05.07.2024 04:15;78.9;11.2;7.3;2.50;11738;0.00;250;22.3;4.9
1469.21;719;732;C2-R2;05.07.2024;27;05.07.2024 04:50;80.4;11.2;7.4;2.49;11534;0.00;245;21.9;4.9
1471.01;720;733;C2-R2;05.07.2024;27;05.07.2024 05:32;83.2;11.6;7.3;2.47;10868;0.00;231;19.9;5.1
1472.81;721;734;C2-R2;05.07.2024;27;05.07.2024 06:15;75.9;11.9;6.8;1.67;7673;0.00;163;13.8;4.8
1474.61;722;735;C2-R2;05.07.2024;27;05.07.2024 17:05;80.4;11.8;7.0;2.62;10305;0.00;219;18.6;5.0
1476.41;723;736;C2-R2;05.07.2024;27;05.07.2024 18:17;80.0;11.8;7.0;2.47;10683;0.00;227;19.3;5.0
1478.21;724;737;C2-R2;05.07.2024;27;05.07.2024 18:54;85.8;12.5;7.1;2.48;10035;0.00;214;17.1;5.3
1480.01;725;738;C2-R2;05.07.2024;27;05.07.2024 19:28;86.1;12.8;6.9;2.40;9786;0.00;208;16.2;5.3
1481.81;726;739;C2-R2;05.07.2024;27;05.07.2024 20:26;85.2;12.5;7.0;2.49;10156;0.00;216;17.3;5.3
1483.61;727;740;C2-R2;05.07.2024;27;05.07.2024 20:59;85.4;12.5;7.0;2.41;10785;0.00;229;18.3;5.3
1485.41;728;741;C2-R2;05.07.2024;27;05.07.2024 21:32;84.3;12.4;7.0;2.31;10253;0.00;218;17.6;5.2
1487.21;729;742;C2-R2;05.07.2024;27;05.07.2024 22:11;84.8;12.6;6.9;2.15;9349;0.00;199;15.7;5.3
1489.01;730;743;C2-R2;05.07.2024;27;05.07.2024 23:42;84.4;13.8;6.4;2.23;8966;0.00;191;13.9;5.3
1490.81;731;744;C2-R2;06.07.2024;27;06.07.2024 00:50;77.1;13.5;5.9;1.59;7501;0.09;160;11.8;4.8
1492.61;732;745;C2-R2;06.07.2024;27;06.07.2024 10:08;81.1;12.8;6.5;1.83;8666;0.33;184;14.4;5.0
1494.41;733;746;C2-R2;;1;;;;;;;;;;
1496.21;734;747;C2-R2;06.07.2024;27;06.07.2024 10:41;81.5;11.9;7.0;2.18;10041;0.52;214;18.0;5.0
1498.01;735;748;C2-R2;06.07.2024;27;06.07.2024 11:14;79.9;11.4;7.2;2.39;10131;0.58;216;18.9;4.9
1499.81;736;749;C2-R2;06.07.2024;27;06.07.2024 11:52;75.7;10.7;7.2;2.26;9507;0.48;202;18.9;4.6
1501.61;737;750;C2-R2;06.07.2024;27;06.07.2024 13:02;84.0;11.8;7.3;2.45;9345;0.45;199;16.9;5.1
1503.41;738;751;C2-R2;06.07.2024;27;06.07.2024 13:53;81.5;11.4;7.3;2.27;8802;0.42;187;16.4;5.0
1505.21;739;752;C2-R2;06.07.2024;27;06.07.2024 14:28;76.5;10.7;7.3;1.95;8040;0.41;171;16.0;4.7
1507.01;740;753;C2-R2;06.07.2024;27;06.07.2024 15:05;80.1;11.3;7.3;1.96;8097;0.44;172;15.3;4.9
1508.81;741;754;C2-R2;06.07.2024;27;06.07.2024 15:40;80.2;11.3;7.3;1.96;8334;0.46;177;15.7;4.9
1510.61;742;755;C2-R2;06.07.2024;27;06.07.2024 16:35;77.4;10.9;7.3;1.91;8631;0.47;184;16.8;4.8
1512.41;743;756;C2-R2;06.07.2024;27;06.07.2024 17:20;67.9;11.7;6.3;1.54;7193;0.33;153;13.1;4.4
1514.21;744;757;C2-R2;08.07.2024;28;08.07.2024 11:11;80.3;12.7;6.6;2.45;8947;0.53;190;15.0;5.0
1516.01;745;758;C2-R2;08.07.2024;28;08.07.2024 11:48;74.8;11.5;6.8;2.32;8176;0.58;174;15.2;4.7
1517.81;746;759;C2-R2;08.07.2024;28;08.07.2024 12:36;82.3;12.1;7.0;2.25;9212;0.62;196;16.2;5.1
1519.61;747;760;C2-R2;08.07.2024;28;08.07.2024 13:12;87.6;13.0;7.0;2.36;9494;0.54;202;15.5;5.5
1521.41;748;761;C2-R2;08.07.2024;28;08.07.2024 14:55;92.0;13.5;7.0;2.32;8983;0.42;191;14.2;5.7
1523.21;749;762;C2-R2;08.07.2024;28;08.07.2024 15:27;90.2;13.2;7.0;2.33;9380;0.34;200;15.1;5.6
1525.01;750;763;C2-R2;08.07.2024;28;08.07.2024 15:58;86.8;12.7;7.0;2.35;9585;0.30;204;16.0;5.4
1526.81;751;764;C2-R2;08.07.2024;28;08.07.2024 16:31;86.5;12.8;7.0;2.37;10252;0.26;218;17.0;5.4
1528.61;752;765;C2-R2;08.07.2024;28;08.07.2024 17:25;87.4;12.9;7.0;2.59;10661;0.26;227;17.6;5.4
1530.41;753;766;C2-R2;08.07.2024;28;08.07.2024 18:02;76.7;12.7;6.2;2.57;10256;0.29;218;17.2;4.7
1532.21;754;767;C2-R2;08.07.2024;28;08.07.2024 19:27;76.5;12.0;6.7;2.38;10136;0.26;216;18.0;4.8
1534.01;755;768;C2-R2;08.07.2024;28;08.07.2024 20:34;73.7;13.0;6.2;1.89;8377;0.21;178;13.7;4.9
1535.81;756;769;C2-R2;09.07.2024;28;09.07.2024 12:04;81.4;11.9;7.1;2.46;8890;0.31;189;15.9;5.0
1537.61;757;770;C2-R2;09.07.2024;28;09.07.2024 13:05;82.1;12.1;7.1;2.61;9473;0.33;202;16.7;5.1
1539.41;758;771;C2-R2;09.07.2024;28;09.07.2024 13:40;77.4;11.5;7.0;2.57;9886;0.32;210;18.3;4.8
1541.21;759;772;C2-R2;09.07.2024;28;09.07.2024 14:18;85.3;12.5;7.0;2.70;9897;0.37;211;16.9;5.3
1543.01;760;773;C2-R2;09.07.2024;28;09.07.2024 14:51;78.0;11.5;7.0;2.62;11086;0.40;236;20.5;4.9
1544.81;761;774;C2-R2;09.07.2024;28;09.07.2024 15:26;76.6;11.2;7.0;2.56;11772;0.42;250;22.4;4.7
1546.61;762;775;C2-R2;09.07.2024;28;09.07.2024 16:03;73.9;10.9;7.0;2.48;11223;0.42;239;22.0;4.6
1548.41;763;776;C2-R2;09.07.2024;28;09.07.2024 16:40;78.6;11.5;7.0;2.60;11109;0.45;236;20.5;4.9
1550.21;764;777;C2-R2;09.07.2024;28;09.07.2024 17:26;77.5;11.4;7.0;2.55;10854;0.46;231;20.3;4.8
1552.01;765;778;C2-R2;09.07.2024;28;09.07.2024 18:18;78.0;11.3;7.1;2.71;11650;0.51;248;22.0;4.8
1553.81;766;779;C2-R2;09.07.2024;28;09.07.2024 19:15;78.0;11.2;7.2;2.58;11185;0.52;238;21.2;4.8
1555.61;767;780;C2-R2;09.07.2024;28;09.07.2024 20:18;73.4;12.3;6.5;2.14;9539;0.39;203;16.5;4.8
1557.41;768;781;C2-R2;10.07.2024;28;10.07.2024 12:04;78.1;11.5;7.1;2.66;10215;0.49;217;19.0;4.9
1559.21;769;782;C2-R2;10.07.2024;28;10.07.2024 13:11;75.4;11.0;7.1;2.53;10617;0.50;226;20.5;4.7
1561.01;770;783;C2-R2;10.07.2024;28;10.07.2024 13:50;74.1;10.7;7.1;2.46;11230;0.53;239;22.3;4.6
1562.81;771;784;C2-R2;10.07.2024;28;10.07.2024 14:27;69.5;10.3;7.1;2.30;11262;0.49;240;23.4;4.4
1564.61;772;785;C2-R2;10.07.2024;28;10.07.2024 15:49;79.6;11.5;7.1;2.53;11625;0.50;247;21.4;4.9
1566.41;773;786;C2-R2;10.07.2024;28;10.07.2024 16:33;82.5;12.0;7.1;2.51;10685;0.49;227;19.0;5.1
1568.21;774;787;C2-R2;10.07.2024;28;10.07.2024 17:07;81.5;11.9;7.1;2.29;10422;0.46;222;18.6;5.1
1570.01;775;788;C2-R2;10.07.2024;28;10.07.2024 17:50;76.5;11.2;7.1;2.40;12145;0.49;258;23.2;4.8
1571.81;776;789;C2-R2b;10.07.2024;28;10.07.2024 18:34;77.3;11.2;7.1;2.59;11670;0.50;248;22.2;4.8
1573.61;777;790;C2-R2;10.07.2024;28;10.07.2024 20:39;69.6;10.3;7.0;2.38;10888;0.44;232;22.5;4.3
1575.41;778;791;C2-R2;10.07.2024;28;10.07.2024 21:48;79.0;11.4;7.1;2.62;11535;0.48;245;21.5;4.9
1577.21;779;792;C2-R2;10.07.2024;28;10.07.2024 22:28;60.3;10.1;6.1;1.67;8020;0.30;171;16.9;3.7
1579.01;780;793;C2-R2;11.07.2024;28;11.07.2024 11:52;83.3;12.1;7.1;2.71;10857;0.46;231;19.1;5.1
1580.81;781;794;C2-R2;11.07.2024;28;11.07.2024 12:35;84.9;12.3;7.1;2.78;10934;0.47;233;18.9;5.2
1582.61;782;795;C2-R2;11.07.2024;28;11.07.2024 13:18;82.5;12.0;7.1;2.70;11390;0.46;242;20.2;5.1
1584.41;783;796;C2-R2;11.07.2024;28;11.07.2024 13:51;74.4;10.8;7.1;2.40;11803;0.46;251;23.2;4.6
1586.21;784;797;C2-R2;11.07.2024;28;11.07.2024 14:28;80.2;11.6;7.1;2.65;11908;0.46;253;21.8;4.9
1588.01;785;798;C2-R2;11.07.2024;28;11.07.2024 15:20;81.1;12.0;7.0;2.67;11741;0.44;250;20.9;5.1
1589.81;786;799;C2-R2;11.07.2024;28;11.07.2024 16:07;82.4;12.1;7.0;2.69;11599;0.41;247;20.3;5.1
1591.61;787;800;C2-R2;11.07.2024;28;11.07.2024 16:41;81.3;11.9;7.0;2.62;11311;0.40;241;20.2;5.0
1593.41;788;801;C2-R2;11.07.2024;28;11.07.2024 17:15;81.8;12.0;7.0;2.58;11427;0.41;243;20.3;5.0
1595.21;789;802;C2-R2;11.07.2024;28;11.07.2024 18:21;72.1;10.5;7.1;2.24;9732;0.39;207;19.7;4.5
1597.01;790;803;C2-R2;11.07.2024;28;11.07.2024 19:33;76.8;11.1;7.1;2.29;10359;0.41;220;19.8;4.8
1598.81;791;804;C2-R2;11.07.2024;28;11.07.2024 20:18;64.2;9.3;7.2;1.68;8603;0.30;183;19.7;4.0
1600.61;792;805;C2-R2;12.07.2024;28;12.07.2024 05:35;80.5;11.7;7.1;2.48;10514;0.38;224;19.1;5.0
1602.41;793;806;C2-R2;12.07.2024;28;12.07.2024 06:23;84.6;12.3;7.1;2.69;11252;0.39;239;19.4;5.2
1604.21;794;807;C2-R2;12.07.2024;28;12.07.2024 06:55;85.4;12.3;7.2;2.70;11790;0.42;251;20.4;5.3
1606.01;795;808;C2-R2;12.07.2024;28;12.07.2024 08:02;87.0;12.6;7.1;2.74;11669;0.40;248;19.8;5.4
1607.81;796;809;C2-R2;12.07.2024;28;12.07.2024 08:36;86.4;12.6;7.1;2.76;11235;0.38;239;18.9;5.4
1609.61;797;810;C2-R2;12.07.2024;28;12.07.2024 09:09;87.8;12.7;7.1;2.78;11574;0.36;246;19.3;5.4
1611.41;798;811;C2-R2;12.07.2024;28;12.07.2024 09:41;84.2;12.2;7.1;2.67;11358;0.35;242;19.8;5.2
1613.21;799;812;C2-R2;12.07.2024;28;12.07.2024 10:16;80.1;11.6;7.1;2.56;11536;0.32;245;21.2;5.0
1615.01;800;813;C2-R2;12.07.2024;28;12.07.2024 11:41;82.5;12.0;7.1;2.61;11494;0.33;245;20.5;5.1
1616.81;801;814;C2-R2;12.07.2024;28;12.07.2024 12:19;82.8;12.1;7.1;2.63;11221;0.32;239;19.7;5.1
1618.61;802;815;C2-R2;12.07.2024;28;12.07.2024 12:57;85.8;12.6;7.1;2.74;10916;0.32;232;18.5;5.3
1620.41;803;816;C2-R2;12.07.2024;28;12.07.2024 13:37;66.6;9.8;7.2;1.74;8074;0.22;172;17.6;4.2
1622.21;804;817;C2-R2;12.07.2024;28;12.07.2024 22:11;80.6;11.6;7.2;2.40;9785;0.35;208;17.9;5.0
1624.01;805;818;C2-R2;12.07.2024;28;12.07.2024 23:06;78.3;11.3;7.1;2.24;9180;0.31;195;17.3;4.8
1625.81;806;819;C2-R2;12.07.2024;28;12.07.2024 23:56;82.9;11.8;7.2;2.33;9402;0.34;200;16.9;5.1
1627.61;807;820;C2-R2;13.07.2024;28;13.07.2024 00:42;81.0;11.6;7.2;2.36;9998;0.37;213;18.4;5.0
1629.41;808;821;C2-R2;13.07.2024;28;13.07.2024 01:28;80.9;11.5;7.2;2.37;10104;0.36;215;18.6;5.0
1631.21;809;822;C2-R2;13.07.2024;28;13.07.2024 02:11;82.3;11.7;7.2;2.33;10240;0.34;218;18.6;5.1
1633.01;810;823;C2-R2;13.07.2024;28;13.07.2024 03:07;85.0;11.9;7.3;2.26;9507;0.42;202;17.0;5.2
1634.81;811;824;C2-R2;13.07.2024;28;13.07.2024 03:47;80.8;11.6;7.2;2.18;9007;0.38;192;16.6;5.0
1636.61;812;825;C2-R2;13.07.2024;28;13.07.2024 04:26;81.3;11.6;7.2;2.24;9547;0.40;203;17.5;5.0
1638.41;813;826;C2-R2;13.07.2024;28;13.07.2024 05:05;49.2;8.2;6.2;1.53;8382;0.24;178;21.8;3.0
1640.21;814;827;C2-R2;30.07.2024;31;30.07.2024 00:08;25.8;5.1;5.5;0.87;5859;0.13;125;24.4;1.7
1642.01;815;828;C2-R2;30.07.2024;31;30.07.2024 00:30;44.7;8.6;5.5;1.57;8546;0.21;182;21.2;2.8
1643.81;816;829;C2-R2;30.07.2024;31;30.07.2024 01:29;72.6;11.5;6.5;2.15;9024;0.29;192;16.8;4.5
1645.61;817;830;C2-R2;30.07.2024;31;30.07.2024 02:27;72.2;10.6;7.0;2.07;9375;0.32;199;18.8;4.5
1647.41;818;831;C2-R2;30.07.2024;31;30.07.2024 03:07;66.7;9.9;7.0;2.02;9906;0.30;211;21.3;4.2
1649.21;819;832;C2-R2;30.07.2024;31;30.07.2024 03:48;65.1;9.6;7.0;2.01;9827;0.33;209;21.8;4.0
1651.01;820;833;C2-R2;30.07.2024;31;30.07.2024 04:29;70.7;10.7;7.0;1.89;8460;0.34;180;16.9;4.5
1652.81;821;834;C2-R2;30.07.2024;31;30.07.2024 05:07;88.4;14.9;6.1;2.14;7840;0.43;167;11.2;5.4
1654.61;822;835;C2-R2;30.07.2024;31;30.07.2024 05:39;80.4;13.1;6.4;1.98;8022;0.57;171;13.0;5.0
1656.41;823;836;C2-R2;30.07.2024;31;30.07.2024 08:20;59.2;10.2;6.2;1.41;7317;0.47;156;15.2;3.8
1658.21;824;837;C2-R2;30.07.2024;31;30.07.2024 18:39;38.3;6.7;6.0;1.28;9227;0.56;196;29.4;2.4
1660.01;825;838;C2-R2;30.07.2024;31;30.07.2024 19:55;46.6;8.0;6.1;1.56;9949;0.69;212;26.5;2.9
1661.81;826;839;C2-R2;30.07.2024;31;30.07.2024 21:01;52.0;9.2;6.0;1.68;9602;0.75;204;22.3;3.3
1663.61;827;840;C2-R2;30.07.2024;31;30.07.2024 22:22;48.1;8.1;6.1;1.47;9394;0.66;200;24.6;3.0
1665.41;828;841;C2-R2;30.07.2024;31;30.07.2024 23:24;50.9;9.1;6.0;1.55;9435;0.69;201;22.2;3.3
1667.21;829;842;C2-R2;31.07.2024;31;31.07.2024 00:51;55.8;9.3;6.2;1.55;8898;0.66;189;20.3;3.5
1669.01;830;843;C2-R2;31.07.2024;31;31.07.2024 01:35;52.7;8.8;6.2;1.38;8558;0.59;182;20.7;3.3
1670.81;831;844;C2-R2;31.07.2024;31;31.07.2024 03:13;63.8;10.7;6.2;1.45;8063;0.53;172;16.1;4.0
1672.61;832;845;C2-R2;31.07.2024;31;31.07.2024 11:13;82.1;13.5;6.3;1.48;7322;0.40;156;11.6;5.1
1674.41;833;846;C2-R2;31.07.2024;31;31.07.2024 12:59;81.1;12.9;6.5;1.44;6927;0.33;147;11.5;5.0
1676.21;834;847;C2-R2;31.07.2024;31;31.07.2024 13:58;83.0;13.4;6.3;1.30;5852;0.23;125;9.3;5.1
1678.01;835;848;C2-R2;31.07.2024;31;31.07.2024 14:31;76.5;13.6;5.8;1.27;5950;0.15;127;9.3;4.7
1679.81;836;849;C2-R2;01.08.2024;31;01.08.2024 01:36;89.1;15.2;6.0;1.83;7123;0.18;152;10.0;5.5
1681.61;837;850;C2-R2;01.08.2024;31;01.08.2024 02:07;93.2;14.7;6.5;2.11;8106;0.26;172;11.7;5.7
1683.41;838;851;C2-R2;01.08.2024;31;01.08.2024 04:39;87.1;13.9;6.5;2.06;8470;0.23;180;13.0;5.4
1685.21;839;852;C2-R2;01.08.2024;31;01.08.2024 05:10;87.2;14.0;6.5;2.11;9209;0.25;196;14.0;5.5
1687.01;840;853;C2-R2;01.08.2024;31;01.08.2024 05:42;93.4;14.4;6.7;2.28;8210;0.30;175;12.2;5.8
1688.81;841;854;C2-R2;01.08.2024;31;01.08.2024 06:20;83.1;12.1;7.1;2.32;10230;0.42;218;18.1;5.1
1690.61;842;855;C2-R2;01.08.2024;31;01.08.2024 07:28;82.3;11.1;7.6;2.37;11198;0.65;238;21.5;5.1
1692.41;843;856;C2-R2;01.08.2024;31;01.08.2024 08:01;84.5;11.5;7.5;2.54;11356;0.74;242;21.0;5.2
1694.21;844;857;C2-R2b;01.08.2024;31;01.08.2024 08:50;79.9;11.0;7.3;2.38;9989;0.75;213;19.4;4.8
1696.01;845;858;C2-R2;01.08.2024;31;01.08.2024 09:54;84.1;11.3;7.6;2.36;10768;0.77;229;20.2;5.2
1697.81;846;859;C2-R2;01.08.2024;31;01.08.2024 10:33;81.9;11.1;7.6;2.36;11562;0.84;246;22.1;5.1
1699.61;847;860;C2-R2;01.08.2024;31;01.08.2024 11:07;73.7;11.6;6.9;1.87;9741;0.64;207;17.9;4.8
1701.41;848;861;C2-R2;02.08.2024;31;02.08.2024 00:25;71.0;10.4;7.1;2.13;10520;0.68;224;21.6;4.4
1703.21;849;862;C2-R2;02.08.2024;31;02.08.2024 01:06;63.0;8.6;7.6;2.06;12202;0.80;260;30.2;3.9
1705.01;850;863;C2-R2;02.08.2024;31;02.08.2024 01:46;59.5;8.1;7.5;1.98;12391;0.80;264;32.4;3.7
1706.81;851;864;C2-R2;02.08.2024;31;02.08.2024 02:29;74.1;10.1;7.5;2.36;12231;0.85;260;25.7;4.6
1708.61;852;865;C2-R2;02.08.2024;31;02.08.2024 03:08;66.4;9.1;7.6;2.13;12260;0.80;261;28.7;4.1
1710.41;853;866;C2-R2;02.08.2024;31;02.08.2024 03:47;74.1;10.2;7.5;2.41;12055;0.81;256;25.2;4.6
1712.21;854;867;C2-R2;02.08.2024;31;02.08.2024 04:23;78.1;10.7;7.5;2.52;12320;0.85;262;24.5;4.8
1714.01;855;868;C2-R2;02.08.2024;31;02.08.2024 05:00;78.9;10.8;7.5;2.40;11919;0.81;254;23.5;4.9
1715.81;856;869;C2-R2;02.08.2024;31;02.08.2024 05:33;93.5;12.8;7.5;2.57;10688;0.86;227;17.7;5.8
1717.61;857;870;C2-R2;02.08.2024;31;02.08.2024 06:35;87.2;12.1;7.4;2.04;8870;0.79;189;15.6;5.4
1719.41;858;871;C2-R2;02.08.2024;31;02.08.2024 07:20;82.2;11.3;7.5;2.01;10718;0.84;228;20.3;5.1
1721.21;859;872;C2-R2;02.08.2024;31;02.08.2024 07:57;76.7;11.4;7.0;1.85;10022;0.75;213;18.7;4.8
1723.01;860;873;C2-R2;03.08.2024;31;03.08.2024 01:40;85.5;11.7;7.5;1.77;8919;0.68;190;16.2;5.3
1724.81;861;874;C2-R2;03.08.2024;31;03.08.2024 02:38;74.8;10.9;7.3;1.77;8740;0.58;186;17.0;4.8
1726.61;862;875;C2-R2;03.08.2024;31;03.08.2024 02:43;83.3;12.2;7.1;2.23;11013;0.72;234;19.2;5.2
1728.41;863;876;C2-R2;03.08.2024;31;03.08.2024 03:11;85.1;11.8;7.5;2.50;11435;0.94;243;20.7;5.3
1730.21;864;877;C2-R2;03.08.2024;31;03.08.2024 03:44;86.6;11.9;7.5;2.57;11534;0.94;245;20.7;5.4
1732.01;865;878;C2-R2;03.08.2024;31;03.08.2024 04:18;85.6;11.7;7.6;2.58;11416;0.96;243;20.8;5.3
1733.81;866;879;C2-R2;03.08.2024;31;03.08.2024 05:20;77.9;10.6;7.6;2.30;11220;0.83;239;22.5;4.8
1735.61;867;880;C2-R2;03.08.2024;31;03.08.2024 06:15;81.6;11.1;7.5;2.33;10895;0.78;232;20.9;5.0
1737.41;868;881;C2-R2;03.08.2024;31;03.08.2024 06:49;80.1;10.8;7.6;2.23;11150;0.76;237;21.9;4.9
1739.21;869;882;C2-R2;03.08.2024;31;03.08.2024 07:33;77.0;10.5;7.5;2.40;12191;0.75;259;24.6;4.7
1741.01;870;883;C2-R2;03.08.2024;31;03.08.2024 08:09;79.7;10.4;7.9;2.43;11962;0.72;255;24.5;4.9
1742.81;871;884;C2-R2;03.08.2024;31;03.08.2024 08:42;67.9;10.2;7.1;1.80;9368;0.54;199;19.6;4.4
1744.61;872;885;C2-R2;03.08.2024;31;03.08.2024 20:28;89.8;12.7;7.3;2.46;10132;0.66;216;17.0;5.6
1746.41;873;886;C2-R2;03.08.2024;31;03.08.2024 21:01;92.8;14.5;6.7;2.18;8479;0.42;180;12.5;5.8
1748.21;874;887;C2-R2;03.08.2024;31;03.08.2024 21:55;87.0;13.8;6.5;1.61;7908;0.30;168;12.2;5.4
1750.01;875;888;C2-R2;03.08.2024;31;03.08.2024 22:39;88.0;14.6;6.2;1.57;6597;0.30;140;9.6;5.4
1751.81;876;889;C2-R2;03.08.2024;31;03.08.2024 23:13;81.3;13.9;6.1;1.76;6635;0.34;141;10.2;5.1
1753.61;877;890;C2-R2;05.08.2024;32;05.08.2024 08:45;88.3;15.0;6.1;2.04;8157;0.41;174;11.6;5.4
1755.41;878;891;C2-R2;05.08.2024;32;05.08.2024 09:29;77.0;12.3;6.5;1.72;6997;0.33;149;12.2;4.8
1757.21;879;892;C2-R2;05.08.2024;32;05.08.2024 10:50;81.0;12.8;6.5;2.13;9064;0.33;193;15.1;5.0
1759.01;880;893;C2-R2;05.08.2024;32;05.08.2024 11:30;80.5;12.7;6.6;2.04;8967;0.36;191;15.0;5.0
1760.81;881;894;C2-R2;05.08.2024;32;05.08.2024 12:31;84.3;13.2;6.6;1.93;7937;0.40;169;12.8;5.2
1762.61;882;895;C2-R2;05.08.2024;32;05.08.2024 13:05;84.0;13.2;6.6;1.96;8187;0.41;174;13.2;5.2
1764.41;883;896;C2-R2;05.08.2024;32;05.08.2024 13:38;73.0;13.7;5.7;1.28;5513;0.19;117;8.6;4.7
1766.21;884;897;C2-R2;06.08.2024;32;06.08.2024 07:11;84.7;13.6;6.5;1.64;7190;0.29;153;11.3;5.3
1768.01;885;898;C2-R2;06.08.2024;32;06.08.2024 07:46;69.2;11.6;6.4;1.49;7504;0.30;160;13.8;4.4
1769.81;886;899;C2-R2;06.08.2024;32;06.08.2024 17:41;81.5;12.1;7.0;2.17;9953;0.50;212;17.5;5.0
1771.61;887;900;C2-R2;06.08.2024;32;06.08.2024 19:06;75.1;10.9;7.1;2.26;10573;0.61;225;20.7;4.7
1773.41;888;901;C2-R2;06.08.2024;32;06.08.2024 20:32;66.0;9.3;7.3;2.09;10297;0.69;219;23.5;4.1
1775.21;889;902;C2-R2;06.08.2024;32;06.08.2024 22:23;71.4;9.8;7.5;2.24;10663;0.75;227;23.2;4.4
1777.01;890;903;C2-R2;06.08.2024;32;06.08.2024 23:05;76.6;10.2;7.8;2.33;10886;0.81;232;22.8;4.8
1778.81;891;904;C2-R2;06.08.2024;32;06.08.2024 23:50;78.0;10.3;7.8;2.38;11176;0.86;238;23.1;4.8
1780.61;892;905;C2-R2;07.08.2024;32;07.08.2024 00:34;81.6;10.8;7.8;2.28;10474;0.77;223;20.7;5.0
1782.41;893;906;C2-R2;07.08.2024;32;07.08.2024 01:15;86.6;11.6;7.7;2.28;10037;0.72;214;18.5;5.4
1784.21;894;907;C2-R2b;07.08.2024;32;07.08.2024 02:21;84.4;12.4;7.1;2.20;8860;0.49;189;15.3;5.2
1786.01;895;908;C2-R2;07.08.2024;32;07.08.2024 03:04;77.3;11.9;6.9;1.65;6949;0.33;148;12.4;4.9
1787.81;896;909;C2-R2;07.08.2024;32;07.08.2024 16:47;78.5;11.6;7.0;2.10;9507;0.45;202;17.4;4.9
1789.61;897;910;C2-R2;07.08.2024;32;07.08.2024 17:35;84.9;12.5;7.0;2.44;10795;0.56;230;18.4;5.3
1791.41;898;911;C2-R2;07.08.2024;32;07.08.2024 18:13;83.0;12.1;7.0;2.27;9825;0.52;209;17.2;5.1
1793.21;899;912;C2-R2;07.08.2024;32;07.08.2024 18:56;80.5;11.7;7.1;2.04;9552;0.51;203;17.4;5.0
1795.01;900;913;C2-R2;07.08.2024;32;07.08.2024 19:32;82.8;11.9;7.2;2.10;9005;0.51;192;16.2;5.1
1796.81;901;914;C2-R2;07.08.2024;32;07.08.2024 20:17;89.8;12.9;7.2;2.17;8856;0.52;188;14.6;5.6
1798.61;902;915;C2-R2;07.08.2024;32;07.08.2024 21:38;80.6;11.5;7.2;2.10;9170;0.63;195;17.0;5.0
1800.41;903;916;C2-R2;07.08.2024;32;07.08.2024 22:33;80.9;11.2;7.4;2.24;10327;0.73;220;19.7;5.0
1802.21;904;917;C2-R2;07.08.2024;32;07.08.2024 23:55;80.0;10.5;7.8;2.10;10074;0.64;214;20.4;4.9
1804.01;905;918;C2-R2;08.08.2024;32;08.08.2024 01:26;91.1;12.2;7.7;2.13;9418;0.66;200;16.5;5.6
1805.81;906;919;C2-R2;08.08.2024;32;08.08.2024 02:09;87.5;11.7;7.7;1.99;9226;0.60;196;16.8;5.4
1807.61;907;920;C2-R2;08.08.2024;32;08.08.2024 03:02;89.7;11.9;7.7;2.14;9222;0.69;196;16.4;5.5
1809.41;908;921;C2-R2;08.08.2024;32;08.08.2024 03:48;90.0;12.0;7.7;2.02;9092;0.63;193;16.1;5.5
1811.21;909;922;C2-R2;08.08.2024;32;08.08.2024 04:37;75.1;11.4;6.8;1.65;8423;0.42;179;15.7;4.7
1813.01;910;923;C2-R2;09.08.2024;32;09.08.2024 00:44;62.5;10.6;6.1;1.48;7634;0.31;162;15.3;3.9
1814.81;911;924;C2-R2;09.08.2024;32;09.08.2024 02:05;61.1;11.5;5.8;1.32;7731;0.28;164;14.4;4.0
1816.61;912;925;C2-R2;09.08.2024;32;09.08.2024 11:57;85.3;13.7;6.4;1.64;7229;0.34;154;11.2;5.3
1818.41;913;926;C2-R2;09.08.2024;32;09.08.2024 12:57;79.3;14.3;5.7;1.32;6725;0.28;143;10.0;4.9
1820.21;914;927;C2-R2;09.08.2024;32;09.08.2024 13:49;83.9;15.5;5.6;1.38;6564;0.26;140;9.0;5.2
1822.01;915;928;C2-R2;09.08.2024;32;09.08.2024 14:28;82.8;15.2;5.6;1.46;6942;0.28;148;9.7;5.1
1823.81;916;929;C2-R2;09.08.2024;32;09.08.2024 15:12;61.7;10.7;6.1;1.23;6196;0.30;132;12.4;3.9
1825.61;917;930;C2-R2;09.08.2024;32;09.08.2024 17:43;81.9;14.1;6.0;1.62;7346;0.30;156;11.1;5.1
1827.41;918;931;C2-R2;09.08.2024;32;09.08.2024 18:19;67.5;13.5;5.2;1.19;6262;0.21;133;9.8;4.2
1829.21;919;932;C2-R2;09.08.2024;32;09.08.2024 19:17;65.4;14.0;4.9;1.11;5643;0.20;120;8.6;4.1
1831.01;920;933;C2-R2;10.08.2024;32;10.08.2024 04:02;75.1;17.2;4.5;1.30;5929;0.23;126;7.3;4.7
1832.81;921;934;C2-R2;10.08.2024;32;10.08.2024 04:40;82.1;17.8;4.8;1.54;6049;0.29;129;7.2;5.1
1834.61;922;935;C2-R2;10.08.2024;32;10.08.2024 05:18;80.8;16.4;5.1;1.36;5985;0.27;127;7.7;5.0
1836.41;923;936;C2-R2;10.08.2024;32;10.08.2024 05:54;69.8;13.9;5.2;1.26;6036;0.28;128;9.2;4.3
1838.21;924;937;C2-R2;12.08.2024;33;12.08.2024 20:20;73.2;11.4;6.6;1.48;7934;0.44;169;14.8;4.5
1840.01;925;938;C2-R2;12.08.2024;33;12.08.2024 21:14;82.6;11.1;7.7;1.84;8980;0.59;191;17.3;5.1
1841.81;926;939;C2-R2;12.08.2024;33;12.08.2024 23:18;81.8;10.5;8.0;1.76;9325;0.55;198;18.9;5.1
1843.61;927;940;C2-R2;12.08.2024;33;12.08.2024 23:55;75.6;14.9;6.7;1.52;7611;0.46;162;10.8;6.0
1845.41;928;941;C2-R2;13.08.2024;33;13.08.2024 12:18;80.9;11.7;7.1;2.18;10471;0.66;223;19.0;5.0
1847.21;929;942;C2-R2;13.08.2024;33;13.08.2024 13:09;82.8;11.5;7.4;2.20;10430;0.72;222;19.3;5.1
1849.01;930;943;C2-R2;13.08.2024;33;13.08.2024 13:47;78.7;10.8;7.5;2.17;10561;0.70;225;20.8;4.9
1850.81;931;944;C2-R2;13.08.2024;33;13.08.2024 15:37;79.4;11.3;7.4;2.25;10380;0.63;221;19.5;5.0
1852.61;932;945;C2-R2b;13.08.2024;33;13.08.2024 17:38;79.4;11.6;7.1;2.08;9064;0.53;193;16.6;5.0
1854.41;933;946;C2-R2;13.08.2024;33;13.08.2024 18:14;72.4;10.0;7.5;1.85;9343;0.61;199;19.9;4.5
1856.21;934;947;C2-R2;13.08.2024;33;13.08.2024 19:19;67.4;8.8;8.0;1.74;10105;0.51;215;24.5;4.2
1858.01;935;948;C2-R2;13.08.2024;33;13.08.2024 20:23;59.1;9.8;6.8;1.27;8128;0.40;173;17.6;4.0
1859.81;936;949;C2-R2;15.08.2024;33;15.08.2024 00:00;85.1;11.5;7.7;1.97;10136;0.57;216;18.7;5.3
1861.61;937;950;C2-R2;15.08.2024;33;15.08.2024 01:08;89.5;12.2;7.6;1.80;8557;0.42;182;15.0;5.6
1863.41;938;951;C2-R2;15.08.2024;33;15.08.2024 02:07;80.8;12.3;6.8;1.77;7458;0.36;159;12.9;5.0
1865.21;939;952;C2-R2;15.08.2024;33;15.08.2024 02:48;80.4;17.6;6.4;1.81;8661;0.46;184;10.5;6.8
1867.01;940;953;C2-R2;15.08.2024;33;15.08.2024 13:24;69.5;10.3;7.0;1.88;10339;0.42;220;21.3;4.3
1868.81;941;954;C2-R2;15.08.2024;33;15.08.2024 15:48;80.0;11.0;7.5;2.03;10427;0.59;222;20.2;4.9
1870.61;942;955;C2-R2;15.08.2024;33;15.08.2024 16:27;85.5;11.6;7.5;2.03;10446;0.61;222;19.1;5.3
1872.41;943;956;C2-R2;15.08.2024;33;15.08.2024 18:23;79.9;10.9;7.5;1.63;8582;0.50;183;16.7;4.9
1874.21;944;957;C2-R2;15.08.2024;33;15.08.2024 19:04;82.9;11.5;7.5;1.53;7746;0.46;165;14.3;5.2
1876.01;945;958;C2-R2;15.08.2024;33;15.08.2024 19:58;74.6;12.8;6.4;1.21;7100;0.22;151;11.8;4.9
1877.81;946;959;C2-R2;16.08.2024;33;16.08.2024 11:44;81.4;11.9;7.0;1.49;8074;0.31;172;14.4;5.0
1879.61;947;960;C2-R2;16.08.2024;33;16.08.2024 13:24;65.8;11.6;6.3;1.08;6509;0.20;138;11.9;4.4
1881.41;948;961;C2-R2;16.08.2024;33;16.08.2024 22:47;73.3;11.6;6.5;1.27;7543;0.23;160;13.9;4.5
1883.21;949;962;C2-R2;17.08.2024;33;17.08.2024 01:07;81.7;12.6;6.7;1.74;8036;0.36;171;13.6;5.1
1885.01;950;963;C2-R2;17.08.2024;33;17.08.2024 02:01;78.5;12.2;6.6;1.70;7546;0.38;161;13.2;4.8
1886.81;951;964;C2-R2;17.08.2024;33;17.08.2024 03:03;77.8;13.1;6.1;1.75;8406;0.34;179;13.6;4.8
1888.61;952;965;C2-R2;17.08.2024;33;17.08.2024 03:38;77.7;11.3;7.2;1.78;8820;0.54;188;16.7;4.8
1890.41;953;966;C2-R2;17.08.2024;33;17.08.2024 04:14;74.6;10.1;7.6;1.73;9073;0.59;193;19.1;4.6
1892.21;954;967;C2-R2;17.08.2024;33;17.08.2024 05:06;76.4;10.5;7.5;1.56;8106;0.59;172;16.5;4.7
1894.01;955;968;C2-R2;17.08.2024;33;17.08.2024 05:46;72.6;10.1;7.4;1.53;7903;0.56;168;16.6;4.5
1895.81;956;969;C2-R2;17.08.2024;33;17.08.2024 06:40;79.8;11.2;7.3;1.69;8072;0.59;172;15.3;4.9
1897.61;957;970;C2-R2;17.08.2024;33;17.08.2024 08:01;70.3;10.4;6.9;1.48;8051;0.49;171;16.4;4.3
1899.41;958;971;C2-R2;17.08.2024;33;17.08.2024 09:11;62.0;10.7;6.0;1.18;6776;0.28;144;13.4;3.9
1901.21;959;972;C2-R2;;1;;;;;;;;;;
1903.01;960;973;C2-R2;19.08.2024;34;19.08.2024 16:45;71.8;11.5;6.5;1.58;7690;0.28;164;14.3;4.5
1904.81;961;974;C2-R2;19.08.2024;34;19.08.2024 20:19;80.2;13.4;6.2;1.87;7865;0.28;167;12.5;4.9
1906.61;962;975;C2-R2;19.08.2024;34;19.08.2024 22:21;79.3;12.9;6.3;1.96;8187;0.26;174;13.5;4.9
1908.41;963;976;C2-R2;19.08.2024;34;19.08.2024 23:58;64.3;13.8;4.8;1.97;8038;0.25;171;12.4;4.0
1910.21;964;977;C2-R2;20.08.2024;34;20.08.2024 01:01;72.2;15.0;5.0;2.14;8222;0.28;175;11.6;4.5
1912.01;965;978;C2-R2;20.08.2024;34;20.08.2024 01:46;77.2;16.1;5.0;2.16;8152;0.30;173;10.8;4.8
1913.81;966;979;C2-R2;20.08.2024;34;20.08.2024 02:43;80.1;16.7;5.0;2.20;8032;0.31;171;10.3;5.0
1915.61;967;980;C2-R2;20.08.2024;34;20.08.2024 03:43;79.1;16.5;4.9;2.17;7616;0.31;162;9.8;4.9
1917.41;968;981;C2-R2;20.08.2024;34;20.08.2024 05:50;77.9;13.7;5.9;1.96;7544;0.35;161;11.8;4.8
1919.21;969;982;C2-R2;20.08.2024;34;20.08.2024 07:11;74.5;12.8;6.0;1.72;8118;0.30;173;13.5;4.6
1921.01;970;983;C2-R2b;20.08.2024;34;20.08.2024 08:41;73.5;12.4;6.1;1.55;7332;0.26;156;12.6;4.5
1922.81;971;984;C2-R2;20.08.2024;34;20.08.2024 09:33;69.1;14.1;5.6;1.33;7128;0.20;152;10.8;4.8
1924.61;972;985;C2-R2;21.08.2024;34;21.08.2024 00:15;77.3;13.3;6.0;1.88;8661;0.25;184;13.8;4.8
1926.41;973;986;C2-R2;21.08.2024;34;21.08.2024 00:55;76.6;13.1;6.0;1.92;8786;0.26;187;14.2;4.7
1928.21;974;987;C2-R2;21.08.2024;34;21.08.2024 01:41;81.7;13.0;6.5;1.93;8517;0.27;181;13.9;5.1
1930.01;975;988;C2-R2;21.08.2024;34;21.08.2024 02:14;78.7;12.6;6.5;1.94;8526;0.35;181;14.5;4.9
1931.81;976;989;C2-R2;21.08.2024;34;21.08.2024 03:21;79.2;11.8;7.0;2.27;10480;0.53;223;19.0;4.9
1933.61;977;990;C2-R2;21.08.2024;34;21.08.2024 03:57;83.0;12.2;7.0;2.42;10645;0.65;226;18.6;5.1
1935.41;978;991;C2-R2;21.08.2024;34;21.08.2024 04:31;77.3;11.5;6.9;2.23;10977;0.70;234;20.3;4.8
1937.21;979;992;C2-R2;21.08.2024;34;21.08.2024 05:17;74.8;11.1;7.0;2.15;11188;0.70;238;21.5;4.6
1939.01;980;993;C2-R2;21.08.2024;34;21.08.2024 05:54;77.3;11.4;7.0;2.07;10869;0.66;231;20.3;4.8
1940.81;981;994;C2-R2;21.08.2024;34;21.08.2024 06:44;72.8;10.6;7.0;1.97;10559;0.66;225;21.1;4.5
1942.61;982;995;C2-R2;21.08.2024;34;21.08.2024 09:51;72.3;9.3;8.0;1.80;9856;0.68;210;22.5;4.5
1944.41;983;996;C2-R2;21.08.2024;34;21.08.2024 12:04;65.6;9.8;7.0;1.89;9927;0.54;211;21.6;4.1
1946.21;984;997;C2-R2;21.08.2024;34;21.08.2024 12:46;76.2;9.7;8.2;1.90;9918;0.58;211;21.8;4.7
1948.01;985;998;C2-R2;21.08.2024;34;21.08.2024 13:28;76.5;11.6;7.2;1.71;8695;0.40;185;15.9;5.0
1949.81;986;999;C2-R2;21.08.2024;34;21.08.2024 23:51;84.6;13.2;6.6;2.03;8525;0.38;181;13.7;5.2
1951.61;987;1000;C2-R2;22.08.2024;34;22.08.2024 00:32;81.0;12.8;6.5;1.80;7767;0.35;165;13.0;5.0
1953.41;988;1001;C2-R2;22.08.2024;34;22.08.2024 01:10;81.8;12.8;6.6;1.72;7675;0.32;163;12.7;5.0
1955.21;989;1002;C2-R2;22.08.2024;34;22.08.2024 01:49;79.1;12.4;6.6;1.77;8201;0.32;174;14.0;4.9
1957.01;990;1003;C2-R2;22.08.2024;34;22.08.2024 02:33;80.8;12.8;6.5;2.02;8909;0.34;190;14.8;5.0
1958.81;991;1004;C2-R2;22.08.2024;34;22.08.2024 03:06;81.9;13.1;6.4;1.89;8530;0.31;181;13.8;5.1
1960.61;992;1005;C2-R2;22.08.2024;34;22.08.2024 03:27;72.6;12.1;6.4;1.08;5963;0.18;127;10.5;4.6
1962.41;993;1006;C2-R2;22.08.2024;34;22.08.2024 04:10;83.3;13.1;6.5;1.90;8414;0.31;179;13.7;5.1
1964.21;994;1007;C2-R2;22.08.2024;34;22.08.2024 04:45;83.0;13.0;6.5;1.87;8336;0.31;177;13.6;5.1
1966.01;995;1008;C2-R2;22.08.2024;34;22.08.2024 05:19;87.6;13.7;6.6;1.78;7594;0.30;162;11.8;5.4
1967.81;996;1009;C2-R2;22.08.2024;34;22.08.2024 05:54;77.7;11.6;6.9;1.66;7948;0.35;169;14.6;4.8
1969.61;997;1010;C2-R2;22.08.2024;34;22.08.2024 06:56;75.0;10.5;7.4;1.81;9083;0.44;193;18.4;4.7
1971.41;998;1011;C2-R2;22.08.2024;34;22.08.2024 07:45;76.1;9.8;8.0;1.80;9330;0.39;199;20.3;4.7
1973.21;999;1012;C2-R2;22.08.2024;34;22.08.2024 08:26;75.2;11.1;7.3;1.48;7393;0.31;157;14.2;4.9
1975.01;1000;1013;C2-R2;22.08.2024;34;22.08.2024 21:02;76.3;12.7;6.3;2.08;8587;0.31;183;14.4;4.8
1976.81;1001;1014;C2-R2;22.08.2024;34;22.08.2024 21:38;81.8;12.1;6.9;2.21;9246;0.38;197;16.2;5.0
1978.61;1002;1015;C2-R2;22.08.2024;34;22.08.2024 22:11;82.4;12.6;6.7;2.08;8392;0.35;179;14.1;5.1
1980.41;1003;1016;C2-R2;22.08.2024;34;22.08.2024 22:43;81.1;12.9;6.5;2.23;9604;0.34;204;15.9;5.0
1982.21;1004;1017;C2-R2;22.08.2024;34;22.08.2024 23:17;84.2;13.0;6.7;2.21;9935;0.39;211;16.3;5.2
1984.01;1005;1018;C2-R2;22.08.2024;34;22.08.2024 23:50;87.2;12.8;7.0;2.10;8993;0.44;191;15.0;5.4
1985.81;1006;1019;C2-R2;23.08.2024;34;23.08.2024 00:23;82.0;12.1;7.1;1.98;9656;0.42;205;17.0;5.1
1987.61;1007;1020;C2-R2;23.08.2024;34;23.08.2024 01:06;83.4;12.3;7.0;1.87;8787;0.36;187;15.2;5.2
1989.41;1008;1021;C2-R2;23.08.2024;34;23.08.2024 02:00;88.2;12.9;7.1;2.13;9557;0.41;203;15.8;5.4
1991.21;1009;1022;C2-R2;23.08.2024;34;23.08.2024 02:31;90.4;13.1;7.1;2.00;8459;0.41;180;13.8;5.6
1993.01;1010;1023;C2-R2;23.08.2024;34;23.08.2024 03:02;88.6;13.0;7.0;2.08;9453;0.42;201;15.4;5.5
1994.81;1011;1024;C2-R2;23.08.2024;34;23.08.2024 03:46;86.7;12.7;7.0;2.14;9639;0.41;205;16.2;5.3
1996.61;1012;1025;C2-R2;23.08.2024;34;23.08.2024 04:30;86.7;12.7;7.0;2.05;9537;0.40;203;16.0;5.3
1998.41;1013;1026;C2-R2;23.08.2024;34;23.08.2024 05:02;79.5;12.3;6.7;1.66;8326;0.31;177;14.4;4.9
2000.21;1014;1027;C2-R2;23.08.2024;34;23.08.2024 11:41;75.7;10.1;7.7;1.90;8445;0.49;180;17.8;4.7
2002.01;1015;1028;C2-R2;23.08.2024;34;23.08.2024 14:18;74.3;9.8;7.9;1.73;8802;0.46;187;19.2;4.6
2003.81;1016;1029;C2-R2;23.08.2024;34;23.08.2024 15:12;86.0;11.3;7.9;1.85;9231;0.50;196;17.3;5.3
2005.61;1017;1030;C2-R2;23.08.2024;34;23.08.2024 16:12;71.2;9.7;7.6;1.59;8399;0.48;179;18.4;4.4
2007.41;1018;1031;C2-R2;23.08.2024;34;23.08.2024 17:21;77.5;10.9;7.3;1.84;8923;0.56;190;17.5;4.8
2009.21;1019;1032;C2-R2;23.08.2024;34;23.08.2024 18:55;86.0;12.2;7.3;2.05;9794;0.62;208;17.2;5.3
2011.01;1020;1033;C2-R2;23.08.2024;34;23.08.2024 19:27;83.4;11.8;7.3;1.78;8148;0.57;173;14.7;5.2
2012.81;1021;1034;C2-R2;23.08.2024;34;23.08.2024 20:24;84.0;12.0;7.2;1.73;7529;0.50;160;13.4;5.1
2014.61;1022;1035;C2-R2;23.08.2024;34;23.08.2024 20:56;82.2;13.1;6.4;1.68;7904;0.32;168;12.9;5.0
2016.41;1023;1036;C2-R2;23.08.2024;34;23.08.2024 21:36;81.5;13.5;6.3;1.40;6385;0.26;136;10.1;5.1
2018.21;1024;1037;C2-R2;24.08.2024;34;24.08.2024 17:39;84.4;13.0;6.7;1.91;7692;0.38;164;12.6;5.2
2020.01;1025;1038;C2-R2;24.08.2024;34;24.08.2024 18:11;81.4;12.4;6.7;2.11;8693;0.42;185;14.9;4.9
2021.81;1026;1039;C2-R2;24.08.2024;34;24.08.2024 19:02;83.4;12.3;7.0;2.09;9309;0.53;198;16.1;5.1
2023.61;1027;1040;C2-R2;24.08.2024;34;24.08.2024 19:34;79.6;11.8;7.0;2.11;9775;0.53;208;17.7;4.9
2025.41;1028;1041;C2-R2;24.08.2024;34;24.08.2024 20:13;88.0;12.5;7.2;2.14;9636;0.64;205;16.4;5.4
2027.21;1029;1042;C2-R2;24.08.2024;34;24.08.2024 20:51;86.5;12.3;7.2;1.96;9497;0.61;202;16.5;5.3
2029.01;1030;1043;C2-R2;24.08.2024;34;24.08.2024 21:44;83.7;11.7;7.3;2.08;10060;0.63;214;18.2;5.1
2030.81;1031;1044;C2-R2;24.08.2024;34;24.08.2024 22:32;82.0;11.4;7.4;1.92;10081;0.60;214;18.8;5.1
2032.61;1032;1045;C2-R2;24.08.2024;34;24.08.2024 23:22;80.1;11.2;7.3;1.78;9437;0.53;201;17.9;4.9
2034.41;1033;1046;C2-R2;24.08.2024;34;24.08.2024 23:53;77.8;11.5;7.0;1.56;8218;0.48;175;15.3;4.8
2036.21;1034;1047;C2-R2;26.08.2024;35;26.08.2024 13:43;86.3;12.9;6.8;2.00;7824;0.31;166;12.9;5.3
2038.01;1035;1048;C2-R2;26.08.2024;35;26.08.2024 14:19;86.0;12.7;6.9;2.11;7615;0.32;162;12.8;5.3
2039.81;1036;1049;C2-R2b;26.08.2024;35;26.08.2024 15:00;85.5;12.6;7.0;2.12;8542;0.31;182;14.4;5.3
2041.61;1037;1050;C2-R2;26.08.2024;35;26.08.2024 15:32;75.5;17.1;5.7;1.70;7755;0.23;165;9.7;5.8
2043.41;1038;1051;C2-R2;26.08.2024;35;26.08.2024 20:20;79.4;11.7;7.0;1.99;8370;0.30;178;15.2;4.9
2045.21;1039;1052;C2-R2;26.08.2024;35;26.08.2024 20:56;80.0;11.9;7.0;2.02;8561;0.32;182;15.3;5.0
2047.01;1040;1053;C2-R2;26.08.2024;35;26.08.2024 23:03;86.6;12.7;7.0;2.20;9366;0.43;199;15.7;5.4
2048.81;1041;1054;C2-R2;26.08.2024;35;26.08.2024 23:44;84.0;12.3;7.0;2.05;9214;0.33;196;15.9;5.2
2050.61;1042;1055;C2-R2;27.08.2024;35;27.08.2024 00:28;80.9;11.8;7.0;1.95;9724;0.29;207;17.5;5.0
2052.41;1043;1056;C2-R2;27.08.2024;35;27.08.2024 01:04;87.3;12.8;7.0;2.02;9512;0.29;202;15.9;5.4
2054.21;1044;1057;C2-R2;27.08.2024;35;27.08.2024 01:44;92.0;13.5;7.0;2.09;8935;0.28;190;14.1;5.7
2056.01;1045;1058;C2-R2;27.08.2024;35;27.08.2024 02:59;93.9;13.7;7.0;2.16;8388;0.27;178;13.0;5.8
2057.81;1046;1059;C2-R2;27.08.2024;35;27.08.2024 03:33;88.5;13.0;7.0;2.08;9016;0.26;192;14.8;5.5
2059.61;1047;1060;C2-R2;27.08.2024;35;27.08.2024 04:07;83.1;12.3;7.0;1.91;9264;0.26;197;16.1;5.2
2061.41;1048;1061;C2-R2;27.08.2024;35;27.08.2024 04:40;92.5;13.5;7.0;2.03;9061;0.25;193;14.3;5.7
2063.21;1049;1062;C2-R2;27.08.2024;35;27.08.2024 05:32;94.9;14.4;6.8;1.69;7479;0.22;159;11.0;5.9
2065.01;1050;1063;C2-R2;27.08.2024;35;27.08.2024 06:33;84.1;15.5;5.6;1.71;7077;0.15;151;9.7;5.2
2066.81;1051;1064;C2-R2;27.08.2024;35;27.08.2024 07:33;74.2;15.2;5.3;1.69;6665;0.20;142;9.3;4.8
2068.61;1052;1065;C2-R2;28.08.2024;35;28.08.2024 21:53;65.8;14.1;5.2;1.48;6513;0.26;139;9.8;4.4
2070.41;1053;1066;C2-R2;29.08.2024;35;29.08.2024 03:47;87.0;14.8;6.2;1.84;7031;0.33;150;10.1;5.5
2072.21;1054;1067;C2-R2;29.08.2024;35;29.08.2024 04:18;81.1;13.4;6.2;1.56;6531;0.29;139;10.4;5.0
2074.01;1055;1068;C2-R2;29.08.2024;35;29.08.2024 04:51;90.8;14.7;6.3;1.70;7579;0.26;161;10.9;5.6
2075.81;1056;1069;C2-R2;29.08.2024;35;29.08.2024 05:27;89.4;12.9;7.1;1.76;7877;0.34;168;13.0;5.5
2077.61;1057;1070;C2-R2;29.08.2024;35;29.08.2024 06:34;83.3;14.0;6.1;1.90;7799;0.22;166;11.9;5.1
2079.41;1058;1071;C2-R2;29.08.2024;35;29.08.2024 07:07;80.6;13.9;5.9;1.88;7582;0.21;161;11.6;4.9
2081.21;1059;1072;C2-R2;29.08.2024;35;29.08.2024 07:40;83.8;14.6;5.9;2.01;7691;0.23;164;11.2;5.1
2083.01;1060;1073;C2-R2;29.08.2024;35;29.08.2024 08:32;87.7;13.8;6.6;2.02;7321;0.26;156;11.3;5.4
2084.81;1061;1074;C2-R2;29.08.2024;35;29.08.2024 18:26;76.9;27.5;3.2;0.21;1763;0.00;38;1.4;5.3
2086.61;1062;1075;C2-R2;29.08.2024;35;29.08.2024 18:58;78.5;11.7;6.9;1.87;7743;0.26;165;14.1;4.9
2088.41;1063;1076;C2-R2;29.08.2024;35;29.08.2024 19:32;69.2;14.2;6.1;1.68;7506;0.26;160;11.2;5.2
2090.21;1064;1077;C2-R2;30.08.2024;35;30.08.2024 03:34;79.3;11.7;7.0;2.09;9759;0.43;208;17.7;4.9
2092.01;1065;1078;C2-R2;30.08.2024;35;30.08.2024 04:08;91.4;13.4;7.0;2.09;9380;0.51;200;14.8;5.7
2093.81;1066;1079;C2-R2;30.08.2024;35;30.08.2024 04:37;73.5;11.8;6.4;1.72;8271;0.50;176;15.0;4.5
2095.61;1067;1080;C2-R2;30.08.2024;35;30.08.2024 08:15;87.7;13.1;6.9;1.82;8845;0.59;188;14.4;5.4
2097.41;1068;1081;C2-R2;30.08.2024;35;30.08.2024 10:05;85.4;12.6;7.0;1.92;9574;0.62;204;16.2;5.3
2099.21;1069;1082;C2-R2;30.08.2024;35;30.08.2024 10:42;81.8;12.5;6.7;1.80;8514;0.54;181;14.5;5.0
2101.01;1070;1083;C2-R2;30.08.2024;35;30.08.2024 12:18;84.2;12.4;7.0;1.87;9046;0.61;192;15.5;5.2
2102.81;1071;1084;C2-R2;30.08.2024;35;30.08.2024 12:50;89.3;13.1;7.0;1.89;9384;0.60;200;15.3;5.5
2104.61;1072;1085;C2-R2;30.08.2024;35;30.08.2024 13:21;90.7;13.5;6.9;2.09;9754;0.68;208;15.4;5.6
2106.41;1073;1086;C2-R2;30.08.2024;35;30.08.2024 13:52;83.6;11.9;7.2;2.12;10085;0.80;215;18.0;5.2
2108.21;1074;1087;C2-R2;30.08.2024;35;30.08.2024 14:25;82.5;11.4;7.4;2.24;10697;0.87;228;20.0;5.1
2110.01;1075;1088;C2-R2;30.08.2024;35;30.08.2024 14:59;66.3;12.4;6.4;1.70;9084;0.61;193;15.6;4.8
2111.81;1076;1089;C2-R2;31.08.2024;35;31.08.2024 20:51;43.8;8.1;5.6;1.71;9571;0.45;204;25.1;2.7
2113.61;1077;1090;C2-R2;01.09.2024;35;01.09.2024 01:56;47.3;10.0;5.3;1.57;9063;0.36;193;19.2;3.2
2115.41;1078;1091;C2-R2;02.09.2024;36;02.09.2024 16:03;83.6;11.5;7.4;2.44;11284;0.65;240;20.9;5.1
2117.21;1079;1092;C2-R2;02.09.2024;36;02.09.2024 16:37;84.1;11.6;7.4;2.31;10643;0.61;226;19.5;5.2
2119.01;1080;1093;C2-R2;02.09.2024;36;02.09.2024 17:22;76.0;10.5;7.4;2.19;11297;0.57;240;23.0;4.7
2120.81;1081;1094;C2-R2;02.09.2024;36;02.09.2024 18:00;82.6;11.6;7.4;2.39;10562;0.57;225;19.5;5.1
2122.61;1082;1095;C2-R2;02.09.2024;36;02.09.2024 19:10;84.9;11.8;7.4;2.40;10332;0.56;220;18.7;5.2
2124.41;1083;1096;C2-R2;02.09.2024;36;02.09.2024 19:42;81.2;11.3;7.4;2.40;11094;0.58;236;20.9;5.0
2126.21;1084;1097;C2-R2;02.09.2024;36;02.09.2024 20:24;83.5;11.6;7.4;2.61;11855;0.61;252;21.8;5.1
2128.01;1085;1098;C2-R2;02.09.2024;36;02.09.2024 21:14;80.6;11.2;7.4;2.61;12508;0.62;266;23.8;5.0
2129.81;1086;1099;C2-R2;02.09.2024;36;02.09.2024 22:31;81.9;11.3;7.4;2.65;12454;0.67;265;23.4;5.0
2131.61;1087;1100;C2-R2;02.09.2024;36;02.09.2024 23:06;81.8;11.3;7.4;2.54;11716;0.66;249;22.0;5.1
2133.41;1088;1101;C2-R2b;02.09.2024;36;02.09.2024 23:43;82.7;11.5;7.4;2.52;11259;0.66;240;20.8;5.1
2135.21;1089;1102;C2-R2;03.09.2024;36;03.09.2024 00:21;72.4;11.0;7.0;2.03;9358;0.48;199;18.1;4.6
2137.01;1090;1103;C2-R2;03.09.2024;36;03.09.2024 08:06;82.4;11.3;7.5;2.49;11444;0.57;243;21.5;5.1
2138.81;1091;1104;C2-R2;03.09.2024;36;03.09.2024 08:41;84.6;11.6;7.5;2.61;11712;0.55;249;21.4;5.3
2140.61;1092;1105;C2-R2;03.09.2024;36;03.09.2024 11:38;82.9;11.2;7.6;2.40;11191;0.53;238;21.2;5.1
2142.41;1093;1106;C2-R2;03.09.2024;36;03.09.2024 12:11;83.4;11.5;7.5;2.17;9783;0.46;208;18.2;5.2
2144.21;1094;1107;C2-R2;03.09.2024;36;03.09.2024 12:46;80.7;11.2;7.5;1.89;8986;0.39;191;17.1;5.0
2146.01;1095;1108;C2-R2;03.09.2024;36;03.09.2024 13:31;89.7;12.3;7.5;2.05;9545;0.42;203;16.5;5.5
2147.81;1096;1109;C2-R2;03.09.2024;36;03.09.2024 14:04;83.0;12.4;7.2;2.07;9526;0.41;203;16.3;5.4
2149.61;1097;1110;C2-R2;03.09.2024;36;03.09.2024 15:07;85.3;12.0;7.3;2.35;10797;0.38;230;19.2;5.3
2151.41;1098;1111;C2-R2;03.09.2024;36;03.09.2024 15:45;86.3;12.2;7.3;2.27;10071;0.38;214;17.6;5.3
2153.21;1099;1112;C2-R2;03.09.2024;36;03.09.2024 16:39;86.8;12.2;7.4;2.05;8784;0.39;187;15.4;5.4
2155.01;1100;1113;C2-R2;03.09.2024;36;03.09.2024 17:13;88.3;12.8;7.1;2.06;8637;0.34;184;14.4;5.4
2156.81;1101;1114;C2-R2;03.09.2024;36;03.09.2024 17:44;89.3;13.0;7.1;1.87;8446;0.31;180;13.8;5.5
2158.61;1102;1115;C2-R2;03.09.2024;36;03.09.2024 18:18;83.6;12.3;7.0;1.73;7597;0.29;162;13.2;5.2
2160.41;1103;1116;C2-R2;03.09.2024;36;03.09.2024 22:17;73.9;15.1;5.3;1.54;5685;0.17;121;8.0;4.8
2162.21;1104;1117;C2-R2;04.09.2024;36;04.09.2024 11:05;84.3;13.4;6.5;1.67;6720;0.24;143;10.7;5.2
2164.01;1105;1118;C2-R2;04.09.2024;36;04.09.2024 12:33;84.0;13.3;6.5;1.80;7890;0.25;168;12.6;5.2
2165.81;1106;1119;C2-R2;04.09.2024;36;04.09.2024 13:09;83.3;13.0;6.6;1.96;8083;0.30;172;13.2;5.2
2167.61;1107;1120;C2-R2;04.09.2024;36;04.09.2024 14:15;80.7;12.6;6.6;1.88;7975;0.34;170;13.5;5.0
2169.41;1108;1121;C2-R2;04.09.2024;36;04.09.2024 18:09;82.2;12.2;7.0;1.86;7479;0.47;159;13.1;5.1
2171.21;1109;1122;C2-R2;04.09.2024;36;04.09.2024 18:49;81.9;12.1;7.0;1.99;8807;0.59;187;15.6;5.1
2173.01;1110;1123;C2-R2;04.09.2024;36;04.09.2024 19:27;80.5;11.8;7.0;2.13;9605;0.75;204;17.3;5.0
2174.81;1111;1124;C2-R2;04.09.2024;36;04.09.2024 20:05;77.1;11.4;7.0;2.22;10982;0.74;234;20.5;4.8
2176.61;1112;1125;C2-R2;04.09.2024;36;04.09.2024 20:43;84.5;12.4;7.0;2.51;11787;0.87;251;20.2;5.2
2178.41;1113;1126;C2-R2;04.09.2024;36;04.09.2024 21:16;80.3;11.1;7.5;2.48;12657;1.08;269;24.3;5.0
2180.21;1114;1127;C2-R2;04.09.2024;36;04.09.2024 22:24;77.9;10.6;7.5;2.44;12495;1.11;266;25.0;4.8
2182.01;1115;1128;C2-R2;04.09.2024;36;04.09.2024 23:06;67.7;9.3;7.6;2.23;11934;1.13;254;27.2;4.2
2183.81;1116;1129;C2-R2;05.09.2024;36;05.09.2024 00:17;69.3;9.4;7.6;2.38;12822;1.16;273;28.9;4.3
2185.61;1117;1130;C2-R2;05.09.2024;36;05.09.2024 00:56;60.8;8.4;7.6;1.97;10866;0.95;231;27.5;3.8
2187.41;1118;1131;C2-R2;05.09.2024;36;05.09.2024 09:08;68.0;8.9;7.9;2.44;12249;1.15;261;29.2;4.2
2189.21;1119;1132;C2-R2;05.09.2024;36;05.09.2024 12:50;62.5;8.7;7.5;2.21;11992;1.06;255;29.3;3.9
2191.01;1120;1133;C2-R2;05.09.2024;36;05.09.2024 13:52;76.1;10.6;7.4;2.26;11257;1.04;240;22.5;4.7
2192.81;1121;1134;C2-R2;05.09.2024;36;05.09.2024 14:29;58.2;8.5;7.1;1.97;11343;0.88;241;28.3;3.6
2194.61;1122;1135;C2-R2;05.09.2024;36;05.09.2024 15:49;71.0;12.3;6.6;2.36;12509;1.01;266;21.7;4.8
2196.41;1123;1136;C2-R2;05.09.2024;36;05.09.2024 17:05;49.5;6.9;7.7;1.50;8957;0.65;191;27.7;3.2
2198.21;1124;1137;C2-R2;05.09.2024;36;05.09.2024 21:58;77.7;9.8;8.2;2.13;10485;0.90;223;22.7;4.8
2200.01;1125;1138;C2-R2;05.09.2024;36;05.09.2024 22:35;82.0;10.3;8.2;2.07;10167;0.85;216;21.0;5.1
2201.81;1126;1139;C2-R2;05.09.2024;36;05.09.2024 23:15;79.4;10.1;8.1;2.19;10531;0.93;224;22.2;4.9
2203.61;1127;1140;C2-R2;05.09.2024;36;05.09.2024 23:53;77.9;9.9;8.2;2.30;10328;0.95;220;22.3;4.8
2205.41;1128;1141;C2-R2;06.09.2024;36;06.09.2024 00:35;64.2;8.4;7.9;1.92;9636;0.79;205;24.4;4.0
2207.21;1129;1142;C2-R2;06.09.2024;36;06.09.2024 01:42;74.0;10.3;7.4;2.58;12446;0.93;265;25.7;4.5
2209.01;1130;1143;C2-R2;06.09.2024;36;06.09.2024 02:27;73.2;10.1;7.4;2.61;12999;0.88;277;27.3;4.5
2210.81;1131;1144;C2-R2;06.09.2024;36;06.09.2024 03:05;57.3;9.7;6.5;1.92;10679;0.62;227;23.4;3.8
2212.61;1132;1145;C2-R2;06.09.2024;36;06.09.2024 13:44;57.3;8.2;7.2;2.05;11948;0.63;254;31.0;3.5
2214.41;1133;1146;C2-R2;06.09.2024;36;06.09.2024 14:28;61.7;8.8;7.2;2.19;12137;0.64;258;29.3;3.8
2216.21;1134;1147;C2-R2;06.09.2024;36;06.09.2024 19:31;75.3;10.7;7.2;2.66;12925;0.75;275;25.6;4.7
2218.01;1135;1148;C2-R2;06.09.2024;36;06.09.2024 20:55;74.2;10.6;7.2;2.59;13036;0.67;277;26.1;4.6
2219.81;1136;1149;C2-R2;06.09.2024;36;06.09.2024 21:32;79.6;11.4;7.2;2.73;12961;0.61;276;24.3;4.9
2221.61;1137;1150;C2-R2;06.09.2024;36;06.09.2024 22:07;81.2;11.6;7.2;2.63;12313;0.48;262;22.6;5.0
2223.41;1138;1151;C2-R2;06.09.2024;36;06.09.2024 22:48;81.4;11.7;7.2;2.35;10958;0.37;233;20.0;5.0
2225.21;1139;1152;C2-R2;06.09.2024;36;06.09.2024 23:26;78.0;11.1;7.2;1.94;9471;0.32;202;18.1;4.8
2227.01;1140;1153;C2-R2;07.09.2024;36;07.09.2024 01:14;81.2;11.6;7.3;1.90;8953;0.31;190;16.4;5.1
2228.81;1141;1154;C2-R2;07.09.2024;36;07.09.2024 01:52;80.3;11.4;7.3;1.72;7983;0.37;170;14.9;5.0
2230.61;1142;1155;C2-R2;07.09.2024;36;07.09.2024 02:27;79.2;11.2;7.3;1.72;8772;0.51;187;16.6;4.9
2232.41;1143;1156;C2-R2;07.09.2024;36;07.09.2024 03:02;76.8;11.0;7.3;1.85;9731;0.62;207;18.9;4.8
2234.21;1144;1157;C2-R2;07.09.2024;36;07.09.2024 03:50;77.7;11.1;7.2;1.96;9401;0.70;200;18.0;4.8
2236.01;1145;1158;C2-R2;07.09.2024;36;07.09.2024 04:26;59.8;9.7;6.5;1.49;8123;0.58;173;17.9;3.7
2237.81;1146;1159;C2-R2;07.09.2024;36;07.09.2024 09:58;83.1;12.0;7.1;2.39;10377;0.88;221;18.4;5.1
2239.61;1147;1160;C2-R2;07.09.2024;36;07.09.2024 10:32;82.4;12.0;7.1;2.32;10759;0.88;229;19.1;5.1
2241.41;1148;1161;C2-R2;07.09.2024;36;07.09.2024 11:07;78.3;11.4;7.1;2.30;11031;0.88;235;20.6;4.9
2243.21;1149;1162;C2-R2;07.09.2024;36;07.09.2024 11:55;66.7;9.7;7.1;2.12;10857;0.91;231;23.8;4.1
2245.01;1150;1163;C2-R2;07.09.2024;36;07.09.2024 12:35;69.4;10.1;7.1;2.27;11620;0.97;247;24.4;4.3
2246.81;1151;1164;C2-R2;07.09.2024;36;07.09.2024 13:13;78.9;13.7;6.6;2.38;11695;0.97;249;18.2;5.4
2248.61;1152;1165;C2-R2;07.09.2024;36;07.09.2024 14:10;65.9;9.6;7.1;2.33;12989;1.01;276;28.7;4.1
2250.41;1153;1166;C2-R2;07.09.2024;36;07.09.2024 14:52;60.9;8.9;7.1;2.40;13168;1.05;280;31.4;3.8
2252.21;1154;1167;C2-R2;07.09.2024;36;07.09.2024 15:33;65.5;9.6;7.1;2.42;12438;1.07;265;27.6;4.1
2254.01;1155;1168;C2-R2;07.09.2024;36;07.09.2024 16:26;69.0;10.1;7.1;2.18;10754;0.94;229;22.7;4.3
2255.81;1156;1169;C2-R2;07.09.2024;36;07.09.2024 17:05;80.1;11.7;7.1;2.54;11332;1.04;241;20.5;5.0
2257.61;1157;1170;C2-R2;07.09.2024;36;07.09.2024 17:40;74.2;10.9;7.1;2.18;10266;0.90;218;20.1;4.6
2259.41;1158;1171;C2-R2b;07.09.2024;36;07.09.2024 19:47;66.3;9.8;7.1;1.98;10297;0.75;219;22.4;4.1
2261.21;1159;1172;C2-R2;07.09.2024;36;07.09.2024 21:00;58.7;9.1;6.8;1.22;6714;0.47;143;15.7;3.7
2263.01;1160;1173;C2-R2;09.09.2024;37;09.09.2024 19:20;71.3;9.5;7.7;1.55;7678;0.71;163;17.2;4.4
2264.81;1161;1174;C2-R2;09.09.2024;37;09.09.2024 20:15;71.9;9.2;8.1;1.78;9429;0.83;201;21.9;4.4
2266.61;1162;1175;C2-R2;09.09.2024;37;09.09.2024 20:59;81.1;10.5;8.0;1.79;9577;0.84;204;19.3;5.0
2268.41;1163;1176;C2-R2;09.09.2024;37;09.09.2024 21:33;77.1;10.8;7.4;1.78;8020;0.81;171;15.8;4.8
2270.21;1164;1177;C2-R2;09.09.2024;37;09.09.2024 22:27;80.4;10.6;7.9;2.06;8946;0.92;190;18.0;5.0
2272.01;1165;1178;C2-R2;09.09.2024;37;09.09.2024 23:05;77.4;10.2;7.9;1.83;8853;0.77;188;18.6;4.8
2273.81;1166;1179;C2-R2;10.09.2024;37;10.09.2024 00:05;75.9;10.0;7.9;1.85;9383;0.89;200;20.0;4.7
2275.61;1167;1180;C2-R2;10.09.2024;37;10.09.2024 00:42;77.1;10.1;8.0;2.01;10123;0.97;215;21.3;4.8
2277.41;1168;1181;C2-R2;10.09.2024;37;10.09.2024 01:17;79.8;10.2;8.2;1.91;9509;0.93;202;19.9;5.0
2279.21;1169;1182;C2-R2;10.09.2024;37;10.09.2024 02:01;71.1;9.2;8.2;1.54;9238;0.83;197;21.5;4.5
2281.01;1170;1183;C2-R2;10.09.2024;37;10.09.2024 02:55;77.1;10.3;7.9;1.46;8177;0.75;174;16.9;4.9
2282.81;1171;1184;C2-R2;10.09.2024;37;10.09.2024 03:33;75.7;10.1;7.8;1.46;8293;0.73;176;17.5;4.7
2284.61;1172;1185;C2-R2;10.09.2024;37;10.09.2024 04:10;80.8;13.0;6.6;1.39;7057;0.54;150;11.6;5.1
2286.41;1173;1186;C2-R2;10.09.2024;37;10.09.2024 11:37;66.4;10.6;6.6;1.27;7033;0.46;150;14.1;4.2
2288.21;1174;1187;C2-R2;11.09.2024;37;11.09.2024 00:14;72.6;9.3;8.1;1.67;9716;0.77;207;22.2;4.5
2290.01;1175;1188;C2-R2;11.09.2024;37;11.09.2024 01:24;68.2;9.0;8.0;1.66;10522;0.76;224;24.8;4.3
2291.81;1176;1189;C2-R2;11.09.2024;37;11.09.2024 02:03;70.6;9.2;8.0;1.76;11254;0.88;239;26.1;4.4
2293.61;1177;1190;C2-R2;11.09.2024;37;11.09.2024 02:48;79.1;10.4;7.9;2.04;10601;0.95;226;21.7;4.9
2295.41;1178;1191;C2-R2;11.09.2024;37;11.09.2024 03:29;74.4;9.8;7.9;1.76;9919;0.82;211;21.5;4.6
2297.21;1179;1192;C2-R2;11.09.2024;37;11.09.2024 04:58;79.4;10.5;7.9;1.83;9650;0.87;205;19.5;5.0
2299.01;1180;1193;C2-R2;11.09.2024;37;11.09.2024 05:39;73.4;9.7;7.9;1.77;9880;0.85;210;21.6;4.6
2300.81;1181;1194;C2-R2;11.09.2024;37;11.09.2024 07:09;77.2;11.3;7.0;2.12;9873;0.88;210;18.5;4.8
2302.61;1182;1195;C2-R2;11.09.2024;37;11.09.2024 08:18;76.0;10.6;7.4;1.85;9404;0.86;200;18.8;4.7
2304.41;1183;1196;C2-R2;11.09.2024;37;11.09.2024 08:55;78.2;10.8;7.5;1.45;7929;0.76;169;15.6;4.9
2306.21;1184;1197;C2-R2;11.09.2024;37;11.09.2024 09:40;77.6;10.8;7.4;1.40;7186;0.71;153;14.2;4.8
2308.01;1185;1198;C2-R2;11.09.2024;37;11.09.2024 11:32;77.8;10.7;7.5;1.43;6781;0.65;144;13.4;4.8
2309.81;1186;1199;C2-R2;11.09.2024;37;11.09.2024 12:16;76.2;10.5;7.5;1.62;8271;0.69;176;16.7;4.7
2311.61;1187;1200;C2-R2;11.09.2024;37;11.09.2024 13:16;68.2;9.8;7.3;1.41;7822;0.61;166;17.0;4.3
2313.41;1188;1201;C2-R2;11.09.2024;37;11.09.2024 21:26;80.8;10.2;8.2;2.13;10605;0.89;226;22.1;5.0
2315.21;1189;1202;C2-R2;11.09.2024;37;11.09.2024 22:23;89.7;11.4;8.1;2.47;11430;0.95;243;21.4;5.5
2317.01;1190;1203;C2-R2;11.09.2024;37;11.09.2024 22:56;92.3;11.6;8.2;2.36;10384;0.90;221;19.1;5.7
2318.81;1191;1204;C2-R2;11.09.2024;37;11.09.2024 23:30;89.5;11.3;8.2;2.25;10726;0.86;228;20.2;5.5
2320.61;1192;1205;C2-R2;12.09.2024;37;12.09.2024 00:05;96.3;12.2;8.2;2.27;10169;0.84;216;17.8;6.0
2322.41;1193;1206;C2-R2;12.09.2024;37;12.09.2024 00:40;82.8;10.5;8.2;2.06;10854;0.71;231;22.0;5.2
2324.21;1194;1207;C2-R2;12.09.2024;37;12.09.2024 01:44;86.2;10.9;8.2;2.18;11028;0.76;235;21.5;5.4
2326.01;1195;1208;C2-R2;12.09.2024;37;12.09.2024 02:18;86.7;11.0;8.2;2.11;10789;0.74;230;20.9;5.4
2327.81;1196;1209;C2-R2;12.09.2024;37;12.09.2024 02:59;73.1;9.6;7.9;1.58;8557;0.56;182;19.0;4.6
2329.61;1197;1210;C2-R2;12.09.2024;37;12.09.2024 16:10;70.2;9.1;8.0;1.97;10289;0.69;219;24.0;4.4
2331.41;1198;1211;C2-R2;12.09.2024;37;12.09.2024 19:21;85.9;10.9;8.2;2.01;9914;0.65;211;19.4;5.4
2333.21;1199;1212;C2-R2;12.09.2024;37;12.09.2024 19:56;94.6;12.0;8.2;1.82;9123;0.53;194;16.2;5.9
2335.01;1200;1213;C2-R2;12.09.2024;37;12.09.2024 21:06;93.6;11.8;8.2;1.95;9173;0.56;195;16.6;5.8
2336.81;1201;1214;C2-R2;12.09.2024;37;12.09.2024 21:45;94.8;11.9;8.2;2.02;9243;0.70;197;16.5;5.9
2338.61;1202;1215;C2-R2;12.09.2024;37;12.09.2024 22:27;95.0;11.9;8.2;2.08;9706;0.70;207;17.3;5.9
2340.41;1203;1216;C2-R2;12.09.2024;37;12.09.2024 23:05;84.4;10.9;8.0;2.12;9731;0.73;207;18.9;5.2
2342.21;1204;1217;C2-R2;13.09.2024;37;13.09.2024 00:55;74.6;9.5;8.2;2.15;10820;0.74;230;24.2;4.6
2344.01;1205;1218;C2-R2;13.09.2024;37;13.09.2024 01:35;74.9;11.0;7.2;2.39;11207;0.71;238;21.7;4.7
2345.81;1206;1219;C2-R2;13.09.2024;37;13.09.2024 02:20;69.4;11.1;6.5;2.43;11715;0.69;249;22.4;4.3
2347.61;1207;1220;C2-R2;13.09.2024;37;13.09.2024 03:01;74.4;11.7;6.6;2.58;11875;0.69;253;21.7;4.6
2349.41;1208;1221;C2-R2;13.09.2024;37;13.09.2024 03:39;75.9;11.4;6.8;2.48;11151;0.59;237;20.8;4.7
2351.21;1209;1222;C2-R2;13.09.2024;37;13.09.2024 04:30;80.8;11.2;7.5;2.36;10840;0.63;231;20.6;5.0
2353.01;1210;1223;C2-R2;13.09.2024;37;13.09.2024 05:22;82.7;11.2;7.6;1.71;7376;0.46;157;14.0;5.1
2354.81;1211;1224;C2-R2;13.09.2024;37;13.09.2024 14:18;74.5;10.6;7.3;2.14;9436;0.60;201;18.9;4.6
2356.61;1212;1225;C2-R2;13.09.2024;37;13.09.2024 15:02;52.7;7.4;7.3;1.69;9942;0.64;212;28.6;3.3
2358.41;1213;1226;C2-R2;13.09.2024;37;13.09.2024 22:48;72.6;9.3;8.1;2.09;11274;0.83;240;25.9;4.5
2360.21;1214;1227;C2-R2;13.09.2024;37;13.09.2024 23:32;63.4;8.7;7.6;2.00;11599;0.78;247;28.3;4.0
2362.01;1215;1228;C2-R2;14.09.2024;37;14.09.2024 14:23;69.4;9.8;7.3;2.36;12112;0.88;258;26.3;4.3
2363.81;1216;1229;C2-R2;14.09.2024;37;14.09.2024 15:51;35.6;5.4;7.1;1.37;9473;0.57;202;37.4;2.3
2365.61;1217;1230;C2-R2;14.09.2024;37;14.09.2024 19:04;25.6;4.4;6.1;1.04;9684;0.40;206;46.8;1.6
2367.41;1218;1231;C2-R2;14.09.2024;37;14.09.2024 21:02;31.8;5.4;6.0;1.08;9373;0.39;199;36.9;1.9
2369.21;1219;1232;C2-R2;16.09.2024;38;16.09.2024 11:48;82.6;10.5;8.1;2.33;11668;0.77;248;23.6;5.1
2371.01;1220;1233;C2-R2b;16.09.2024;38;16.09.2024 12:20;80.7;10.9;7.7;2.20;11017;0.48;234;21.4;5.0
2372.81;1221;1234;C2-R2;16.09.2024;38;16.09.2024 12:55;80.0;11.3;7.3;2.22;10593;0.85;225;20.0;5.0
2374.61;1222;1235;C2-R2;16.09.2024;38;16.09.2024 13:47;80.7;11.4;7.3;2.12;10025;0.76;213;18.8;5.0
2376.41;1223;1236;C2-R2;16.09.2024;38;16.09.2024 14:22;72.7;10.3;7.3;1.91;10354;0.68;220;21.5;4.5
2378.21;1224;1237;C2-R2;16.09.2024;38;16.09.2024 15:04;73.2;10.8;7.1;1.76;10093;0.65;215;19.9;4.6
2380.01;1225;1238;C2-R2;16.09.2024;38;16.09.2024 22:13;76.7;9.7;8.2;1.97;10390;0.79;221;22.8;4.7
2381.81;1226;1239;C2-R2;16.09.2024;38;16.09.2024 23:01;81.0;10.2;8.2;2.19;11048;0.72;235;23.0;5.0
2383.61;1227;1240;C2-R2;16.09.2024;38;16.09.2024 23:48;81.8;10.4;8.1;2.18;11057;0.65;235;22.5;5.1
2385.41;1228;1241;C2-R2;17.09.2024;38;17.09.2024 00:27;84.2;10.6;8.1;2.01;9789;0.51;208;19.7;5.2
2387.21;1229;1242;C2-R2;17.09.2024;38;17.09.2024 01:01;85.2;10.8;8.2;1.88;8933;0.75;190;17.7;5.3
2389.01;1230;1243;C2-R2;17.09.2024;38;17.09.2024 01:44;84.0;11.3;7.6;1.84;8782;0.79;187;16.6;5.1
2390.81;1231;1244;C2-R2;17.09.2024;38;17.09.2024 02:27;83.3;10.9;7.9;1.86;8867;0.91;189;17.4;5.1
2392.61;1232;1245;C2-R2b;17.09.2024;38;17.09.2024 21:45;43.2;13.4;3.4;1.90;8643;0.63;184;13.7;2.8
2394.41;1233;1246;C2-R2;18.09.2024;38;18.09.2024 00:34;40.4;12.6;3.5;1.94;9768;0.64;208;16.5;2.6
2396.21;1234;1247;C2-R2;18.09.2024;38;18.09.2024 01:42;40.9;12.7;3.4;1.88;9061;0.62;193;15.2;2.6
2398.01;1235;1248;C2-R2;18.09.2024;38;18.09.2024 03:20;51.8;12.8;4.5;1.91;8466;0.71;180;14.1;3.4
2399.81;1236;1249;C2-R2;24.09.2024;39;24.09.2024 08:53;74.6;11.8;6.6;1.72;7220;0.71;154;13.1;4.7
2401.61;1237;1250;C2-R2;25.09.2024;39;25.09.2024 09:45;75.9;10.6;7.3;2.21;10729;1.04;228;21.5;4.7
2403.41;1238;1251;C2-R2;25.09.2024;39;25.09.2024 11:57;76.5;10.2;7.7;2.27;11155;1.03;237;23.3;4.7
2405.21;1239;1252;C2-R2;25.09.2024;39;25.09.2024 12:08;79.6;10.5;7.9;2.39;11419;1.15;243;23.2;4.9
2407.01;1240;1253;C2-R2;25.09.2024;39;25.09.2024 12:32;76.7;9.9;8.0;2.26;11667;1.07;248;25.1;4.7
2408.81;1241;1254;C2-R2;25.09.2024;39;25.09.2024 13:07;75.5;9.5;8.1;2.22;12034;1.03;256;26.8;4.7
2410.61;1242;1255;C2-R2;25.09.2024;39;25.09.2024 13:45;76.5;10.3;7.9;2.11;11208;0.91;238;23.2;4.9
2412.41;1243;1256;C2-R2;25.09.2024;39;25.09.2024 14:38;80.6;10.2;8.1;2.25;11167;0.85;238;23.2;5.0
2414.21;1244;1257;C2-R2;25.09.2024;39;25.09.2024 15:33;78.5;10.0;8.1;2.13;10482;0.73;223;22.2;4.9
2416.01;1245;1258;C2-R2;25.09.2024;39;25.09.2024 16:31;77.3;9.8;8.0;2.10;10839;0.70;231;23.5;4.7
2417.81;1246;1259;C2-R2;25.09.2024;39;25.09.2024 17:07;79.2;10.0;8.1;2.25;11331;0.82;241;24.1;4.9
2419.61;1247;1260;C2-R2;25.09.2024;39;25.09.2024 17:44;64.8;10.5;6.8;1.74;9289;0.60;198;18.8;4.3
2421.41;1248;1261;C2-R2;26.09.2024;39;26.09.2024 05:29;78.8;11.5;7.1;2.37;11203;0.62;238;20.8;4.9
2423.21;1249;1262;C2-R2;26.09.2024;39;26.09.2024 05:52;84.8;12.3;7.1;2.37;10831;0.60;230;18.7;5.2
2425.01;1250;1263;C2-R2;26.09.2024;39;26.09.2024 06:53;83.2;10.6;8.1;1.77;8359;0.56;178;16.8;5.1
2426.81;1251;1264;C2-R2;26.09.2024;39;26.09.2024 07:47;80.0;10.1;8.2;1.95;9544;0.60;203;20.1;4.9
2428.61;1252;1265;C2-R2;26.09.2024;39;26.09.2024 08:23;81.9;10.3;8.1;2.13;10949;0.66;233;22.6;5.0
2430.41;1253;1266;C2-R2;26.09.2024;39;26.09.2024 08:56;84.8;10.7;8.2;2.30;11431;0.71;243;22.8;5.2
2432.21;1254;1267;C2-R2;26.09.2024;39;26.09.2024 09:36;84.6;10.7;8.1;2.33;11103;0.69;236;22.2;5.2
2434.01;1255;1268;C2-R2;26.09.2024;39;26.09.2024 10:15;80.5;10.2;8.1;2.31;11419;0.72;243;23.9;5.0
2435.81;1256;1269;C2-R2;26.09.2024;39;26.09.2024 10:50;78.9;10.0;8.2;2.24;11680;0.71;249;24.9;4.9
2437.61;1257;1270;C2-R2;26.09.2024;39;26.09.2024 11:39;64.4;10.3;6.9;1.75;9303;0.58;198;19.1;4.3
2439.41;1258;1271;C2-R2;27.09.2024;39;27.09.2024 04:51;64.3;8.8;7.6;2.10;10270;0.69;219;24.7;4.0
2441.21;1259;1272;C2-R2;27.09.2024;39;27.09.2024 06:57;76.6;9.7;8.1;2.32;11768;0.85;250;25.8;4.7
2443.01;1260;1273;C2-R2;27.09.2024;39;27.09.2024 07:32;76.3;9.7;8.1;2.29;12398;0.88;264;27.1;4.7
2444.81;1261;1274;C2-R2;27.09.2024;39;27.09.2024 08:17;76.2;9.6;8.1;2.32;12582;0.84;268;27.8;4.7
2446.61;1262;1275;C2-R2;27.09.2024;39;27.09.2024 09:06;72.9;9.9;7.9;2.16;11698;0.77;249;25.1;4.7
2448.41;1263;1276;C2-R2;27.09.2024;39;27.09.2024 10:07;72.2;9.2;8.1;2.27;11962;0.89;255;27.6;4.5
2450.21;1264;1277;C2-R2;27.09.2024;39;27.09.2024 10:55;72.1;9.1;8.2;2.26;12415;0.95;264;29.2;4.4
2452.01;1265;1278;C2-R2;27.09.2024;39;27.09.2024 11:32;71.4;9.1;8.1;2.26;12740;1.00;271;29.9;4.4
2453.81;1266;1279;C2-R2;27.09.2024;39;27.09.2024 12:34;68.1;8.6;8.1;2.23;12376;1.21;263;30.6;4.2
2455.61;1267;1280;C2-R2;27.09.2024;39;27.09.2024 13:14;57.4;12.7;6.4;1.73;9900;0.85;211;16.5;4.9
2457.41;1268;1281;C2-R2;28.09.2024;39;28.09.2024 06:18;64.9;9.0;7.5;2.25;12583;0.93;268;29.8;4.0
2459.21;1269;1282;C2-R2;28.09.2024;39;28.09.2024 06:57;69.5;8.8;8.1;2.18;12817;0.97;273;31.0;4.3
2461.01;1270;1283;C2-R2;28.09.2024;39;28.09.2024 07:36;68.5;8.7;8.2;2.21;12966;0.97;276;31.9;4.2
2462.81;1271;1284;C2-R2;28.09.2024;39;28.09.2024 08:14;68.2;8.6;8.1;2.15;12814;0.78;273;31.7;4.2
2464.61;1272;1285;C2-R2b;28.09.2024;39;28.09.2024 08:55;67.1;8.6;8.1;2.09;12669;0.68;270;31.3;4.2
2466.41;1273;1286;C2-R2;28.09.2024;39;28.09.2024 11:50;73.0;9.2;8.1;2.24;12200;0.76;260;28.2;4.5
2468.21;1274;1287;C2-R2;28.09.2024;39;28.09.2024 12:42;74.9;9.6;8.1;1.97;10900;0.61;232;24.1;4.7
2470.01;1275;1288;C2-R2;28.09.2024;39;28.09.2024 13:21;84.8;10.7;8.2;2.33;11740;0.70;250;23.4;5.2
2471.81;1276;1289;C2-R2;28.09.2024;39;28.09.2024 14:00;74.5;9.4;8.1;1.88;10919;0.55;232;24.7;4.6
2473.61;1277;1290;C2-R2;28.09.2024;39;28.09.2024 14:45;67.3;14.3;6.6;1.59;7824;0.45;166;11.6;5.6
2475.41;1278;1291;C2-R2;01.10.2024;40;01.10.2024 13:02;80.7;11.9;7.0;2.26;9614;0.59;205;17.2;5.0
2477.21;1279;1292;C2-R2;01.10.2024;40;01.10.2024 13:38;77.9;11.4;7.1;2.40;11181;0.77;238;20.8;4.8
2479.01;1280;1293;C2-R2;01.10.2024;40;01.10.2024 14:14;67.7;9.6;7.3;2.26;12089;0.77;257;26.8;4.2
2480.81;1281;1294;C2-R2;01.10.2024;40;01.10.2024 14:52;63.9;9.0;7.3;2.21;12526;0.74;267;29.5;3.9
2482.61;1282;1295;C2-R2;01.10.2024;40;01.10.2024 15:37;68.3;9.7;7.3;2.34;12458;0.75;265;27.4;4.2
2484.41;1283;1296;C2-R2;01.10.2024;40;01.10.2024 16:27;69.1;9.8;7.3;2.24;12378;0.64;263;26.9;4.3
2486.21;1284;1297;C2-R2;01.10.2024;40;01.10.2024 17:05;81.2;11.5;7.3;2.45;11592;0.62;247;21.5;5.0
2488.01;1285;1298;C2-R2;01.10.2024;40;01.10.2024 17:43;85.1;12.1;7.3;2.52;11540;0.60;246;20.3;5.3
2489.81;1286;1299;C2-R2b;01.10.2024;40;01.10.2024 18:39;77.5;11.0;7.3;2.53;11738;0.65;250;22.7;4.8
2491.61;1287;1300;C2-R2;01.10.2024;40;01.10.2024 19:49;61.0;8.8;7.2;1.93;9562;0.54;203;23.2;3.8
2493.41;1288;1301;C2-R2;03.10.2024;40;03.10.2024 01:34;57.1;8.2;7.2;2.23;11225;0.67;239;29.0;3.6
2495.21;1289;1302;C2-R2;03.10.2024;40;03.10.2024 02:33;55.3;7.9;7.2;2.18;11653;0.71;248;31.3;3.4
2497.01;1290;1303;C2-R2;03.10.2024;40;03.10.2024 06:36;58.4;8.5;7.2;2.30;12294;0.80;262;30.9;3.7
2498.81;1291;1304;C2-R2;03.10.2024;40;03.10.2024 08:19;64.9;9.4;7.2;2.53;13219;1.03;281;29.8;4.1
2500.61;1292;1305;C2-R2;03.10.2024;40;03.10.2024 09:03;67.1;9.7;7.1;2.55;13463;1.14;286;29.7;4.1
2502.41;1293;1306;C2-R2;03.10.2024;40;03.10.2024 09:53;68.2;9.9;7.2;2.52;13476;1.25;287;29.1;4.2
2504.21;1294;1307;C2-R2;03.10.2024;40;03.10.2024 10:30;61.7;8.9;7.2;2.26;12987;1.28;276;31.0;3.8
2506.01;1295;1308;C2-R2;03.10.2024;40;03.10.2024 11:23;61.8;8.9;7.2;2.22;12587;1.35;268;30.0;3.8
2507.81;1296;1309;C2-R2;03.10.2024;40;03.10.2024 12:12;77.0;11.1;7.2;2.35;12181;1.35;259;23.5;4.8
2509.61;1297;1310;C2-R2;03.10.2024;40;03.10.2024 14:07;82.0;12.0;7.1;2.11;9458;1.10;201;16.8;5.1
2511.41;1298;1311;C2-R2;03.10.2024;40;03.10.2024 15:41;79.7;12.3;6.7;2.18;9421;1.14;200;16.3;5.0
2513.21;1299;1312;C2-R2;03.10.2024;40;03.10.2024 16:16;78.3;11.7;6.9;2.47;11492;1.42;245;20.8;4.9
2515.01;1300;1313;C2-R2;03.10.2024;40;03.10.2024 16:51;73.8;10.8;7.2;2.49;12639;1.67;269;24.9;4.6
2516.81;1301;1314;C2-R2;03.10.2024;40;03.10.2024 17:28;58.4;10.7;6.4;1.99;10805;1.27;230;21.4;4.1
2518.61;1302;1315;C2-R2;;1;;;;;;;;;;
2520.41;1303;1316;C2-R2;04.10.2024;40;04.10.2024 18:15;61.2;8.8;7.4;2.26;12745;1.62;271;31.0;3.9
2522.21;1304;1317;C2-R2;04.10.2024;40;04.10.2024 19:07;67.4;8.9;7.8;2.32;13143;1.77;280;31.3;4.2
2524.01;1305;1318;C2-R2;04.10.2024;40;04.10.2024 20:03;61.8;8.2;7.8;2.11;13023;1.65;277;33.6;3.8
2525.81;1306;1319;C2-R2;04.10.2024;40;04.10.2024 20:59;53.8;7.2;7.8;1.78;12782;1.41;272;37.7;3.4
2527.61;1307;1320;C2-R2;04.10.2024;40;04.10.2024 21:47;55.9;7.4;7.8;1.76;13073;1.14;278;37.5;3.5
2529.41;1308;1321;C2-R2;04.10.2024;40;04.10.2024 22:46;67.2;9.5;7.4;2.14;11611;1.10;247;26.1;4.2
2531.21;1309;1322;C2-R2;04.10.2024;40;04.10.2024 23:32;73.7;10.7;7.2;2.35;10852;0.90;231;21.6;4.6
2533.01;1310;1323;C2-R2;05.10.2024;40;05.10.2024 01:52;82.3;11.8;7.2;2.13;8986;0.45;191;16.1;5.1
2534.81;1311;1324;C2-R2;05.10.2024;40;05.10.2024 02:27;80.9;11.7;7.2;1.76;7795;0.30;166;14.2;5.0
2536.61;1312;1325;C2-R2;05.10.2024;40;05.10.2024 03:08;72.4;10.4;7.2;1.67;7750;0.29;165;15.8;4.5
2538.41;1313;1326;C2-R2;05.10.2024;40;05.10.2024 04:28;80.4;11.6;7.2;1.88;8308;0.33;177;15.3;5.0
2540.21;1314;1327;C2-R2;05.10.2024;40;05.10.2024 05:06;75.8;11.0;7.2;1.81;8276;0.36;176;16.1;4.7
2542.01;1315;1328;C2-R2;05.10.2024;40;05.10.2024 05:48;70.8;10.3;7.2;1.35;6294;0.25;134;13.0;4.4
2543.81;1316;1329;C2-R2;06.10.2024;40;06.10.2024 01:58;90.0;13.0;7.1;1.58;6553;0.31;139;10.7;5.5
2545.61;1317;1330;C2-R2;06.10.2024;40;06.10.2024 02:46;72.8;11.3;6.8;1.20;5380;0.22;114;10.2;4.6
2547.41;1318;1331;C2-R2;07.10.2024;41;07.10.2024 12:31;79.8;11.6;7.1;1.71;6620;0.47;141;12.1;5.0
2549.21;1319;1332;C2-R2;07.10.2024;41;07.10.2024 13:32;79.3;11.5;7.1;1.66;7552;0.51;161;14.0;4.9
2551.01;1320;1333;C2-R2;07.10.2024;41;07.10.2024 14:09;81.9;11.9;7.1;1.90;8498;0.56;181;15.2;5.1
2552.81;1321;1334;C2-R2;07.10.2024;41;07.10.2024 14:43;80.8;11.7;7.1;1.93;8680;0.62;185;15.8;5.0
2554.61;1322;1335;C2-R2;07.10.2024;41;07.10.2024 15:19;77.7;11.2;7.1;1.95;9196;0.68;196;17.4;4.8
2556.41;1323;1336;C2-R2;07.10.2024;41;07.10.2024 16:00;81.3;11.7;7.2;1.72;8811;0.61;187;16.0;5.0
2558.21;1324;1337;C2-R2;07.10.2024;41;07.10.2024 16:43;77.7;10.9;7.3;1.68;8684;0.59;185;16.9;4.8
2560.01;1325;1338;C2-R2;07.10.2024;41;07.10.2024 18:01;83.0;11.7;7.4;1.63;7814;0.58;166;14.2;5.2
2561.81;1326;1339;C2-R2;07.10.2024;41;07.10.2024 20:11;78.6;11.7;7.0;1.65;8371;0.53;178;15.3;4.9
2563.61;1327;1340;C2-R2;07.10.2024;41;07.10.2024 21:03;81.1;11.7;7.2;2.02;9168;0.73;195;16.7;5.0
2565.41;1328;1341;C2-R2;07.10.2024;41;07.10.2024 21:38;78.2;10.9;7.4;1.95;9054;0.72;193;17.7;4.8
2567.21;1329;1342;C2-R2;07.10.2024;41;07.10.2024 22:18;69.5;9.8;7.4;1.39;7406;0.52;158;16.1;4.3
2569.01;1330;1343;C2-R2;08.10.2024;41;08.10.2024 22:30;69.3;10.1;7.1;1.74;8991;0.66;191;18.9;4.3
2570.81;1331;1344;C2-R2;08.10.2024;41;08.10.2024 23:36;73.6;10.5;7.3;1.85;9840;0.73;209;20.0;4.6
2572.61;1332;1345;C2-R2;09.10.2024;41;09.10.2024 00:38;74.5;10.1;7.7;2.01;10311;0.89;219;21.8;4.6
2574.41;1333;1346;C2-R2;09.10.2024;41;09.10.2024 02:43;72.0;10.0;7.5;2.13;11098;0.84;236;23.5;4.5
2576.21;1334;1347;C2-R2;09.10.2024;41;09.10.2024 03:20;79.6;12.1;6.9;1.95;9479;0.87;202;16.6;5.0
2578.01;1335;1348;C2-R2;09.10.2024;41;09.10.2024 03:55;77.1;11.1;7.2;1.80;9565;1.05;204;18.3;4.8
2579.81;1336;1349;C2-R2;09.10.2024;41;09.10.2024 04:35;85.4;12.0;7.4;1.70;9237;0.78;197;16.4;5.3
2581.61;1337;1350;C2-R2;09.10.2024;41;09.10.2024 05:16;96.3;13.7;7.2;1.82;8869;0.70;189;13.7;5.9
2583.41;1338;1351;C2-R2;09.10.2024;41;09.10.2024 05:54;90.6;14.8;6.3;1.81;7750;0.53;165;11.1;5.6
2585.21;1339;1352;C2-R2;09.10.2024;41;09.10.2024 06:27;82.8;15.5;5.5;1.53;6912;0.32;147;9.5;5.1
2587.01;1340;1353;C2-R2;09.10.2024;41;09.10.2024 07:38;72.5;12.7;5.9;1.47;6993;0.19;149;11.7;4.5
2588.81;1341;1354;C2-R2;09.10.2024;41;09.10.2024 08:22;76.6;12.1;6.7;1.74;7694;0.24;164;13.5;4.9
2590.61;1342;1355;C2-R2;09.10.2024;41;09.10.2024 09:16;81.2;14.5;5.8;1.95;8010;0.19;170;11.8;5.0
2592.41;1343;1356;C2-R2;09.10.2024;41;09.10.2024 10:00;54.6;10.1;5.7;1.24;5924;0.11;126;12.5;3.5
2594.21;1344;1357;C2-R2;10.10.2024;41;10.10.2024 21:05;80.2;13.1;6.4;1.74;8070;0.20;172;13.1;5.0
2596.01;1345;1358;C2-R2;11.10.2024;41;11.10.2024 00:10;89.3;14.6;6.3;2.01;7991;0.24;170;11.7;5.5
2597.81;1346;1359;C2-R2;11.10.2024;41;11.10.2024 01:07;83.7;11.9;7.3;1.92;8111;0.48;173;14.5;5.2
2599.61;1347;1360;C2-R2;11.10.2024;41;11.10.2024 04:18;75.5;11.3;7.0;1.42;6890;0.41;147;13.0;4.7
2601.41;1348;1361;C2-R2;11.10.2024;41;11.10.2024 10:08;74.2;11.0;6.9;1.70;8212;0.47;175;15.9;4.6
2603.21;1349;1362;C2-R2;11.10.2024;41;11.10.2024 10:45;79.8;11.7;7.1;1.76;8616;0.44;183;15.7;4.9
2605.01;1350;1363;C2-R2;11.10.2024;41;11.10.2024 11:31;81.9;12.0;7.1;2.06;10047;0.41;214;17.8;5.1
2606.81;1351;1364;C2-R2;11.10.2024;41;11.10.2024 12:06;73.7;10.9;7.0;2.00;9640;0.37;205;18.9;4.6
2608.61;1352;1365;C2-R2;11.10.2024;41;11.10.2024 12:56;81.9;12.0;7.0;2.18;9602;0.36;204;17.1;5.0
2610.41;1353;1366;C2-R2;11.10.2024;41;11.10.2024 13:32;81.6;12.0;7.0;2.16;9759;0.36;208;17.3;5.1
2612.21;1354;1367;C2-R2;11.10.2024;41;11.10.2024 14:11;79.9;11.7;7.0;2.14;9683;0.37;206;17.6;4.9
2614.01;1355;1368;C2-R2;11.10.2024;41;11.10.2024 14:52;77.2;11.3;7.0;2.07;9970;0.33;212;18.8;4.8
2615.81;1356;1369;C2-R2b;11.10.2024;41;11.10.2024 15:41;78.0;11.5;7.0;2.09;9823;0.32;209;18.2;4.8
2617.61;1357;1370;C2-R2;11.10.2024;41;11.10.2024 16:40;72.9;10.9;7.0;1.60;7528;0.23;160;14.7;4.6
2619.41;1358;1371;C2-R2;12.10.2024;41;12.10.2024 05:24;82.2;11.6;7.4;2.19;9226;0.33;196;17.0;5.1
2621.21;1359;1372;C2-R2;12.10.2024;41;12.10.2024 06:03;80.6;11.3;7.4;2.22;9966;0.36;212;18.8;5.0
2623.01;1360;1373;C2-R2;12.10.2024;41;12.10.2024 06:36;83.3;11.7;7.4;2.24;10369;0.39;221;18.9;5.2
2624.81;1361;1374;C2-R2;12.10.2024;41;12.10.2024 07:21;75.5;10.4;7.5;1.97;9239;0.38;197;19.0;4.7
2626.61;1362;1375;C2-R2;12.10.2024;41;12.10.2024 08:08;74.0;10.5;7.3;1.86;8773;0.32;187;17.8;4.6
2628.41;1363;1376;C2-R2;12.10.2024;41;12.10.2024 09:05;69.4;9.9;7.2;1.74;8819;0.30;188;18.9;4.3
2630.21;1364;1377;C2-R2;12.10.2024;41;12.10.2024 10:05;65.7;9.4;7.2;1.82;9293;0.31;198;21.1;4.1
2632.01;1365;1378;C2-R2;12.10.2024;41;12.10.2024 10:50;68.4;9.6;7.4;1.92;10098;0.35;215;22.5;4.2
2633.81;1366;1379;C2-R2;12.10.2024;41;12.10.2024 11:32;60.8;8.6;7.3;1.72;9972;0.33;212;24.6;3.8
2635.61;1367;1380;C2-R2;12.10.2024;41;12.10.2024 13:05;59.0;8.9;6.7;1.71;9486;0.29;202;22.6;3.6
2637.41;1368;1381;C2-R2;12.10.2024;41;12.10.2024 13:56;69.0;9.8;7.3;1.95;9768;0.33;208;21.2;4.3
2639.21;1369;1382;C2-R2;12.10.2024;41;12.10.2024 14:38;72.9;10.2;7.3;2.11;10353;0.36;220;21.5;4.5
2641.01;1370;1383;C2-R2;12.10.2024;41;12.10.2024 16:42;72.2;10.2;7.3;2.09;10374;0.36;221;21.6;4.5
2642.81;1371;1384;C2-R2;12.10.2024;41;12.10.2024 17:18;69.7;10.1;7.1;1.84;8765;0.33;186;18.4;4.3
2644.61;1372;1385;C2-R2;14.10.2024;42;14.10.2024 18:33;65.5;9.5;7.3;2.05;9618;0.33;205;21.4;4.2
2646.41;1373;1386;C2-R2;14.10.2024;42;14.10.2024 19:22;82.7;11.7;7.3;2.32;9427;0.35;201;17.2;5.1
2648.21;1374;1387;C2-R2;14.10.2024;42;14.10.2024 19:58;76.8;10.2;7.8;2.14;10336;0.38;220;21.6;4.8
2650.01;1375;1388;C2-R2;14.10.2024;42;14.10.2024 20:44;82.6;10.4;8.1;2.25;11147;0.44;237;22.9;5.1
2651.81;1376;1389;C2-R2;14.10.2024;42;14.10.2024 21:20;83.9;10.6;8.2;2.24;11168;0.45;238;22.4;5.2
2653.61;1377;1390;C2-R2;14.10.2024;42;14.10.2024 22:10;82.4;10.8;8.0;1.92;10061;0.39;214;19.9;5.1
2655.41;1378;1391;C2-R2;14.10.2024;42;14.10.2024 23:02;85.3;10.8;8.2;2.02;10597;0.43;225;20.9;5.3
2657.21;1379;1392;C2-R2;14.10.2024;42;14.10.2024 23:35;85.1;10.8;8.1;1.98;10096;0.44;215;19.9;5.2
2659.01;1380;1393;C2-R2;15.10.2024;42;15.10.2024 00:08;85.1;10.7;8.1;1.95;8978;0.47;191;17.8;5.2
2660.81;1381;1394;C2-R2;15.10.2024;42;15.10.2024 00:42;84.5;10.7;8.2;1.94;8535;0.54;182;17.0;5.2
2662.61;1382;1395;C2-R2;15.10.2024;42;15.10.2024 01:16;82.6;10.4;8.2;2.02;8209;0.61;175;16.8;5.1
2664.41;1383;1396;C2-R2;15.10.2024;42;15.10.2024 01:49;82.5;10.4;8.2;2.13;8409;0.69;179;17.2;5.1
2666.21;1384;1397;C2-R2;15.10.2024;42;15.10.2024 02:33;82.8;10.5;8.2;2.17;9533;0.74;203;19.4;5.1
2668.01;1385;1398;C2-R2;15.10.2024;42;15.10.2024 03:06;71.7;9.7;7.6;1.70;8902;0.61;189;19.6;4.4
2669.81;1386;1399;C2-R2;15.10.2024;42;15.10.2024 10:54;77.1;10.0;8.0;2.19;11323;0.77;241;24.1;4.8
2671.61;1387;1400;C2-R2;15.10.2024;42;15.10.2024 11:30;81.9;10.6;8.0;2.08;10816;0.82;230;21.7;5.1
2673.41;1388;1401;C2-R2;15.10.2024;42;15.10.2024 12:06;84.2;10.9;8.0;2.15;11350;0.80;241;22.2;5.2
2675.21;1389;1402;C2-R2;15.10.2024;42;15.10.2024 12:40;83.6;11.0;7.9;2.10;10581;0.77;225;20.5;5.2
2677.01;1390;1403;C2-R2;15.10.2024;42;15.10.2024 13:23;86.2;12.4;7.2;2.06;9322;0.71;198;16.0;5.4
2678.81;1391;1404;C2-R2;15.10.2024;42;15.10.2024 14:05;83.4;13.2;6.7;1.84;8411;0.51;179;13.6;5.3
2680.61;1392;1405;C2-R2;15.10.2024;42;15.10.2024 16:04;78.9;13.0;6.3;1.88;7731;0.48;164;12.7;4.9
2682.41;1393;1406;C2-R2;15.10.2024;42;15.10.2024 16:52;81.9;12.4;6.8;2.13;8980;0.58;191;15.4;5.1
2684.21;1394;1407;C2-R2;15.10.2024;42;15.10.2024 17:29;84.7;11.7;7.5;2.17;8962;0.68;191;16.2;5.3
2686.01;1395;1408;C2-R2;15.10.2024;42;15.10.2024 18:04;87.2;12.1;7.4;2.04;8318;0.66;177;14.6;5.4
2687.81;1396;1409;C2-R2;15.10.2024;42;15.10.2024 18:37;83.0;13.1;6.6;2.05;7885;0.54;168;12.8;5.2
2689.61;1397;1410;C2-R2;15.10.2024;42;15.10.2024 19:10;83.8;12.9;6.7;2.13;8336;0.59;177;13.8;5.2
2691.41;1398;1411;C2-R2;15.10.2024;42;15.10.2024 19:54;82.5;12.2;7.0;2.20;9049;0.63;193;15.8;5.1
2693.21;1399;1412;C2-R2;15.10.2024;42;15.10.2024 20:28;65.5;11.6;6.1;1.57;7209;0.42;153;13.3;4.3
2695.01;1400;1413;C2-R2;16.10.2024;42;16.10.2024 08:19;82.0;11.5;7.4;2.04;9095;0.56;194;16.8;5.1
2696.81;1401;1414;C2-R2;16.10.2024;42;16.10.2024 09:26;83.2;11.5;7.5;1.96;9115;0.60;194;16.9;5.2
2698.61;1402;1415;C2-R2;16.10.2024;42;16.10.2024 10:00;85.3;11.9;7.5;2.17;9960;0.65;212;17.8;5.3
2700.41;1403;1416;C2-R2;16.10.2024;42;16.10.2024 10:38;86.0;12.0;7.5;2.15;9684;0.63;206;17.2;5.4
2702.21;1404;1417;C2-R2;16.10.2024;42;16.10.2024 11:17;82.9;12.3;7.1;1.82;8877;0.50;189;15.3;5.3
2704.01;1405;1418;C2-R2;16.10.2024;42;16.10.2024 11:54;85.0;13.5;6.6;1.95;8718;0.46;185;13.7;5.4
2705.81;1406;1419;C2-R2;16.10.2024;42;16.10.2024 12:32;87.6;13.2;6.9;1.86;8412;0.47;179;13.5;5.5
2707.61;1407;1420;C2-R2;16.10.2024;42;16.10.2024 13:50;93.6;13.9;7.0;2.05;9203;0.55;196;14.1;5.9
2709.41;1408;1421;C2-R2;16.10.2024;42;16.10.2024 14:35;98.4;14.9;6.9;2.05;8826;0.57;188;12.6;6.1
2711.21;1409;1422;C2-R2;16.10.2024;42;16.10.2024 15:14;97.2;14.6;6.9;2.15;9048;0.62;193;13.2;6.0
2713.01;1410;1423;C2-R2;16.10.2024;42;16.10.2024 15:58;97.8;14.7;6.9;1.79;7959;0.50;169;11.5;6.1
2714.81;1411;1424;C2-R2;16.10.2024;42;16.10.2024 16:42;101.7;15.4;6.9;2.06;8206;0.59;175;11.4;6.3
2716.61;1412;1425;C2-R2;16.10.2024;42;16.10.2024 17:15;102.0;15.5;6.8;2.19;7726;0.68;164;10.6;6.3
2718.41;1413;1426;C2-R2;16.10.2024;42;16.10.2024 18:04;80.7;13.2;6.5;1.69;7018;0.52;149;11.3;5.2
2720.21;1414;1427;C2-R2;17.10.2024;42;17.10.2024 04:03;82.6;12.5;6.8;1.96;8420;0.53;179;14.3;5.1
2722.01;1415;1428;C2-R2;17.10.2024;42;17.10.2024 04:35;80.1;12.4;6.6;1.95;8489;0.52;181;14.6;4.9
2723.81;1416;1429;C2-R2;17.10.2024;42;17.10.2024 05:18;82.1;12.5;6.8;1.89;8652;0.48;184;14.7;5.1
2725.61;1417;1430;C2-R2;17.10.2024;42;17.10.2024 06:22;79.9;12.1;6.8;1.97;9278;0.53;197;16.3;4.9
2727.41;1418;1431;C2-R2;17.10.2024;42;17.10.2024 06:58;90.8;13.3;7.0;2.21;9732;0.63;207;15.6;5.6
2729.21;1419;1432;C2-R2;17.10.2024;42;17.10.2024 07:45;84.4;12.1;7.3;2.17;9994;0.74;213;17.6;5.3
2731.01;1420;1433;C2-R3;17.10.2024;42;17.10.2024 08:18;83.0;12.3;7.1;1.70;8013;0.60;170;13.8;5.2
2732.81;1421;1434;C2-R3;17.10.2024;42;17.10.2024 10:12;85.3;14.9;6.0;1.63;7281;0.46;155;10.4;5.3
2734.61;1422;1435;C2-R3;17.10.2024;42;17.10.2024 10:57;71.3;16.0;4.7;1.29;6087;0.37;130;8.1;4.5
2736.41;1423;1436;C2-R3;17.10.2024;42;17.10.2024 11:37;81.8;24.3;3.6;1.70;5545;0.36;118;4.9;5.2
2738.21;1424;1437;C2-R3;17.10.2024;42;17.10.2024 12:13;73.6;19.3;4.0;1.78;6236;0.43;133;6.9;4.6
2740.01;1425;1438;C2-R2;17.10.2024;42;17.10.2024 12:51;69.7;14.7;5.2;1.77;7294;0.43;155;10.5;4.6
2741.81;1426;1439;C2-R2;17.10.2024;42;17.10.2024 14:47;89.5;12.0;7.8;1.87;8849;0.62;188;15.7;5.6
2743.61;1427;1440;C2-R2;17.10.2024;42;17.10.2024 15:29;75.0;10.4;7.5;1.54;9384;0.62;200;19.2;4.7
2745.41;1428;1441;C2-R2;18.10.2024;42;18.10.2024 00:27;74.3;11.0;7.0;2.17;11370;0.77;242;22.0;4.6
2747.21;1429;1442;C2-R2;18.10.2024;42;18.10.2024 02:37;71.9;14.9;5.0;2.02;9539;0.43;203;13.6;4.5
2749.01;1430;1443;C2-R2;18.10.2024;42;18.10.2024 05:52;77.1;14.2;5.6;2.15;10695;0.47;228;16.1;4.8
2750.81;1431;1444;C2-R2;18.10.2024;42;18.10.2024 07:31;74.1;9.9;7.8;1.81;9437;0.53;201;20.3;4.6
2752.61;1432;1445;C2-R2;18.10.2024;42;18.10.2024 14:04;73.8;10.2;7.8;1.86;9834;0.54;209;20.6;4.8
2754.41;1433;1446;C2-R2;18.10.2024;42;18.10.2024 14:29;70.0;9.7;7.8;1.79;9506;0.58;202;21.0;4.5
2756.21;1434;1447;C2-R2;18.10.2024;42;18.10.2024 15:39;80.4;10.8;7.7;2.11;10122;0.69;215;20.0;5.0
2758.01;1435;1448;C2-R2;18.10.2024;42;18.10.2024 16:25;86.6;11.6;7.8;2.10;9771;0.65;208;18.0;5.4
2759.81;1436;1449;C2-R2;18.10.2024;42;18.10.2024 17:03;91.8;12.2;7.8;2.06;9129;0.65;194;16.0;5.7
2761.61;1437;1450;C2-R2;18.10.2024;42;18.10.2024 17:38;80.3;11.8;7.2;1.98;9113;0.58;194;16.5;5.1
2763.41;1438;1451;C2-R2b;18.10.2024;42;18.10.2024 19:33;79.2;11.5;7.1;1.98;9171;0.58;195;17.0;4.9
2765.21;1439;1452;C2-R2;18.10.2024;42;18.10.2024 20:07;81.6;11.8;7.1;2.11;9928;0.62;211;17.9;5.0
2767.01;1440;1453;C2-R2;19.10.2024;42;19.10.2024 21:30;78.0;11.3;7.1;1.90;8359;0.54;178;15.8;4.8
2768.81;1441;1454;C2-R2;20.10.2024;42;20.10.2024 00:39;83.5;11.6;7.4;2.08;9060;0.62;193;16.6;5.1
2770.61;1442;1455;C2-R2;20.10.2024;42;20.10.2024 01:17;84.0;11.6;7.4;2.19;9648;0.72;205;17.7;5.1
2772.41;1443;1456;C2-R2;21.10.2024;43;21.10.2024 09:32;80.0;11.5;7.2;2.22;9527;0.67;203;17.7;5.0
2774.21;1444;1457;C2-R2;21.10.2024;43;21.10.2024 10:18;79.8;11.4;7.2;2.07;9298;0.65;198;17.3;4.9
2776.01;1445;1458;C2-R2;21.10.2024;43;21.10.2024 11:10;84.7;12.1;7.2;2.15;9595;0.62;204;16.9;5.2
2777.81;1446;1459;C2-R2;21.10.2024;43;21.10.2024 11:42;85.9;12.3;7.3;2.18;9054;0.64;193;15.7;5.3
2779.61;1447;1460;C2-R2;21.10.2024;43;21.10.2024 12:20;82.5;12.0;7.1;1.99;9461;0.62;201;16.8;5.1
2781.41;1448;1461;C2-R2;21.10.2024;43;21.10.2024 13:11;83.4;13.6;6.3;2.48;10346;0.64;220;16.2;5.1
2783.21;1449;1462;C2-R2;21.10.2024;43;21.10.2024 13:44;82.0;12.1;7.0;2.09;9173;0.61;195;16.2;5.1
2785.01;1450;1463;C2-R2;21.10.2024;43;21.10.2024 14:17;83.4;12.2;7.0;2.03;9076;0.61;193;15.9;5.1
2786.81;1451;1464;C2-R2;21.10.2024;43;21.10.2024 15:10;83.6;12.2;7.0;2.01;9007;0.58;192;15.7;5.2
2788.61;1452;1465;C2-R2;21.10.2024;43;21.10.2024 15:43;79.4;11.8;6.9;1.89;9148;0.50;195;16.6;4.9
2790.41;1453;1466;C2-R2;21.10.2024;43;21.10.2024 16:18;70.1;11.1;6.4;1.67;7854;0.41;167;15.0;4.3
2792.21;1454;1467;C2-R2;22.10.2024;43;22.10.2024 06:30;85.5;12.4;7.1;2.26;9733;0.60;207;16.7;5.3
2794.01;1455;1468;C2-R2;22.10.2024;43;22.10.2024 07:49;79.9;11.7;7.1;2.14;9763;0.61;208;17.8;4.9
2795.81;1456;1469;C2-R2;22.10.2024;43;22.10.2024 11:14;74.0;11.0;6.9;1.97;8683;0.54;185;16.8;4.6
2797.61;1457;1470;C2-R2;22.10.2024;43;22.10.2024 12:03;79.9;11.6;7.1;2.01;9727;0.56;207;17.9;4.9
2799.41;1458;1471;C2-R2;22.10.2024;43;22.10.2024 12:36;82.4;12.1;7.1;2.18;9559;0.61;203;16.9;5.1
2801.21;1459;1472;C2-R2;22.10.2024;43;22.10.2024 13:09;72.5;10.6;7.2;1.86;9213;0.61;196;18.6;4.5
2803.01;1460;1473;C2-R2;22.10.2024;43;22.10.2024 14:30;79.0;10.0;8.0;2.23;10431;0.87;222;22.2;4.8
2804.81;1461;1474;C2-R2;22.10.2024;43;22.10.2024 15:04;83.0;10.6;8.1;2.23;10091;0.87;215;20.3;5.1
2806.61;1462;1475;C2-R2;22.10.2024;43;22.10.2024 15:42;83.2;10.5;8.2;2.08;10145;0.76;216;20.5;5.2
2808.41;1463;1476;C2-R2;22.10.2024;43;22.10.2024 16:26;82.9;10.7;7.9;1.87;8593;0.66;183;17.1;5.1
2810.21;1464;1477;C2-R2;22.10.2024;43;22.10.2024 16:59;79.6;11.0;7.5;1.76;7716;0.62;164;14.9;4.9
2812.01;1465;1478;C2-R2;22.10.2024;43;22.10.2024 17:38;55.3;7.9;7.3;1.67;9539;0.78;203;25.8;3.4
2813.81;1466;1479;C2-R2;22.10.2024;43;22.10.2024 19:15;40.5;5.7;7.4;1.69;11096;0.85;236;41.2;2.5
2815.61;1467;1480;C2-R2;22.10.2024;43;22.10.2024 22:25;48.3;6.8;7.4;1.58;9712;0.74;207;30.5;3.0
2817.41;1468;1481;C2-R2;23.10.2024;43;23.10.2024 10:06;56.9;7.3;8.1;1.67;9380;0.79;200;27.5;3.5
2819.21;1469;1482;C2-R2;23.10.2024;43;23.10.2024 11:40;66.5;8.4;8.2;1.68;8851;0.82;188;22.5;4.1
2821.01;1470;1483;C2-R2;23.10.2024;43;23.10.2024 12:19;58.9;7.5;8.1;1.67;9050;0.90;193;25.7;3.7
2822.81;1471;1484;C2-R2;23.10.2024;43;23.10.2024 13:05;52.1;6.7;8.1;1.72;9765;0.91;208;31.1;3.3
2824.61;1472;1485;C2-R2;23.10.2024;43;23.10.2024 16:09;63.1;8.0;8.2;1.87;10259;0.96;218;27.2;3.9
2826.41;1473;1486;C2-R2;23.10.2024;43;23.10.2024 17:01;84.5;10.7;8.2;2.11;9959;0.96;212;19.8;5.2
2828.21;1474;1487;C2-R2;23.10.2024;43;23.10.2024 17:38;70.2;10.4;7.2;1.59;7442;0.65;158;15.3;4.5
2830.01;1475;1488;C2-R2;24.10.2024;43;24.10.2024 02:26;66.5;9.9;7.0;1.96;9178;0.68;195;19.7;4.2
2831.81;1476;1489;C2-R2;24.10.2024;43;24.10.2024 04:15;46.7;7.1;6.8;1.59;9311;0.64;198;27.9;2.9
2833.61;1477;1490;C2-R2;24.10.2024;43;24.10.2024 08:15;74.5;9.6;8.0;2.16;11418;1.02;243;25.4;4.6
2835.41;1478;1491;C2-R2;24.10.2024;43;24.10.2024 09:20;70.5;9.0;8.2;2.16;11415;1.04;243;27.0;4.4
2837.21;1479;1492;C2-R2;24.10.2024;43;24.10.2024 10:01;76.7;9.8;8.2;2.30;10852;1.12;231;23.7;4.8
2839.01;1480;1493;C2-R2;24.10.2024;43;24.10.2024 10:39;73.7;9.3;8.2;2.20;11402;1.14;243;26.0;4.6
2840.81;1481;1494;C2-R2;24.10.2024;43;24.10.2024 11:14;62.9;8.4;7.7;1.69;9298;0.84;198;23.6;3.9
2842.61;1482;1495;C2-R2;24.10.2024;43;24.10.2024 22:02;76.8;11.3;7.0;2.35;10904;0.83;232;20.5;4.8
2844.41;1483;1496;C2-R2;24.10.2024;43;24.10.2024 23:01;79.9;11.7;7.1;2.25;10067;0.81;214;18.4;5.0
2846.21;1484;1497;C2-R2;24.10.2024;43;24.10.2024 23:41;78.2;11.4;7.1;2.24;10522;0.81;224;19.6;4.8
2848.01;1485;1498;C2-R2;25.10.2024;43;25.10.2024 01:43;77.1;11.4;7.0;2.23;10324;0.77;220;19.3;4.8
2849.81;1486;1499;C2-R2;25.10.2024;43;25.10.2024 02:21;78.3;11.5;7.0;2.17;9938;0.81;211;18.3;4.8
2851.61;1487;1500;C2-R2;25.10.2024;43;25.10.2024 04:34;75.6;11.2;7.1;2.17;10058;0.78;214;19.2;4.7
2853.41;1488;1501;C2-R2;25.10.2024;43;25.10.2024 05:17;84.2;12.3;7.1;2.22;10441;0.88;222;18.1;5.2
2855.21;1489;1502;C2-R2;25.10.2024;43;25.10.2024 06:28;72.5;11.1;6.9;1.99;9902;0.80;211;19.0;4.6
2857.01;1490;1503;C2-R2;25.10.2024;43;25.10.2024 08:41;60.9;8.9;7.1;2.04;10434;0.82;222;24.9;3.8
2858.81;1491;1504;C2-R2;25.10.2024;43;25.10.2024 09:44;70.2;10.1;7.2;2.30;10817;0.91;230;22.8;4.4
2860.61;1492;1505;C2-R2;25.10.2024;43;25.10.2024 10:23;72.5;10.5;7.2;2.30;10914;0.97;232;22.1;4.6
2862.41;1493;1506;C2-R2;25.10.2024;43;25.10.2024 11:04;68.4;9.9;7.2;2.14;10644;0.88;226;22.8;4.3
2864.21;1494;1507;C2-R2;25.10.2024;43;25.10.2024 11:52;78.4;11.4;7.2;2.34;9804;0.90;209;18.3;4.9
2866.01;1495;1508;C2-R2;25.10.2024;43;25.10.2024 12:36;67.6;10.4;6.8;1.64;7923;0.60;169;16.2;4.2
2867.81;1496;1509;C2-R2;25.10.2024;43;25.10.2024 23:56;80.5;11.7;7.1;2.29;10678;0.80;227;19.5;5.0
2869.61;1497;1510;C2-R2;26.10.2024;43;26.10.2024 00:37;80.5;11.7;7.1;2.42;11191;0.94;238;20.4;5.0
2871.41;1498;1511;C2-R2;26.10.2024;43;26.10.2024 01:11;83.5;12.1;7.1;2.37;10950;0.83;233;19.3;5.2
2873.21;1499;1512;C2-R2;26.10.2024;43;26.10.2024 01:45;88.5;12.9;7.1;2.37;10622;0.84;226;17.5;5.5
2875.01;1500;1513;C2-R2;26.10.2024;43;26.10.2024 04:06;83.7;12.2;7.1;2.28;10601;0.76;226;18.5;5.2
2876.81;1501;1514;C2-R2;26.10.2024;43;26.10.2024 04:41;63.9;15.3;5.5;1.61;8400;0.55;179;11.7;5.0
2878.61;1502;1515;C2-R2;26.10.2024;43;26.10.2024 06:45;78.1;11.3;7.2;1.92;9615;0.65;205;18.1;4.9
2880.41;1503;1516;C2-R2;26.10.2024;43;26.10.2024 07:44;83.1;12.1;7.1;2.02;10033;0.65;213;17.7;5.1
2882.21;1504;1517;C2-R2;26.10.2024;43;26.10.2024 08:22;87.5;13.2;6.8;2.07;9912;0.61;211;16.0;5.4
2884.01;1505;1518;C2-R2;26.10.2024;43;26.10.2024 08:54;83.1;12.4;6.9;1.89;9607;0.51;204;16.5;5.1
2885.81;1506;1519;C2-R2;26.10.2024;43;26.10.2024 09:26;90.1;13.2;7.0;2.11;9271;0.56;197;14.9;5.5
2887.61;1507;1520;C2-R2;26.10.2024;43;26.10.2024 10:01;85.0;12.6;6.9;1.78;7663;0.53;163;13.0;5.2
2889.41;1508;1521;C2-R2b;26.10.2024;43;26.10.2024 10:37;84.3;12.6;6.9;1.79;7770;0.56;165;13.2;5.2
2891.21;1509;1522;C2-R2;26.10.2024;43;26.10.2024 11:09;73.9;12.4;6.3;1.51;7050;0.50;150;12.1;4.7
2893.01;1510;1523;C2-R2;26.10.2024;43;26.10.2024 22:56;82.0;12.7;6.7;2.22;9301;0.74;198;15.6;5.1
2894.81;1511;1524;C2-R2;26.10.2024;43;26.10.2024 23:31;84.1;12.9;6.7;2.42;10532;0.86;224;17.3;5.2
2896.61;1512;1525;C2-R2;27.10.2024;43;27.10.2024 00:04;69.4;10.2;7.1;2.00;9743;0.73;207;20.3;4.3
2898.41;1513;1526;C2-R2;28.10.2024;44;28.10.2024 16:30;78.6;11.2;7.2;2.39;11331;0.87;241;21.5;4.9
2900.21;1514;1527;C2-R2;28.10.2024;44;28.10.2024 17:10;74.1;10.5;7.3;2.05;10090;0.74;215;20.4;4.6
2902.01;1515;1528;C2-R2;28.10.2024;44;28.10.2024 17:56;74.1;10.5;7.3;1.93;9701;0.66;206;19.6;4.6
2903.81;1516;1529;C2-R2;28.10.2024;44;28.10.2024 18:41;80.7;11.9;7.0;2.04;9969;0.65;212;17.9;5.0
2905.61;1517;1530;C2-R2;28.10.2024;44;28.10.2024 19:17;78.2;11.8;6.9;1.89;9750;0.61;207;17.5;4.9
2907.41;1518;1531;C2-R2;28.10.2024;44;28.10.2024 20:03;82.1;12.4;6.8;2.00;9974;0.63;212;17.1;5.1
2909.21;1519;1532;C2-R2;28.10.2024;44;28.10.2024 20:36;80.2;11.9;7.0;2.07;10238;0.61;218;18.3;5.0
2911.01;1520;1533;C2-R2;28.10.2024;44;28.10.2024 22:16;85.1;12.7;6.9;2.13;9773;0.55;208;16.4;5.3
2912.81;1521;1534;C2-R2;28.10.2024;44;28.10.2024 22:48;83.7;13.3;6.5;2.05;8461;0.48;180;13.6;5.2
2914.61;1522;1535;C2-R2;28.10.2024;44;28.10.2024 23:27;82.3;13.1;6.5;2.14;8828;0.51;188;14.3;5.1
2916.41;1523;1536;C2-R2;29.10.2024;44;29.10.2024 00:09;62.8;9.9;6.7;1.72;7754;0.45;165;16.7;4.0
2918.21;1524;1537;C2-R2;;1;;;;;;;;;;
2920.01;1525;1538;C2-R2;29.10.2024;44;29.10.2024 19:25;61.1;11.3;5.9;1.44;6813;0.44;145;12.9;4.0
2921.81;1526;1539;C2-R2;30.10.2024;44;30.10.2024 02:06;61.6;9.9;6.5;1.72;7971;0.50;170;17.1;3.9
2923.61;1527;1540;C2-R2;30.10.2024;44;30.10.2024 02:48;62.5;10.9;6.0;1.56;7482;0.41;159;14.6;3.9
2925.41;1528;1541;C2-R2;30.10.2024;44;30.10.2024 03:39;69.1;12.8;5.6;1.56;7184;0.39;153;12.0;4.3
2927.21;1529;1542;C2-R2;30.10.2024;44;30.10.2024 04:16;69.3;12.8;5.6;1.72;7427;0.45;158;12.3;4.3
2929.01;1530;1543;C2-R2;30.10.2024;44;30.10.2024 04:54;66.7;13.0;5.5;1.67;6845;0.43;146;11.2;4.3
2930.81;1531;1544;C2-R2;30.10.2024;44;30.10.2024 06:24;57.7;10.4;5.8;1.32;6063;0.36;129;12.4;3.6
2932.61;1532;1545;C2-R2;30.10.2024;44;30.10.2024 13:00;57.9;10.5;5.7;1.44;7386;0.45;157;14.9;3.6
2934.41;1533;1546;C2-R2;30.10.2024;44;30.10.2024 14:00;54.6;9.9;5.7;1.39;6442;0.43;137;13.8;3.4
2936.21;1534;1547;C2-R2;30.10.2024;44;30.10.2024 15:48;56.1;10.3;5.8;1.69;7816;0.62;166;16.1;3.6
2938.01;1535;1548;C2-R2;30.10.2024;44;30.10.2024 16:36;54.7;7.9;7.2;1.37;8286;0.63;176;22.3;3.4
2939.81;1536;1549;C2-R2b;30.10.2024;44;30.10.2024 17:22;56.6;9.2;6.4;1.17;7381;0.50;157;17.1;3.6
2941.61;1537;1550;C2-R2;30.10.2024;44;30.10.2024 18:07;45.3;7.2;6.6;0.83;5427;0.33;115;16.0;2.9
2943.41;1538;1551;C2-R2;31.10.2024;44;31.10.2024 09:50;59.1;9.6;6.5;1.21;5500;0.45;117;12.2;3.8
2945.21;1539;1552;C2-R2;31.10.2024;44;31.10.2024 11:03;59.4;11.6;5.4;1.23;5867;0.41;125;10.8;3.7
2947.01;1540;1553;C2-R2;31.10.2024;44;31.10.2024 11:52;55.4;8.8;6.6;1.28;6562;0.52;140;15.9;3.4
2948.81;1541;1554;C2-R2;31.10.2024;44;31.10.2024 12:39;53.6;7.8;7.1;1.30;7383;0.55;157;20.1;3.3
2950.61;1542;1555;C2-R2;31.10.2024;44;31.10.2024 13:37;58.8;8.6;7.2;1.35;7522;0.57;160;18.7;3.7
2952.41;1543;1556;C2-R2;31.10.2024;44;31.10.2024 14:22;54.8;7.7;7.4;1.39;7492;0.65;159;20.8;3.4
2954.21;1544;1557;C2-R2;31.10.2024;44;31.10.2024 15:12;56.0;7.6;7.6;1.55;8060;0.76;171;22.6;3.5
2956.01;1545;1558;C2-R2;31.10.2024;44;31.10.2024 16:26;54.5;7.5;7.7;1.63;8225;0.84;175;23.5;3.4
2957.81;1546;1559;C2-R2;31.10.2024;44;31.10.2024 17:12;51.0;7.1;7.4;1.63;8811;0.83;187;26.3;3.2
2959.61;1547;1560;C2-R2;31.10.2024;44;31.10.2024 18:27;47.9;6.9;7.3;1.64;9275;0.78;197;28.8;3.0
2961.41;1548;1561;C2-R2;31.10.2024;44;31.10.2024 19:19;49.2;7.2;7.1;1.80;10078;0.83;214;29.7;3.1
2963.21;1549;1562;C2-R2;31.10.2024;44;31.10.2024 20:08;51.6;7.6;7.0;1.70;10468;0.82;223;29.3;3.2
2965.01;1550;1563;C2-R2;31.10.2024;44;31.10.2024 20:55;77.2;11.7;6.8;1.69;8293;0.65;176;15.1;4.8
2966.81;1551;1564;C2-R2;31.10.2024;44;31.10.2024 21:32;57.8;8.9;6.8;1.32;7612;0.41;162;18.2;3.6
2968.61;1552;1565;C2-R2;;1;;;;;;;;;;
2970.41;1553;1566;C2-R2;01.11.2024;44;01.11.2024 12:04;55.0;7.9;7.2;1.58;8921;0.52;190;23.9;3.4
2972.21;1554;1567;C2-R2;01.11.2024;44;01.11.2024 12:50;56.9;8.0;7.4;1.64;9043;0.54;192;24.0;3.5
2974.01;1555;1568;C2-R2;01.11.2024;44;01.11.2024 13:34;56.7;8.4;7.0;1.79;9985;0.59;212;25.4;3.5
2975.81;1556;1569;C2-R2;01.11.2024;44;01.11.2024 14:34;56.4;7.7;7.6;1.69;10214;0.65;217;28.1;3.5
2977.61;1557;1570;C2-R2;01.11.2024;44;01.11.2024 15:26;52.7;7.8;7.0;1.69;10718;0.59;228;29.1;3.3
2979.41;1558;1571;C2-R2;01.11.2024;44;01.11.2024 16:56;52.8;7.7;7.1;1.65;10970;0.61;233;30.3;3.3
2981.21;1559;1572;C2-R2;01.11.2024;44;01.11.2024 17:49;48.2;7.1;7.1;1.60;10881;0.62;232;32.8;3.0
2983.01;1560;1573;C2-R2;01.11.2024;44;01.11.2024 18:47;56.6;8.2;7.1;1.81;10810;0.66;230;27.9;3.5
2984.81;1561;1574;C2-R2;01.11.2024;44;01.11.2024 19:30;60.5;8.9;7.1;1.89;10827;0.64;230;25.9;3.8
2986.61;1562;1575;C2-R2b;01.11.2024;44;01.11.2024 20:26;60.8;8.8;7.1;1.87;10936;0.66;233;26.3;3.8
2988.41;1563;1576;C2-R2;01.11.2024;44;01.11.2024 21:14;59.7;8.7;7.1;1.86;11310;0.63;241;27.7;3.7
2990.21;1564;1577;C2-R2;01.11.2024;44;01.11.2024 21:55;60.6;8.8;7.1;1.88;11176;0.64;238;26.9;3.7
2992.01;1565;1578;C2-R2;01.11.2024;44;01.11.2024 22:36;53.6;7.9;7.2;1.44;8904;0.50;189;24.1;3.4
2993.81;1566;1579;C2-R2;02.11.2024;44;02.11.2024 15:36;52.3;7.8;7.0;1.70;10230;0.57;218;28.1;3.3
2995.61;1567;1580;C2-R2;02.11.2024;44;02.11.2024 16:22;55.7;8.1;7.1;1.53;9954;0.49;212;26.0;3.5
2997.41;1568;1581;C2-R2;02.11.2024;44;02.11.2024 17:06;62.5;12.0;5.6;1.26;6725;0.29;143;12.0;4.0
2999.21;1569;1582;C2-R2;02.11.2024;44;02.11.2024 17:47;72.6;14.9;5.1;1.16;5530;0.13;118;7.9;4.6
3001.01;1570;1583;C2-R2;02.11.2024;44;02.11.2024 18:51;75.1;15.5;5.0;1.21;5204;0.05;111;7.1;4.7
3002.81;1571;1584;C2-R2;02.11.2024;44;02.11.2024 19:25;77.8;15.9;5.0;1.40;5583;0.08;119;7.5;4.8
3004.61;1572;1585;C2-R2;02.11.2024;44;02.11.2024 20:04;77.2;15.9;5.1;1.39;6220;0.13;132;8.3;4.8
3006.41;1573;1586;C2-R2;02.11.2024;44;02.11.2024 20:56;76.4;15.4;5.2;1.42;5150;0.22;110;7.1;4.8
3008.21;1574;1587;C2-R2;02.11.2024;44;02.11.2024 21:56;76.2;14.8;5.3;1.26;4667;0.25;99;6.7;4.7
3010.01;1575;1588;C2-R2;02.11.2024;44;02.11.2024 22:31;68.7;13.7;5.2;1.37;5195;0.28;111;8.0;4.3
3011.81;1576;1589;C2-R2;02.11.2024;44;02.11.2024 23:51;58.5;10.3;5.9;1.38;6508;0.38;138;13.5;3.7
3013.61;1577;1590;C2-R3;03.11.2024;44;03.11.2024 00:42;57.8;9.3;6.6;1.43;8542;0.43;182;19.6;3.7
3015.41;1578;1591;C2-R3;04.11.2024;45;04.11.2024 23:59;59.8;8.1;7.7;1.39;9622;0.55;205;25.3;3.7
3017.21;1579;1592;C2-R3;05.11.2024;45;05.11.2024 01:43;0.0;0.0;6.6;0.40;1526;0.00;32;;0.0
3019.01;1580;1593;C2-R3;05.11.2024;45;05.11.2024 01:43;62.6;9.9;6.6;1.31;7196;0.35;153;15.4;3.9
3020.81;1581;1594;C2-R3;05.11.2024;45;05.11.2024 05:16;56.1;9.3;6.3;1.45;8086;0.35;172;18.6;3.5
3022.61;1582;1595;C2-R3;05.11.2024;45;05.11.2024 08:17;57.5;9.1;6.6;1.53;8219;0.33;175;19.2;3.6
3024.41;1583;1596;C2-R3;;1;;;;;;;;;;
3026.21;1584;1597;C2-R3;05.11.2024;45;05.11.2024 12:48;57.3;8.4;7.1;1.31;7157;0.24;152;18.2;3.5
3028.01;1585;1598;C2-R2;05.11.2024;45;05.11.2024 14:30;57.2;8.3;7.1;1.28;6726;0.24;143;17.2;3.5
3029.81;1586;1599;C2-R2;05.11.2024;45;05.11.2024 15:31;57.1;8.4;7.0;1.33;6971;0.26;148;17.7;3.5
3031.61;1587;1600;C2-R2;05.11.2024;45;05.11.2024 16:17;54.8;8.1;7.1;1.37;7131;0.28;152;18.8;3.4
3033.41;1588;1601;C2-R2;05.11.2024;45;05.11.2024 17:21;57.2;8.4;7.1;1.40;7268;0.27;155;18.4;3.6
3035.21;1589;1602;C2-R2;05.11.2024;45;05.11.2024 18:07;56.7;8.7;6.8;1.35;7274;0.24;155;17.7;3.6
3037.01;1590;1603;C2-R2;05.11.2024;45;05.11.2024 18:56;62.3;10.0;6.4;1.51;7440;0.25;158;15.8;3.9
3038.81;1591;1604;C2-R2;05.11.2024;45;05.11.2024 19:37;44.2;7.6;6.0;1.00;5102;0.14;109;14.2;2.7
3040.61;1592;1605;C2-R2;06.11.2024;45;06.11.2024 12:46;30.3;5.9;5.5;0.81;4765;0.11;101;17.2;1.9
3042.41;1593;1606;C2-R2;06.11.2024;45;06.11.2024 15:34;47.5;8.7;5.7;1.17;5540;0.16;118;13.6;3.0
3044.21;1594;1607;C2-R2;06.11.2024;45;06.11.2024 18:47;60.6;11.2;5.6;1.46;6804;0.18;145;13.0;3.8
3046.01;1595;1608;C2-R2;06.11.2024;45;06.11.2024 19:29;56.5;10.4;5.7;1.41;6400;0.19;136;13.1;3.5
3047.81;1596;1609;C2-R2;06.11.2024;45;06.11.2024 20:14;60.3;9.0;7.0;1.55;7602;0.31;162;18.0;3.8
3049.61;1597;1610;C2-R2;06.11.2024;45;06.11.2024 20:55;60.3;8.3;7.5;1.47;7119;0.36;151;18.2;3.8
3051.41;1598;1611;C2-R2;06.11.2024;45;06.11.2024 22:34;59.6;8.2;7.6;1.48;7807;0.36;166;20.3;3.7
3053.21;1599;1612;C2-R2;06.11.2024;45;06.11.2024 23:20;60.4;8.2;7.6;1.54;8252;0.34;176;21.4;3.8
3055.01;1600;1613;C2-R2;07.11.2024;45;07.11.2024 00:14;62.0;8.2;7.9;1.54;8165;0.34;174;21.1;3.9
3056.81;1601;1614;C2-R2;07.11.2024;45;07.11.2024 00:54;61.6;8.7;7.4;1.50;8043;0.31;171;19.7;3.9
3058.61;1602;1615;C2-R2;07.11.2024;45;07.11.2024 01:36;58.8;7.5;8.2;1.50;8535;0.38;182;24.3;3.7
3060.41;1603;1616;C2-R2;07.11.2024;45;07.11.2024 02:18;62.8;8.1;8.0;1.57;8107;0.38;172;21.2;3.9
3062.21;1604;1617;C2-R2;07.11.2024;45;07.11.2024 02:59;64.8;9.4;7.2;1.63;8085;0.29;172;18.3;4.0
3064.01;1605;1618;C2-R2;07.11.2024;45;07.11.2024 04:01;57.1;9.7;6.4;1.21;6159;0.20;131;13.5;3.7
3065.81;1606;1619;C2-R2;11.11.2024;46;11.11.2024 16:02;39.3;12.3;3.4;1.63;7080;0.25;151;12.2;2.5
3067.61;1607;1620;C2-R2;11.11.2024;46;11.11.2024 17:54;36.6;11.3;3.5;1.36;6490;0.25;138;12.2;2.4
3069.41;1608;1621;C2-R2;11.11.2024;46;11.11.2024 18:58;35.8;11.5;3.4;1.42;6676;0.24;142;12.4;2.3
3071.21;1609;1622;C2-R2;11.11.2024;46;11.11.2024 20:05;35.7;11.3;3.4;1.37;6433;0.24;137;12.2;2.3
3073.01;1610;1623;C2-R2;12.11.2024;46;12.11.2024 04:40;35.0;11.1;3.4;1.68;7919;0.28;168;15.2;2.2
3074.81;1611;1624;C2-R2;12.11.2024;46;12.11.2024 05:45;37.4;11.5;3.5;1.84;8833;0.35;188;16.3;2.4
3076.61;1612;1625;C2-R2;12.11.2024;46;12.11.2024 06:47;35.6;11.1;3.5;1.87;9002;0.39;192;17.3;2.3
3078.41;1613;1626;C2-R2;12.11.2024;46;12.11.2024 08:01;33.8;10.5;3.5;1.87;10023;0.43;213;20.3;2.2
3080.21;1614;1627;C2-R2;12.11.2024;46;12.11.2024 09:09;32.5;10.5;3.4;1.78;9726;0.45;207;19.8;2.1
3082.01;1615;1628;C2-R2;12.11.2024;46;12.11.2024 11:30;32.4;10.0;3.5;2.03;10827;0.51;230;23.0;2.1
3083.81;1616;1629;C2-R2;12.11.2024;46;12.11.2024 12:57;30.6;9.7;3.5;1.91;10510;0.54;224;23.2;2.0
3085.61;1617;1630;C2-R2;12.11.2024;46;12.11.2024 15:05;35.2;10.9;3.5;1.92;9824;0.52;209;19.1;2.3
3087.41;1618;1631;C2-R2;12.11.2024;46;12.11.2024 16:16;32.9;10.3;3.5;1.67;9169;0.45;195;19.0;2.1
3089.21;1619;1632;C2-R2;12.11.2024;46;12.11.2024 21:09;32.0;10.0;3.4;1.73;9707;0.50;207;20.6;2.1
3091.01;1620;1633;C2-R2;12.11.2024;46;12.11.2024 22:22;36.6;11.3;3.5;1.96;10354;0.56;220;19.6;2.3
3092.81;1621;1634;C2-R2;12.11.2024;46;12.11.2024 23:25;36.9;11.4;3.4;1.80;8823;0.52;188;16.5;2.3
3094.61;1622;1635;C2-R2b;13.11.2024;46;13.11.2024 00:30;34.4;10.5;3.5;1.60;7911;0.51;168;16.0;2.2
3096.41;1623;1636;C2-R2;13.11.2024;46;13.11.2024 01:37;33.6;10.4;3.4;1.27;7104;0.42;151;14.5;2.1
3098.21;1624;1637;C2-R2;13.11.2024;46;13.11.2024 13:12;36.5;11.3;3.5;1.45;8478;0.48;180;16.0;2.3
3100.01;1625;1638;C2-R2;13.11.2024;46;13.11.2024 14:29;36.1;11.2;3.5;1.48;7950;0.50;169;15.1;2.3
3101.81;1626;1639;C2-R2;13.11.2024;46;13.11.2024 15:32;38.4;11.9;3.4;1.43;8198;0.47;174;14.7;2.4
3103.61;1627;1640;C2-R2;13.11.2024;46;13.11.2024 17:01;34.3;10.5;3.5;1.38;7844;0.50;167;15.8;2.2
3105.41;1628;1641;C2-R2;13.11.2024;46;13.11.2024 18:22;32.4;10.0;3.5;1.70;9037;0.60;192;19.3;2.1
3107.21;1629;1642;C2-R2;13.11.2024;46;13.11.2024 20:01;31.3;9.8;3.4;2.08;11349;0.67;241;24.7;2.0
3109.01;1630;1643;C2-R2;14.11.2024;46;14.11.2024 00:06;30.4;9.4;3.5;2.14;12375;0.70;263;28.0;1.9
3110.81;1631;1644;C2-R2;14.11.2024;46;14.11.2024 01:15;31.1;9.6;3.5;2.21;12515;0.72;266;27.9;2.0
3112.61;1632;1645;C2-R2;14.11.2024;46;14.11.2024 02:26;29.4;9.0;3.5;2.17;12481;0.70;266;29.5;1.9
3114.41;1633;1646;C2-R2;14.11.2024;46;14.11.2024 03:41;33.1;10.2;3.5;2.02;11543;0.65;246;24.2;2.1
3116.21;1634;1647;C2-R2;14.11.2024;46;14.11.2024 05:25;32.7;10.0;3.4;2.22;12039;0.66;256;25.7;2.1
3118.01;1635;1648;C2-R2;14.11.2024;46;14.11.2024 06:32;31.5;9.7;3.5;2.04;10868;0.60;231;23.8;2.0
3119.81;1636;1649;C2-R2;14.11.2024;46;14.11.2024 07:59;30.6;9.4;3.5;1.95;11272;0.55;240;25.5;2.0
3121.61;1637;1650;C2-R2;14.11.2024;46;14.11.2024 09:10;34.2;9.2;4.0;1.93;10634;0.57;226;24.6;2.2
3123.41;1638;1651;C2-R2;16.11.2024;46;16.11.2024 06:22;51.4;7.4;7.2;1.81;11336;0.70;241;32.5;3.2
3125.21;1639;1652;C2-R2;16.11.2024;46;16.11.2024 06:44;52.2;7.6;7.2;1.87;11043;0.76;235;31.0;3.3
3127.01;1640;1653;C2-R2;16.11.2024;46;16.11.2024 07:43;53.2;7.9;7.0;1.96;11611;0.73;247;31.2;3.3
3128.81;1641;1654;C2-R2;16.11.2024;46;16.11.2024 11:20;56.8;8.5;7.0;2.05;11386;0.75;242;28.6;3.5
3130.61;1642;1655;C2-R2;16.11.2024;46;16.11.2024 12:06;60.6;9.0;7.0;2.10;11303;0.76;240;26.6;3.8
3132.41;1643;1656;C2-R2;16.11.2024;46;16.11.2024 12:55;56.5;8.4;7.0;1.88;10783;0.69;229;27.2;3.5
3134.21;1644;1657;C2-R2;16.11.2024;46;16.11.2024 13:49;55.7;8.3;7.0;1.83;10571;0.64;225;27.0;3.5
3136.01;1645;1658;C2-R2;16.11.2024;46;16.11.2024 15:14;55.6;8.3;7.0;1.87;10908;0.60;232;27.8;3.5
3137.81;1646;1659;C2-R2;16.11.2024;46;16.11.2024 16:16;55.2;8.3;7.0;1.91;10994;0.62;234;28.1;3.5
3139.61;1647;1660;C2-R2;16.11.2024;46;16.11.2024 17:19;55.1;8.2;7.0;1.89;11111;0.64;236;28.9;3.4
3141.41;1648;1661;C2-R2;16.11.2024;46;16.11.2024 18:10;54.6;8.1;7.0;1.83;11022;0.63;235;29.0;3.4
3143.21;1649;1662;C2-R2;16.11.2024;46;16.11.2024 18:54;56.0;8.3;7.0;1.88;11379;0.68;242;29.3;3.5
3145.01;1650;1663;C2-R2;16.11.2024;46;16.11.2024 19:39;57.0;8.4;7.0;1.94;11227;0.68;239;28.3;3.5
3146.81;1651;1664;C2-R2;16.11.2024;46;16.11.2024 20:39;55.1;8.6;6.8;1.62;9914;0.58;211;24.5;3.5
3148.61;1652;1665;C2-R2;18.11.2024;47;18.11.2024 10:52;56.4;8.3;7.0;2.05;11944;0.75;254;30.5;3.5
3150.41;1653;1666;C2-R2;18.11.2024;47;18.11.2024 11:36;53.5;7.9;6.9;1.98;11962;0.75;255;32.1;3.3
3152.21;1654;1667;C2-R2;18.11.2024;47;18.11.2024 12:40;53.4;7.7;7.2;1.94;12082;0.81;257;33.6;3.3
3154.01;1655;1668;C2-R2;18.11.2024;47;18.11.2024 13:25;51.6;7.4;7.3;1.77;12164;0.76;259;35.2;3.2
3155.81;1656;1669;C2-R2;18.11.2024;47;18.11.2024 14:12;51.0;7.3;7.2;1.76;11991;0.83;255;35.1;3.2
3157.61;1657;1670;C2-R2;18.11.2024;47;18.11.2024 15:14;47.3;6.8;7.3;1.49;11459;0.79;244;35.9;3.0
3159.41;1658;1671;C2-R2;18.11.2024;47;18.11.2024 16:36;54.3;7.7;7.3;1.94;11848;1.13;252;32.9;3.4
3161.21;1659;1672;C2-R2;18.11.2024;47;18.11.2024 17:21;56.9;7.8;7.5;1.92;11848;1.22;252;32.2;3.5
3163.01;1660;1673;C2-R2;18.11.2024;47;18.11.2024 18:10;55.6;7.8;7.4;1.87;11812;1.21;251;32.4;3.5
3164.81;1661;1674;C2-R2;18.11.2024;47;18.11.2024 19:13;53.6;7.5;7.5;1.62;10555;0.98;225;30.1;3.4
3166.61;1662;1675;C2-R2;18.11.2024;47;18.11.2024 20:05;56.5;8.1;7.2;1.52;9178;0.79;195;24.0;3.5
3168.41;1663;1676;C2-R2;18.11.2024;47;18.11.2024 20:49;58.1;8.6;7.0;1.57;8926;0.77;190;22.2;3.6
3170.21;1664;1677;C2-R2;18.11.2024;47;18.11.2024 21:34;55.7;8.3;7.0;1.73;10017;0.88;213;25.7;3.5
3172.01;1665;1678;C2-R2;18.11.2024;47;18.11.2024 22:20;57.0;8.4;7.1;1.32;8408;0.64;179;21.3;3.6
3173.81;1666;1679;C2-R2;19.11.2024;47;19.11.2024 09:26;62.4;8.8;7.3;1.58;8977;0.66;191;21.6;3.9
3175.61;1667;1680;C2-R2;19.11.2024;47;19.11.2024 10:21;58.1;12.3;5.0;1.91;9921;0.58;211;17.2;3.7
3177.41;1668;1681;C2-R2;19.11.2024;47;19.11.2024 11:12;56.9;12.8;4.6;1.85;9687;0.54;206;16.1;3.6
3179.21;1669;1682;C2-R2;19.11.2024;47;19.11.2024 11:55;55.5;12.7;4.5;1.92;9482;0.69;202;15.9;3.4
3181.01;1670;1683;C2-R2;19.11.2024;47;19.11.2024 12:39;58.6;13.6;4.5;1.86;9094;0.65;193;14.3;3.7
3182.81;1671;1684;C2-R2;19.11.2024;47;19.11.2024 13:48;54.4;12.1;4.7;2.03;9831;0.65;209;17.2;3.4
3184.61;1672;1685;C2-R2;19.11.2024;47;19.11.2024 14:33;57.3;12.6;4.7;1.93;9179;0.57;195;15.5;3.6
3186.41;1673;1686;C2-R2;19.11.2024;47;19.11.2024 15:16;58.9;13.0;4.7;1.91;8708;0.63;185;14.3;3.7
3188.21;1674;1687;C2-R2;19.11.2024;47;19.11.2024 16:05;62.0;13.7;4.7;1.90;8472;0.57;180;13.1;3.8
3190.01;1675;1688;C2-R2;19.11.2024;47;19.11.2024 16:50;59.0;14.7;4.2;1.87;8120;0.56;173;11.7;3.7
3191.81;1676;1689;C2-R2;19.11.2024;47;19.11.2024 17:36;58.6;14.8;4.1;1.81;7603;0.55;162;10.9;3.7
3193.61;1677;1690;C2-R2;19.11.2024;47;19.11.2024 18:18;58.8;14.9;4.1;1.90;8120;0.60;173;11.6;3.7
3195.41;1678;1691;C2-R2;19.11.2024;47;19.11.2024 19:01;50.2;12.2;4.3;1.99;8866;0.72;189;15.5;3.2
3197.21;1679;1692;C2-R2;19.11.2024;47;19.11.2024 19:49;59.0;13.9;4.5;1.69;7502;0.55;160;11.5;3.7
3199.01;1680;1693;C2-R2;20.11.2024;47;20.11.2024 12:00;57.6;13.4;4.5;1.85;7923;0.64;169;12.6;3.6
3200.81;1681;1694;C2-R2;20.11.2024;47;20.11.2024 12:50;57.0;13.3;4.4;2.01;9316;0.71;198;14.9;3.5
3202.61;1682;1695;C2-R2;20.11.2024;47;20.11.2024 14:45;60.1;13.9;4.5;1.76;8404;0.58;179;12.8;3.7
3204.41;1683;1696;C2-R2;20.11.2024;47;20.11.2024 15:42;59.9;13.9;4.4;1.86;8524;0.68;181;13.0;3.7
3206.21;1684;1697;C2-R2;20.11.2024;47;20.11.2024 16:50;51.6;12.0;4.5;2.08;9989;0.81;213;17.7;3.2
3208.01;1685;1698;C2-R2;20.11.2024;47;20.11.2024 17:56;53.7;9.4;5.9;1.95;10431;0.85;222;23.5;3.3
3209.81;1686;1699;C2-R2;20.11.2024;47;20.11.2024 18:49;53.6;9.0;6.2;1.98;10537;0.95;224;24.8;3.4
3211.61;1687;1700;C2-R2;20.11.2024;47;20.11.2024 19:38;57.2;11.5;5.6;1.61;8877;0.69;189;16.4;3.9
3213.41;1688;1701;C2-R2b;21.11.2024;47;21.11.2024 09:29;58.4;9.8;6.2;2.05;10331;0.86;220;22.4;3.6
3215.21;1689;1702;C2-R2;21.11.2024;47;21.11.2024 10:12;75.6;12.2;6.4;2.29;10703;0.92;228;18.6;4.7
3217.01;1690;1703;C2-R2;21.11.2024;47;21.11.2024 10:48;77.4;12.3;6.5;2.17;10412;0.89;222;18.0;4.8
3218.81;1691;1704;C2-R2;21.11.2024;47;21.11.2024 11:22;69.9;10.6;6.8;2.19;11357;1.02;242;22.7;4.3
3220.61;1692;1705;C2-R2;21.11.2024;47;21.11.2024 12:00;80.2;11.8;7.0;2.50;11158;1.05;237;20.2;4.9
3222.41;1693;1706;C2-R2;21.11.2024;47;21.11.2024 12:33;76.2;11.5;6.9;2.29;11125;0.85;237;20.6;4.7
3224.21;1694;1707;C2-R2;21.11.2024;47;21.11.2024 13:24;76.4;11.9;6.6;2.03;9697;0.66;206;17.3;4.7
3226.01;1695;1708;C2-R2;21.11.2024;47;21.11.2024 14:13;61.2;12.2;5.5;1.49;7854;0.42;167;13.7;4.0
3227.81;1696;1709;C2-R2;22.11.2024;47;22.11.2024 00:20;71.3;12.3;5.9;1.98;9969;0.49;212;17.2;4.4
3229.61;1697;1710;C2-R2;22.11.2024;47;22.11.2024 00:57;73.9;12.6;6.0;2.09;10148;0.46;216;17.2;4.5
3231.41;1698;1711;C2-R2;22.11.2024;47;22.11.2024 01:37;71.6;11.9;6.2;2.25;10598;0.61;225;19.0;4.4
3233.21;1699;1712;C2-R2;22.11.2024;47;22.11.2024 02:15;70.9;11.2;6.5;2.28;11382;0.65;242;21.5;4.4
3235.01;1700;1713;C2-R2;22.11.2024;47;22.11.2024 02:52;72.3;11.6;6.5;2.27;10788;0.66;230;19.7;4.5
3236.81;1701;1714;C2-R2;22.11.2024;47;22.11.2024 03:50;72.0;11.5;6.5;2.40;11406;0.78;243;21.2;4.5
3238.61;1702;1715;C2-R2;22.11.2024;47;22.11.2024 04:29;67.7;10.8;6.5;2.32;11414;0.75;243;22.5;4.2
3240.41;1703;1716;C2-R2;22.11.2024;47;22.11.2024 05:18;59.5;11.0;5.9;1.84;9529;0.50;203;18.5;3.9
3242.21;1704;1717;C2-R2;22.11.2024;47;22.11.2024 14:18;53.2;9.0;6.2;1.93;10355;0.47;220;24.5;3.3
3244.01;1705;1718;C2-R2;22.11.2024;47;22.11.2024 15:03;72.6;10.2;7.3;2.29;10708;0.63;228;22.3;4.4
3245.81;1706;1719;C2-R2;22.11.2024;47;22.11.2024 15:42;70.6;10.7;6.9;2.39;11640;0.52;248;23.2;4.4
3247.61;1707;1720;C2-R2;22.11.2024;47;22.11.2024 16:20;69.3;9.6;7.4;2.08;11348;0.49;241;25.1;4.3
3249.41;1708;1721;C2-R2;22.11.2024;47;22.11.2024 16:57;74.0;10.6;7.2;2.28;11640;0.49;248;23.3;4.6
3251.21;1709;1722;C2-R2;22.11.2024;47;22.11.2024 17:34;72.9;10.8;7.0;2.36;11366;0.49;242;22.4;4.5
3253.01;1710;1723;C2-R2;22.11.2024;47;22.11.2024 18:10;71.9;11.0;6.7;2.36;11814;0.42;251;22.8;4.5
3254.81;1711;1724;C2-R2;22.11.2024;47;22.11.2024 18:53;71.6;18.4;6.0;1.83;8832;0.31;188;10.2;6.6
3256.61;1712;1725;C2-R2;23.11.2024;47;23.11.2024 02:50;74.2;11.4;6.8;2.21;9567;0.36;204;17.9;4.6
3258.41;1713;1726;C2-R2;23.11.2024;47;23.11.2024 03:30;79.6;12.3;6.7;2.34;9744;0.37;207;16.9;4.9
3260.21;1714;1727;C2-R2;23.11.2024;47;23.11.2024 04:05;72.3;11.2;6.7;2.16;10667;0.40;227;20.3;4.5
3262.01;1715;1728;C2-R2;23.11.2024;47;23.11.2024 04:48;72.7;11.2;6.8;2.37;11434;0.43;243;21.8;4.5
3263.81;1716;1729;C2-R2;23.11.2024;47;23.11.2024 05:25;67.5;10.3;6.8;2.23;11732;0.41;250;24.2;4.2
3265.61;1717;1730;C2-R2;23.11.2024;47;23.11.2024 06:03;68.6;10.5;6.8;2.35;12097;0.44;257;24.6;4.3
3267.41;1718;1731;C2-R2;23.11.2024;47;23.11.2024 06:48;55.4;10.2;6.2;1.58;8238;0.30;175;17.3;3.8
3269.21;1719;1732;C2-R2;25.11.2024;48;25.11.2024 09:41;65.7;9.9;6.9;2.16;10205;0.34;217;22.0;4.1
3271.01;1720;1733;C2-R2;25.11.2024;48;25.11.2024 10:35;69.3;12.2;6.7;2.16;10074;0.33;214;17.5;4.9
3272.81;1721;1734;C2-R2;25.11.2024;48;25.11.2024 11:35;66.6;10.0;6.9;2.06;10538;0.33;224;22.3;4.2
3274.61;1722;1735;C2-R2;25.11.2024;48;25.11.2024 12:25;69.7;10.6;6.8;2.11;10702;0.35;228;21.5;4.4
3276.41;1723;1736;C2-R2;25.11.2024;48;25.11.2024 13:16;74.5;11.3;6.8;2.15;10328;0.35;220;19.5;4.6
3278.21;1724;1737;C2-R2;25.11.2024;48;25.11.2024 13:53;75.5;11.3;6.8;2.13;9844;0.32;209;18.5;4.6
3280.01;1725;1738;C2-R2;25.11.2024;48;25.11.2024 14:33;71.8;10.9;6.9;2.05;9858;0.31;210;19.3;4.5
3281.81;1726;1739;C2-R2;25.11.2024;48;25.11.2024 15:58;72.2;10.9;6.9;2.11;9908;0.33;211;19.3;4.5
3283.61;1727;1740;C2-R2;25.11.2024;48;25.11.2024 18:07;61.9;9.4;6.8;1.60;7961;0.24;169;18.0;3.9
3285.41;1728;1741;C2-R2;26.11.2024;48;26.11.2024 06:53;81.0;11.9;7.0;2.40;10561;0.36;225;18.8;5.0
3287.21;1729;1742;C2-R2;26.11.2024;48;26.11.2024 07:55;80.5;11.9;7.0;2.18;9977;0.34;212;17.9;5.0
3289.01;1730;1743;C2-R2;26.11.2024;48;26.11.2024 08:50;81.4;12.4;6.8;2.19;9468;0.33;201;16.3;5.1
3290.81;1731;1744;C2-R2;26.11.2024;48;26.11.2024 09:23;77.7;12.3;6.5;2.26;10523;0.34;224;18.1;4.8
3292.61;1732;1745;C2-R2;26.11.2024;48;26.11.2024 10:23;80.8;12.6;6.6;2.41;10738;0.37;228;18.1;5.0
3294.41;1733;1746;C2-R2;26.11.2024;48;26.11.2024 10:57;78.8;12.4;6.6;2.41;11120;0.34;237;19.1;4.9
3296.21;1734;1747;C2-R2;26.11.2024;48;26.11.2024 11:42;80.1;12.6;6.6;2.40;11334;0.33;241;19.1;5.0
3298.01;1735;1748;C2-R2;26.11.2024;48;26.11.2024 12:24;65.6;10.3;6.7;1.57;8040;0.21;171;16.6;4.1
3299.81;1736;1749;C2-R2;26.11.2024;48;26.11.2024 21:58;69.1;10.6;6.8;2.00;8988;0.27;191;18.0;4.3
3301.61;1737;1750;C2-R2;26.11.2024;48;26.11.2024 22:46;72.7;11.1;6.8;2.12;10059;0.31;214;19.3;4.5
3303.41;1738;1751;C2-R2;26.11.2024;48;26.11.2024 23:24;66.6;10.4;6.7;2.00;10448;0.31;222;21.4;4.2
3305.21;1739;1752;C2-R2;27.11.2024;48;27.11.2024 00:06;72.0;11.1;6.8;2.16;10164;0.31;216;19.5;4.5
3307.01;1740;1753;C2-R2;27.11.2024;48;27.11.2024 00:53;73.5;11.2;6.8;2.14;10004;0.30;213;19.0;4.5
3308.81;1741;1754;C2-R2;27.11.2024;48;27.11.2024 01:30;76.3;11.7;6.8;2.16;9749;0.30;207;17.8;4.7
3310.61;1742;1755;C2-R2;27.11.2024;48;27.11.2024 03:02;76.7;11.7;6.8;2.05;8735;0.30;186;15.9;4.7
3312.41;1743;1756;C2-R2;27.11.2024;48;27.11.2024 03:38;74.3;16.0;5.9;1.66;7348;0.23;156;9.7;5.7
3314.21;1744;1757;C2-R2;27.11.2024;48;27.11.2024 14:49;84.7;13.4;6.5;2.23;9184;0.29;195;14.6;5.2
3316.01;1745;1758;C2-R2;27.11.2024;48;27.11.2024 15:21;87.6;13.9;6.5;2.29;9231;0.32;196;14.2;5.4
3317.81;1746;1759;C2-R2;27.11.2024;48;27.11.2024 15:54;80.5;12.8;6.5;2.03;8834;0.30;188;14.7;5.0
3319.61;1747;1760;C2-R2;27.11.2024;48;27.11.2024 16:46;84.6;13.4;6.5;2.09;9639;0.30;205;15.3;5.2
3321.41;1748;1761;C2-R2;27.11.2024;48;27.11.2024 17:20;84.7;13.4;6.6;2.09;8805;0.30;187;14.0;5.3
3323.21;1749;1762;C2-R2;27.11.2024;48;27.11.2024 18:04;84.1;13.3;6.5;2.09;8645;0.30;184;13.8;5.2
3325.01;1750;1763;C2-R2;27.11.2024;48;27.11.2024 18:49;82.0;12.8;6.6;1.94;8263;0.28;176;13.7;5.0
3326.81;1751;1764;C2-R2;27.11.2024;48;27.11.2024 19:23;66.5;11.7;5.9;1.39;6188;0.19;132;11.3;4.1
3328.61;1752;1765;C2-R2b;28.11.2024;48;28.11.2024 14:40;82.5;13.0;6.6;2.10;8407;0.28;179;13.8;5.1
3330.41;1753;1766;C2-R2;28.11.2024;48;28.11.2024 15:19;81.1;12.8;6.5;2.25;8564;0.33;182;14.3;5.0
3332.21;1754;1767;C2-R2;28.11.2024;48;28.11.2024 15:55;78.4;12.3;6.6;2.34;10100;0.39;215;17.5;4.9
3334.01;1755;1768;C2-R2;28.11.2024;48;28.11.2024 16:29;77.1;11.4;7.0;2.31;11148;0.42;237;20.8;4.8
3335.81;1756;1769;C2-R2;28.11.2024;48;28.11.2024 17:22;72.4;10.8;7.0;2.36;11199;0.43;238;22.1;4.5
3337.61;1757;1770;C2-R2;28.11.2024;48;28.11.2024 18:02;69.3;10.2;7.0;2.34;11261;0.42;240;23.5;4.3
3339.41;1758;1771;C2-R2;28.11.2024;48;28.11.2024 18:58;66.2;9.7;7.1;2.14;10797;0.38;230;23.6;4.1
3341.21;1759;1772;C2-R2;28.11.2024;48;28.11.2024 20:04;56.2;8.3;7.1;1.49;8424;0.27;179;21.5;3.5
3343.01;1760;1773;C2-R2b;29.11.2024;48;29.11.2024 06:58;63.4;9.2;7.2;2.17;11001;0.41;234;25.4;4.0
3344.81;1761;1774;C2-R2;29.11.2024;48;29.11.2024 07:56;63.6;9.1;7.2;2.16;11567;0.43;246;26.9;4.0
3346.61;1762;1775;C2-R2;29.11.2024;48;29.11.2024 08:38;66.7;9.6;7.2;2.24;11963;0.44;255;26.6;4.1
3348.41;1763;1776;C2-R2;29.11.2024;48;29.11.2024 09:21;66.5;9.5;7.2;2.22;11809;0.44;251;26.3;4.1
3350.21;1764;1777;C2-R2;29.11.2024;48;29.11.2024 10:13;67.2;9.6;7.2;2.21;11464;0.45;244;25.3;4.2
3352.01;1765;1778;C2-R2;29.11.2024;48;29.11.2024 11:32;68.4;9.8;7.2;2.27;11619;0.45;247;25.2;4.2
3353.81;1766;1779;C2-R2;29.11.2024;48;29.11.2024 12:12;66.6;9.6;7.2;2.14;11283;0.42;240;25.0;4.1
3355.61;1767;1780;C2-R2;29.11.2024;48;29.11.2024 13:00;54.3;8.1;7.1;1.65;8601;0.32;183;22.5;3.5
3357.41;1768;1781;C2-R2;30.11.2024;48;30.11.2024 05:52;40.4;6.4;7.1;0.74;4544;0.14;97;15.1;2.7
3359.21;1769;1782;C2-R2;30.11.2024;48;30.11.2024 06:29;29.9;8.0;4.1;1.07;7250;0.17;154;19.4;2.0
3361.01;1770;1783;C2-R2;30.11.2024;48;30.11.2024 09:47;57.3;11.8;5.5;1.51;7693;0.23;164;13.9;3.9
3362.81;1771;1784;C2-R2;30.11.2024;48;30.11.2024 12:35;70.2;10.5;6.9;2.31;10813;0.40;230;21.8;4.4
3364.61;1772;1785;C2-R2;30.11.2024;48;30.11.2024 13:16;74.0;11.1;6.9;2.38;10947;0.41;233;21.0;4.6
3366.41;1773;1786;C2-R2;30.11.2024;48;30.11.2024 14:32;72.3;17.2;5.5;1.56;8034;0.26;171;9.9;5.7
3368.21;1774;1787;C2-R2;30.11.2024;48;30.11.2024 15:10;70.8;10.4;7.0;2.33;11496;0.40;245;23.5;4.4
3370.01;1775;1788;C2-R2;30.11.2024;48;30.11.2024 16:25;63.6;9.4;7.0;1.98;9842;0.35;209;22.2;4.0
3371.81;1776;1789;C2-R2;02.12.2024;49;02.12.2024 15:19;66.5;10.1;7.0;2.28;10517;0.38;224;22.2;4.2
3373.61;1777;1790;C2-R2;02.12.2024;49;02.12.2024 15:42;70.1;10.3;7.0;2.26;10721;0.40;228;22.1;4.3
3375.41;1778;1791;C2-R2;02.12.2024;49;02.12.2024 16:26;70.7;10.4;7.0;2.24;10441;0.40;222;21.4;4.4
3377.21;1779;1792;C2-R2;02.12.2024;49;02.12.2024 17:04;67.2;9.9;7.0;2.13;10709;0.44;228;23.0;4.2
3379.01;1780;1793;C2-R2;02.12.2024;49;02.12.2024 18:05;67.7;9.9;7.1;2.11;10509;0.48;224;22.5;4.2
3380.81;1781;1794;C2-R2;02.12.2024;49;02.12.2024 18:59;74.4;11.0;7.0;2.15;10286;0.49;219;19.8;4.6
3382.61;1782;1795;C2-R2;02.12.2024;49;02.12.2024 20:01;77.7;11.4;7.0;2.32;10536;0.59;224;19.7;4.8
3384.41;1783;1796;C2-R2;02.12.2024;49;02.12.2024 20:36;60.6;10.3;6.0;1.65;8614;0.49;183;17.8;3.7
3386.21;1784;1797;C2-R2;03.12.2024;49;03.12.2024 13:25;75.7;12.4;6.3;2.02;9098;0.71;194;15.6;4.7
3388.01;1785;1798;C2-R2;03.12.2024;49;03.12.2024 14:01;63.9;12.6;5.4;1.85;8708;0.71;185;14.7;4.1
3389.81;1786;1799;C2-R2;03.12.2024;49;03.12.2024 14:42;69.3;12.4;5.9;2.06;11025;0.93;235;19.0;4.4
3391.61;1787;1800;C2-R2;03.12.2024;49;03.12.2024 15:21;69.1;11.2;6.4;1.89;10032;0.92;213;19.1;4.3
3393.41;1788;1801;C2-R2;03.12.2024;49;03.12.2024 16:03;74.3;12.4;6.2;2.20;9714;0.68;207;16.7;4.6
3395.21;1789;1802;C2-R2;03.12.2024;49;03.12.2024 16:40;74.2;12.4;6.2;2.08;9788;0.46;208;16.8;4.6
3397.01;1790;1803;C2-R2;03.12.2024;49;03.12.2024 17:17;75.0;13.1;5.9;2.02;9446;0.32;201;15.3;4.6
3398.81;1791;1804;C2-R2;03.12.2024;49;03.12.2024 17:55;64.5;11.7;5.7;1.62;7784;0.25;166;14.1;4.0
3400.61;1792;1805;C2-R2;05.12.2024;49;05.12.2024 13:21;76.5;11.7;6.8;2.10;9497;0.36;202;17.3;4.7
3402.41;1793;1806;C2-R2;05.12.2024;49;05.12.2024 14:17;79.1;12.0;6.8;2.18;9689;0.41;206;17.2;4.9
3404.21;1794;1807;C2-R2;05.12.2024;49;05.12.2024 15:01;80.6;12.2;6.8;2.12;9483;0.42;202;16.5;5.0
3406.01;1795;1808;C2-R2;05.12.2024;49;05.12.2024 15:35;73.2;15.3;6.0;1.65;7742;0.35;165;10.8;5.5
3407.81;1796;1809;C2-R2;06.12.2024;49;06.12.2024 02:35;75.2;11.9;6.7;1.97;9476;0.46;202;17.0;4.7
3409.61;1797;1810;C2-R2;06.12.2024;49;06.12.2024 05:08;77.7;12.3;6.6;2.15;9787;0.59;208;16.9;4.8
3411.41;1798;1811;C2-R2;06.12.2024;49;06.12.2024 05:42;79.6;13.3;6.3;2.30;9414;0.61;200;15.1;5.0
3413.21;1799;1812;C2-R2;06.12.2024;49;06.12.2024 06:40;76.0;12.5;6.3;2.08;9415;0.53;200;16.0;4.7
3415.01;1800;1813;C2-R2;06.12.2024;49;06.12.2024 07:17;78.6;12.9;6.3;2.03;9886;0.56;210;16.4;4.9
3416.81;1801;1814;C2-R2;06.12.2024;49;06.12.2024 08:26;74.9;12.2;6.4;1.98;9944;0.64;212;17.4;4.6
3418.61;1802;1815;C2-R2;06.12.2024;49;06.12.2024 09:10;78.3;12.7;6.3;2.11;10933;0.69;233;18.3;4.8
3420.41;1803;1816;C2-R2;06.12.2024;49;06.12.2024 09:49;73.2;12.0;6.3;2.17;10987;0.72;234;19.6;4.5
3422.21;1804;1817;C2-R2;06.12.2024;49;06.12.2024 11:25;75.5;11.8;6.6;2.17;11028;0.74;235;19.9;4.7
3424.01;1805;1818;C2-R2;06.12.2024;49;06.12.2024 12:02;76.0;11.8;6.7;2.27;10927;0.79;232;19.7;4.7
3425.81;1806;1819;C2-R2;06.12.2024;49;06.12.2024 12:39;75.7;11.8;6.7;2.23;10761;0.73;229;19.5;4.7
3427.61;1807;1820;C2-R2;06.12.2024;49;06.12.2024 13:20;77.1;12.0;6.7;2.28;10991;0.69;234;19.5;4.8
3429.41;1808;1821;C2-R2;06.12.2024;49;06.12.2024 14:05;76.0;11.7;6.7;2.24;10935;0.62;233;19.8;4.7
3431.21;1809;1822;C2-R2;06.12.2024;49;06.12.2024 14:41;51.5;11.3;5.1;1.33;7955;0.37;169;15.0;3.4
3433.01;1810;1823;C2-R2;06.12.2024;49;06.12.2024 23:11;75.8;11.3;7.0;2.36;11601;0.71;247;21.8;4.7
3434.81;1811;1824;C2-R2;07.12.2024;49;07.12.2024 00:19;73.0;10.8;7.0;2.34;11672;0.61;248;22.9;4.6
3436.61;1812;1825;C2-R2;07.12.2024;49;07.12.2024 00:55;66.2;9.9;7.0;2.23;12500;0.53;266;27.0;4.1
3438.41;1813;1826;C2-R2;07.12.2024;49;07.12.2024 01:33;62.6;9.2;7.0;2.10;12332;0.47;262;28.4;3.9
3440.21;1814;1827;C2-R2;07.12.2024;49;07.12.2024 03:30;68.5;10.1;7.0;2.29;11725;0.49;249;24.7;4.3
3442.01;1815;1828;C2-R2;07.12.2024;49;07.12.2024 04:07;72.1;10.7;7.0;2.41;11684;0.51;249;23.3;4.5
3443.81;1816;1829;C2-R2;07.12.2024;49;07.12.2024 04:51;69.7;10.3;7.0;2.33;11558;0.53;246;24.0;4.3
3445.61;1817;1830;C2-R2;07.12.2024;49;07.12.2024 06:04;73.0;10.5;7.2;2.35;11454;0.56;244;23.3;4.5
3447.41;1818;1831;C2-R2;07.12.2024;49;07.12.2024 06:44;76.7;11.0;7.2;2.28;10852;0.53;231;21.0;4.7
3449.21;1819;1832;C2-R2;07.12.2024;49;07.12.2024 07:20;73.7;10.6;7.2;2.10;9765;0.46;208;19.6;4.6
3451.01;1820;1833;C2-R2;07.12.2024;49;07.12.2024 08:38;78.1;11.2;7.2;2.17;10278;0.48;219;19.5;4.8
3452.81;1821;1834;C2-R2;07.12.2024;49;07.12.2024 09:14;80.2;11.5;7.2;2.20;10459;0.48;223;19.4;5.0
3454.61;1822;1835;C2-R2b;07.12.2024;49;07.12.2024 09:51;76.1;10.9;7.2;2.07;9532;0.45;203;18.5;4.7
3456.41;1823;1836;C2-R2;07.12.2024;49;07.12.2024 10:27;61.8;9.5;6.8;1.38;7141;0.26;152;16.1;3.8
3458.21;1824;1837;C2-R2;07.12.2024;49;07.12.2024 17:32;77.9;12.1;6.6;2.19;9373;0.35;199;16.5;4.8
3460.01;1825;1838;C2-R2;07.12.2024;49;07.12.2024 20:53;76.9;11.5;6.9;2.27;10750;0.35;229;19.9;4.8
3461.81;1826;1839;C2-R2;;1;;;;;;;;;;
3463.61;1827;1840;C2-R2;07.12.2024;49;07.12.2024 21:30;74.0;10.9;7.0;2.21;10646;0.34;227;20.9;4.6
3465.41;1828;1841;C2-R2;07.12.2024;49;07.12.2024 22:08;75.6;11.1;7.0;2.23;10709;0.33;228;20.6;4.7
3467.21;1829;1842;C2-R2;07.12.2024;49;07.12.2024 22:44;75.6;11.1;7.0;2.16;10622;0.32;226;20.4;4.7
3469.01;1830;1843;C2-R2;07.12.2024;49;07.12.2024 23:19;75.0;11.0;7.0;2.04;9908;0.32;211;19.2;4.6
3470.81;1831;1844;C2-R2;07.12.2024;49;07.12.2024 23:55;66.8;10.9;6.7;1.72;8482;0.27;180;16.6;4.3
3472.61;1832;1845;C2-R2;09.12.2024;50;09.12.2024 09:52;72.2;11.1;6.8;2.01;9242;0.29;197;17.8;4.5
3474.41;1833;1846;C2-R2;09.12.2024;50;09.12.2024 10:32;73.0;11.3;6.7;2.04;8946;0.29;190;16.9;4.5
3476.21;1834;1847;C2-R2;09.12.2024;50;09.12.2024 11:09;73.9;11.4;6.7;2.13;9028;0.30;192;16.8;4.6
3478.01;1835;1848;C2-R2;09.12.2024;50;09.12.2024 11:47;69.8;11.0;6.6;2.15;9502;0.30;202;18.4;4.3
3479.81;1836;1849;C2-R2;09.12.2024;50;09.12.2024 12:55;74.3;11.2;6.8;2.19;9516;0.31;202;18.0;4.6
3481.61;1837;1850;C2-R2;09.12.2024;50;09.12.2024 13:34;71.5;11.4;6.6;1.93;7900;0.26;168;14.7;4.5
3483.41;1838;1851;C2-R2;10.12.2024;50;10.12.2024 00:01;74.6;13.1;6.0;2.00;7945;0.21;169;12.9;4.7
3485.21;1839;1852;C2-R2;10.12.2024;50;10.12.2024 01:46;70.3;12.9;5.7;2.22;8856;0.22;188;14.6;4.4
3487.01;1840;1853;C2-R2;10.12.2024;50;10.12.2024 02:24;78.6;12.2;6.6;2.15;8265;0.26;176;14.4;4.9
3488.81;1841;1854;C2-R2;10.12.2024;50;10.12.2024 03:00;78.5;12.3;6.6;1.93;8518;0.24;181;14.8;4.8
3490.61;1842;1855;C2-R2;10.12.2024;50;10.12.2024 03:40;78.2;13.3;6.2;1.90;7865;0.20;167;12.6;4.9
3492.41;1843;1856;C2-R2;10.12.2024;50;10.12.2024 04:14;81.0;14.4;5.8;2.02;7830;0.18;167;11.6;5.0
3494.21;1844;1857;C2-R2;10.12.2024;50;10.12.2024 04:47;80.9;14.5;5.8;2.15;8556;0.19;182;12.6;5.0
3496.01;1845;1858;C2-R2;10.12.2024;50;10.12.2024 05:21;81.8;14.3;5.9;2.35;8965;0.21;191;13.3;5.0
3497.81;1846;1859;C2-R2;10.12.2024;50;10.12.2024 05:57;80.2;13.6;6.1;2.16;9555;0.23;203;15.0;4.9
3499.61;1847;1860;C2-R2;10.12.2024;50;10.12.2024 06:33;67.8;11.7;6.1;1.74;8397;0.19;179;15.2;4.3
3501.41;1848;1861;C2-R2;10.12.2024;50;10.12.2024 14:14;73.5;11.2;6.8;2.05;9354;0.23;199;17.8;4.6
3503.21;1849;1862;C2-R2;10.12.2024;50;10.12.2024 15:13;75.2;11.4;6.9;2.20;9835;0.25;209;18.4;4.7
3505.01;1850;1863;C2-R2;10.12.2024;50;10.12.2024 16:03;73.4;10.7;7.2;1.94;10296;0.28;219;20.5;4.6
3506.81;1851;1864;C2-R2;10.12.2024;50;10.12.2024 16:40;76.3;11.1;7.2;1.87;9007;0.28;192;17.3;4.8
3508.61;1852;1865;C2-R2;10.12.2024;50;10.12.2024 17:15;79.8;12.0;6.9;1.88;8736;0.24;186;15.5;5.0
3510.41;1853;1866;C2-R2;10.12.2024;50;10.12.2024 17:50;70.6;10.6;6.9;1.62;8317;0.24;177;16.6;4.4
3512.21;1854;1867;C2-R2;10.12.2024;50;10.12.2024 18:27;77.0;12.0;6.7;2.06;9704;0.24;206;17.2;4.8
3514.01;1855;1868;C2-R2;10.12.2024;50;10.12.2024 19:23;77.0;13.0;6.1;2.26;9843;0.20;209;16.1;4.8
3515.81;1856;1869;C2-R2;10.12.2024;50;10.12.2024 20:17;65.3;12.9;5.7;1.53;7089;0.15;151;11.7;4.4
3517.61;1857;1870;C2-R2;11.12.2024;50;11.12.2024 14:11;72.3;11.9;6.3;1.76;7273;0.22;155;13.0;4.5
3519.41;1858;1871;C2-R2;11.12.2024;50;11.12.2024 16:35;75.7;12.7;6.2;1.83;7655;0.20;163;12.8;4.7
3521.21;1859;1872;C2-R2;11.12.2024;50;11.12.2024 17:11;75.2;12.1;6.4;1.87;8333;0.27;177;14.6;4.7
3523.01;1860;1873;C2-R2;11.12.2024;50;11.12.2024 17:48;77.0;12.4;6.4;1.71;7307;0.24;155;12.5;4.8
3524.81;1861;1874;C2-R2;11.12.2024;50;11.12.2024 18:30;79.4;14.3;5.8;1.80;6974;0.16;148;10.4;4.9
3526.61;1862;1875;C2-R2;11.12.2024;50;11.12.2024 19:17;72.1;16.9;4.6;1.81;6678;0.22;142;8.4;4.6
3528.41;1863;1876;C2-R2;11.12.2024;50;11.12.2024 19:52;76.7;18.8;4.2;1.91;6496;0.22;138;7.3;4.8
3530.21;1864;1877;C2-R2;11.12.2024;50;11.12.2024 20:28;77.2;19.4;4.1;1.78;6114;0.22;130;6.7;4.8
3532.01;1865;1878;C2-R2;11.12.2024;50;11.12.2024 21:04;78.8;21.0;3.9;1.67;5778;0.14;123;5.9;4.9
3533.81;1866;1879;C2-R2;11.12.2024;50;11.12.2024 21:46;74.3;19.9;3.9;1.30;4799;0.12;102;5.1;4.7
3535.61;1867;1880;C2-R2;11.12.2024;50;11.12.2024 22:28;67.1;19.3;3.6;1.21;4787;0.09;102;5.3;4.2
3537.41;1868;1881;C2-R2;12.12.2024;50;12.12.2024 04:19;73.4;20.1;3.8;1.54;5439;0.13;116;5.7;4.6
3539.21;1869;1882;C2-R2;12.12.2024;50;12.12.2024 04:52;74.5;20.3;3.8;1.68;5836;0.13;124;6.1;4.6
3541.01;1870;1883;C2-R2;12.12.2024;50;12.12.2024 05:53;73.8;20.2;3.8;1.66;5492;0.15;117;5.8;4.6
3542.81;1871;1884;C2-R2;12.12.2024;50;12.12.2024 07:24;75.4;14.4;5.4;1.33;5733;0.14;122;8.5;4.7
3544.61;1872;1885;C2-R2;12.12.2024;50;12.12.2024 08:02;75.8;15.5;5.1;1.41;5963;0.14;127;8.2;4.7
3546.41;1873;1886;C2-R2;12.12.2024;50;12.12.2024 08:46;69.2;13.7;5.2;1.35;5459;0.14;116;8.5;4.3
3548.21;1874;1887;C2-R2;12.12.2024;50;12.12.2024 10:10;67.3;13.4;5.2;1.49;5965;0.15;127;9.4;4.2
3550.01;1875;1888;C2-R2;12.12.2024;50;12.12.2024 10:49;67.3;13.2;5.3;1.60;6640;0.15;141;10.7;4.2
3551.81;1876;1889;C2-R2;12.12.2024;50;12.12.2024 12:24;77.0;13.5;5.9;1.72;7087;0.18;151;11.1;4.8
3553.61;1877;1890;C2-R2;12.12.2024;50;12.12.2024 13:06;74.0;13.5;5.8;1.30;5846;0.15;124;9.2;4.7
3555.41;1878;1891;C2-R2;12.12.2024;50;12.12.2024 19:07;74.3;18.3;4.2;1.97;6322;0.28;135;7.3;4.7
3557.21;1879;1892;C2-R2;12.12.2024;50;12.12.2024 19:43;75.2;18.1;4.4;2.11;7359;0.19;157;8.7;4.7
3559.01;1880;1893;C2-R2b;12.12.2024;50;12.12.2024 20:25;81.0;16.4;5.1;2.13;7503;0.19;160;9.7;5.0
3560.81;1881;1894;C2-R2;12.12.2024;50;12.12.2024 20:59;77.6;15.7;5.1;1.97;7927;0.19;169;10.8;4.8
3562.61;1882;1895;C2-R2;12.12.2024;50;12.12.2024 21:45;78.4;15.4;5.3;2.22;8968;0.21;191;12.4;4.9
3564.41;1883;1896;C2-R2;12.12.2024;50;12.12.2024 22:21;74.2;13.4;5.7;2.22;9366;0.22;199;14.9;4.6
3566.21;1884;1897;C2-R2;12.12.2024;50;12.12.2024 23:25;79.2;13.4;6.1;2.36;9878;0.27;210;15.7;4.9
3568.01;1885;1898;C2-R2;13.12.2024;50;13.12.2024 00:00;78.6;11.4;7.1;2.22;9796;0.34;208;18.2;4.9
3569.81;1886;1899;C2-R2;13.12.2024;50;13.12.2024 01:27;79.0;11.5;7.2;2.17;10002;0.34;213;18.6;4.9
3571.61;1887;1900;C2-R2;13.12.2024;50;13.12.2024 02:02;72.9;13.2;6.2;1.66;7739;0.24;165;12.5;4.9
3573.41;1888;1901;C2-R2;13.12.2024;50;13.12.2024 10:07;82.2;13.4;6.4;2.43;9339;0.25;199;14.8;5.1
3575.21;1889;1902;C2-R2;13.12.2024;50;13.12.2024 10:46;84.1;12.2;7.1;2.00;8644;0.34;184;15.1;5.2
3577.01;1890;1903;C2-R2;13.12.2024;50;13.12.2024 11:21;80.3;11.9;7.0;1.92;8465;0.30;180;15.2;5.0
3578.81;1891;1904;C2-R2;13.12.2024;50;13.12.2024 12:11;74.6;11.3;6.9;1.97;9478;0.27;202;17.9;4.6
3580.61;1892;1905;C2-R2;13.12.2024;50;13.12.2024 12:58;82.2;12.3;6.9;2.21;9895;0.30;211;17.1;5.1
3582.41;1893;1906;C2-R2;13.12.2024;50;13.12.2024 13:40;80.9;11.7;7.1;2.07;9770;0.33;208;17.7;5.0
3584.21;1894;1907;C2-R2;13.12.2024;50;13.12.2024 14:16;77.0;11.2;7.1;1.96;9326;0.31;198;17.7;4.8
3586.01;1895;1908;C2-R2;13.12.2024;50;13.12.2024 14:58;73.2;12.0;6.5;1.75;8109;0.27;173;14.4;4.7
3587.81;1896;1909;C2-R2;14.12.2024;50;14.12.2024 04:12;81.7;12.8;6.6;2.17;8912;0.27;190;14.8;5.1
3589.61;1897;1910;C2-R3;14.12.2024;50;14.12.2024 04:42;75.2;13.5;6.1;1.45;6073;0.20;129;9.6;4.9
3591.41;1898;1911;C2-R3;14.12.2024;50;14.12.2024 09:28;67.2;12.1;5.8;1.64;6367;0.31;135;11.2;4.2
3593.21;1899;1912;C2-R3;14.12.2024;50;14.12.2024 10:23;77.8;13.0;6.2;1.89;7069;0.42;150;11.6;4.8
3595.01;1900;1913;C2-R3;14.12.2024;50;14.12.2024 11:01;81.3;13.5;6.2;1.50;7102;0.33;151;11.2;5.0
3596.81;1901;1914;C2-R3;14.12.2024;50;14.12.2024 11:35;79.4;13.9;6.0;1.31;6702;0.25;143;10.2;5.0
3598.61;1902;1915;C2-R2;14.12.2024;50;14.12.2024 12:09;79.1;15.0;5.5;1.11;5512;0.19;117;7.8;5.0
3600.41;1903;1916;C2-R2;14.12.2024;50;14.12.2024 14:41;78.1;14.4;5.6;1.28;6440;0.17;137;9.5;4.8
3602.21;1904;1917;C2-R2;14.12.2024;50;14.12.2024 16:05;74.2;14.8;5.3;1.76;7586;0.26;161;10.9;4.7
3604.01;1905;1918;C2-R2;16.12.2024;51;16.12.2024 09:05;71.0;13.7;5.5;1.98;7470;0.22;159;11.6;4.5
3605.81;1906;1919;C2-R2;16.12.2024;51;16.12.2024 12:06;74.0;12.8;5.9;2.14;8598;0.28;183;14.3;4.5
3607.61;1907;1920;C2-R2;16.12.2024;51;16.12.2024 12:53;76.8;12.3;6.4;2.15;9572;0.32;204;16.6;4.7
3609.41;1908;1921;C2-R2;16.12.2024;51;16.12.2024 15:18;56.8;11.7;5.3;1.50;7348;0.21;156;13.4;3.7
3611.21;1909;1922;C2-R2;17.12.2024;51;17.12.2024 03:25;76.8;12.2;6.5;2.35;10280;0.41;219;17.9;4.8
3613.01;1910;1923;C2-R2;17.12.2024;51;17.12.2024 04:17;76.2;11.5;6.9;2.36;10846;0.46;231;20.1;4.7
3614.81;1911;1924;C2-R2;17.12.2024;51;17.12.2024 04:59;76.5;11.3;7.0;2.29;11436;0.46;243;21.6;4.7
3616.61;1912;1925;C2-R2;17.12.2024;51;17.12.2024 05:37;75.3;11.1;7.0;2.25;11597;0.50;247;22.2;4.7
3618.41;1913;1926;C2-R2;17.12.2024;51;17.12.2024 06:17;76.8;11.4;7.0;2.20;11286;0.48;240;21.1;4.8
3620.21;1914;1927;C2-R2;17.12.2024;51;17.12.2024 07:05;73.7;10.9;7.0;2.26;11657;0.50;248;22.7;4.6
3622.01;1915;1928;C2-R2;17.12.2024;51;17.12.2024 08:10;73.9;10.3;7.4;2.19;11822;0.56;252;24.4;4.6
3623.81;1916;1929;C2-R2;17.12.2024;51;17.12.2024 08:47;75.2;9.9;7.8;2.15;11719;0.63;249;25.2;4.6
3625.61;1917;1930;C2-R2;17.12.2024;51;17.12.2024 09:23;62.5;13.6;6.2;1.57;8839;0.43;188;13.9;5.0
3627.41;1918;1931;C2-R2;17.12.2024;51;17.12.2024 22:39;74.7;10.8;7.2;2.41;11525;0.49;245;22.7;4.6
3629.21;1919;1932;C2-R2;17.12.2024;51;17.12.2024 23:16;73.6;10.4;7.3;2.33;11800;0.53;251;24.1;4.6
3631.01;1920;1933;C2-R2b;17.12.2024;51;17.12.2024 23:53;74.9;10.7;7.3;2.35;12027;0.55;256;24.0;4.7
3632.81;1921;1934;C2-R2;18.12.2024;51;18.12.2024 00:29;77.0;10.9;7.3;2.35;12092;0.58;257;23.6;4.8
3634.61;1922;1935;C2-R2;18.12.2024;51;18.12.2024 01:36;81.4;11.6;7.3;2.34;11457;0.61;244;21.1;5.1
3636.41;1923;1936;C2-R2;18.12.2024;51;18.12.2024 02:11;86.3;12.2;7.3;2.33;10922;0.58;232;19.1;5.3
3638.21;1924;1937;C2-R2;18.12.2024;51;18.12.2024 02:44;79.4;11.8;7.0;2.20;11321;0.58;241;20.5;4.9
3640.01;1925;1938;C2-R2;18.12.2024;51;18.12.2024 03:20;80.8;11.8;7.1;2.29;11404;0.62;243;20.6;5.0
3641.81;1926;1939;C2-R2;18.12.2024;51;18.12.2024 03:54;71.9;10.5;7.1;2.28;11680;0.73;249;23.6;4.5
3643.61;1927;1940;C2-R2;18.12.2024;51;18.12.2024 04:31;56.9;9.9;6.3;1.72;9883;0.65;210;21.2;3.7
3645.41;1928;1941;C2-R2;18.12.2024;51;18.12.2024 20:46;66.7;10.0;7.1;2.26;11343;1.00;241;24.1;4.3
3647.21;1929;1942;C2-R2;18.12.2024;51;18.12.2024 22:40;73.4;10.8;7.1;2.44;12262;1.09;261;24.2;4.6
3649.01;1930;1943;C2-R2;18.12.2024;51;18.12.2024 23:18;60.9;9.0;7.0;2.21;12213;1.06;260;29.0;3.8
3650.81;1931;1944;C2-R2;19.12.2024;51;19.12.2024 00:00;50.9;7.9;6.9;1.75;11052;0.89;235;29.8;3.2
3652.61;1932;1945;C2-R2;19.12.2024;51;19.12.2024 01:18;49.3;6.8;7.6;1.91;12660;1.07;269;39.7;3.1
3654.41;1933;1946;C2-R2;19.12.2024;51;19.12.2024 02:10;42.7;5.9;7.5;1.73;12654;1.02;269;45.3;2.7
3656.21;1934;1947;C2-R2;19.12.2024;51;19.12.2024 03:05;44.0;6.1;7.6;1.78;12697;1.03;270;44.4;2.8
3658.01;1935;1948;C2-R2;19.12.2024;51;19.12.2024 04:03;48.1;6.9;7.4;1.82;11889;0.98;253;36.6;3.1
3659.81;1936;1949;C2-R2b;19.12.2024;51;19.12.2024 17:53;61.7;9.7;7.2;1.50;9412;0.78;200;20.7;4.2
3661.61;1937;1950;C2-R2;19.12.2024;51;19.12.2024 18:54;63.3;8.3;7.9;2.09;12200;1.07;260;31.4;3.9
3663.41;1938;1951;C2-R2;19.12.2024;51;19.12.2024 19:39;59.8;7.8;8.0;1.97;12377;1.04;263;33.7;3.7
3665.21;1939;1952;C2-R2;19.12.2024;51;19.12.2024 20:45;67.2;8.9;7.9;2.11;11970;1.04;255;28.7;4.2
3667.01;1940;1953;C2-R2;19.12.2024;51;19.12.2024 21:32;74.6;10.1;7.7;2.26;11698;1.04;249;24.7;4.7
3668.81;1941;1954;C2-R2;19.12.2024;51;19.12.2024 22:08;74.9;10.9;7.1;2.48;12246;1.10;261;23.9;4.7
3670.61;1942;1955;C2-R2;19.12.2024;51;19.12.2024 22:44;61.1;8.3;7.7;2.07;12528;1.13;267;32.2;3.8
3672.41;1943;1956;C2-R2;19.12.2024;51;19.12.2024 23:26;64.2;10.2;7.3;1.71;10548;1.00;224;21.9;4.5
3674.21;1944;1957;C2-R2;20.12.2024;51;20.12.2024 12:22;58.0;7.5;8.1;2.04;12165;1.36;259;34.4;3.6
3676.01;1945;1958;C2-R2;20.12.2024;51;20.12.2024 13:15;54.1;7.0;8.1;1.89;12340;1.35;263;37.5;3.4
3677.81;1946;1959;C2-R2;20.12.2024;51;20.12.2024 14:02;58.4;7.5;8.1;2.01;12823;1.46;273;36.6;3.6
3679.61;1947;1960;C2-R2;20.12.2024;51;20.12.2024 14:49;58.2;7.5;8.2;1.92;11870;1.28;253;33.9;3.7
3681.41;1948;1961;C2-R2;20.12.2024;51;20.12.2024 15:52;60.5;8.0;7.9;1.90;11795;1.10;251;31.2;3.8
3683.21;1949;1962;C2-R2;20.12.2024;51;20.12.2024 16:42;75.8;9.8;8.0;1.97;10583;1.08;225;22.9;4.7
3685.01;1950;1963;C2-R2;20.12.2024;51;20.12.2024 17:22;75.5;10.3;7.6;1.80;9030;0.82;192;18.7;4.7
3686.81;1951;1964;C2-R2;20.12.2024;51;20.12.2024 18:01;64.0;12.1;5.9;1.42;8068;0.39;172;14.2;4.3
3688.61;1952;1965;C2-R2;06.01.2025;2;06.01.2025 16:51;81.2;14.0;6.0;2.40;9466;0.37;201;14.4;5.0
3690.41;1953;1966;C2-R2;06.01.2025;2;06.01.2025 17:26;80.7;13.7;6.1;2.43;10687;0.33;227;16.6;5.0
3692.21;1954;1967;C2-R2;06.01.2025;2;06.01.2025 18:28;78.3;12.5;6.4;2.33;11091;0.33;236;18.9;4.8
3694.01;1955;1968;C2-R2;06.01.2025;2;06.01.2025 19:09;69.9;11.3;6.4;2.09;9609;0.31;204;18.1;4.4
3695.81;1956;1969;C2-R2;06.01.2025;2;06.01.2025 22:53;78.9;12.6;6.5;2.29;10181;0.32;217;17.2;4.9
3697.61;1957;1970;C2-R2;06.01.2025;2;06.01.2025 23:30;71.7;11.6;6.5;1.98;8928;0.32;190;16.4;4.5
3699.41;1958;1971;C2-R2;07.01.2025;2;07.01.2025 00:10;79.2;14.0;5.9;2.02;7838;0.26;167;11.9;5.0
3701.21;1959;1972;C2-R3;07.01.2025;2;07.01.2025 00:56;80.8;13.6;6.2;2.16;8811;0.29;187;13.8;5.0
3703.01;1960;1973;C2-R3;07.01.2025;2;07.01.2025 01:30;79.0;12.7;6.5;2.12;8676;0.32;185;14.5;4.9
3704.81;1961;1974;C2-R3;07.01.2025;2;07.01.2025 03:40;53.5;10.4;5.3;1.24;5609;0.20;119;11.5;3.3
3706.61;1962;1975;C2-R3;07.01.2025;2;07.01.2025 17:16;75.8;13.3;5.9;1.79;6676;0.44;142;10.6;4.7
3708.41;1963;1976;C2-R3;07.01.2025;2;07.01.2025 18:17;75.4;14.2;5.5;1.83;7541;0.44;160;11.3;4.7
3710.21;1964;1977;C2-R3;07.01.2025;2;07.01.2025 19:02;73.7;12.2;6.3;1.93;9187;0.59;195;16.1;4.6
3712.01;1965;1978;C2-R3;07.01.2025;2;07.01.2025 22:39;76.2;12.7;6.3;2.20;10090;0.75;215;17.0;4.8
3713.81;1966;1979;C2-R3;07.01.2025;2;07.01.2025 23:21;77.2;12.6;6.3;2.07;10037;0.61;214;17.0;4.8
3715.61;1967;1980;C2-R2;07.01.2025;2;07.01.2025 23:58;79.2;12.7;6.5;2.00;9392;0.52;200;15.7;4.9
3717.41;1968;1981;C2-R2;08.01.2025;2;08.01.2025 00:46;73.5;11.8;6.5;1.76;8730;0.48;186;15.7;4.6
3719.21;1969;1982;C2-R2;08.01.2025;2;08.01.2025 01:33;76.2;12.3;6.5;1.71;8948;0.51;190;15.5;4.8
3721.01;1970;1983;C2-R2;08.01.2025;2;08.01.2025 02:12;79.1;12.7;6.5;1.72;8077;0.57;172;13.6;4.9
3722.81;1971;1984;C2-R2;08.01.2025;2;08.01.2025 02:54;57.4;10.9;5.4;1.21;6894;0.40;147;13.4;3.6
3724.61;1972;1985;C2-R2;08.01.2025;2;08.01.2025 13:34;71.4;11.9;6.2;1.73;7937;0.57;169;14.2;4.4
3726.41;1973;1986;C2-R2;08.01.2025;2;08.01.2025 14:13;69.1;12.6;5.7;1.50;7009;0.41;149;11.9;4.3
3728.21;1974;1987;C2-R2b;08.01.2025;2;08.01.2025 15:04;67.1;12.1;5.7;1.71;8230;0.47;175;14.5;4.2
3730.01;1975;1988;C2-R2;08.01.2025;2;08.01.2025 16:30;77.4;12.2;6.6;2.04;9662;0.61;206;16.9;4.8
3731.81;1976;1989;C2-R2;08.01.2025;2;08.01.2025 17:20;81.7;11.8;7.1;2.14;10084;0.63;215;18.1;5.1
3733.61;1977;1990;C2-R2;08.01.2025;2;08.01.2025 18:37;70.3;10.2;7.2;1.80;8885;0.53;189;18.5;4.4
3735.41;1978;1991;C2-R2;08.01.2025;2;08.01.2025 19:24;73.7;10.7;7.2;2.01;9971;0.53;212;19.9;4.6
3737.21;1979;1992;C2-R2;08.01.2025;2;08.01.2025 20:01;71.2;10.2;7.3;1.98;9446;0.50;201;19.7;4.5
3739.01;1980;1993;C2-R2;08.01.2025;2;08.01.2025 20:47;72.1;10.3;7.3;2.06;9829;0.44;209;20.4;4.5
3740.81;1981;1994;C2-R2;08.01.2025;2;08.01.2025 21:25;67.3;10.9;6.5;1.69;8076;0.29;172;15.8;4.2
3742.61;1982;1995;C2-R2;09.01.2025;2;09.01.2025 11:46;74.0;11.7;6.5;2.39;10517;0.35;224;19.1;4.6
3744.41;1983;1996;C2-R2;09.01.2025;2;09.01.2025 12:22;73.7;11.7;6.5;2.45;10920;0.36;232;19.9;4.6
3746.21;1984;1997;C2-R2;09.01.2025;2;09.01.2025 12:58;78.6;12.0;6.8;2.51;11319;0.36;241;20.1;4.9
3748.01;1985;1998;C2-R2;09.01.2025;2;09.01.2025 13:32;78.9;11.7;7.0;2.45;11486;0.34;244;20.8;4.9
3749.81;1986;1999;C2-R2;09.01.2025;2;09.01.2025 14:41;81.7;12.3;6.9;2.29;10031;0.30;213;17.4;5.1
3751.61;1987;2000;C2-R2;09.01.2025;2;09.01.2025 15:25;80.7;12.9;6.5;2.28;8907;0.32;190;14.7;5.0
3753.41;1988;2001;C2-R2;09.01.2025;2;09.01.2025 16:18;81.4;13.1;6.4;2.39;9730;0.31;207;15.8;5.1
3755.21;1989;2002;C2-R2;09.01.2025;2;09.01.2025 17:00;73.0;12.1;6.4;1.82;7784;0.25;166;13.7;4.6
3757.01;1990;2003;C2-R3;14.01.2025;3;14.01.2025 01:15;82.5;12.0;7.2;1.74;7953;0.29;169;14.1;5.1
3758.81;1991;2004;C2-R3;14.01.2025;3;14.01.2025 01:51;84.4;12.4;7.1;1.67;6765;0.29;144;11.6;5.2
3760.61;1992;2005;C2-R3;14.01.2025;3;14.01.2025 02:32;84.9;12.8;6.9;1.60;7074;0.27;151;11.8;5.2
3762.41;1993;2006;C2-R3;14.01.2025;3;14.01.2025 03:45;79.8;12.2;6.8;1.46;5995;0.25;128;10.5;5.0
3764.21;1994;2007;C2-R2;;1;;;;;;;;;;
3766.01;1995;2008;C2-R2;14.01.2025;3;14.01.2025 04:55;76.0;11.4;6.9;1.68;6931;0.28;147;12.9;4.7
3767.81;1996;2009;C2-R2;14.01.2025;3;14.01.2025 05:30;72.1;10.9;6.9;1.75;8027;0.30;171;15.7;4.5
3769.61;1997;2010;C2-R2;14.01.2025;3;14.01.2025 06:33;71.5;10.6;7.0;1.87;8389;0.32;178;16.8;4.5
3771.41;1998;2011;C2-R2;14.01.2025;3;14.01.2025 07:18;74.8;10.6;7.3;1.82;8525;0.35;181;17.1;4.6
3773.21;1999;2012;C2-R2;14.01.2025;3;14.01.2025 07:54;70.9;10.1;7.3;1.77;8481;0.35;180;17.9;4.4
3775.01;2000;2013;C2-R2;14.01.2025;3;14.01.2025 08:52;65.1;12.2;6.1;1.52;6932;0.26;147;12.1;4.5
3776.81;2001;2014;C2-R2;14.01.2025;3;14.01.2025 20:32;73.4;12.3;6.5;1.68;7415;0.28;158;12.8;4.8
3778.61;2002;2015;C2-R2;14.01.2025;3;14.01.2025 23:06;79.7;11.4;7.2;2.02;9218;0.38;196;17.1;4.9
3780.41;2003;2016;C2-R2;14.01.2025;3;14.01.2025 23:41;77.0;10.7;7.5;2.26;10987;0.41;234;21.8;4.8
3782.21;2004;2017;C2-R2;15.01.2025;3;15.01.2025 00:17;77.6;10.9;7.5;2.33;10843;0.43;231;21.3;4.9
3784.01;2005;2018;C2-R2;15.01.2025;3;15.01.2025 01:07;80.4;11.3;7.6;2.35;10239;0.44;218;19.3;5.1
3785.81;2006;2019;C2-R2;15.01.2025;3;15.01.2025 02:16;79.9;11.0;7.6;2.30;10472;0.44;223;20.2;5.1
3787.61;2007;2020;C2-R2;15.01.2025;3;15.01.2025 02:51;88.2;12.0;7.7;2.25;11016;0.43;234;19.5;5.5
3789.41;2008;2021;C2-R2;15.01.2025;3;15.01.2025 04:00;77.6;10.6;7.7;1.81;8681;0.35;185;17.4;4.9
3791.21;2009;2022;C2-R2;15.01.2025;3;15.01.2025 05:45;96.3;13.4;7.5;2.20;8188;0.35;174;13.0;6.0
3793.01;2010;2023;C2-R2;15.01.2025;3;15.01.2025 06:17;86.4;12.8;7.1;2.12;7756;0.32;165;12.9;5.4
3794.81;2011;2024;C2-R2;15.01.2025;3;15.01.2025 06:56;75.4;11.2;7.0;1.94;8671;0.30;184;16.4;4.7
3796.61;2012;2025;C2-R2;15.01.2025;3;15.01.2025 07:33;74.0;11.1;6.9;1.98;9266;0.30;197;17.8;4.6
3798.41;2013;2026;C2-R2;15.01.2025;3;15.01.2025 08:10;69.5;10.5;7.0;1.93;9600;0.29;204;19.5;4.4
3800.21;2014;2027;C2-R2;15.01.2025;3;15.01.2025 09:08;75.2;15.6;6.0;1.69;7594;0.24;162;10.3;5.6
3802.01;2015;2028;C2-R2;15.01.2025;3;15.01.2025 23:50;79.8;12.1;6.9;1.94;8139;0.30;173;14.3;5.0
3803.81;2016;2029;C2-R2;16.01.2025;3;16.01.2025 00:40;79.9;11.7;7.1;2.15;8834;0.36;188;16.1;5.0
3805.61;2017;2030;C2-R2;16.01.2025;3;16.01.2025 01:14;83.8;12.1;7.2;1.87;7731;0.35;164;13.7;5.2
3807.41;2018;2031;C2-R2;16.01.2025;3;16.01.2025 01:48;82.6;11.9;7.2;1.71;7785;0.33;166;14.0;5.1
3809.21;2019;2032;C2-R2;16.01.2025;3;16.01.2025 02:25;82.9;11.9;7.2;1.77;8073;0.32;172;14.4;5.2
3811.01;2020;2033;C2-R2;16.01.2025;3;16.01.2025 03:38;82.9;11.9;7.2;1.75;8032;0.32;171;14.4;5.2
3812.81;2021;2034;C2-R2;16.01.2025;3;16.01.2025 04:12;86.8;12.5;7.2;1.88;8584;0.35;183;14.6;5.4
3814.61;2022;2035;C2-R2;16.01.2025;3;16.01.2025 04:44;83.9;12.2;7.2;2.02;8368;0.38;178;14.7;5.3
3816.41;2023;2036;C2-R2;16.01.2025;3;16.01.2025 05:34;76.7;11.1;7.2;2.02;9678;0.37;206;18.6;4.8
3818.21;2024;2037;C2-R2;16.01.2025;3;16.01.2025 06:18;71.7;10.1;7.6;2.17;10631;0.44;226;22.4;4.6
3820.01;2025;2038;C2-R2;16.01.2025;3;16.01.2025 07:14;69.4;9.9;7.3;2.16;10148;0.40;216;21.8;4.3
3821.81;2026;2039;C2-R2;16.01.2025;3;16.01.2025 08:10;69.6;9.9;7.3;2.13;10618;0.42;226;22.9;4.3
3823.61;2027;2040;C2-R2;16.01.2025;3;16.01.2025 09:43;68.9;9.8;7.3;2.22;11063;0.42;235;24.1;4.3
3825.41;2028;2041;C2-R2;16.01.2025;3;16.01.2025 10:22;58.6;10.7;6.3;1.62;8762;0.31;186;17.4;4.1
3827.21;2029;2042;C2-R2;17.01.2025;3;17.01.2025 02:14;62.3;9.9;6.9;1.81;9896;0.35;211;21.3;4.1
3829.01;2030;2043;C2-R2;17.01.2025;3;17.01.2025 04:12;71.7;9.6;7.8;2.16;10624;0.49;226;23.6;4.5
3830.81;2031;2044;C2-R2;17.01.2025;3;17.01.2025 04:49;77.3;10.2;7.8;2.14;10909;0.49;232;22.8;4.8
3832.61;2032;2045;C2-R2;17.01.2025;3;17.01.2025 05:33;79.4;10.5;7.8;2.08;10193;0.51;217;20.6;4.9
3834.41;2033;2046;C2-R2;17.01.2025;3;17.01.2025 06:10;81.1;11.6;7.3;2.01;8996;0.36;191;16.5;5.1
3836.21;2034;2047;C2-R2;17.01.2025;3;17.01.2025 09:43;80.7;11.6;7.2;1.95;8315;0.35;177;15.3;5.0
3838.01;2035;2048;C2-R2;17.01.2025;3;17.01.2025 10:20;79.4;11.4;7.2;1.81;8810;0.34;187;16.5;4.9
3839.81;2036;2049;C2-R2;17.01.2025;3;17.01.2025 10:55;77.6;11.1;7.2;1.62;8149;0.35;173;15.6;4.8
3841.61;2037;2050;C2-R2;17.01.2025;3;17.01.2025 11:33;77.4;12.4;6.6;1.45;6394;0.33;136;11.0;4.9
3843.41;2038;2051;C2-R2;17.01.2025;3;17.01.2025 12:27;74.8;12.6;6.1;1.36;5585;0.34;119;9.4;4.6
3845.21;2039;2052;C2-R2;17.01.2025;3;17.01.2025 13:42;73.6;12.0;6.4;1.40;7431;0.44;158;13.2;4.6
3847.01;2040;2053;C2-R2;17.01.2025;3;17.01.2025 14:20;77.5;11.5;7.0;1.57;8827;0.52;188;16.4;4.8
3848.81;2041;2054;C2-R2b;17.01.2025;3;17.01.2025 16:50;65.1;9.9;7.0;1.52;8468;0.55;180;18.3;4.2
3850.61;2042;2055;C2-R2;17.01.2025;3;17.01.2025 17:44;60.6;9.1;7.0;1.51;8417;0.50;179;19.6;3.8
3852.41;2043;2056;C2-R2;18.01.2025;3;18.01.2025 10:18;57.6;8.2;7.3;1.91;11181;0.66;238;28.9;3.6
3854.21;2044;2057;C2-R2;18.01.2025;3;18.01.2025 11:15;58.4;8.3;7.3;1.96;11274;0.65;240;28.8;3.7
3856.01;2045;2058;C2-R2;18.01.2025;3;18.01.2025 12:29;62.3;8.8;7.3;2.19;11883;0.66;253;28.6;3.9
3857.81;2046;2059;C2-R2;18.01.2025;3;18.01.2025 13:11;57.3;8.2;7.3;2.03;11708;0.60;249;30.6;3.6
3859.61;2047;2060;C2-R2;18.01.2025;3;18.01.2025 13:59;70.5;10.0;7.3;2.30;11170;0.69;238;23.7;4.4
3861.41;2048;2061;C2-R2;18.01.2025;3;18.01.2025 14:39;65.6;9.4;7.3;2.13;10469;0.69;223;23.8;4.1
3863.21;2049;2062;C2-R2;18.01.2025;3;18.01.2025 15:44;51.8;8.7;7.0;1.24;7168;0.32;153;17.6;3.6
3865.01;2050;2063;C2-R2;18.01.2025;3;18.01.2025 18:42;62.3;11.1;6.6;1.46;8430;0.27;179;16.2;4.4
3866.81;2051;2064;C2-R2;18.01.2025;3;18.01.2025 21:13;60.8;8.5;7.5;1.95;10294;0.43;219;25.9;3.8
3868.61;2052;2065;C2-R2;18.01.2025;3;18.01.2025 22:15;66.2;9.2;7.7;2.12;11240;0.52;239;25.9;4.3
3870.41;2053;2066;C2-R2;18.01.2025;3;18.01.2025 23:17;72.8;9.9;7.8;2.12;11189;0.58;238;24.1;4.6
3872.21;2054;2067;C2-R2;19.01.2025;3;19.01.2025 00:23;61.4;10.2;6.8;1.84;9235;0.46;196;19.3;4.1
3874.01;2055;2068;C2-R2;20.01.2025;4;20.01.2025 08:05;60.1;9.3;6.9;1.92;9189;0.42;196;21.0;3.8
3875.81;2056;2069;C2-R2;20.01.2025;4;20.01.2025 11:05;66.6;11.1;6.3;1.83;8984;0.28;191;17.2;4.2
3877.61;2057;2070;C2-R2;21.01.2025;4;21.01.2025 05:31;78.2;11.5;7.0;2.41;10948;0.39;233;20.3;4.8
3879.41;2058;2071;C2-R2;21.01.2025;4;21.01.2025 06:20;73.4;9.8;7.7;2.08;10469;0.44;223;22.7;4.5
3881.21;2059;2072;C2-R2;21.01.2025;4;21.01.2025 06:59;80.9;10.7;7.8;2.24;10725;0.47;228;21.4;5.0
3883.01;2060;2073;C2-R2;21.01.2025;4;21.01.2025 07:36;78.0;10.4;7.8;2.10;10436;0.49;222;21.3;4.9
3884.81;2061;2074;C2-R2;21.01.2025;4;21.01.2025 08:16;77.3;10.3;7.8;1.99;10459;0.49;223;21.7;4.8
3886.61;2062;2075;C2-R2;21.01.2025;4;21.01.2025 08:58;78.1;10.3;7.9;1.96;10285;0.47;219;21.2;4.9
3888.41;2063;2076;C2-R2;21.01.2025;4;21.01.2025 09:53;76.5;10.1;7.8;2.09;10758;0.49;229;22.6;4.8
3890.21;2064;2077;C2-R2;21.01.2025;4;21.01.2025 10:34;80.3;10.6;7.8;2.22;11285;0.53;240;22.6;5.0
3892.01;2065;2078;C2-R2;21.01.2025;4;21.01.2025 11:09;78.5;10.5;7.9;2.25;11492;0.55;245;23.3;5.0
3893.81;2066;2079;C2-R2;21.01.2025;4;21.01.2025 11:45;72.8;9.5;7.9;2.08;11196;0.60;238;25.0;4.5
3895.61;2067;2080;C2-R2;21.01.2025;4;21.01.2025 12:29;79.2;10.5;8.0;2.20;10823;0.63;230;21.9;5.0
3897.41;2068;2081;C2-R2;21.01.2025;4;21.01.2025 13:03;79.3;10.5;7.9;2.10;9933;0.65;211;20.1;5.0
3899.21;2069;2082;C2-R2;21.01.2025;4;21.01.2025 13:57;82.5;10.7;8.1;2.09;10089;0.65;215;20.1;5.2
3901.01;2070;2083;C2-R2;21.01.2025;4;21.01.2025 14:31;78.0;10.8;7.5;1.69;8375;0.42;178;16.6;4.9
3902.81;2071;2084;C2-R2;22.01.2025;4;22.01.2025 03:40;80.6;12.0;7.0;2.27;9701;0.38;206;17.2;5.0
3904.61;2072;2085;C2-R2;22.01.2025;4;22.01.2025 04:21;74.1;11.4;6.7;2.16;10044;0.38;214;18.7;4.6
3906.41;2073;2086;C2-R2;22.01.2025;4;22.01.2025 05:10;80.7;11.8;7.1;2.13;9591;0.40;204;17.3;5.0
3908.21;2074;2087;C2-R2;22.01.2025;4;22.01.2025 06:04;78.0;11.1;7.2;2.03;10023;0.36;213;19.1;4.8
3910.01;2075;2088;C2-R2;22.01.2025;4;22.01.2025 07:03;85.8;11.2;7.9;2.00;9619;0.50;205;18.3;5.3
3911.81;2076;2089;C2-R2;22.01.2025;4;22.01.2025 07:37;81.8;10.7;8.0;1.93;9284;0.63;198;18.5;5.1
3913.61;2077;2090;C2-R2;22.01.2025;4;22.01.2025 08:55;81.8;11.9;7.2;1.88;8178;0.61;174;14.6;5.1
3915.41;2078;2091;C2-R2;22.01.2025;4;22.01.2025 09:30;84.7;13.4;6.5;2.06;8883;0.30;189;14.1;5.2
3917.21;2079;2092;C2-R2;22.01.2025;4;22.01.2025 10:03;79.9;12.4;6.7;1.98;9017;0.30;192;15.5;5.0
3919.01;2080;2093;C2-R2;22.01.2025;4;22.01.2025 10:45;80.0;11.9;7.0;2.02;9757;0.33;208;17.4;5.0
3920.81;2081;2094;C2-R2;22.01.2025;4;22.01.2025 11:20;81.2;12.1;7.0;1.99;8828;0.37;188;15.6;5.1
3922.61;2082;2095;C2-R2;22.01.2025;4;22.01.2025 12:29;89.8;13.4;6.9;2.15;9137;0.37;194;14.5;5.6
3924.41;2083;2096;C2-R2;22.01.2025;4;22.01.2025 13:01;92.7;13.8;6.9;1.98;8707;0.40;185;13.4;5.8
3926.21;2084;2097;C2-R2;22.01.2025;4;22.01.2025 13:47;81.2;13.3;6.4;1.48;5404;0.45;115;8.6;5.1
3928.01;2085;2098;C2-R2;23.01.2025;4;23.01.2025 00:20;74.0;13.2;5.9;2.24;9726;0.79;207;15.7;4.7
3929.81;2086;2099;C2-R2;23.01.2025;4;23.01.2025 01:13;68.3;9.4;7.6;2.08;10489;0.94;223;23.8;4.3
3931.61;2087;2100;C2-R2;23.01.2025;4;23.01.2025 02:08;72.6;10.2;7.4;2.04;10213;1.04;217;21.3;4.5
3933.41;2088;2101;C2-R2;23.01.2025;4;23.01.2025 02:46;76.7;10.5;7.6;1.88;9352;1.03;199;19.0;4.8
3935.21;2089;2102;C2-R2;23.01.2025;4;23.01.2025 03:22;78.8;10.8;7.6;2.09;9968;1.03;212;19.7;4.9
3937.01;2090;2103;C2-R2;23.01.2025;4;23.01.2025 03:56;71.4;9.7;7.6;2.09;11267;0.99;240;24.6;4.4
3938.81;2091;2104;C2-R2;23.01.2025;4;23.01.2025 04:34;67.9;8.7;8.1;2.02;11867;1.00;252;29.2;4.2
3940.61;2092;2105;C2-R2;23.01.2025;4;23.01.2025 05:26;64.2;8.2;8.1;1.90;11810;0.83;251;30.8;4.0
3942.41;2093;2106;C2-R2;23.01.2025;4;23.01.2025 06:05;60.2;7.6;8.1;1.86;12032;0.73;256;33.6;3.7
3944.21;2094;2107;C2-R2;23.01.2025;4;23.01.2025 06:48;62.1;7.8;8.2;1.97;12255;0.74;261;33.3;3.8
3946.01;2095;2108;C2-R2;23.01.2025;4;23.01.2025 07:30;60.4;7.6;8.2;1.93;12003;0.72;255;33.5;3.7
3947.81;2096;2109;C2-R2;23.01.2025;4;23.01.2025 08:12;64.1;8.1;8.2;2.05;11960;0.68;254;31.4;4.0
3949.61;2097;2110;C2-R2;23.01.2025;4;23.01.2025 08:59;51.4;7.5;7.3;1.79;10792;0.45;230;30.7;3.3
3951.41;2098;2111;C2-R2;23.01.2025;4;23.01.2025 10:08;62.5;15.0;6.1;1.64;8270;0.38;176;11.7;5.5
3953.21;2099;2112;C2-R2;23.01.2025;4;23.01.2025 18:48;63.6;8.1;8.2;1.91;10517;0.55;224;27.6;4.0
3955.01;2100;2113;C2-R2;23.01.2025;4;23.01.2025 19:29;66.7;8.5;8.1;1.95;11161;0.59;237;27.9;4.1
3956.81;2101;2114;C2-R2;23.01.2025;4;23.01.2025 20:08;73.0;9.6;7.8;2.16;11055;0.55;235;24.6;4.5
3958.61;2102;2115;C2-R2;23.01.2025;4;23.01.2025 20:45;77.5;10.1;7.9;2.15;10720;0.56;228;22.5;4.8
3960.41;2103;2116;C2-R2;23.01.2025;4;23.01.2025 21:20;80.4;10.5;7.9;2.18;11690;0.56;249;23.7;5.0
3962.21;2104;2117;C2-R2;23.01.2025;4;23.01.2025 22:08;83.3;11.5;7.6;2.18;9913;0.44;211;18.4;5.2
3964.01;2105;2118;C2-R2;23.01.2025;4;23.01.2025 22:54;75.0;10.7;7.3;2.03;9869;0.39;210;19.6;4.7
3965.81;2106;2119;C2-R2;23.01.2025;4;23.01.2025 23:30;75.8;10.7;7.3;2.34;11265;0.43;240;22.3;4.7
3967.61;2107;2120;C2-R2;24.01.2025;4;24.01.2025 00:06;74.1;9.6;8.0;2.21;11061;0.57;235;24.5;4.6
3969.41;2108;2121;C2-R2;24.01.2025;4;24.01.2025 00:45;71.5;9.2;8.1;2.08;10744;0.59;229;24.8;4.4
3971.21;2109;2122;C2-R2;24.01.2025;4;24.01.2025 01:43;68.6;8.9;8.1;2.03;11127;0.55;237;26.7;4.3
3973.01;2110;2123;C2-R2;24.01.2025;4;24.01.2025 02:22;69.7;8.9;8.1;2.06;11349;0.55;241;27.0;4.3
3974.81;2111;2124;C2-R2b;24.01.2025;4;24.01.2025 03:00;70.4;9.0;8.1;2.06;10808;0.55;230;25.5;4.4
3976.61;2112;2125;C2-R2;24.01.2025;4;24.01.2025 03:42;70.2;12.2;6.9;1.69;8240;0.39;175;14.4;5.0
3978.41;2113;2126;C2-R2;24.01.2025;4;24.01.2025 13:10;76.1;9.8;8.1;1.97;9758;0.54;208;21.1;4.8
3980.21;2114;2127;C2-R2;24.01.2025;4;24.01.2025 14:37;77.4;10.1;8.2;2.03;10001;0.60;213;21.0;5.0
3982.01;2115;2128;C2-R2;24.01.2025;4;24.01.2025 15:13;86.9;11.1;8.2;2.15;9777;0.65;208;18.7;5.4
3983.81;2116;2129;C2-R2;24.01.2025;4;24.01.2025 15:49;74.8;9.9;8.2;1.94;10166;0.56;216;21.9;4.8
3985.61;2117;2130;C2-R2;24.01.2025;4;24.01.2025 16:37;76.7;9.9;8.1;1.92;10010;0.50;213;21.5;4.8
3987.41;2118;2131;C2-R2;24.01.2025;4;24.01.2025 17:13;75.9;9.9;8.1;1.96;9714;0.48;207;21.0;4.8
3989.21;2119;2132;C2-R2;24.01.2025;4;24.01.2025 18:11;76.6;10.1;8.1;2.02;9699;0.52;206;20.5;4.9
3991.01;2120;2133;C2-R2;24.01.2025;4;24.01.2025 18:59;75.6;9.7;8.1;2.05;10233;0.56;218;22.4;4.7
3992.81;2121;2134;C2-R2;24.01.2025;4;24.01.2025 19:35;68.9;8.8;8.2;1.95;10466;0.55;223;25.3;4.3
3994.61;2122;2135;C2-R2;24.01.2025;4;24.01.2025 20:29;68.8;8.8;8.2;1.99;10945;0.56;233;26.6;4.3
3996.41;2123;2136;C2-R2;24.01.2025;4;24.01.2025 21:07;72.7;9.3;8.1;2.07;11198;0.59;238;25.6;4.5
3998.21;2124;2137;C2-R2;24.01.2025;4;24.01.2025 21:46;73.7;9.4;8.1;2.06;10943;0.61;233;24.7;4.6
4000.01;2125;2138;C2-R2;24.01.2025;4;24.01.2025 23:06;80.2;10.1;8.2;2.02;10653;0.62;227;22.4;5.0
4001.81;2126;2139;C2-R2;24.01.2025;4;24.01.2025 23:56;78.4;10.6;7.7;1.98;9089;0.46;193;18.3;4.9
4003.61;2127;2140;C2-R2;27.01.2025;5;27.01.2025 15:19;74.3;10.8;7.4;1.76;7208;0.30;153;14.2;4.8
4005.41;2128;2141;C2-R2;27.01.2025;5;27.01.2025 15:51;80.3;11.9;7.1;2.07;7989;0.34;170;14.3;5.0
4007.21;2129;2142;C2-R2;27.01.2025;5;27.01.2025 17:35;77.4;13.3;6.0;2.15;8673;0.26;185;13.9;4.8
4009.01;2130;2143;C2-R2;27.01.2025;5;27.01.2025 18:24;81.2;13.9;6.0;2.04;8239;0.24;175;12.6;5.0
4010.81;2131;2144;C2-R2;27.01.2025;5;27.01.2025 19:00;78.8;13.7;6.0;1.97;8298;0.22;177;12.9;4.9
4012.61;2132;2145;C2-R2;27.01.2025;5;27.01.2025 20:35;85.4;14.7;6.0;2.09;8492;0.23;181;12.3;5.3
4014.41;2133;2146;C2-R2;27.01.2025;5;27.01.2025 21:52;75.2;13.3;5.9;1.90;7848;0.21;167;12.5;4.7
4016.21;2134;2147;C2-R2;27.01.2025;5;27.01.2025 22:39;81.4;14.3;5.9;2.26;8941;0.24;190;13.3;5.0
4018.01;2135;2148;C2-R2;27.01.2025;5;27.01.2025 23:41;79.6;13.9;5.9;2.22;9072;0.23;193;13.9;4.9
4019.81;2136;2149;C2-R2;28.01.2025;5;28.01.2025 00:15;90.7;15.9;5.9;2.20;7774;0.23;165;10.4;5.6
4021.61;2137;2150;C2-R2;28.01.2025;5;28.01.2025 00:56;84.8;15.1;5.8;1.88;6957;0.21;148;9.8;5.3
4023.41;2138;2151;C2-R2;28.01.2025;5;28.01.2025 01:32;77.1;13.7;5.8;1.96;7748;0.21;165;12.0;4.8
4025.21;2139;2152;C2-R2;28.01.2025;5;28.01.2025 02:11;75.1;12.9;6.0;2.29;9725;0.26;207;16.0;4.7
4027.01;2140;2153;C2-R2;28.01.2025;5;28.01.2025 02:53;69.6;11.7;6.2;1.90;8624;0.23;183;15.6;4.3
4028.81;2141;2154;C2-R2;28.01.2025;5;28.01.2025 10:40;79.4;11.8;7.0;2.23;10079;0.32;214;18.1;4.9
4030.61;2142;2155;C2-R2;28.01.2025;5;28.01.2025 11:16;82.4;12.3;7.0;2.10;9805;0.31;209;17.0;5.1
4032.41;2143;2156;C2-R2;28.01.2025;5;28.01.2025 11:58;78.6;11.7;7.0;2.14;9979;0.32;212;18.2;4.9
4034.21;2144;2157;C2-R2;28.01.2025;5;28.01.2025 12:45;80.2;12.0;7.0;2.28;10678;0.35;227;19.0;5.0
4036.01;2145;2158;C2-R2;28.01.2025;5;28.01.2025 13:40;79.5;11.6;7.1;2.28;10127;0.39;215;18.6;4.9
4037.81;2146;2159;C2-R2;28.01.2025;5;28.01.2025 14:31;76.7;10.6;7.5;2.31;10877;0.48;231;21.9;4.8
4039.61;2147;2160;C2-R2;28.01.2025;5;28.01.2025 15:21;70.8;9.3;7.9;2.15;11344;0.51;241;26.0;4.4
4041.41;2148;2161;C2-R2;28.01.2025;5;28.01.2025 16:04;70.5;9.2;7.9;2.14;11449;0.51;244;26.5;4.4
4043.21;2149;2162;C2-R2;28.01.2025;5;28.01.2025 16:58;73.4;9.7;7.7;2.16;11391;0.49;242;24.9;4.5
4045.01;2150;2163;C2-R2;28.01.2025;5;28.01.2025 17:36;78.2;10.8;7.4;2.31;11737;0.42;250;23.1;4.8
4046.81;2151;2164;C2-R2;28.01.2025;5;28.01.2025 18:12;80.3;10.9;7.6;2.30;11576;0.43;246;22.6;5.0
4048.61;2152;2165;C2-R2;28.01.2025;5;28.01.2025 18:59;78.6;10.8;7.6;2.27;10872;0.41;231;21.4;4.9
4050.41;2153;2166;C2-R2;28.01.2025;5;28.01.2025 20:08;82.5;11.6;7.3;2.37;11040;0.40;235;20.2;5.1
4052.21;2154;2167;C2-R2;28.01.2025;5;28.01.2025 20:41;53.3;12.4;5.0;1.47;6950;0.24;148;11.9;3.7
4054.01;2155;2168;C2-R2;29.01.2025;5;29.01.2025 04:29;79.3;11.5;7.2;2.42;10494;0.42;223;19.5;5.0
4055.81;2156;2169;C2-R2;29.01.2025;5;29.01.2025 05:02;73.2;10.3;7.4;2.34;11252;0.44;239;23.3;4.5
4057.61;2157;2170;C2-R2;29.01.2025;5;29.01.2025 05:46;74.0;10.2;7.5;2.40;12015;0.46;256;25.0;4.6
4059.41;2158;2171;C2-R2;29.01.2025;5;29.01.2025 06:35;71.8;9.9;7.5;2.28;12010;0.43;256;25.8;4.4
4061.21;2159;2172;C2-R2;29.01.2025;5;29.01.2025 07:13;75.7;10.4;7.5;2.36;11668;0.43;248;23.9;4.7
4063.01;2160;2173;C2-R2;29.01.2025;5;29.01.2025 07:48;73.4;10.1;7.5;2.33;11716;0.45;249;24.6;4.5
4064.81;2161;2174;C2-R2;29.01.2025;5;29.01.2025 08:37;75.4;10.4;7.5;2.37;11617;0.42;247;23.7;4.7
4066.61;2162;2175;C2-R2;29.01.2025;5;29.01.2025 09:12;75.7;10.5;7.4;2.25;11688;0.41;249;23.6;4.7
4068.41;2163;2176;C2-R2;29.01.2025;5;29.01.2025 10:05;80.1;11.2;7.5;2.38;11056;0.43;235;21.1;5.0
4070.21;2164;2177;C2-R2;29.01.2025;5;29.01.2025 10:38;78.6;10.9;7.4;2.33;11370;0.43;242;22.2;4.9
4072.01;2165;2178;C2-R2;29.01.2025;5;29.01.2025 11:13;77.1;10.7;7.5;2.37;11803;0.45;251;23.5;4.8
4073.81;2166;2179;C2-R2;29.01.2025;5;29.01.2025 12:06;75.8;10.6;7.4;2.37;11254;0.42;239;22.5;4.7
4075.61;2167;2180;C2-R2;29.01.2025;5;29.01.2025 12:41;81.8;11.4;7.4;2.35;11102;0.40;236;20.7;5.1
4077.41;2168;2181;C2-R2;29.01.2025;5;29.01.2025 13:19;72.9;12.8;6.3;1.82;8799;0.30;187;14.6;4.9
4079.21;2169;2182;C2-R2;30.01.2025;5;30.01.2025 00:35;75.1;10.9;7.2;2.30;10397;0.39;221;20.3;4.7
4081.01;2170;2183;C2-R2;30.01.2025;5;30.01.2025 01:10;61.7;10.0;6.4;2.02;10028;0.32;213;21.3;3.8
4082.81;2171;2184;C2-R2;30.01.2025;5;30.01.2025 02:19;50.1;10.0;5.3;1.97;10775;0.26;229;22.9;3.2
4084.61;2172;2185;C2-R2;30.01.2025;5;30.01.2025 03:14;48.5;11.1;4.9;1.86;10097;0.22;215;19.3;3.3
4086.41;2173;2186;C2-R2;30.01.2025;5;30.01.2025 04:33;68.3;10.1;7.1;2.16;10925;0.37;232;23.0;4.3
4088.21;2174;2187;C2-R2;30.01.2025;5;30.01.2025 05:29;47.1;9.7;5.1;1.89;10202;0.23;217;22.4;3.0
4090.01;2175;2188;C2-R2;30.01.2025;5;30.01.2025 06:41;38.8;9.5;4.3;1.78;9750;0.39;207;21.8;2.5
4091.81;2176;2189;C2-R2;30.01.2025;5;30.01.2025 07:59;43.4;9.5;4.8;1.65;8550;0.30;182;19.1;2.8
4093.61;2177;2190;C2-R2;30.01.2025;5;30.01.2025 09:40;75.3;10.7;7.3;2.32;11065;0.37;235;22.1;4.7
4095.41;2178;2191;C2-R2;30.01.2025;5;30.01.2025 10:26;77.6;11.0;7.3;2.40;11379;0.38;242;22.0;4.8
4097.21;2179;2192;C2-R2;30.01.2025;5;30.01.2025 11:01;78.9;11.1;7.3;2.41;11324;0.41;241;21.6;4.9
4099.01;2180;2193;C2-R2;30.01.2025;5;30.01.2025 11:36;77.0;11.0;7.3;2.32;10515;0.39;224;20.4;4.8
4100.81;2181;2194;C2-R2b;30.01.2025;5;30.01.2025 12:20;78.5;11.1;7.3;2.29;10785;0.39;229;20.6;4.9
4102.61;2182;2195;C2-R2;30.01.2025;5;30.01.2025 12:55;73.0;13.6;6.5;1.92;8979;0.32;191;14.1;5.3
4104.41;2183;2196;C2-R2;30.01.2025;5;30.01.2025 20:30;78.6;11.6;7.1;2.31;10016;0.35;213;18.4;4.9
4106.21;2184;2197;C1-R1;30.01.2025;5;30.01.2025 21:07;78.8;11.8;6.9;2.05;8952;0.35;190;16.2;4.9
4108.01;2185;2198;C2-R2;30.01.2025;5;30.01.2025 21:42;79.4;12.2;6.8;2.25;10509;0.35;224;18.4;4.9
4109.81;2186;2199;C2-R2;30.01.2025;5;30.01.2025 22:15;77.4;11.5;7.0;2.35;11164;0.37;238;20.6;4.8
4111.61;2187;2200;C2-R2;30.01.2025;5;30.01.2025 23:25;77.6;11.4;7.0;2.40;11406;0.38;243;21.2;4.8
4113.41;2188;2201;C2-R2;31.01.2025;5;31.01.2025 00:03;77.8;11.6;7.0;2.32;11118;0.38;237;20.4;4.9
4115.21;2189;2202;C2-R2;31.01.2025;5;31.01.2025 00:48;75.4;11.9;6.9;2.17;10186;0.35;217;18.3;4.9
4117.01;2190;2203;C2-R2;31.01.2025;5;31.01.2025 02:42;77.6;11.4;7.1;2.38;11028;0.36;235;20.6;4.8
4118.81;2191;2204;C2-R2;31.01.2025;5;31.01.2025 03:16;78.7;11.6;7.1;2.42;11281;0.35;240;20.7;4.9
4120.61;2192;2205;C2-R2;31.01.2025;5;31.01.2025 03:49;82.2;12.0;7.1;2.48;11024;0.35;235;19.5;5.1
4122.41;2193;2206;C2-R2;31.01.2025;5;31.01.2025 04:33;83.0;12.2;7.1;2.42;10553;0.35;225;18.4;5.2
4124.21;2194;2207;C2-R2;31.01.2025;5;31.01.2025 05:05;81.4;12.0;7.0;2.21;10125;0.33;215;17.9;5.1
4126.01;2195;2208;C2-R2b;31.01.2025;5;31.01.2025 06:07;80.6;11.8;7.1;2.29;10037;0.35;214;18.1;5.0
4127.81;2196;2209;C2-R2;31.01.2025;5;31.01.2025 06:55;79.3;11.5;7.1;2.21;9962;0.34;212;18.4;4.9
4129.61;2197;2210;C2-R2;01.02.2025;5;01.02.2025 17:05;74.9;12.0;6.5;1.94;7771;0.25;165;13.8;4.7
4131.41;2198;2211;C2-R2;01.02.2025;5;01.02.2025 17:52;84.8;12.8;6.9;2.36;8656;0.30;184;14.4;5.3
4133.21;2199;2212;C2-R2;01.02.2025;5;01.02.2025 18:25;78.8;12.1;6.8;2.31;9666;0.29;206;17.0;4.9
4135.01;2200;2213;C2-R2;01.02.2025;5;01.02.2025 19:01;80.4;11.8;7.1;2.29;10258;0.31;218;18.5;5.0
4136.81;2201;2214;C2-R2;01.02.2025;5;01.02.2025 19:37;82.3;12.0;7.1;2.36;10266;0.33;218;18.2;5.1
4138.61;2202;2215;C2-R2;01.02.2025;5;01.02.2025 20:10;86.0;12.5;7.1;2.43;10205;0.33;217;17.4;5.3
4140.41;2203;2216;C2-R2;01.02.2025;5;01.02.2025 20:41;85.9;12.5;7.1;2.32;9104;0.35;194;15.5;5.3
4142.21;2204;2217;C2-R2;01.02.2025;5;01.02.2025 21:22;74.2;10.9;7.2;2.34;10655;0.35;227;20.7;4.7
4144.01;2205;2218;C2-R2;01.02.2025;5;01.02.2025 21:59;73.4;10.6;7.3;2.39;11041;0.38;235;22.2;4.6
4145.81;2206;2219;C2-R2;01.02.2025;5;01.02.2025 22:37;74.0;10.5;7.4;2.37;10927;0.44;232;22.2;4.6
4147.61;2207;2220;C2-R2;01.02.2025;5;01.02.2025 23:24;72.5;10.8;7.4;2.27;10895;0.49;232;21.5;4.7
4149.41;2208;2221;C2-R2;02.02.2025;5;02.02.2025 00:24;73.9;10.3;7.5;2.43;11454;0.50;244;23.6;4.6
4151.21;2209;2222;C2-R2;02.02.2025;5;02.02.2025 01:12;74.1;10.4;7.4;2.49;11058;0.47;235;22.6;4.6
4153.01;2210;2223;C2-R2;02.02.2025;5;02.02.2025 01:47;61.9;8.9;7.2;1.97;9414;0.39;200;22.6;3.9
4154.81;2211;2224;C2-R2;04.02.2025;6;04.02.2025 00:09;67.6;10.0;7.0;2.38;11395;0.42;242;24.2;4.2
4156.61;2212;2225;C2-R2;04.02.2025;6;04.02.2025 00:48;66.7;9.9;7.0;2.36;11236;0.42;239;24.1;4.2
4158.41;2213;2226;C2-R2b;04.02.2025;6;04.02.2025 03:26;68.1;10.1;7.0;2.32;11234;0.44;239;23.8;4.2
4160.21;2214;2227;C2-R2;04.02.2025;6;04.02.2025 04:08;49.2;10.6;5.4;1.41;7810;0.27;166;15.7;3.4
4162.01;2215;2228;C2-R2;04.02.2025;6;04.02.2025 13:53;69.0;9.9;7.3;2.28;11388;0.46;242;24.4;4.3
4163.81;2216;2229;C2-R2;04.02.2025;6;04.02.2025 17:45;71.7;10.2;7.3;2.30;10931;0.47;233;22.8;4.5
4165.61;2217;2230;C2-R2;04.02.2025;6;04.02.2025 18:21;69.5;9.9;7.3;2.27;11472;0.49;244;24.6;4.3
4167.41;2218;2231;C2-R2;04.02.2025;6;04.02.2025 19:07;69.8;10.0;7.3;2.30;11901;0.49;253;25.4;4.4
4169.21;2219;2232;C2-R2;04.02.2025;6;04.02.2025 21:00;66.2;9.4;7.3;2.17;11128;0.48;237;25.1;4.1
4171.01;2220;2233;C2-R2;04.02.2025;6;04.02.2025 21:44;69.5;10.0;7.3;2.20;10983;0.48;234;23.5;4.3
4172.81;2221;2234;C2-R2;04.02.2025;6;04.02.2025 22:28;71.6;10.2;7.3;2.21;10867;0.47;231;22.7;4.5
4174.61;2222;2235;C2-R2;04.02.2025;6;04.02.2025 23:07;70.7;10.1;7.3;2.13;10214;0.44;217;21.5;4.4
4176.41;2223;2236;C2-R2;05.02.2025;6;05.02.2025 00:30;69.4;10.0;7.2;2.04;10082;0.40;215;21.5;4.3
4178.21;2224;2237;C2-R2;05.02.2025;6;05.02.2025 01:16;74.0;10.7;7.2;2.02;9506;0.38;202;18.9;4.6
4180.01;2225;2238;C2-R2;05.02.2025;6;05.02.2025 01:56;75.1;10.8;7.2;1.86;9087;0.34;193;17.9;4.7
4181.81;2226;2239;C2-R2;05.02.2025;6;05.02.2025 02:41;81.2;11.6;7.3;1.89;8686;0.33;185;16.0;5.0
4183.61;2227;2240;C2-R2;05.02.2025;6;05.02.2025 03:36;89.4;12.8;7.2;2.03;8212;0.32;175;13.7;5.5
4185.41;2228;2241;C2-R2;05.02.2025;6;05.02.2025 04:37;72.1;10.7;7.0;1.46;6393;0.22;136;12.7;4.5
4187.21;2229;2242;C2-R2;06.02.2025;6;06.02.2025 03:28;72.9;10.8;7.0;1.88;8234;0.31;175;16.2;4.6
4189.01;2230;2243;C2-R2;06.02.2025;6;06.02.2025 04:09;73.2;10.8;7.1;2.01;9055;0.37;193;17.9;4.6
4190.81;2231;2244;C2-R2;06.02.2025;6;06.02.2025 04:47;79.9;11.6;7.1;2.10;10112;0.38;215;18.5;5.0
4192.61;2232;2245;C2-R2;06.02.2025;6;06.02.2025 05:22;72.9;10.7;7.1;1.94;9284;0.35;198;18.5;4.6
4194.41;2233;2246;C2-R2;06.02.2025;6;06.02.2025 06:08;78.3;11.3;7.2;2.04;9235;0.40;196;17.4;4.9
4196.21;2234;2247;C2-R2;06.02.2025;6;06.02.2025 06:57;77.7;11.5;7.0;2.11;9410;0.37;200;17.5;4.8
4198.01;2235;2248;C2-R2;06.02.2025;6;06.02.2025 07:31;76.9;11.4;7.0;2.18;10439;0.37;222;19.5;4.8
4199.81;2236;2249;C2-R2;06.02.2025;6;06.02.2025 08:06;75.8;11.1;7.1;2.17;10038;0.39;214;19.2;4.7
4201.61;2237;2250;C2-R2;06.02.2025;6;06.02.2025 09:15;74.9;11.1;7.0;2.17;9796;0.37;208;18.8;4.7
4203.41;2238;2251;C2-R2;06.02.2025;6;06.02.2025 10:22;73.2;10.8;7.0;2.17;9876;0.37;210;19.4;4.6
4205.21;2239;2252;C2-R2;06.02.2025;6;06.02.2025 11:01;76.7;11.4;7.0;2.26;10029;0.41;213;18.8;4.8
4207.01;2240;2253;C2-R2;06.02.2025;6;06.02.2025 11:36;77.6;11.3;7.1;2.32;10445;0.44;222;19.6;4.8
4208.81;2241;2254;C2-R2;06.02.2025;6;06.02.2025 12:12;77.1;11.3;7.1;2.28;10814;0.44;230;20.4;4.8
4210.61;2242;2255;C2-R2;06.02.2025;6;06.02.2025 12:47;64.8;9.8;6.9;1.77;8420;0.35;179;18.3;4.1
4212.41;2243;2256;C2-R2;07.02.2025;6;07.02.2025 07:15;71.5;10.4;7.2;2.23;10609;0.45;226;21.7;4.5
4214.21;2244;2257;C2-R2;07.02.2025;6;07.02.2025 08:01;75.2;10.8;7.2;2.32;11391;0.49;242;22.5;4.7
4216.01;2245;2258;C2-R2;07.02.2025;6;07.02.2025 08:36;71.9;10.6;7.1;2.23;11876;0.50;253;23.8;4.5
4217.81;2246;2259;C2-R2;07.02.2025;6;07.02.2025 09:16;74.0;10.8;7.2;2.20;12025;0.49;256;23.7;4.7
4219.61;2247;2260;C2-R2;07.02.2025;6;07.02.2025 09:55;74.3;10.7;7.2;2.19;12334;0.46;262;24.5;4.6
4221.41;2248;2261;C2-R2;07.02.2025;6;07.02.2025 10:31;72.4;10.5;7.2;2.20;12266;0.46;261;24.8;4.6
4223.21;2249;2262;C2-R2b;07.02.2025;6;07.02.2025 11:09;74.1;10.6;7.2;2.25;12290;0.46;261;24.6;4.6
4225.01;2250;2263;C2-R2;07.02.2025;6;07.02.2025 11:47;78.2;11.3;7.2;2.29;11574;0.44;246;21.7;4.9
4226.81;2251;2264;C2-R2;07.02.2025;6;07.02.2025 12:33;81.1;11.7;7.2;2.36;10944;0.44;233;20.0;5.0
4228.61;2252;2265;C2-R2;07.02.2025;6;07.02.2025 13:07;82.6;12.1;7.1;2.25;10612;0.38;226;18.6;5.2
4230.41;2253;2266;C2-R2;07.02.2025;6;07.02.2025 13:38;87.9;12.9;7.0;2.13;9387;0.35;200;15.4;5.4
4232.21;2254;2267;C2-R2;07.02.2025;6;07.02.2025 14:11;86.0;12.8;6.9;2.17;9186;0.34;195;15.3;5.3
4234.01;2255;2268;C2-R2;07.02.2025;6;07.02.2025 15:01;86.3;12.8;7.0;2.39;10266;0.36;218;17.1;5.4
4235.81;2256;2269;C2-R2;07.02.2025;6;07.02.2025 15:35;65.9;15.1;5.6;1.75;7845;0.27;167;11.1;5.1
4237.61;2257;2270;C2-R2;08.02.2025;6;08.02.2025 07:42;79.6;11.8;7.0;2.31;9891;0.32;210;17.9;5.0
4239.41;2258;2271;C2-R2;08.02.2025;6;08.02.2025 08:18;82.6;12.1;7.1;2.41;9995;0.35;213;17.6;5.1
4241.21;2259;2272;C2-R2;08.02.2025;6;08.02.2025 09:11;76.8;11.3;7.0;2.25;10781;0.33;229;20.3;4.8
4243.01;2260;2273;C2-R2;08.02.2025;6;08.02.2025 15:08;81.9;12.1;7.0;2.31;10461;0.31;223;18.3;5.1
4244.81;2261;2274;C2-R2;08.02.2025;6;08.02.2025 15:53;0.3;0.4;6.6;0.33;888;0.03;19;51.0;0.1
4246.61;2262;2275;C2-R2;08.02.2025;6;08.02.2025 15:54;81.8;12.5;6.8;2.21;8953;0.29;190;15.2;5.1
4248.41;2263;2276;C2-R2;08.02.2025;6;08.02.2025 16:44;80.4;12.7;6.6;2.16;8729;0.28;186;14.6;5.0
4250.21;2264;2277;C2-R3;08.02.2025;6;08.02.2025 17:17;72.4;11.4;6.8;1.81;7805;0.30;166;14.6;4.6
4252.01;2265;2278;C2-R3;11.02.2025;7;11.02.2025 02:51;82.6;11.0;7.7;1.90;8418;0.40;179;16.2;5.1
4253.81;2266;2279;C2-R3;11.02.2025;7;11.02.2025 03:47;84.7;11.8;7.4;1.90;8170;0.41;174;14.7;5.3
4255.61;2267;2280;C2-R3;11.02.2025;7;11.02.2025 04:31;77.1;11.4;7.0;1.91;8707;0.28;185;16.3;4.8
4257.41;2268;2281;C2-R3;11.02.2025;7;11.02.2025 05:08;79.7;10.9;7.5;1.94;8969;0.47;191;17.5;4.9
4259.21;2269;2282;C2-R3;11.02.2025;7;11.02.2025 05:52;79.3;11.0;7.5;1.92;9069;0.45;193;17.6;4.9
4261.01;2270;2283;C2-R3;11.02.2025;7;11.02.2025 07:13;80.3;11.7;7.2;1.77;7471;0.28;159;13.6;5.0
4262.81;2271;2284;C2-R3;11.02.2025;7;11.02.2025 08:57;82.7;12.1;7.1;1.94;7617;0.30;162;13.4;5.2
4264.61;2272;2285;C2-R3;11.02.2025;7;11.02.2025 09:32;73.3;11.0;6.9;1.90;8777;0.28;187;17.0;4.6
4266.41;2273;2286;C2-R3;11.02.2025;7;11.02.2025 09:42;79.5;11.5;7.2;2.05;9883;0.32;210;18.2;5.0
4268.21;2274;2287;C2-R3;11.02.2025;7;11.02.2025 10:22;72.0;10.5;7.2;1.66;7946;0.27;169;16.1;4.5
4270.01;2275;2288;C2-R3;12.02.2025;7;12.02.2025 07:51;77.0;11.1;7.2;2.22;9716;0.35;207;18.7;4.8
4271.81;2276;2289;C2-R3;12.02.2025;7;12.02.2025 08:39;79.2;11.3;7.2;2.25;10182;0.35;217;19.1;4.9
4273.61;2277;2290;C2-R3;12.02.2025;7;12.02.2025 09:29;79.4;11.4;7.2;2.21;10509;0.34;224;19.6;4.9
4275.41;2278;2291;C2-R3;12.02.2025;7;12.02.2025 10:05;77.2;11.2;7.2;2.11;9722;0.34;207;18.5;4.8
4277.21;2279;2292;C2-R3;12.02.2025;7;12.02.2025 10:53;77.3;11.2;7.2;2.01;8389;0.32;178;16.0;4.8
4279.01;2280;2293;C2-R3;12.02.2025;7;12.02.2025 11:40;72.8;10.6;7.3;1.76;7870;0.29;167;15.8;4.6
4280.81;2281;2294;C2-R3;12.02.2025;7;12.02.2025 12:45;76.2;11.2;7.1;1.81;7459;0.27;159;14.2;4.8
4282.61;2282;2295;C2-R3;12.02.2025;7;12.02.2025 14:12;78.3;11.5;7.1;1.77;7368;0.26;157;13.6;4.9
4284.41;2283;2296;C2-R3;12.02.2025;7;12.02.2025 14:48;78.9;11.7;7.1;1.60;7164;0.24;152;13.1;5.0
4286.21;2284;2297;C2-R3;12.02.2025;7;12.02.2025 15:27;65.5;12.7;5.6;1.03;4872;0.13;104;8.2;4.2
4288.01;2285;2298;C2-R3;13.02.2025;7;13.02.2025 00:58;69.5;14.7;5.0;1.32;4910;0.14;104;7.1;4.4
4289.81;2286;2299;C2-R3;13.02.2025;7;13.02.2025 01:50;78.5;16.3;5.0;1.43;4893;0.16;104;6.4;4.9
4291.61;2287;2300;C2-R3;13.02.2025;7;13.02.2025 02:29;79.2;16.0;5.4;1.45;5762;0.18;123;7.7;5.2
4293.41;2288;2301;C2-R3;13.02.2025;7;13.02.2025 03:15;78.1;17.9;4.6;1.62;5910;0.21;126;7.0;4.9
4295.21;2289;2302;C2-R3;13.02.2025;7;13.02.2025 04:01;79.2;17.1;4.8;1.56;5882;0.18;125;7.3;5.0
4297.01;2290;2303;C2-R3;13.02.2025;7;13.02.2025 05:45;73.0;17.5;4.4;1.12;4284;0.16;91;5.2;4.6
4298.81;2291;2304;C2-R3;13.02.2025;7;13.02.2025 06:24;69.3;17.8;4.1;1.29;5602;0.29;119;6.7;4.4
4300.61;2292;2305;C2-R3;13.02.2025;7;13.02.2025 07:14;72.3;12.4;6.2;1.52;8151;0.39;173;14.0;4.6
4302.41;2293;2306;C2-R3;13.02.2025;7;13.02.2025 08:13;77.5;13.1;6.4;1.18;6392;0.28;136;10.4;5.0
4304.21;2294;2307;C2-R3;13.02.2025;7;13.02.2025 10:34;73.0;16.0;4.8;1.33;5402;0.35;115;7.2;4.6
4306.01;2295;2308;C2-R3;13.02.2025;7;13.02.2025 11:58;79.4;17.5;4.8;1.18;4957;0.25;105;6.0;5.0
4307.81;2296;2309;C2-R3;13.02.2025;7;13.02.2025 13:47;74.1;17.2;4.5;1.04;4410;0.19;94;5.5;4.7
4309.61;2297;2310;C2-R3;13.02.2025;7;13.02.2025 15:03;68.8;15.0;4.8;1.27;5614;0.20;119;8.0;4.3
4311.41;2298;2311;C2-R3;13.02.2025;7;13.02.2025 16:00;66.8;10.7;6.6;1.23;6555;0.24;139;13.0;4.2
4313.21;2299;2312;C2-R3;14.02.2025;7;14.02.2025 17:52;68.2;9.9;7.2;1.64;8803;0.34;187;19.0;4.3
4315.01;2300;2313;C2-R3;14.02.2025;7;14.02.2025 19:52;73.9;9.6;8.0;1.72;9727;0.54;207;21.6;4.6
4316.81;2301;2314;C2-R3;14.02.2025;7;14.02.2025 21:32;78.3;9.9;8.2;1.81;10023;0.62;213;21.5;4.9
4318.61;2302;2315;C2-R3;14.02.2025;7;14.02.2025 23:11;75.3;9.9;7.9;1.70;9115;0.48;194;19.6;4.7
4320.41;2303;2316;C2-R3;15.02.2025;7;15.02.2025 00:20;78.2;10.3;8.0;1.71;8598;0.47;183;17.8;4.9
4322.21;2304;2317;C2-R3;15.02.2025;7;15.02.2025 01:21;67.5;10.2;7.0;1.41;7054;0.35;150;14.8;4.3
4324.01;2305;2318;C2-R3;15.02.2025;7;15.02.2025 17:32;67.6;9.9;7.1;1.79;8709;0.37;185;18.7;4.2
4325.81;2306;2319;C2-R3;15.02.2025;7;15.02.2025 18:12;79.0;10.5;7.8;1.88;8872;0.54;189;17.9;4.9
4327.61;2307;2320;C2-R3;15.02.2025;7;15.02.2025 18:46;84.0;11.1;7.9;1.98;9632;0.70;205;18.5;5.2
4329.41;2308;2321;C2-R3;15.02.2025;7;15.02.2025 19:19;75.7;10.4;7.6;1.79;8697;0.54;185;17.9;4.7
4331.21;2309;2322;C2-R3;15.02.2025;7;15.02.2025 20:24;66.4;10.1;6.9;1.71;8311;0.36;177;17.5;4.2
4333.01;2310;2323;C2-R3;15.02.2025;7;15.02.2025 21:05;71.9;10.9;6.9;1.85;8308;0.28;177;16.3;4.5
4334.81;2311;2324;C2-R3;15.02.2025;7;15.02.2025 21:41;79.1;11.9;6.9;1.95;7680;0.29;163;13.7;4.9
4336.61;2312;2325;C2-R3;15.02.2025;7;15.02.2025 23:03;71.2;10.8;6.8;1.73;7397;0.25;157;14.5;4.4
4338.41;2313;2326;C2-R2;15.02.2025;7;15.02.2025 23:54;77.5;12.0;6.7;2.07;8241;0.27;175;14.6;4.8
4340.21;2314;2327;C2-R2;16.02.2025;7;16.02.2025 03:35;81.5;12.8;6.5;1.97;7954;0.25;169;13.2;5.0
4342.01;2315;2328;C2-R2;16.02.2025;7;16.02.2025 04:09;76.2;14.3;5.7;1.80;6509;0.19;138;9.7;4.9
4343.81;2316;2329;C2-R2;16.02.2025;7;16.02.2025 05:14;78.2;14.8;5.5;1.80;7045;0.17;150;10.1;4.9
4345.61;2317;2330;C2-R2b;16.02.2025;7;16.02.2025 05:49;80.0;14.7;5.7;1.71;7241;0.17;154;10.5;5.0
4347.41;2318;2331;C2-R2;16.02.2025;7;16.02.2025 06:56;72.9;14.5;5.4;1.30;5230;0.14;111;7.7;4.7
4349.21;2319;2332;C2-R2;17.02.2025;8;17.02.2025 18:01;74.2;13.9;5.6;1.44;5941;0.21;126;9.1;4.6
4351.01;2320;2333;C2-R2;17.02.2025;8;17.02.2025 18:42;71.2;14.8;5.1;1.59;6417;0.19;137;9.3;4.5
4352.81;2321;2334;C2-R2;17.02.2025;8;17.02.2025 19:29;67.3;13.7;5.2;1.80;8108;0.18;173;12.6;4.2
4354.61;2322;2335;C2-R2;17.02.2025;8;17.02.2025 20:10;79.6;15.2;5.4;2.14;8611;0.18;183;12.1;4.9
4356.41;2323;2336;C2-R2;17.02.2025;8;17.02.2025 20:44;76.7;14.7;5.4;2.13;8978;0.18;191;13.0;4.8
4358.21;2324;2337;C2-R2;17.02.2025;8;17.02.2025 21:18;69.9;13.3;5.4;1.84;7380;0.17;157;11.9;4.3
4360.01;2325;2338;C2-R2;17.02.2025;8;17.02.2025 21:57;72.3;13.9;5.4;1.66;6574;0.16;140;10.1;4.5
4361.81;2326;2339;C2-R2;17.02.2025;8;17.02.2025 22:32;72.0;14.9;5.0;1.48;6276;0.14;134;8.9;4.5
4363.61;2327;2340;C2-R2;17.02.2025;8;17.02.2025 23:33;71.7;14.7;5.1;1.95;7513;0.17;160;10.9;4.5
4365.41;2328;2341;C2-R2;18.02.2025;8;18.02.2025 00:09;74.6;15.2;5.1;1.68;6167;0.16;131;8.6;4.6
4367.21;2329;2342;C2-R2;18.02.2025;8;18.02.2025 00:47;73.7;15.0;5.1;1.62;5973;0.16;127;8.5;4.6
4369.01;2330;2343;C2-R2;18.02.2025;8;18.02.2025 01:29;74.8;15.3;5.1;1.71;6323;0.15;135;8.8;4.7
4370.81;2331;2344;C2-R2;18.02.2025;8;18.02.2025 02:04;72.7;14.8;5.1;1.71;6600;0.15;140;9.5;4.5
4372.61;2332;2345;C2-R2;18.02.2025;8;18.02.2025 03:15;69.5;14.7;4.9;1.68;7051;0.15;150;10.2;4.3
4374.41;2333;2346;C2-R2;21.02.2025;8;21.02.2025 06:47;0.0;0.0;5.0;0.26;789;0.00;17;;0.0
4376.21;2334;2347;C2-R2;21.02.2025;8;21.02.2025 06:47;74.2;14.4;5.5;1.80;7033;0.19;150;10.4;4.8
4378.01;2335;2348;C2-R2;21.02.2025;8;21.02.2025 07:36;84.3;12.5;7.0;1.66;6853;0.23;146;11.7;5.3
4379.81;2336;2349;C2-R2;21.02.2025;8;21.02.2025 08:10;82.9;13.0;6.6;1.78;6978;0.24;148;11.4;5.2
4381.61;2337;2350;C2-R2;21.02.2025;8;21.02.2025 08:43;81.6;12.9;6.6;1.77;7186;0.23;153;11.9;5.1
4383.41;2338;2351;C2-R2;21.02.2025;8;21.02.2025 09:26;76.6;11.6;6.9;1.79;7831;0.27;167;14.3;4.8
4385.21;2339;2352;C2-R2;21.02.2025;8;21.02.2025 10:01;80.1;11.0;7.5;1.93;8451;0.52;180;16.4;5.0
4387.01;2340;2353;C2-R2;21.02.2025;8;21.02.2025 10:35;74.9;10.3;7.5;1.88;8889;0.50;189;18.3;4.6
4388.81;2341;2354;C2-R2;21.02.2025;8;21.02.2025 11:31;76.8;10.5;7.5;1.96;9236;0.52;197;18.7;4.7
4390.61;2342;2355;C2-R2;21.02.2025;8;21.02.2025 12:09;74.3;10.4;7.4;1.93;8808;0.45;187;18.1;4.6
4392.41;2343;2356;C2-R2;21.02.2025;8;21.02.2025 12:59;78.1;11.0;7.3;1.99;8925;0.40;190;17.3;4.8
4394.21;2344;2357;C2-R2;21.02.2025;8;21.02.2025 13:35;73.0;10.4;7.3;1.82;8410;0.42;179;17.2;4.6
4396.01;2345;2358;C2-R2;21.02.2025;8;21.02.2025 14:46;73.5;10.3;7.4;1.74;8082;0.40;172;16.8;4.5
4397.81;2346;2359;C2-R2;21.02.2025;8;21.02.2025 15:24;73.0;12.3;6.6;1.56;7064;0.32;150;12.2;4.9
4399.61;2347;2360;C2-R2;22.02.2025;8;22.02.2025 04:10;77.7;12.7;6.3;2.12;8678;0.27;185;14.6;4.8
4401.41;2348;2361;C2-R2;22.02.2025;8;22.02.2025 04:44;79.6;13.0;6.3;2.26;9397;0.33;200;15.4;4.9
4403.21;2349;2362;C2-R2;22.02.2025;8;22.02.2025 05:19;77.1;11.5;7.0;2.06;10147;0.32;216;18.8;4.8
4405.01;2350;2363;C2-R2;22.02.2025;8;22.02.2025 05:54;66.7;9.9;7.0;1.81;10051;0.29;214;21.6;4.2
4406.81;2351;2364;C2-R2;22.02.2025;8;22.02.2025 06:54;79.7;11.6;7.1;2.23;10385;0.34;221;19.0;5.0
4408.61;2352;2365;C2-R2;22.02.2025;8;22.02.2025 07:30;81.3;11.9;7.1;2.25;10129;0.34;216;18.2;5.1
4410.41;2353;2366;C2-R2;22.02.2025;8;22.02.2025 08:08;77.6;11.3;7.1;2.11;9969;0.32;212;18.8;4.8
4412.21;2354;2367;C2-R2;22.02.2025;8;22.02.2025 08:44;78.3;11.1;7.3;2.08;9524;0.39;203;18.2;4.9
4414.01;2355;2368;C2-R2;22.02.2025;8;22.02.2025 11:55;78.6;11.3;7.3;2.10;9288;0.35;198;17.5;4.9
4415.81;2356;2369;C2-R2;22.02.2025;8;22.02.2025 12:31;71.6;10.6;7.0;1.95;9460;0.32;201;18.9;4.5
4417.61;2357;2370;C2-R2;22.02.2025;8;22.02.2025 13:14;75.4;11.1;7.0;2.12;10218;0.34;217;19.6;4.7
4419.41;2358;2371;C2-R2b;22.02.2025;8;22.02.2025 14:01;73.3;10.0;7.6;2.05;10263;0.52;218;21.9;4.5
4421.21;2359;2372;C2-R2;22.02.2025;8;22.02.2025 14:36;74.6;9.9;7.8;2.10;10077;0.58;214;21.6;4.6
4423.01;2360;2373;C2-R2;22.02.2025;8;22.02.2025 15:14;68.1;10.3;7.1;1.67;8553;0.42;182;17.6;4.4
4424.81;2361;2374;C2-R2;23.02.2025;8;23.02.2025 01:34;77.5;11.4;7.0;2.42;10942;0.45;233;20.4;4.8
4426.61;2362;2375;C2-R2;23.02.2025;8;23.02.2025 02:09;76.8;11.4;7.1;2.03;9666;0.55;206;18.0;4.9
4428.41;2363;2376;C2-R2;24.02.2025;9;24.02.2025 08:54;72.9;10.7;7.1;2.29;10640;0.47;226;21.3;4.5
4430.21;2364;2377;C2-R2;24.02.2025;9;24.02.2025 09:47;72.9;10.0;7.7;2.22;11021;0.63;234;23.5;4.6
4432.01;2365;2378;C2-R2;24.02.2025;9;24.02.2025 10:31;74.7;9.5;8.1;2.11;10988;0.80;234;24.6;4.6
4433.81;2366;2379;C2-R2;24.02.2025;9;24.02.2025 11:06;72.8;9.4;8.0;2.09;11284;0.79;240;25.4;4.5
4435.61;2367;2380;C2-R2;24.02.2025;9;24.02.2025 11:46;71.9;9.3;8.0;2.05;11506;0.79;245;26.4;4.5
4437.41;2368;2381;C2-R2;24.02.2025;9;24.02.2025 12:22;70.9;9.2;7.9;2.08;11005;0.81;234;25.4;4.4
4439.21;2369;2382;C2-R2;24.02.2025;9;24.02.2025 13:30;72.2;9.4;8.0;1.80;10240;0.58;218;23.2;4.5
4441.01;2370;2383;C2-R2;24.02.2025;9;24.02.2025 14:06;71.4;9.3;8.0;2.00;11120;0.63;237;25.5;4.4
4442.81;2371;2384;C2-R2;24.02.2025;9;24.02.2025 14:44;69.3;9.0;8.0;1.93;11276;0.67;240;26.7;4.3
4444.61;2372;2385;C2-R2;24.02.2025;9;24.02.2025 15:27;71.4;9.2;8.0;1.98;11448;0.81;244;26.4;4.4
4446.41;2373;2386;C2-R2;24.02.2025;9;24.02.2025 16:05;50.8;9.1;5.9;1.49;8433;0.31;179;19.7;3.2
4448.21;2374;2387;C2-R2;25.02.2025;9;25.02.2025 06:34;72.1;10.3;7.2;2.28;10937;0.58;233;22.5;4.5
4450.01;2375;2388;C2-R2;25.02.2025;9;25.02.2025 06:55;72.0;10.4;7.1;2.31;11209;0.45;238;22.8;4.4
4451.81;2376;2389;C2-R2;25.02.2025;9;25.02.2025 07:35;67.5;9.8;7.1;2.13;10987;0.45;234;23.9;4.2
4453.61;2377;2390;C2-R2;25.02.2025;9;25.02.2025 08:31;66.9;9.7;7.2;2.14;11320;0.47;241;24.9;4.1
4455.41;2378;2391;C2-R2;25.02.2025;9;25.02.2025 09:09;66.9;9.7;7.2;2.11;11610;0.45;247;25.5;4.1
4457.21;2379;2392;C2-R2;25.02.2025;9;25.02.2025 09:47;67.9;10.1;7.1;2.07;11411;0.45;243;24.0;4.3
4459.01;2380;2393;C2-R2;25.02.2025;9;25.02.2025 10:42;71.0;10.0;7.5;2.02;10920;0.64;232;23.4;4.4
4460.81;2381;2394;C2-R2;25.02.2025;9;25.02.2025 11:20;71.1;9.6;7.7;2.13;11301;0.68;240;25.1;4.4
4462.61;2382;2395;C2-R2;25.02.2025;9;25.02.2025 12:12;72.4;9.7;7.7;2.14;11166;0.65;238;24.5;4.4
4464.41;2383;2396;C2-R2;25.02.2025;9;25.02.2025 12:51;71.0;9.6;7.6;2.13;10939;0.60;233;24.1;4.4
4466.21;2384;2397;C2-R2;25.02.2025;9;25.02.2025 15:13;73.0;9.8;7.7;2.10;10431;0.62;222;22.6;4.5
4468.01;2385;2398;C2-R2;25.02.2025;9;25.02.2025 15:50;74.7;10.0;7.7;2.18;10732;0.64;228;22.8;4.6
4469.81;2386;2399;C2-R2;25.02.2025;9;25.02.2025 16:25;74.1;9.9;7.7;2.19;11137;0.66;237;24.0;4.6
4471.61;2387;2400;C2-R2;25.02.2025;9;25.02.2025 17:03;68.6;9.8;7.4;1.88;10177;0.54;217;22.2;4.3
4473.41;2388;2401;C2-R2;26.02.2025;9;26.02.2025 12:08;68.7;10.0;7.1;2.22;10211;0.42;217;21.8;4.3
4475.21;2389;2402;C2-R2;26.02.2025;9;26.02.2025 13:03;72.0;10.5;7.1;2.32;10757;0.46;229;21.9;4.5
4477.01;2390;2403;C2-R2;26.02.2025;9;26.02.2025 13:48;73.5;10.1;7.6;2.29;10961;0.60;233;23.0;4.6
4478.81;2391;2404;C2-R2;26.02.2025;9;26.02.2025 14:25;75.9;9.6;8.2;2.20;11369;0.82;242;25.1;4.7
4480.61;2392;2405;C2-R2;26.02.2025;9;26.02.2025 15:00;78.4;10.0;8.2;2.14;11336;0.82;241;24.0;4.9
4482.41;2393;2406;C2-R2;26.02.2025;9;26.02.2025 15:35;84.5;10.7;8.2;2.10;10928;0.85;233;21.8;5.2
4484.21;2394;2407;C2-R2;26.02.2025;9;26.02.2025 16:08;83.7;12.2;7.6;1.88;9457;0.71;201;16.5;5.5
4486.01;2395;2408;C2-R2;26.02.2025;9;26.02.2025 17:05;83.2;11.6;7.3;2.08;10631;0.52;226;19.5;5.1
4487.81;2396;2409;C2-R2;26.02.2025;9;26.02.2025 17:41;83.3;11.6;7.5;2.27;11157;0.55;237;20.6;5.2
4489.61;2397;2410;C2-R2;26.02.2025;9;26.02.2025 18:15;81.8;11.3;7.5;2.37;11072;0.57;236;20.9;5.1
4491.41;2398;2411;C2-R2;26.02.2025;9;26.02.2025 18:54;80.1;11.6;7.1;2.26;10743;0.46;229;19.7;5.0
4493.21;2399;2412;C2-R2;26.02.2025;9;26.02.2025 19:30;76.2;11.1;7.1;2.31;11006;0.43;234;21.1;4.7
4495.01;2400;2413;C2-R2;26.02.2025;9;26.02.2025 20:26;75.7;10.9;7.2;2.38;11638;0.45;248;22.6;4.7
4496.81;2401;2414;C2-R2;26.02.2025;9;26.02.2025 21:06;58.6;12.5;5.3;1.56;8217;0.27;175;14.0;4.0
4498.61;2402;2415;C2-R2;28.02.2025;9;28.02.2025 05:31;65.2;9.6;6.8;2.08;10263;0.38;218;22.8;3.9
4500.41;2403;2416;C2-R2;28.02.2025;9;28.02.2025 06:14;73.1;10.6;7.1;2.22;10870;0.43;231;21.8;4.5
4502.21;2404;2417;C2-R2;28.02.2025;9;28.02.2025 06:49;79.6;11.6;7.0;2.39;10822;0.43;230;19.8;4.9
4504.01;2405;2418;C2-R2;28.02.2025;9;28.02.2025 07:23;78.6;13.1;6.4;1.95;8731;0.33;186;14.2;5.1
4505.81;2406;2419;C2-R2;28.02.2025;9;28.02.2025 17:32;84.9;11.4;7.6;2.35;10326;0.63;220;19.2;5.2
4507.61;2407;2420;C2-R2;28.02.2025;9;28.02.2025 18:04;84.1;11.7;7.4;2.28;9837;0.54;209;17.9;5.2
4509.41;2408;2421;C2-R2;28.02.2025;9;28.02.2025 19:08;82.0;11.8;7.1;2.21;10040;0.40;214;18.1;5.1
4511.21;2409;2422;C2-R2;28.02.2025;9;28.02.2025 19:42;84.1;12.4;7.0;2.25;9791;0.47;208;16.8;5.2
4513.01;2410;2423;C2-R2;28.02.2025;9;28.02.2025 20:13;83.9;12.6;7.0;1.92;9306;0.38;198;15.8;5.2
4514.81;2411;2424;C2-R2;28.02.2025;9;28.02.2025 20:49;87.3;13.4;6.7;1.68;8382;0.37;178;13.3;5.4
4516.61;2412;2425;C2-R2;28.02.2025;9;28.02.2025 21:34;87.1;13.9;6.5;1.77;8546;0.43;182;13.0;5.4
4518.41;2413;2426;C2-R2;28.02.2025;9;28.02.2025 22:24;86.8;13.1;6.8;2.29;10402;0.38;221;16.9;5.4
4520.21;2414;2427;C2-R2;28.02.2025;9;28.02.2025 22:56;80.2;11.9;7.0;2.29;10483;0.36;223;18.7;5.0
4522.01;2415;2428;C2-R2;28.02.2025;9;28.02.2025 23:53;75.8;12.3;6.6;1.99;9437;0.33;201;16.4;4.9
4523.81;2416;2429;C2-R2;01.03.2025;9;01.03.2025 10:14;84.0;11.4;7.6;2.37;10953;0.58;233;20.5;5.2
4525.61;2417;2430;C2-R2;01.03.2025;9;01.03.2025 11:21;82.1;10.6;8.0;2.16;11039;0.46;235;22.1;5.1
4527.41;2418;2431;C2-R2;01.03.2025;9;01.03.2025 11:55;81.3;10.6;7.8;2.14;11220;0.47;239;22.5;5.0
4529.21;2419;2432;C2-R2;01.03.2025;9;01.03.2025 12:28;80.6;11.9;7.0;2.40;11640;0.30;248;20.8;5.0
4531.01;2420;2433;C2-R2;01.03.2025;9;01.03.2025 13:01;80.4;11.8;6.9;2.42;11719;0.31;249;21.1;4.9
4532.81;2421;2434;C2-R2;01.03.2025;9;01.03.2025 13:35;81.9;12.1;6.9;2.46;10730;0.31;228;18.9;5.0
4534.61;2422;2435;C2-R2;01.03.2025;9;01.03.2025 14:07;82.2;12.5;6.8;2.37;10188;0.29;217;17.3;5.1
4536.41;2423;2436;C2-R2;01.03.2025;9;01.03.2025 14:56;82.8;12.0;7.1;2.40;10606;0.31;226;18.7;5.1
4538.21;2424;2437;C2-R2;01.03.2025;9;01.03.2025 15:28;82.7;12.0;7.0;2.14;9977;0.29;212;17.7;5.1
4540.01;2425;2438;C2-R2;01.03.2025;9;01.03.2025 16:04;83.2;12.2;7.1;1.77;8239;0.28;175;14.3;5.2
4541.81;2426;2439;C2-R2;01.03.2025;9;01.03.2025 16:39;83.8;12.1;7.1;1.44;6579;0.24;140;11.5;5.1
4543.61;2427;2440;C2-R2;01.03.2025;9;01.03.2025 17:50;85.3;14.4;6.1;1.48;5316;0.20;113;7.8;5.3
4545.41;2428;2441;C2-R2;01.03.2025;9;01.03.2025 18:37;84.4;14.3;6.1;1.77;6918;0.23;147;10.3;5.2
4547.21;2429;2442;C2-R2;01.03.2025;9;01.03.2025 19:10;69.2;15.3;5.4;1.56;6396;0.18;136;8.9;5.0
4549.01;2430;2443;C2-R2;03.03.2025;10;03.03.2025 12:14;84.0;13.4;6.5;2.09;7965;0.25;169;12.6;5.2
4550.81;2431;2444;C2-R2;03.03.2025;10;03.03.2025 12:46;86.1;13.6;6.5;2.16;8620;0.27;183;13.5;5.3
4552.61;2432;2445;C2-R2;03.03.2025;10;03.03.2025 13:19;86.1;13.7;6.5;2.17;8472;0.29;180;13.2;5.3
4554.41;2433;2446;C2-R2;03.03.2025;10;03.03.2025 13:51;84.3;13.0;6.6;2.22;9332;0.31;199;15.2;5.2
4556.21;2434;2447;C2-R2b;03.03.2025;10;03.03.2025 14:23;80.9;11.8;7.1;2.19;10220;0.31;217;18.4;5.0
4558.01;2435;2448;C2-R2;03.03.2025;10;03.03.2025 15:28;81.0;11.9;7.1;2.27;10097;0.31;215;18.1;5.0
4559.81;2436;2449;C2-R2;03.03.2025;10;03.03.2025 16:01;80.9;11.9;7.1;2.29;10738;0.32;228;19.3;5.0
4561.61;2437;2450;C2-R2;03.03.2025;10;03.03.2025 16:35;76.0;11.1;7.1;2.21;10953;0.33;233;21.0;4.7
4563.41;2438;2451;C2-R2;03.03.2025;10;03.03.2025 17:10;75.9;11.1;7.1;2.27;10853;0.34;231;20.9;4.7
4565.21;2439;2452;C2-R2;03.03.2025;10;03.03.2025 17:47;78.5;11.5;7.1;2.34;10863;0.35;231;20.1;4.9
4567.01;2440;2453;C2-R2;03.03.2025;10;03.03.2025 18:44;74.8;11.2;7.0;2.18;9859;0.33;210;18.8;4.7
4568.81;2441;2454;C2-R2;03.03.2025;10;03.03.2025 19:46;76.5;11.3;7.0;2.17;9662;0.31;206;18.3;4.7
4570.61;2442;2455;C2-R2;03.03.2025;10;03.03.2025 20:41;74.8;11.1;7.0;2.07;8622;0.31;183;16.5;4.7
4572.41;2443;2456;C2-R2;04.03.2025;10;04.03.2025 03:46;72.2;11.5;6.5;1.80;7013;0.24;149;13.0;4.5
4574.21;2444;2457;C2-R2;04.03.2025;10;04.03.2025 20:26;75.2;11.1;7.1;2.31;10599;0.33;226;20.4;4.7
4576.01;2445;2458;C2-R2;04.03.2025;10;04.03.2025 21:18;79.8;11.6;7.1;2.44;10778;0.36;229;19.8;5.0
4577.81;2446;2459;C2-R2;04.03.2025;10;04.03.2025 21:54;75.0;11.0;7.1;2.24;9997;0.33;213;19.4;4.7
4579.61;2447;2460;C2-R2;04.03.2025;10;04.03.2025 22:35;77.7;11.4;7.1;2.28;10348;0.33;220;19.4;4.8
4581.41;2448;2461;C2-R2;04.03.2025;10;04.03.2025 23:26;79.5;11.6;7.1;2.41;11568;0.33;246;21.3;4.9
4583.21;2449;2462;C2-R2;05.03.2025;10;05.03.2025 00:17;72.6;10.7;7.1;1.90;9242;0.27;197;18.4;4.6
4585.01;2450;2463;C2-R2;05.03.2025;10;05.03.2025 20:09;78.4;11.5;7.1;2.40;10560;0.32;225;19.6;4.9
4586.81;2451;2464;C2-R2;05.03.2025;10;05.03.2025 20:43;79.9;11.6;7.1;2.40;10294;0.32;219;18.8;4.9
4588.61;2452;2465;C2-R2;05.03.2025;10;05.03.2025 21:18;80.5;11.8;7.1;2.36;10664;0.33;227;19.3;5.0
4590.41;2453;2466;C2-R2;05.03.2025;10;05.03.2025 21:52;77.2;11.4;7.1;2.07;9783;0.32;208;18.3;4.8
4592.21;2454;2467;C2-R2;05.03.2025;10;05.03.2025 22:38;79.6;11.6;7.1;2.14;10090;0.34;215;18.5;5.0
4594.01;2455;2468;C2-R2;05.03.2025;10;05.03.2025 23:20;81.1;11.8;7.1;2.24;10294;0.34;219;18.6;5.0
4595.81;2456;2469;C2-R2;06.03.2025;10;06.03.2025 02:04;80.8;11.8;7.1;2.21;9715;0.32;207;17.6;5.0
4597.61;2457;2470;C2-R2;06.03.2025;10;06.03.2025 02:59;78.6;11.5;7.1;2.03;9084;0.31;193;16.9;4.9
4599.41;2458;2471;C2-R2;06.03.2025;10;06.03.2025 03:35;72.7;10.7;7.1;1.80;8468;0.28;180;16.9;4.5
4601.21;2459;2472;C2-R2;06.03.2025;10;06.03.2025 04:55;83.1;12.1;7.1;1.80;7400;0.27;157;13.0;5.1
4603.01;2460;2473;C2-R2;06.03.2025;10;06.03.2025 05:38;76.0;13.8;5.8;1.46;5599;0.18;119;8.7;4.8
4604.81;2461;2474;C2-R2;06.03.2025;10;06.03.2025 06:13;76.6;13.9;5.7;1.71;6364;0.19;135;9.7;4.8
4606.61;2462;2475;C2-R2;06.03.2025;10;06.03.2025 06:49;85.6;14.7;6.0;1.99;7967;0.24;170;11.6;5.3
4608.41;2463;2476;C2-R2;06.03.2025;10;06.03.2025 07:25;71.6;12.4;6.1;1.37;6182;0.17;132;10.6;4.5
4610.21;2464;2477;C2-R2;06.03.2025;10;06.03.2025 22:02;80.6;13.5;6.2;1.56;6005;0.22;128;9.4;5.0
4612.01;2465;2478;C2-R2;06.03.2025;10;06.03.2025 22:36;80.4;13.5;6.2;1.65;6956;0.23;148;10.9;5.0
4613.81;2466;2479;C2-R2;06.03.2025;10;06.03.2025 23:12;78.3;13.2;6.2;1.57;7266;0.22;155;11.7;4.9
4615.61;2467;2480;C2-R2;06.03.2025;10;06.03.2025 23:59;79.5;13.2;6.2;1.71;7621;0.24;162;12.2;4.9
4617.41;2468;2481;C2-R3;07.03.2025;10;07.03.2025 00:45;80.6;13.6;6.1;1.76;7559;0.24;161;11.8;5.0
4619.21;2469;2482;C2-R3;07.03.2025;10;07.03.2025 01:18;81.6;13.8;6.1;1.55;6709;0.22;143;10.3;5.1
4621.01;2470;2483;C2-R3;07.03.2025;10;07.03.2025 01:56;77.3;13.1;6.1;1.52;7056;0.22;150;11.4;4.8
4622.81;2471;2484;C2-R3;07.03.2025;10;07.03.2025 02:32;74.2;12.3;6.3;1.39;6535;0.23;139;11.3;4.6
4624.61;2472;2485;C2-R3;07.03.2025;10;07.03.2025 03:45;80.0;13.1;6.3;1.12;4925;0.21;105;8.0;5.0
4626.41;2473;2486;C2-R3;07.03.2025;10;07.03.2025 05:15;80.4;14.4;5.8;1.01;4565;0.16;97;6.8;5.0
4628.21;2474;2487;C2-R3;07.03.2025;10;07.03.2025 05:49;79.0;13.2;6.2;1.09;4847;0.23;103;7.8;4.9
4630.01;2475;2488;C2-R3;07.03.2025;10;07.03.2025 06:24;77.1;13.2;6.1;1.10;4466;0.29;95;7.2;4.8
4631.81;2476;2489;C2-R3;07.03.2025;10;07.03.2025 07:02;81.0;14.1;6.0;1.37;6067;0.36;129;9.2;5.1
4633.61;2477;2490;C2-R3;07.03.2025;10;07.03.2025 07:36;61.8;10.9;6.0;1.24;6974;0.28;148;13.6;4.0
4635.41;2478;2491;C2-R3;07.03.2025;10;07.03.2025 19:54;73.9;10.8;7.1;1.36;7440;0.36;158;14.7;4.6
4637.21;2479;2492;C2-R3;07.03.2025;10;07.03.2025 23:22;76.1;12.5;6.4;1.51;6136;0.25;131;10.4;4.8
4639.01;2480;2493;C2-R3;08.03.2025;10;08.03.2025 05:42;78.0;13.6;6.0;1.60;5954;0.23;127;9.3;4.9
4640.81;2481;2494;C2-R3;08.03.2025;10;08.03.2025 07:39;80.9;15.6;5.6;1.70;5783;0.21;123;7.9;5.3
4642.61;2482;2495;C2-R3;08.03.2025;10;08.03.2025 08:34;80.6;15.1;5.6;1.49;5210;0.19;111;7.3;5.1
4644.41;2483;2496;C2-R3;08.03.2025;10;08.03.2025 09:20;60.8;11.5;5.6;1.01;4286;0.10;91;7.9;3.9
4646.21;2484;2497;C2-R3;09.03.2025;10;09.03.2025 01:42;68.2;12.4;5.8;1.54;6313;0.17;134;10.9;4.3
4648.01;2485;2498;C2-R3;09.03.2025;10;09.03.2025 02:42;70.3;11.0;6.6;1.29;5793;0.20;123;11.2;4.4
4649.81;2486;2499;C2-R3;10.03.2025;11;10.03.2025 08:39;76.5;11.0;7.2;1.77;7754;0.29;165;14.9;4.7
4651.61;2487;2500;C2-R2;10.03.2025;11;10.03.2025 09:31;78.3;11.3;7.1;1.63;7010;0.31;149;13.2;4.9
4653.41;2488;2501;C2-R2;10.03.2025;11;10.03.2025 10:43;78.8;11.4;7.1;1.71;7454;0.31;159;13.9;4.9
4655.21;2489;2502;C2-R2;10.03.2025;11;10.03.2025 11:28;75.9;11.0;7.1;1.51;6753;0.33;144;13.0;4.7
4657.01;2490;2503;C2-R2;10.03.2025;11;10.03.2025 12:46;76.8;11.2;7.1;1.96;9348;0.33;199;17.7;4.8
4658.81;2491;2504;C2-R2;10.03.2025;11;10.03.2025 15:06;78.8;11.5;7.1;1.99;9192;0.35;196;17.1;4.9
4660.61;2492;2505;C2-R2;10.03.2025;11;10.03.2025 15:44;79.8;11.6;7.1;2.07;9546;0.37;203;17.5;4.9
4662.41;2493;2506;C2-R2;10.03.2025;11;10.03.2025 16:22;77.6;11.4;7.1;2.03;9635;0.37;205;18.0;4.9
4664.21;2494;2507;C2-R2;10.03.2025;11;10.03.2025 17:00;78.6;11.5;7.1;1.78;8149;0.34;173;15.1;4.9
4666.01;2495;2508;C2-R2;10.03.2025;11;10.03.2025 17:40;80.0;12.2;6.8;1.84;8531;0.31;182;14.9;5.0
4667.81;2496;2509;C2-R2b;10.03.2025;11;10.03.2025 18:21;78.3;12.0;6.7;2.11;9981;0.30;212;17.6;4.9
4669.61;2497;2510;C2-R2;10.03.2025;11;10.03.2025 19:05;74.3;12.0;6.4;1.89;8583;0.28;183;15.2;4.6
4671.41;2498;2511;C2-R2;13.03.2025;11;13.03.2025 00:58;71.5;10.2;7.3;1.94;8036;0.35;171;16.7;4.5
4673.21;2499;2512;C2-R2;13.03.2025;11;13.03.2025 03:54;72.4;10.9;7.1;1.95;8523;0.32;181;16.6;4.6
4675.01;2500;2513;C2-R2;13.03.2025;11;13.03.2025 04:50;78.1;10.6;7.6;1.82;8960;0.40;191;17.9;4.8
4676.81;2501;2514;C2-R2;13.03.2025;11;13.03.2025 05:32;81.5;11.8;7.2;1.91;8198;0.35;174;14.8;5.1
4678.61;2502;2515;C2-R2;13.03.2025;11;13.03.2025 06:19;83.6;13.5;6.5;1.78;7183;0.25;153;11.3;5.2
4680.41;2503;2516;C2-R2;13.03.2025;11;13.03.2025 07:09;78.7;13.6;5.9;1.93;8647;0.21;184;13.5;4.9
4682.21;2504;2517;C2-R2;13.03.2025;11;13.03.2025 07:43;78.9;13.3;6.1;1.65;6828;0.23;145;10.9;4.9
4684.01;2505;2518;C2-R2;13.03.2025;11;13.03.2025 08:51;77.8;13.2;6.1;1.99;8426;0.23;179;13.6;4.8
4685.81;2506;2519;C2-R2;13.03.2025;11;13.03.2025 09:27;78.9;12.7;6.5;2.35;10103;0.29;215;17.0;4.9
4687.61;2507;2520;C2-R2;13.03.2025;11;13.03.2025 10:02;76.8;11.4;7.0;2.19;10570;0.31;225;19.7;4.8
4689.41;2508;2521;C2-R2;13.03.2025;11;13.03.2025 10:52;76.9;11.4;7.0;2.22;10686;0.32;227;19.9;4.8
4691.21;2509;2522;C2-R2;13.03.2025;11;13.03.2025 11:37;78.7;11.5;7.1;2.21;10785;0.35;229;20.0;4.9
4693.01;2510;2523;C2-R2;13.03.2025;11;13.03.2025 12:14;78.6;11.7;7.0;1.90;8770;0.31;187;16.0;4.9
4694.81;2511;2524;C2-R2;13.03.2025;11;13.03.2025 13:13;75.2;13.1;6.1;1.59;7012;0.22;149;11.4;4.8
4696.61;2512;2525;C2-R2;14.03.2025;11;14.03.2025 04:40;60.9;9.9;6.5;1.44;6413;0.20;136;13.8;3.9
4698.41;2513;2526;C2-R2;14.03.2025;11;14.03.2025 07:28;77.6;11.9;6.8;1.95;8639;0.23;184;15.4;4.9
4700.21;2514;2527;C2-R2;14.03.2025;11;14.03.2025 08:07;79.5;12.1;6.8;2.09;9197;0.24;196;16.1;4.9
4702.01;2515;2528;C2-R2;14.03.2025;11;14.03.2025 08:42;78.9;12.2;6.7;1.99;9213;0.22;196;16.1;4.9
4703.81;2516;2529;C2-R2;14.03.2025;11;14.03.2025 09:18;79.8;12.3;6.7;1.92;9090;0.21;193;15.8;5.0
4705.61;2517;2530;C2-R2;14.03.2025;11;14.03.2025 09:53;80.1;12.3;6.7;1.90;8738;0.22;186;15.1;5.0
4707.41;2518;2531;C2-R2;14.03.2025;11;14.03.2025 11:26;76.9;12.0;6.7;1.84;7845;0.22;167;13.9;4.9
4709.21;2519;2532;C2-R2;14.03.2025;11;14.03.2025 12:04;81.2;12.5;6.7;2.07;9004;0.24;192;15.4;5.0
4711.01;2520;2533;C2-R2;14.03.2025;11;14.03.2025 13:46;76.2;11.8;6.7;2.00;8259;0.22;176;14.9;4.7
4712.81;2521;2534;C2-R2;14.03.2025;11;14.03.2025 14:25;68.5;11.0;6.5;1.47;6441;0.17;137;12.5;4.3
4714.61;2522;2535;C2-R2;14.03.2025;11;14.03.2025 23:59;78.8;11.3;7.2;1.80;7535;0.33;160;14.1;4.9
4716.41;2523;2536;C2-R2;15.03.2025;11;15.03.2025 00:36;84.0;12.0;7.3;1.75;7427;0.37;158;13.2;5.2
4718.21;2524;2537;C2-R2;15.03.2025;11;15.03.2025 01:13;93.3;13.2;7.3;1.97;8089;0.36;172;13.0;5.8
4720.01;2525;2538;C2-R2;15.03.2025;11;15.03.2025 01:56;94.1;13.4;7.3;2.05;8618;0.35;183;13.7;5.9
4721.81;2526;2539;C2-R2;15.03.2025;11;15.03.2025 02:28;94.3;13.7;7.2;1.96;8425;0.31;179;13.1;5.9
4723.61;2527;2540;C2-R2;15.03.2025;11;15.03.2025 03:30;89.4;13.1;7.2;1.83;7846;0.34;167;12.8;5.7
4725.41;2528;2541;C2-R2;15.03.2025;11;15.03.2025 04:12;87.5;12.9;7.0;1.81;8036;0.30;171;13.3;5.4
4727.21;2529;2542;C2-R2;15.03.2025;11;15.03.2025 04:53;82.3;12.2;7.0;1.74;8197;0.29;174;14.3;5.2
4729.01;2530;2543;C2-R2;15.03.2025;11;15.03.2025 05:41;79.4;11.4;7.2;1.90;8749;0.35;186;16.3;4.9
4730.81;2531;2544;C2-R2;15.03.2025;11;15.03.2025 06:22;64.9;9.6;7.0;1.39;6858;0.26;146;15.2;4.1
4732.61;2532;2545;C2-R2;15.03.2025;11;15.03.2025 13:08;77.8;11.5;7.0;1.72;7600;0.29;162;14.1;4.8
4734.41;2533;2546;C2-R2;15.03.2025;11;15.03.2025 14:12;77.2;12.5;6.4;1.72;7525;0.22;160;12.8;4.8
4736.21;2534;2547;C2-R2;15.03.2025;11;15.03.2025 14:47;80.5;13.4;6.2;1.99;8867;0.25;189;14.1;5.0
4738.01;2535;2548;C2-R2;15.03.2025;11;15.03.2025 15:21;79.2;13.1;6.2;2.22;10192;0.27;217;16.5;4.9
4739.81;2536;2549;C2-R2;15.03.2025;11;15.03.2025 15:55;78.0;13.0;6.2;2.35;11092;0.28;236;18.2;4.8
4741.61;2537;2550;C2-R2;15.03.2025;11;15.03.2025 16:34;75.9;12.7;6.2;2.44;11514;0.30;245;19.4;4.7
4743.41;2538;2551;C2-R2;15.03.2025;11;15.03.2025 17:17;78.8;11.6;7.0;2.38;11361;0.38;242;20.8;4.9
4745.21;2539;2552;C2-R2;15.03.2025;11;15.03.2025 18:22;87.5;12.4;7.3;2.57;11408;0.40;243;19.6;5.4
4747.01;2540;2553;C2-R2;15.03.2025;11;15.03.2025 18:58;79.7;11.3;7.3;2.31;11271;0.41;240;21.2;4.9
4748.81;2541;2554;C2-R2;15.03.2025;11;15.03.2025 20:38;76.2;10.8;7.3;2.07;9748;0.34;207;19.2;4.7
4750.61;2542;2555;C2-R2;17.03.2025;12;17.03.2025 08:19;74.3;10.8;7.1;2.13;9678;0.33;206;19.0;4.6
4752.41;2543;2556;C2-R2;17.03.2025;12;17.03.2025 09:38;78.9;11.2;7.2;2.15;10117;0.41;215;19.2;4.9
4754.21;2544;2557;C2-R2;17.03.2025;12;17.03.2025 10:20;77.6;11.1;7.3;2.00;9865;0.45;210;18.9;4.8
4756.01;2545;2558;C2-R2;17.03.2025;12;17.03.2025 11:07;83.5;12.6;6.9;1.81;8425;0.36;179;14.2;5.2
4757.81;2546;2559;C2-R2;17.03.2025;12;17.03.2025 12:13;74.7;11.0;7.0;1.79;8922;0.39;190;17.3;4.6
4759.61;2547;2560;C2-R2;17.03.2025;12;17.03.2025 12:48;77.8;11.2;7.2;2.00;9543;0.45;203;18.2;4.8
4761.41;2548;2561;C2-R2;17.03.2025;12;17.03.2025 13:31;75.6;10.9;7.2;2.02;9606;0.45;204;18.7;4.7
4763.21;2549;2562;C2-R2;17.03.2025;12;17.03.2025 14:12;83.8;12.0;7.2;2.13;9870;0.42;210;17.5;5.2
4765.01;2550;2563;C2-R2;17.03.2025;12;17.03.2025 15:16;74.4;10.8;7.2;1.92;9601;0.40;204;18.9;4.7
4766.81;2551;2564;C2-R2;17.03.2025;12;17.03.2025 16:11;72.5;12.1;6.6;1.67;8521;0.31;181;15.0;4.8
4768.61;2552;2565;C2-R2;17.03.2025;12;17.03.2025 23:48;80.3;11.2;7.4;1.96;10053;0.52;214;19.1;4.9
4770.41;2553;2566;C2-R2;18.03.2025;12;18.03.2025 01:17;81.3;11.5;7.3;2.10;9999;0.52;213;18.6;5.0
4772.21;2554;2567;C2-R2;18.03.2025;12;18.03.2025 01:50;78.4;10.9;7.4;2.12;10548;0.56;224;20.5;4.8
4774.01;2555;2568;C2-R2;18.03.2025;12;18.03.2025 02:23;79.4;11.1;7.4;2.15;10872;0.61;231;20.9;4.9
4775.81;2556;2569;C2-R2;18.03.2025;12;18.03.2025 02:58;82.1;11.8;7.2;2.13;10285;0.63;219;18.6;5.1
4777.61;2557;2570;C2-R2;18.03.2025;12;18.03.2025 03:59;82.2;11.5;7.4;2.15;10245;0.68;218;19.0;5.1
4779.41;2558;2571;C2-R2;18.03.2025;12;18.03.2025 04:32;79.9;11.2;7.3;2.02;9257;0.65;197;17.5;4.9
4781.21;2559;2572;C2-R2;18.03.2025;12;18.03.2025 05:06;79.7;11.1;7.4;1.93;9270;0.65;197;17.8;4.9
4783.01;2560;2573;C2-R2;18.03.2025;12;18.03.2025 05:42;80.0;11.1;7.4;2.00;9463;0.67;201;18.1;4.9
4784.81;2561;2574;C2-R2;18.03.2025;12;18.03.2025 06:15;66.7;9.5;7.4;1.37;6639;0.42;141;14.9;4.2
4786.61;2562;2575;C2-R2;18.03.2025;12;18.03.2025 15:25;75.9;12.6;6.3;1.90;7041;0.49;150;11.9;4.8
4788.41;2563;2576;C2-R2;18.03.2025;12;18.03.2025 16:16;88.0;12.9;7.1;1.78;6787;0.63;144;11.2;5.5
4790.21;2564;2577;C2-R2;18.03.2025;12;18.03.2025 17:03;73.6;12.9;6.0;1.45;6644;0.38;141;11.0;4.6
4792.01;2565;2578;C2-R2;18.03.2025;12;18.03.2025 17:46;81.3;15.4;5.6;1.77;6382;0.46;136;8.8;5.2
4793.81;2566;2579;C2-R2;18.03.2025;12;18.03.2025 18:36;75.0;15.7;5.1;1.75;7283;0.47;155;9.9;4.8
4795.61;2567;2580;C2-R2;18.03.2025;12;18.03.2025 19:11;78.2;18.5;4.4;2.08;8956;0.52;191;10.3;4.9
4797.41;2568;2581;C2-R2;18.03.2025;12;18.03.2025 19:58;80.7;15.8;5.3;2.12;9187;0.55;195;12.4;5.0
4799.21;2569;2582;C2-R2;18.03.2025;12;18.03.2025 20:45;81.2;14.3;5.8;1.91;8718;0.56;185;13.0;5.0
4801.01;2570;2583;C2-R2;18.03.2025;12;18.03.2025 21:22;86.7;16.3;5.5;1.81;8168;0.38;174;10.6;5.4
4802.81;2571;2584;C2-R2;18.03.2025;12;18.03.2025 22:02;78.6;15.7;5.2;1.68;7972;0.31;170;10.8;4.9
4804.61;2572;2585;C2-R2;19.03.2025;12;19.03.2025 06:10;72.8;12.3;6.2;1.93;9065;0.47;193;15.6;4.6
4806.41;2573;2586;C2-R2;19.03.2025;12;19.03.2025 07:03;78.3;11.3;7.2;2.04;9406;0.67;200;17.7;4.9
4808.21;2574;2587;C2-R2b;19.03.2025;12;19.03.2025 07:39;74.3;10.8;7.1;2.21;10690;0.72;227;21.1;4.6
4810.01;2575;2588;C2-R2;19.03.2025;12;19.03.2025 08:42;72.7;10.5;7.2;1.99;9742;0.64;207;19.7;4.5
4811.81;2576;2589;C2-R2;19.03.2025;12;19.03.2025 09:30;76.6;11.1;7.2;2.09;9821;0.65;209;18.8;4.8
4813.61;2577;2590;C2-R2;19.03.2025;12;19.03.2025 11:37;79.6;11.5;7.2;2.21;9861;0.66;210;18.3;4.9
4815.41;2578;2591;C2-R2;19.03.2025;12;19.03.2025 12:14;66.6;9.3;7.5;2.01;10356;0.70;220;23.8;4.2
4817.21;2579;2592;C2-R2;19.03.2025;12;19.03.2025 12:56;74.6;9.9;7.8;2.17;10984;0.75;234;23.7;4.6
4819.01;2580;2593;C2-R2;19.03.2025;12;19.03.2025 13:33;63.1;8.3;7.9;1.88;10656;0.73;227;27.5;3.9
4820.81;2581;2594;C2-R2;19.03.2025;12;19.03.2025 14:42;71.6;9.0;8.2;2.06;10880;0.95;231;25.6;4.4
4822.61;2582;2595;C2-R2;20.03.2025;12;20.03.2025 10:49;73.3;9.3;8.2;2.12;10232;0.89;218;23.4;4.6
4824.41;2583;2596;C2-R2;20.03.2025;12;20.03.2025 11:28;77.9;10.2;7.9;1.98;9238;0.85;197;19.2;4.8
4826.21;2584;2597;C2-R2;20.03.2025;12;20.03.2025 12:35;73.7;11.2;6.9;1.63;7874;0.48;168;15.0;4.6
4828.01;2585;2598;C2-R2;20.03.2025;12;20.03.2025 13:30;74.6;13.0;6.1;1.79;7037;0.48;150;11.6;4.7
4829.81;2586;2599;C2-R2;20.03.2025;12;20.03.2025 14:07;67.3;11.8;6.0;1.86;8996;0.30;191;16.3;4.2
4831.61;2587;2600;C2-R2;20.03.2025;12;20.03.2025 14:53;74.8;10.7;7.2;1.83;9004;0.45;192;17.8;4.6
4833.41;2588;2601;C1-R1;20.03.2025;12;20.03.2025 16:05;73.6;10.2;7.5;1.80;8863;0.65;189;18.5;4.6
4835.21;2589;2602;C1-R1;20.03.2025;12;20.03.2025 17:21;73.6;12.3;6.6;1.53;7487;0.39;159;13.0;4.9
4837.01;2590;2603;C1-R1;21.03.2025;12;21.03.2025 02:22;79.1;12.3;6.6;2.16;9129;0.37;194;15.7;4.9
4838.81;2591;2604;C1-R1;21.03.2025;12;21.03.2025 02:51;77.6;12.1;6.6;2.07;9358;0.38;199;16.4;4.8
4840.61;2592;2605;C1-R1;21.03.2025;12;21.03.2025 03:43;68.3;10.8;6.5;2.03;9860;0.38;210;19.4;4.2
4842.41;2593;2606;C1-R1;21.03.2025;12;21.03.2025 04:22;65.1;10.2;6.5;1.91;9944;0.37;212;20.7;4.0
4844.21;2594;2607;C1-R1;21.03.2025;12;21.03.2025 05:03;70.7;11.2;6.6;1.94;9927;0.38;211;18.8;4.4
4846.01;2595;2608;C1-R1;21.03.2025;12;21.03.2025 06:10;70.1;11.5;6.3;2.18;10360;0.41;220;19.1;4.4
4847.81;2596;2609;C1-R1;21.03.2025;12;21.03.2025 06:11;72.4;10.6;7.1;2.03;10398;0.45;221;20.9;4.5
4849.61;2597;2610;C1-R1;21.03.2025;12;21.03.2025 08:13;69.3;10.1;7.1;1.88;9234;0.44;196;19.5;4.3
4851.41;2598;2611;C1-R1;21.03.2025;12;21.03.2025 08:54;67.3;9.7;7.2;1.94;9879;0.46;210;21.6;4.2
4853.21;2599;2612;C1-R1;21.03.2025;12;21.03.2025 09:36;57.3;9.1;6.6;1.45;7929;0.35;169;18.5;3.6
4855.01;2600;2613;C1-R1;21.03.2025;12;21.03.2025 18:48;67.9;10.1;7.0;2.12;10013;0.40;213;21.2;4.2
4856.81;2601;2614;C1-R1;21.03.2025;12;21.03.2025 19:35;71.6;10.6;7.0;2.04;9500;0.41;202;19.2;4.4
4858.61;2602;2615;C1-R1;21.03.2025;12;21.03.2025 20:12;74.5;10.9;7.0;1.99;9743;0.41;207;19.0;4.6
4860.41;2603;2616;C1-R1;21.03.2025;12;21.03.2025 20:47;72.7;10.9;6.9;1.92;9600;0.38;204;18.7;4.5
4862.21;2604;2617;C1-R1;21.03.2025;12;21.03.2025 21:45;76.3;11.2;7.1;1.95;9428;0.40;201;18.0;4.7
4864.01;2605;2618;C1-R1;21.03.2025;12;21.03.2025 22:20;72.9;10.8;7.0;1.89;9451;0.35;201;18.7;4.5
4865.81;2606;2619;C1-R1;21.03.2025;12;21.03.2025 22:57;77.2;11.6;6.9;2.00;8947;0.34;190;16.5;4.8
4867.61;2607;2620;C1-R1;21.03.2025;12;21.03.2025 23:57;69.3;10.9;6.6;1.88;8975;0.31;191;17.5;4.3
4869.41;2608;2621;C1-R1;22.03.2025;12;22.03.2025 00:34;70.8;11.1;6.6;2.06;9564;0.31;203;18.3;4.4
4871.21;2609;2622;C1-R1;22.03.2025;12;22.03.2025 01:10;66.2;11.7;6.2;1.66;8038;0.24;171;14.7;4.3
4873.01;2610;2623;C1-R1;22.03.2025;12;22.03.2025 10:42;75.6;11.3;7.0;2.01;8701;0.31;185;16.4;4.7
4874.81;2611;2624;C1-R1;22.03.2025;12;22.03.2025 11:19;73.8;11.0;7.0;1.91;8132;0.33;173;15.8;4.6
4876.61;2612;2625;C1-R1;22.03.2025;12;22.03.2025 12:10;79.0;11.6;7.1;1.98;8842;0.36;188;16.2;4.9
4878.41;2613;2626;C1-R1;22.03.2025;12;22.03.2025 13:02;75.0;11.0;7.1;1.85;8414;0.33;179;16.2;4.7
4880.21;2614;2627;C1-R1;22.03.2025;12;22.03.2025 13:59;70.5;12.0;6.4;1.46;6781;0.24;144;12.1;4.6
4882.01;2615;2628;C1-R1;24.03.2025;13;24.03.2025 08:44;59.5;9.9;6.2;1.47;7470;0.22;159;16.0;3.7
4883.81;2616;2629;C1-R1;24.03.2025;13;24.03.2025 09:26;65.2;10.9;6.1;1.55;7579;0.32;161;14.8;4.0
4885.61;2617;2630;C1-R1;24.03.2025;13;24.03.2025 10:06;70.2;11.8;6.1;1.53;7383;0.39;157;13.3;4.3
4887.41;2618;2631;C1-R1;24.03.2025;13;24.03.2025 10:46;72.6;12.1;6.2;1.45;7625;0.35;162;13.4;4.5
4889.21;2619;2632;C1-R1;24.03.2025;13;24.03.2025 11:22;73.0;12.2;6.2;1.50;7562;0.25;161;13.2;4.5
4891.01;2620;2633;C1-R1;24.03.2025;13;24.03.2025 12:08;74.6;12.0;6.4;1.76;8552;0.24;182;15.2;4.6
4892.81;2621;2634;C1-R1;24.03.2025;13;24.03.2025 12:51;76.9;12.3;6.5;1.65;8169;0.24;174;14.1;4.8
4894.61;2622;2635;C1-R1;24.03.2025;13;24.03.2025 13:30;49.1;10.9;4.8;1.31;6928;0.15;147;13.5;3.1
4896.41;2623;2636;C1-R1;24.03.2025;13;24.03.2025 15:21;46.6;12.4;4.0;1.32;5847;0.13;124;10.0;3.0
4898.21;2624;2637;C1-R1;24.03.2025;13;24.03.2025 16:42;34.9;9.5;4.0;1.03;5887;0.12;125;13.1;2.3
4900.01;2625;2638;C1-R1;24.03.2025;13;24.03.2025 23:39;35.8;7.9;4.8;1.06;6575;0.12;140;17.6;2.3
4901.81;2626;2639;C1-R1;25.03.2025;13;25.03.2025 00:55;48.4;10.4;4.8;1.33;6129;0.15;130;12.5;3.0
4903.61;2627;2640;C1-R1;25.03.2025;13;25.03.2025 01:46;79.7;13.8;6.0;1.96;7731;0.19;164;11.9;4.9
4905.41;2628;2641;C1-R1;25.03.2025;13;25.03.2025 02:32;79.0;13.6;6.1;2.06;8603;0.22;183;13.5;4.9
4907.21;2629;2642;C1-R1;25.03.2025;13;25.03.2025 03:28;80.6;13.6;6.1;2.25;9456;0.23;201;14.8;5.0
4909.01;2630;2643;C1-R1;25.03.2025;13;25.03.2025 04:03;83.3;14.0;6.1;1.99;8040;0.23;171;12.2;5.1
4910.81;2631;2644;C1-R1;25.03.2025;13;25.03.2025 04:37;76.1;13.1;6.0;1.80;7515;0.21;160;12.2;4.8
4912.61;2632;2645;C1-R1;25.03.2025;13;25.03.2025 06:21;72.6;12.6;6.0;1.84;8559;0.20;182;14.4;4.5
4914.41;2633;2646;C1-R1;25.03.2025;13;25.03.2025 07:50;76.8;12.6;6.3;1.91;8748;0.23;186;14.8;4.7
4916.21;2634;2647;C1-R1;25.03.2025;13;25.03.2025 08:40;76.0;12.1;6.5;1.89;8832;0.22;188;15.5;4.7
4918.01;2635;2648;C1-R1;25.03.2025;13;25.03.2025 15:12;57.4;11.8;5.3;1.37;6327;0.14;135;11.5;3.7
4919.81;2636;2649;C1-R1;26.03.2025;13;26.03.2025 19:43;68.7;11.1;6.5;1.87;7884;0.22;168;15.2;4.3
4921.61;2637;2650;C1-R1;26.03.2025;13;26.03.2025 20:42;78.0;12.5;6.5;2.26;9755;0.28;208;16.7;4.9
4923.41;2638;2651;C2-R2b;26.03.2025;13;26.03.2025 21:32;79.9;11.9;6.9;2.38;10891;0.35;232;19.5;4.9
4925.21;2639;2652;C1-R1;26.03.2025;13;26.03.2025 22:06;78.2;12.4;6.8;2.32;11070;0.38;236;19.0;5.1
4927.01;2640;2653;C1-R1;26.03.2025;13;26.03.2025 22:59;73.0;11.3;6.7;2.18;11116;0.38;237;20.9;4.5
4928.81;2641;2654;C1-R1;26.03.2025;13;26.03.2025 23:48;73.1;11.5;6.5;2.16;10890;0.39;232;20.1;4.5
4930.61;2642;2655;C1-R1;27.03.2025;13;27.03.2025 00:23;74.4;11.6;6.6;2.29;11657;0.41;248;21.4;4.6
4932.41;2643;2656;C1-R1;27.03.2025;13;27.03.2025 00:57;70.1;10.9;6.6;2.36;12682;0.44;270;24.7;4.4
4934.21;2644;2657;C1-R1;27.03.2025;13;27.03.2025 01:33;66.7;10.3;6.7;2.35;12706;0.46;270;26.3;4.1
4936.01;2645;2658;C1-R1;27.03.2025;13;27.03.2025 02:29;54.7;9.3;6.2;1.70;10237;0.33;218;23.4;3.5
4937.81;2646;2659;C1-R1;27.03.2025;13;27.03.2025 19:14;62.0;9.8;6.6;2.27;12284;0.46;261;26.7;3.9
4939.61;2647;2660;C1-R1;27.03.2025;13;27.03.2025 20:01;67.1;10.5;6.7;2.34;12068;0.51;257;24.5;4.2
4941.41;2648;2661;C1-R1;27.03.2025;13;27.03.2025 20:53;77.0;11.4;7.0;2.35;11191;0.55;238;20.9;4.8
4943.21;2649;2662;C1-R1;27.03.2025;13;27.03.2025 21:28;71.8;11.5;6.8;2.15;11931;0.52;254;22.0;4.7
4945.01;2650;2663;C1-R1;27.03.2025;13;27.03.2025 22:28;71.5;10.6;7.0;2.37;12675;0.59;270;25.5;4.4
4946.81;2651;2664;C1-R1;27.03.2025;13;27.03.2025 23:06;71.6;10.6;7.0;2.38;12409;0.60;264;24.9;4.5
4948.61;2652;2665;C1-R1;28.03.2025;13;28.03.2025 03:36;67.5;10.0;7.0;2.13;12120;0.50;258;25.9;4.2
4950.41;2653;2666;C1-R1;28.03.2025;13;28.03.2025 04:19;72.4;12.6;6.3;1.89;9332;0.39;199;15.7;4.8
4952.21;2654;2667;C1-R1;28.03.2025;13;28.03.2025 15:40;73.2;11.0;6.9;2.08;11450;0.48;244;22.1;4.5
4954.01;2655;2668;C1-R1;;1;;;;;;;;;;
4955.81;2656;2669;C1-R1;28.03.2025;13;28.03.2025 16:15;75.7;11.2;7.0;2.08;10957;0.50;233;20.9;4.7
4957.61;2657;2670;C1-R1;28.03.2025;13;28.03.2025 16:50;74.7;11.0;7.0;2.27;11617;0.54;247;22.4;4.6
4959.41;2658;2671;C1-R1;28.03.2025;13;28.03.2025 17:25;69.8;10.3;7.0;2.13;11175;0.53;238;23.1;4.3
4961.21;2659;2672;C1-R1;28.03.2025;13;28.03.2025 18:02;68.2;9.7;7.3;2.12;11739;0.62;250;25.8;4.2
4963.01;2660;2673;C1-R1;28.03.2025;13;28.03.2025 18:53;71.9;11.2;6.7;1.96;9884;0.39;210;18.8;4.5
4964.81;2661;2674;C1-R1;28.03.2025;13;28.03.2025 19:32;76.9;12.2;6.5;2.11;10261;0.36;218;17.9;4.8
4966.61;2662;2675;C1-R1;28.03.2025;13;28.03.2025 20:18;72.4;11.4;6.5;2.14;10763;0.36;229;20.0;4.5
4968.41;2663;2676;C1-R1;28.03.2025;13;28.03.2025 21:02;74.7;12.7;6.3;1.94;9078;0.29;193;15.2;4.8
4970.21;2664;2677;C1-R1;29.03.2025;13;29.03.2025 09:08;75.6;11.7;6.7;2.22;10297;0.31;219;18.8;4.7
4972.01;2665;2678;C1-R1;29.03.2025;13;29.03.2025 09:56;76.3;12.5;6.3;2.10;8979;0.29;191;15.3;4.7
4973.81;2666;2679;C1-R1;29.03.2025;13;29.03.2025 10:36;74.8;12.2;6.3;1.98;9891;0.27;210;17.2;4.6
4975.61;2667;2680;C1-R1;29.03.2025;13;29.03.2025 11:11;78.5;13.2;6.1;1.84;8487;0.37;181;13.7;4.9
4977.41;2668;2681;C1-R1;29.03.2025;13;29.03.2025 11:45;67.9;12.5;5.6;1.45;7325;0.39;156;12.5;4.2
4979.21;2669;2682;C1-R1;29.03.2025;13;29.03.2025 12:28;57.4;11.7;5.1;1.56;7509;0.20;160;13.7;3.5
4981.01;2670;2683;C1-R1;29.03.2025;13;29.03.2025 14:28;66.8;12.0;5.7;2.03;9228;0.23;196;16.3;4.1
4982.81;2671;2684;C1-R1;29.03.2025;13;29.03.2025 15:06;70.0;12.1;6.0;2.13;9048;0.27;193;16.0;4.3
4984.61;2672;2685;C1-R1;29.03.2025;13;29.03.2025 15:44;72.2;12.1;6.2;2.19;10175;0.29;216;18.0;4.5
4986.41;2673;2686;C1-R1;29.03.2025;13;29.03.2025 16:21;59.1;12.9;5.2;1.40;6766;0.18;144;11.1;4.0
4988.21;2674;2687;C1-R1;31.03.2025;14;31.03.2025 08:59;75.1;12.9;6.1;2.17;8912;0.24;190;14.7;4.7
4990.01;2675;2688;C1-R1;31.03.2025;14;31.03.2025 10:15;78.4;12.7;6.4;2.30;9725;0.29;207;16.3;4.9
4991.81;2676;2689;C1-R1;31.03.2025;14;31.03.2025 11:01;77.7;12.4;6.5;2.29;9901;0.29;211;16.9;4.8
4993.61;2677;2690;C1-R1;31.03.2025;14;31.03.2025 11:44;77.1;12.4;6.5;2.34;9853;0.31;210;17.0;4.8
4995.41;2678;2691;C1-R1;31.03.2025;14;31.03.2025 12:26;78.2;12.5;6.5;2.36;10272;0.32;219;17.5;4.9
4997.21;2679;2692;C1-R1;31.03.2025;14;31.03.2025 13:03;80.3;12.8;6.5;2.30;9960;0.32;212;16.6;5.0
4999.01;2680;2693;C1-R1;31.03.2025;14;31.03.2025 13:37;78.1;12.6;6.5;2.18;10119;0.30;215;17.1;4.9
5000.81;2681;2694;C1-R1;31.03.2025;14;31.03.2025 14:18;81.1;13.2;6.4;2.24;9823;0.29;209;15.8;5.0
5002.61;2682;2695;C1-R1;31.03.2025;14;31.03.2025 14:53;78.5;12.8;6.3;2.19;10115;0.29;215;16.8;4.9
5004.41;2683;2696;C1-R1;31.03.2025;14;31.03.2025 15:55;63.8;10.4;6.6;1.46;7213;0.17;153;14.8;4.1
5006.21;2684;2697;C1-R1;01.04.2025;14;01.04.2025 05:20;67.3;12.4;5.8;1.72;6898;0.32;147;11.9;4.3
5008.01;2685;2698;C1-R1;01.04.2025;14;01.04.2025 07:05;72.1;15.9;5.2;1.80;7185;0.33;153;9.6;4.9
5009.81;2686;2699;C1-R1;01.04.2025;14;01.04.2025 10:55;78.7;15.3;5.4;2.00;7693;0.32;164;10.7;4.9
5011.61;2687;2700;C1-R1;01.04.2025;14;01.04.2025 11:45;77.3;15.0;5.4;2.10;8235;0.37;175;11.7;4.8
5013.41;2688;2701;C1-R1;01.04.2025;14;01.04.2025 12:19;74.7;13.5;5.8;2.11;9306;0.46;198;14.7;4.7
5015.21;2689;2702;C1-R1;01.04.2025;14;01.04.2025 13:23;80.0;13.4;6.2;2.22;10055;0.40;214;16.0;5.0
5017.01;2690;2703;C1-R1;01.04.2025;14;01.04.2025 14:00;80.2;12.7;6.5;2.24;10554;0.30;225;17.7;5.0
5018.81;2691;2704;C1-R1;01.04.2025;14;01.04.2025 14:36;81.3;12.9;6.5;2.31;10164;0.31;216;16.8;5.1
5020.61;2692;2705;C1-R1;01.04.2025;14;01.04.2025 15:11;75.5;11.9;6.6;2.33;10427;0.31;222;18.7;4.7
5022.41;2693;2706;C1-R1;01.04.2025;14;01.04.2025 15:54;68.3;11.1;6.5;1.84;8334;0.24;177;16.0;4.3
5024.21;2694;2707;C1-R1;02.04.2025;14;02.04.2025 00:41;78.0;11.6;7.0;2.38;10835;0.36;231;19.9;4.9
5026.01;2695;2708;C1-R1;02.04.2025;14;02.04.2025 01:18;73.2;11.0;7.0;2.19;10758;0.34;229;20.8;4.6
5027.81;2696;2709;C1-R1;02.04.2025;14;02.04.2025 02:10;82.4;12.1;7.0;2.44;11603;0.37;247;20.3;5.1
5029.61;2697;2710;C1-R1;02.04.2025;14;02.04.2025 02:45;78.6;11.6;7.0;2.44;11844;0.38;252;21.7;4.9
5031.41;2698;2711;C1-R1;02.04.2025;14;02.04.2025 03:33;77.0;11.3;7.0;2.27;11000;0.35;234;20.7;4.8
5033.21;2699;2712;C1-R1;02.04.2025;14;02.04.2025 04:13;75.2;11.2;7.0;2.22;10867;0.35;231;20.6;4.7
5035.01;2700;2713;C1-R1;02.04.2025;14;02.04.2025 05:01;78.1;11.6;7.0;2.38;11894;0.35;253;21.9;4.9
5036.81;2701;2714;C1-R1;02.04.2025;14;02.04.2025 05:41;73.5;10.9;7.0;2.22;11088;0.33;236;21.7;4.6
5038.61;2702;2715;C1-R1;02.04.2025;14;02.04.2025 06:26;72.1;10.6;7.0;2.15;11471;0.33;244;22.9;4.5
5040.41;2703;2716;C1-R1;02.04.2025;14;02.04.2025 07:02;68.6;14.4;5.9;1.65;8878;0.23;189;13.2;5.1
5042.21;2704;2717;C1-R1;02.04.2025;14;02.04.2025 18:01;65.0;10.0;7.1;1.86;9372;0.27;199;19.9;4.2
5044.01;2705;2718;C1-R1;02.04.2025;14;02.04.2025 19:39;77.4;11.0;7.3;2.14;10196;0.37;217;19.8;4.8
5045.81;2706;2719;C2-R2b;02.04.2025;14;02.04.2025 20:20;76.7;11.0;7.2;2.11;10568;0.34;225;20.4;4.8
5047.61;2707;2720;C1-R1;02.04.2025;14;02.04.2025 20:57;77.6;11.1;7.2;2.12;10926;0.35;232;20.9;4.8
5049.41;2708;2721;C2-R3;02.04.2025;14;02.04.2025 21:33;72.7;10.4;7.2;1.99;10153;0.33;216;20.7;4.5
5051.21;2709;2722;C2-R3;02.04.2025;14;02.04.2025 23:14;80.5;11.6;7.2;2.16;10209;0.34;217;18.7;5.0
5053.01;2710;2723;C2-R3;02.04.2025;14;02.04.2025 23:49;82.1;11.8;7.2;2.12;9972;0.35;212;18.0;5.1
5054.81;2711;2724;C2-R3;03.04.2025;14;03.04.2025 00:26;79.4;11.4;7.2;2.08;10084;0.34;215;18.8;4.9
5056.61;2712;2725;C2-R3;03.04.2025;14;03.04.2025 01:02;73.8;10.6;7.2;1.95;9367;0.34;199;18.8;4.6
5058.41;2713;2726;C2-R3;03.04.2025;14;03.04.2025 01:49;74.7;15.0;6.4;1.80;8424;0.28;179;11.9;5.8
5060.21;2714;2727;C2-R3;03.04.2025;14;03.04.2025 17:09;83.2;12.2;7.1;2.29;10591;0.31;225;18.5;5.2
5062.01;2715;2728;C2-R3;03.04.2025;14;03.04.2025 17:47;79.6;12.8;6.5;2.10;8946;0.27;190;14.9;5.0
5063.81;2716;2729;C2-R3;03.04.2025;14;03.04.2025 18:57;77.8;12.2;6.7;2.12;9949;0.25;212;17.4;4.9
5065.61;2717;2730;C2-R3;03.04.2025;14;03.04.2025 19:33;76.8;11.8;6.8;2.21;10189;0.26;217;18.3;4.8
5067.41;2718;2731;C2-R3;03.04.2025;14;03.04.2025 20:09;75.2;11.7;6.8;2.29;10832;0.26;230;19.7;4.7
5069.21;2719;2732;C2-R3;03.04.2025;14;03.04.2025 21:03;80.4;12.3;6.8;2.47;11233;0.28;239;19.5;5.0
5071.01;2720;2733;C2-R3;03.04.2025;14;03.04.2025 23:48;77.7;12.0;6.7;2.44;11112;0.28;236;19.8;4.8
5072.81;2721;2734;C2-R3;04.04.2025;14;04.04.2025 00:54;71.1;11.2;6.7;1.92;8639;0.22;184;16.4;4.5
5074.61;2722;2735;C2-R3;04.04.2025;14;04.04.2025 22:53;77.8;11.7;6.9;2.43;10659;0.31;227;19.4;4.8
5076.41;2723;2736;C2-R3;04.04.2025;14;04.04.2025 23:31;76.3;11.1;7.2;2.36;11631;0.37;247;22.4;4.8
5078.21;2724;2737;C2-R3;05.04.2025;14;05.04.2025 00:28;71.8;10.2;7.4;2.20;11099;0.41;236;23.1;4.5
5080.01;2725;2738;C2-R3;05.04.2025;14;05.04.2025 01:28;76.9;10.8;7.4;2.28;11506;0.43;245;22.7;4.8
5081.81;2726;2739;C2-R3;05.04.2025;14;05.04.2025 02:30;78.3;11.0;7.4;2.36;11615;0.43;247;22.5;4.8
5083.61;2727;2740;C2-R3;05.04.2025;14;05.04.2025 03:11;82.1;11.5;7.4;2.38;11234;0.45;239;20.7;5.1
5085.41;2728;2741;C2-R3;05.04.2025;14;05.04.2025 03:53;81.8;11.7;7.3;2.34;11470;0.42;244;20.9;5.1
5087.21;2729;2742;C2-R3;05.04.2025;14;05.04.2025 04:36;75.9;10.8;7.2;2.23;10798;0.44;230;21.2;4.7
5089.01;2730;2743;C2-R3;05.04.2025;14;05.04.2025 05:25;81.1;11.3;7.4;2.14;10609;0.54;226;20.0;5.0
5090.81;2731;2744;C2-R3;05.04.2025;14;05.04.2025 06:00;61.0;10.1;6.2;1.52;7326;0.31;156;15.4;3.8
5092.61;2732;2745;C2-R3;05.04.2025;14;05.04.2025 20:47;78.4;10.9;7.5;2.23;10339;0.57;220;20.1;4.9
5094.41;2733;2746;C2-R3;05.04.2025;14;05.04.2025 21:30;77.1;10.7;7.5;2.06;9680;0.64;206;19.2;4.8
5096.21;2734;2747;C2-R2b;05.04.2025;14;05.04.2025 22:12;75.2;10.9;7.2;2.00;9641;0.49;205;18.9;4.7
5098.01;2735;2748;C2-R3;05.04.2025;14;05.04.2025 23:04;78.2;13.3;6.2;1.99;8004;0.45;170;12.9;5.0
5099.81;2736;2749;C2-R3;05.04.2025;14;05.04.2025 23:47;79.2;12.8;6.5;1.98;8284;0.51;176;13.8;5.0
5101.61;2737;2750;C2-R3;06.04.2025;14;06.04.2025 00:23;78.0;12.7;6.5;2.10;8562;0.52;182;14.4;4.9
5103.41;2738;2751;C2-R3;06.04.2025;14;06.04.2025 01:10;77.9;12.5;6.5;2.25;8864;0.62;189;15.0;4.9
5105.21;2739;2752;C2-R3;06.04.2025;14;06.04.2025 01:46;82.6;13.1;6.5;1.99;8135;0.56;173;13.2;5.1
5107.01;2740;2753;C2-R3;06.04.2025;14;06.04.2025 02:20;69.8;10.2;7.2;1.89;9031;0.66;192;18.9;4.4
5108.81;2741;2754;C2-R3;06.04.2025;14;06.04.2025 03:15;72.8;11.5;6.6;1.32;6791;0.32;144;12.5;4.6
5110.61;2742;2755;C2-R3;07.04.2025;15;07.04.2025 21:09;67.4;9.8;7.2;1.84;8379;0.00;178;18.3;4.2
5112.41;2743;2756;C2-R3;07.04.2025;15;07.04.2025 21:50;60.0;8.0;7.9;1.69;9640;0.00;205;25.7;3.8
5114.21;2744;2757;C2-R3;07.04.2025;15;07.04.2025 23:26;54.0;6.9;8.2;2.02;11443;0.00;243;35.3;3.4
5116.01;2745;2758;C2-R3;08.04.2025;15;08.04.2025 00:21;60.5;7.7;8.2;2.13;11917;0.00;254;33.0;3.8
5117.81;2746;2759;C2-R3;08.04.2025;15;08.04.2025 01:04;75.5;9.8;8.1;2.31;11351;0.00;242;24.8;4.7
5119.61;2747;2760;C2-R3;08.04.2025;15;08.04.2025 01:41;70.0;9.3;7.8;2.31;10827;0.00;230;24.8;4.3
5121.41;2748;2761;C2-R3;;1;;;;;;;;;;
5123.21;2749;2762;C2-R3;08.04.2025;15;08.04.2025 07:51;62.3;9.3;7.2;1.98;10105;0.00;215;23.2;4.0
5125.01;2750;2763;C2-R3;08.04.2025;15;08.04.2025 21:36;58.2;7.4;8.2;2.16;12417;0.00;264;35.7;3.6
5126.81;2751;2764;C2-R3;08.04.2025;15;08.04.2025 21:59;58.7;7.5;8.2;2.15;12117;0.00;258;34.6;3.7
5128.61;2752;2765;C2-R3;08.04.2025;15;08.04.2025 22:44;68.0;8.7;8.2;2.30;11919;0.00;254;29.0;4.3
5130.41;2753;2766;C2-R3;08.04.2025;15;08.04.2025 23:23;71.1;10.1;7.4;1.64;8448;0.00;180;17.7;4.5
5132.21;2754;2767;C2-R3;09.04.2025;15;09.04.2025 01:27;78.6;10.4;7.8;2.15;10058;0.00;214;20.6;4.9
5134.01;2755;2768;C2-R3;09.04.2025;15;09.04.2025 02:19;88.3;11.6;7.9;2.39;10163;0.00;216;18.7;5.5
5135.81;2756;2769;C2-R2;09.04.2025;15;09.04.2025 03:00;81.9;10.8;7.9;2.27;9952;0.00;212;19.6;5.1
5137.61;2757;2770;C2-R2;09.04.2025;15;09.04.2025 03:56;79.2;10.5;7.8;2.17;9065;0.00;193;18.4;4.9
5139.41;2758;2771;C1-R1;09.04.2025;15;09.04.2025 04:32;72.7;10.7;7.1;1.89;8259;0.00;176;16.5;4.5
5141.21;2759;2772;C1-R1;09.04.2025;15;09.04.2025 16:16;48.6;9.8;5.3;0.25;2461;0.02;52;5.4;3.1
5143.01;2760;2773;C1-R1;09.04.2025;15;09.04.2025 16:37;73.3;10.8;7.1;2.15;10035;0.53;214;19.8;4.6
5144.81;2761;2774;C1-R1;09.04.2025;15;09.04.2025 17:56;64.7;9.4;7.1;2.01;10319;0.58;220;23.3;4.0
5146.61;2762;2775;C1-R1;09.04.2025;15;09.04.2025 18:38;71.7;10.4;7.1;1.83;9433;0.57;201;19.2;4.5
5148.41;2763;2776;C1-R1;09.04.2025;15;09.04.2025 19:18;74.0;10.2;7.5;2.08;10739;1.01;228;22.3;4.6
5150.21;2764;2777;C1-R1;09.04.2025;15;09.04.2025 19:57;75.1;10.4;7.5;2.09;9649;1.00;205;19.8;4.7
5152.01;2765;2778;C1-R1;09.04.2025;15;09.04.2025 20:57;73.0;10.5;7.3;2.02;9842;0.80;209;20.0;4.6
5153.81;2766;2779;C1-R1;09.04.2025;15;09.04.2025 21:36;69.0;10.7;6.7;1.86;9297;0.62;198;18.5;4.3
5155.61;2767;2780;C1-R1;09.04.2025;15;09.04.2025 22:21;70.9;10.8;6.9;2.16;9828;0.82;209;19.4;4.4
5157.41;2768;2781;C1-R1;09.04.2025;15;09.04.2025 22:59;64.7;10.2;6.6;1.87;8484;0.69;181;17.7;4.0
5159.21;2769;2782;C1-R1;10.04.2025;15;10.04.2025 00:03;69.6;10.7;6.9;1.70;7097;0.48;151;14.2;4.4
5161.01;2770;2783;C1-R1;10.04.2025;15;10.04.2025 15:48;72.6;11.9;6.5;1.88;8414;0.41;179;15.1;4.6
5162.81;2771;2784;C1-R1;10.04.2025;15;10.04.2025 16:38;77.8;14.0;5.9;2.28;8529;0.53;181;12.9;4.9
5164.61;2772;2785;C2-R2b;10.04.2025;15;10.04.2025 17:15;72.9;11.8;6.4;2.38;10402;0.56;221;18.7;4.5
5166.41;2773;2786;C1-R1;10.04.2025;15;10.04.2025 18:15;72.7;10.5;7.2;2.23;9856;0.63;210;19.9;4.5
5168.21;2774;2787;C1-R1;10.04.2025;15;10.04.2025 18:58;75.8;11.0;7.2;2.17;10317;0.52;220;19.9;4.7
5170.01;2775;2788;C1-R1;10.04.2025;15;10.04.2025 19:53;74.9;10.6;7.3;2.17;10922;0.54;232;22.0;4.6
5171.81;2776;2789;C1-R1;10.04.2025;15;10.04.2025 20:29;76.3;10.7;7.4;1.97;10059;0.52;214;20.1;4.7
5173.61;2777;2790;C1-R1;10.04.2025;15;10.04.2025 21:44;66.1;9.3;7.4;1.78;9530;0.45;203;21.8;4.1
5175.41;2778;2791;C1-R1;11.04.2025;15;11.04.2025 00:23;53.4;8.4;6.7;1.27;7342;0.26;156;18.5;3.4
5177.21;2779;2792;C1-R1;11.04.2025;15;11.04.2025 18:05;49.0;7.5;7.0;1.60;8599;0.29;183;24.4;3.2
5179.01;2780;2793;C1-R1;11.04.2025;15;11.04.2025 21:16;68.2;10.2;7.1;2.12;10593;0.32;225;22.2;4.3
5180.81;2781;2794;C1-R1;11.04.2025;15;11.04.2025 22:04;78.5;11.7;7.0;2.36;10443;0.32;222;19.0;4.9
5182.61;2782;2795;C1-R1;11.04.2025;15;11.04.2025 22:40;76.2;11.4;7.0;2.23;10511;0.31;224;19.6;4.8
5184.41;2783;2796;C1-R1;11.04.2025;15;11.04.2025 23:15;69.6;10.4;7.2;2.11;10770;0.39;229;22.0;4.5
5186.21;2784;2797;C1-R1;12.04.2025;15;12.04.2025 00:52;71.2;10.2;7.4;1.97;9805;0.50;209;20.5;4.5
5188.01;2785;2798;C1-R1;12.04.2025;15;12.04.2025 01:28;61.2;9.0;7.2;1.84;10170;0.35;216;24.1;3.9
5189.81;2786;2799;C1-R1;12.04.2025;15;12.04.2025 03:05;65.7;9.1;7.7;1.87;10241;0.60;218;23.9;4.2
5191.61;2787;2800;C1-R1;12.04.2025;15;12.04.2025 09:03;63.5;11.0;6.1;1.91;8822;0.21;188;17.1;4.0
5193.41;2788;2801;C1-R1;12.04.2025;15;12.04.2025 20:56;63.2;9.6;7.2;2.10;10733;0.39;228;23.8;4.1
5195.21;2789;2802;C1-R1;12.04.2025;15;12.04.2025 21:29;74.3;9.6;8.2;2.14;11217;0.76;239;24.9;4.7
5197.01;2790;2803;C1-R1;12.04.2025;15;12.04.2025 22:05;77.1;9.9;8.2;2.17;11027;0.77;235;23.8;4.8
5198.81;2791;2804;C1-R1;12.04.2025;15;12.04.2025 23:42;81.8;10.3;8.2;2.31;11122;0.80;237;23.0;5.1
5200.61;2792;2805;C1-R1;13.04.2025;15;13.04.2025 00:39;73.7;10.2;7.7;1.93;9611;0.58;204;20.1;4.7
5202.41;2793;2806;C1-R1;14.04.2025;16;14.04.2025 08:04;70.9;9.6;7.6;2.15;10485;0.59;223;23.2;4.4
5204.21;2794;2807;C1-R1;14.04.2025;16;14.04.2025 08:43;73.6;9.9;7.6;2.20;11093;0.68;236;23.7;4.6
5206.01;2795;2808;C1-R1;14.04.2025;16;14.04.2025 09:39;75.7;9.9;7.9;2.18;11143;0.73;237;24.0;4.7
5207.81;2796;2809;C1-R1;14.04.2025;16;14.04.2025 10:23;80.8;10.7;7.9;2.13;10096;0.61;215;20.0;5.1
5209.61;2797;2810;C1-R1;14.04.2025;16;14.04.2025 11:15;66.9;10.9;6.7;1.79;9017;0.26;192;17.6;4.4
5211.41;2798;2811;C1-R1;14.04.2025;16;14.04.2025 19:13;66.9;10.4;6.7;2.24;10170;0.26;216;20.9;4.2
5213.21;2799;2812;C1-R1;14.04.2025;16;14.04.2025 20:06;70.3;10.4;7.0;2.23;10604;0.31;226;21.7;4.4
5215.01;2800;2813;C2-R2b;14.04.2025;16;14.04.2025 20:45;68.5;10.0;7.1;2.15;11745;0.32;250;25.0;4.3
5216.81;2801;2814;C1-R1;14.04.2025;16;14.04.2025 21:25;76.1;10.8;7.3;2.09;11195;0.44;238;22.1;4.7
5218.61;2802;2815;C1-R1;14.04.2025;16;14.04.2025 22:00;71.5;10.5;7.0;1.94;10280;0.27;219;20.8;4.4
5220.41;2803;2816;C1-R1;14.04.2025;16;14.04.2025 22:43;72.6;10.7;7.0;2.09;11091;0.26;236;22.0;4.5
5222.21;2804;2817;C1-R1;14.04.2025;16;14.04.2025 23:23;75.4;11.1;7.0;2.13;11035;0.28;235;21.2;4.7
5224.01;2805;2818;C1-R1;15.04.2025;16;15.04.2025 00:17;76.3;11.2;7.0;1.86;8222;0.28;175;15.6;4.7
5225.81;2806;2819;C1-R1;15.04.2025;16;15.04.2025 01:05;69.8;10.5;7.0;1.78;8833;0.28;188;18.0;4.4
5227.61;2807;2820;C1-R1;15.04.2025;16;15.04.2025 01:49;64.9;10.0;6.8;1.60;8218;0.24;175;17.6;4.1
5229.41;2808;2821;C1-R1;15.04.2025;16;15.04.2025 11:31;56.5;8.4;7.1;1.69;9128;0.32;194;23.3;3.5
5231.21;2809;2822;C1-R1;15.04.2025;16;15.04.2025 12:29;67.2;9.2;7.6;2.03;10539;0.57;224;24.4;4.2
5233.01;2810;2823;C1-R1;15.04.2025;16;15.04.2025 13:16;72.3;10.4;7.3;2.09;10442;0.45;222;21.3;4.5
5234.81;2811;2824;C1-R1;15.04.2025;16;15.04.2025 14:02;71.4;11.0;6.7;2.16;10398;0.26;221;20.1;4.4
5236.61;2812;2825;C1-R1;15.04.2025;16;15.04.2025 15:04;74.3;10.9;7.1;2.07;10287;0.32;219;20.0;4.6
5238.41;2813;2826;C1-R1;15.04.2025;16;15.04.2025 15:50;76.2;11.6;6.8;2.13;10491;0.25;223;19.2;4.8
5240.21;2814;2827;C1-R1;15.04.2025;16;15.04.2025 16:35;75.0;11.8;6.6;2.09;9816;0.25;209;17.7;4.7
5242.01;2815;2828;C1-R1;15.04.2025;16;15.04.2025 17:45;71.5;11.2;6.7;1.79;8398;0.25;179;16.0;4.5
5243.81;2816;2829;C1-R1;21.04.2025;17;21.04.2025 12:50;44.9;7.6;6.2;1.27;6800;0.00;145;18.9;2.9
5245.61;2817;2830;C1-R1;21.04.2025;17;21.04.2025 13:40;81.7;11.5;7.3;1.99;9052;0.00;193;16.8;5.0
5247.41;2818;2831;C1-R1;21.04.2025;17;21.04.2025 14:14;83.0;11.7;7.3;1.95;9339;0.00;199;17.0;5.1
5249.21;2819;2832;C1-R1;21.04.2025;17;21.04.2025 15:01;84.4;11.9;7.3;1.91;9168;0.00;195;16.4;5.2
5251.01;2820;2833;C1-R1;21.04.2025;17;21.04.2025 15:36;80.5;11.4;7.3;1.80;8794;0.00;187;16.4;5.0
5252.81;2821;2834;C1-R1;21.04.2025;17;21.04.2025 16:10;86.0;12.1;7.3;1.83;8764;0.00;186;15.4;5.3
5254.61;2822;2835;C1-R1;21.04.2025;17;21.04.2025 16:43;74.5;10.6;7.3;1.64;8820;0.00;188;17.7;4.6
5256.41;2823;2836;C1-R1;21.04.2025;17;21.04.2025 17:46;81.4;11.3;7.4;1.95;9976;0.00;212;18.8;5.0
5258.21;2824;2837;C1-R1;21.04.2025;17;21.04.2025 18:20;78.0;11.0;7.3;1.89;9227;0.00;196;17.9;4.8
5260.01;2825;2838;C1-R1;22.04.2025;17;22.04.2025 13:02;63.4;16.1;4.8;1.06;5167;0.25;110;6.8;4.6
5261.81;2826;2839;C1-R1;22.04.2025;17;22.04.2025 13:23;77.4;11.7;6.8;1.61;7176;0.28;153;13.1;4.8
5263.61;2827;2840;C1-R1;22.04.2025;17;22.04.2025 13:59;77.9;12.1;6.7;2.01;9619;0.28;205;16.9;4.8
5265.41;2828;2841;C1-R1;22.04.2025;17;22.04.2025 14:33;82.7;10.7;7.9;2.17;10575;0.48;225;21.0;5.1
5267.21;2829;2842;C1-R1;22.04.2025;17;22.04.2025 15:06;79.7;10.3;8.0;2.12;10615;0.51;226;21.9;4.9
5269.01;2830;2843;C1-R1;22.04.2025;17;22.04.2025 15:47;76.5;9.9;7.9;2.17;10855;0.53;231;23.3;4.7
5270.81;2831;2844;C1-R1;22.04.2025;17;22.04.2025 17:06;79.3;10.1;8.1;2.25;11383;0.56;242;24.0;4.9
5272.61;2832;2845;C1-R1;22.04.2025;17;22.04.2025 17:40;73.5;9.5;8.1;2.09;11234;0.57;239;25.3;4.6
5274.41;2833;2846;C1-R1;22.04.2025;17;22.04.2025 18:16;80.2;10.1;8.1;2.24;11649;0.60;248;24.6;4.9
5276.21;2834;2847;C1-R1;22.04.2025;17;22.04.2025 18:57;78.8;11.3;7.1;2.50;12077;0.47;257;22.7;4.8
5278.01;2835;2848;C1-R1;22.04.2025;17;22.04.2025 19:35;62.0;11.5;6.0;1.87;9764;0.42;208;18.0;4.2
5279.81;2836;2849;C1-R1;23.04.2025;17;23.04.2025 01:58;79.2;10.8;7.5;2.57;12276;0.66;261;24.3;4.9
5281.61;2837;2850;C1-R1;23.04.2025;17;23.04.2025 02:34;81.5;11.1;7.5;2.54;12332;0.65;262;23.6;5.0
5283.41;2838;2851;C1-R1;23.04.2025;17;23.04.2025 03:10;72.2;10.2;7.6;2.39;12757;0.65;271;26.6;4.6
5285.21;2839;2852;C1-R1;23.04.2025;17;23.04.2025 04:09;63.8;10.0;7.2;2.18;12447;0.54;265;26.5;4.3
5287.01;2840;2853;C1-R1;23.04.2025;17;23.04.2025 05:07;58.7;8.8;7.0;2.13;12543;0.39;267;30.3;3.7
5288.81;2841;2854;C1-R1;23.04.2025;17;23.04.2025 06:35;57.4;7.3;8.1;1.86;12436;0.49;265;36.2;3.6
5290.61;2842;2855;C1-R1;23.04.2025;17;23.04.2025 07:19;59.9;7.7;8.1;1.97;12405;0.54;264;34.5;3.7
5292.41;2843;2856;C1-R1;23.04.2025;17;23.04.2025 08:18;63.7;8.1;8.1;2.09;12653;0.62;269;33.2;3.9
5294.21;2844;2857;C2-R3;23.04.2025;17;23.04.2025 08:59;68.8;8.7;8.2;2.26;12263;0.68;261;30.2;4.2
5296.01;2845;2858;C2-R3;23.04.2025;17;23.04.2025 09:37;60.0;9.9;7.2;1.76;10700;0.48;228;23.1;4.2
5297.81;2846;2859;C2-R3;23.04.2025;17;23.04.2025 17:29;63.8;8.1;8.1;2.08;12296;0.55;262;32.3;4.0
5299.61;2847;2860;C2-R3;23.04.2025;17;23.04.2025 18:48;69.3;9.9;7.2;2.46;12858;0.51;274;27.6;4.3
5301.41;2848;2861;C2-R3;23.04.2025;17;23.04.2025 19:28;67.3;9.7;7.2;2.42;13367;0.51;284;29.2;4.2
5303.21;2849;2862;C2-R3;23.04.2025;17;23.04.2025 20:08;65.7;9.6;7.2;2.30;13185;0.49;281;29.2;4.1
5305.01;2850;2863;C2-R3;23.04.2025;17;23.04.2025 20:54;66.4;9.6;7.2;2.27;13113;0.48;279;29.1;4.1
5306.81;2851;2864;C2-R3;23.04.2025;17;23.04.2025 21:35;64.1;9.2;7.2;2.18;12866;0.48;274;29.7;4.0
5308.61;2852;2865;C2-R3;23.04.2025;17;23.04.2025 22:18;64.8;9.4;7.2;2.26;13052;0.51;278;29.7;4.0
5310.41;2853;2866;C2-R3;23.04.2025;17;23.04.2025 22:58;70.6;10.2;7.2;2.38;12949;0.51;276;27.1;4.4
5312.21;2854;2867;C2-R3;23.04.2025;17;23.04.2025 23:59;78.7;11.8;6.9;2.38;11947;0.48;254;21.5;4.9
5314.01;2855;2868;C2-R3;24.04.2025;17;24.04.2025 00:34;72.2;12.1;6.1;2.20;10209;0.41;217;18.0;4.4
5315.81;2856;2869;C2-R3;24.04.2025;17;24.04.2025 19:51;74.1;10.8;7.1;2.44;11289;0.50;240;22.3;4.6
5317.61;2857;2870;C2-R3;24.04.2025;17;24.04.2025 20:46;81.6;11.9;7.1;2.53;11461;0.52;244;20.4;5.1
5319.41;2858;2871;C2-R2b;24.04.2025;17;24.04.2025 21:30;87.9;13.0;7.0;2.08;9897;0.41;211;16.2;5.4
5321.21;2859;2872;C1-R1;24.04.2025;17;24.04.2025 22:04;85.8;13.6;6.5;2.11;10614;0.32;226;16.6;5.3
5323.01;2860;2873;C1-R1;24.04.2025;17;24.04.2025 22:42;84.5;13.4;6.5;2.30;11236;0.36;239;17.9;5.2
5324.81;2861;2874;C1-R1;24.04.2025;17;24.04.2025 23:16;79.4;11.9;7.0;2.50;12394;0.47;264;22.3;5.0
5326.61;2862;2875;C1-R1;24.04.2025;17;24.04.2025 23:51;86.7;12.6;7.0;2.59;12437;0.51;265;21.0;5.3
5328.41;2863;2876;C1-R1;25.04.2025;17;25.04.2025 00:23;86.2;12.6;7.0;2.64;12859;0.48;274;21.7;5.3
5330.21;2864;2877;C1-R1;25.04.2025;17;25.04.2025 01:01;81.5;12.0;7.0;2.54;13063;0.44;278;23.2;5.1
5332.01;2865;2878;C1-R1;25.04.2025;17;25.04.2025 01:36;68.8;11.6;6.6;2.13;11608;0.40;247;21.3;4.6
5333.81;2866;2879;C1-R1;25.04.2025;17;25.04.2025 11:46;69.4;8.8;8.1;2.22;12243;0.58;260;29.7;4.3
5335.61;2867;2880;C1-R1;25.04.2025;17;25.04.2025 12:25;60.8;7.7;8.2;1.96;12437;0.55;265;34.4;3.8
5337.41;2868;2881;C1-R1;25.04.2025;17;25.04.2025 13:06;56.5;7.1;8.1;1.82;12551;0.51;267;37.4;3.5
5339.21;2869;2882;C1-R1;25.04.2025;17;25.04.2025 13:58;64.7;8.2;8.1;2.02;12483;0.54;266;32.4;4.0
5341.01;2870;2883;C1-R1;25.04.2025;17;25.04.2025 14:35;58.6;7.4;8.2;1.87;12415;0.50;264;35.7;3.6
5342.81;2871;2884;C1-R1;25.04.2025;17;25.04.2025 15:22;62.4;7.9;8.2;1.96;12420;0.56;264;33.5;3.9
5344.61;2872;2885;C1-R1;25.04.2025;17;25.04.2025 16:05;69.7;9.5;7.7;2.12;12110;0.53;258;27.2;4.4
5346.41;2873;2886;C1-R1;26.04.2025;17;26.04.2025 10:53;75.2;11.7;7.0;1.76;7976;0.44;170;14.5;4.9
5348.21;2874;2887;C1-R1;26.04.2025;17;26.04.2025 11:24;77.0;9.8;8.1;2.12;11346;0.55;241;24.6;4.8
5350.01;2875;2888;C1-R1;26.04.2025;17;26.04.2025 11:58;83.8;10.6;8.1;2.01;10298;0.50;219;20.6;5.2
5351.81;2876;2889;C1-R1;26.04.2025;17;26.04.2025 12:32;57.9;8.9;6.7;1.65;9710;0.27;207;23.2;3.6
5353.61;2877;2890;C1-R1;26.04.2025;17;26.04.2025 12:47;53.8;8.4;6.7;1.73;10896;0.29;232;27.8;3.4
5355.41;2878;2891;C1-R1;26.04.2025;17;26.04.2025 13:16;60.6;7.8;8.1;1.91;12207;0.49;260;33.5;3.7
5357.21;2879;2892;C1-R1;26.04.2025;17;26.04.2025 13:57;63.4;8.0;8.2;1.93;11857;0.49;252;31.5;3.9
5359.01;2880;2893;C1-R1;26.04.2025;17;26.04.2025 15:40;67.3;8.4;8.2;2.04;11652;0.53;248;29.4;4.2
5360.81;2881;2894;C1-R1;26.04.2025;17;26.04.2025 16:03;68.8;8.6;8.2;2.06;11219;0.54;239;27.6;4.2
5362.61;2882;2895;C1-R1;26.04.2025;17;26.04.2025 16:42;65.0;8.3;8.1;1.97;10928;0.56;233;28.0;4.0
5364.41;2883;2896;C1-R1;26.04.2025;17;26.04.2025 17:24;49.2;8.7;5.6;1.51;8075;0.31;172;19.9;2.9
5366.21;2884;2897;C1-R1;27.04.2025;17;27.04.2025 00:02;53.6;8.4;6.6;1.87;10745;0.32;229;27.2;3.3
5368.01;2885;2898;C1-R1;27.04.2025;17;27.04.2025 00:57;75.0;11.2;7.1;2.27;10370;0.42;221;19.6;4.8
5369.81;2886;2899;C1-R1;28.04.2025;18;28.04.2025 09:19;80.6;10.2;8.1;2.44;11366;0.60;242;23.7;5.0
5371.61;2887;2900;C1-R1;28.04.2025;18;28.04.2025 09:53;83.3;10.5;8.2;2.49;11889;0.65;253;24.2;5.1
5373.41;2888;2901;C1-R1;28.04.2025;18;28.04.2025 10:27;81.5;10.4;8.1;2.30;11561;0.62;246;23.8;5.0
5375.21;2889;2902;C1-R1;28.04.2025;18;28.04.2025 11:01;80.9;10.1;8.2;2.32;11904;0.64;253;25.0;5.0
5377.01;2890;2903;C1-R1;28.04.2025;18;28.04.2025 11:37;80.5;10.6;7.8;2.12;9683;0.67;206;19.5;5.0
5378.81;2891;2904;C1-R1;28.04.2025;18;28.04.2025 12:11;82.2;10.8;7.8;2.31;11174;0.64;238;22.1;5.1
5380.61;2892;2905;C1-R1;28.04.2025;18;28.04.2025 12:44;80.0;10.2;8.1;2.20;11384;0.65;242;23.8;4.9
5382.41;2893;2906;C1-R1;28.04.2025;18;28.04.2025 13:18;59.2;9.2;7.0;1.57;9006;0.43;192;20.8;3.9
5384.21;2894;2907;C1-R1;29.04.2025;18;29.04.2025 02:52;79.9;11.2;7.4;2.54;10992;0.61;234;20.9;5.0
5386.01;2895;2908;C1-R1;29.04.2025;18;29.04.2025 03:27;80.8;11.0;7.5;2.50;11725;0.69;249;22.6;5.0
5387.81;2896;2909;C1-R1;29.04.2025;18;29.04.2025 04:02;75.5;12.6;7.0;2.32;11843;0.62;252;19.9;5.3
5389.61;2897;2910;C1-R1;29.04.2025;18;29.04.2025 05:18;74.4;10.6;7.3;2.43;12654;0.51;269;25.5;4.6
5391.41;2898;2911;C1-R1;29.04.2025;18;29.04.2025 05:53;83.5;11.7;7.3;2.44;11698;0.54;249;21.3;5.1
5393.21;2899;2912;C1-R1;29.04.2025;18;29.04.2025 06:30;80.4;11.6;7.1;2.35;11342;0.47;241;20.8;4.9
5395.01;2900;2913;C1-R1;29.04.2025;18;29.04.2025 07:04;79.8;11.1;7.4;2.33;12214;0.67;260;23.5;4.9
5396.81;2901;2914;C1-R1;29.04.2025;18;29.04.2025 07:38;79.4;10.9;7.5;2.45;12554;0.69;267;24.5;4.9
5398.61;2902;2915;C1-R1;29.04.2025;18;29.04.2025 08:12;81.1;11.2;7.5;2.27;11668;0.69;248;22.3;5.0
5400.41;2903;2916;C1-R1;29.04.2025;18;29.04.2025 08:45;74.0;13.0;6.4;1.93;9552;0.58;203;15.6;5.0
5402.21;2904;2917;C1-R1;29.04.2025;18;29.04.2025 17:28;77.7;10.4;7.8;2.26;10765;0.69;229;22.1;4.8
5404.01;2905;2918;C1-R1;29.04.2025;18;29.04.2025 18:22;79.8;11.0;7.5;2.21;10489;0.78;223;20.3;4.9
5405.81;2906;2919;C1-R1;29.04.2025;18;29.04.2025 19:03;80.0;11.8;7.0;2.33;11597;0.67;247;20.9;5.0
5407.61;2907;2920;C1-R1;29.04.2025;18;29.04.2025 19:38;84.6;12.0;7.3;2.65;12478;0.51;265;22.2;5.2
5409.41;2908;2921;C1-R1;29.04.2025;18;29.04.2025 20:18;81.9;11.5;7.4;2.69;13040;0.56;277;24.1;5.1
5411.21;2909;2922;C1-R1;29.04.2025;18;29.04.2025 21:07;77.7;10.8;7.4;2.69;13284;0.58;283;26.1;4.8
5413.01;2910;2923;C1-R1;29.04.2025;18;29.04.2025 21:46;78.4;11.0;7.4;2.69;13169;0.59;280;25.6;4.8
5414.81;2911;2924;C1-R1;29.04.2025;18;29.04.2025 22:22;79.3;11.1;7.4;2.69;13095;0.58;279;25.1;4.9
5416.61;2912;2925;C1-R1;29.04.2025;18;29.04.2025 23:10;78.1;10.9;7.4;2.64;13340;0.58;284;26.1;4.8
5418.41;2913;2926;C1-R1;29.04.2025;18;29.04.2025 23:46;56.7;8.9;6.3;1.89;10148;0.37;216;24.2;3.3
5420.21;2914;2927;C1-R1;30.04.2025;18;30.04.2025 15:27;82.0;11.3;7.4;2.67;12038;0.59;256;22.6;5.0
5422.01;2915;2928;C1-R1;30.04.2025;18;30.04.2025 16:02;84.5;11.6;7.5;2.62;11929;0.62;254;21.8;5.2
5423.81;2916;2929;C2-R2b;30.04.2025;18;30.04.2025 16:37;82.4;11.4;7.5;2.54;12302;0.64;262;23.0;5.1
5425.61;2917;2930;C1-R1;30.04.2025;18;30.04.2025 17:11;82.5;11.3;7.4;2.53;12355;0.63;263;23.2;5.0
5427.41;2918;2931;C1-R1;30.04.2025;18;30.04.2025 17:51;74.1;10.5;7.3;2.47;12606;0.54;268;25.4;4.6
5429.21;2919;2932;C1-R1;30.04.2025;18;30.04.2025 18:28;77.8;11.1;7.2;2.47;12077;0.45;257;23.1;4.8
5431.01;2920;2933;C1-R1;30.04.2025;18;30.04.2025 19:04;79.7;11.5;7.2;2.48;11960;0.46;254;22.1;5.0
5432.81;2921;2934;C1-R1;30.04.2025;18;30.04.2025 19:42;79.4;11.4;7.2;2.55;12714;0.50;271;23.8;4.9
5434.61;2922;2935;C1-R1;30.04.2025;18;30.04.2025 20:19;89.6;12.8;7.2;2.61;11281;0.47;240;18.7;5.6
5436.41;2923;2936;C1-R1;30.04.2025;18;30.04.2025 20:55;67.9;11.0;6.1;1.81;8151;0.30;173;15.8;4.0
5438.21;2924;2937;C1-R1;02.05.2025;18;02.05.2025 15:24;84.5;12.8;6.8;2.18;8762;0.32;186;14.6;5.2
5440.01;2925;2938;C1-R1;02.05.2025;18;02.05.2025 15:59;81.1;12.4;6.8;2.38;9726;0.35;207;16.7;5.1
5441.81;2926;2939;C1-R1;02.05.2025;18;02.05.2025 16:34;79.3;11.5;7.1;2.53;11734;0.46;250;21.7;4.9
5443.61;2927;2940;C1-R1;02.05.2025;18;02.05.2025 17:09;82.9;12.0;7.2;2.74;12433;0.51;265;22.1;5.1
5445.41;2928;2941;C1-R1;02.05.2025;18;02.05.2025 17:49;81.4;11.7;7.2;2.67;12245;0.50;261;22.3;5.0
5447.21;2929;2942;C1-R1;02.05.2025;18;02.05.2025 18:23;79.6;11.4;7.2;2.60;12440;0.48;265;23.2;4.9
5449.01;2930;2943;C1-R1;02.05.2025;18;02.05.2025 19:15;80.3;11.5;7.2;2.60;12346;0.47;263;22.8;5.0
5450.81;2931;2944;C1-R1;02.05.2025;18;02.05.2025 21:28;68.0;10.6;6.6;2.15;10911;0.40;232;21.8;4.2
5452.61;2932;2945;C1-R1;03.05.2025;18;03.05.2025 09:21;74.3;10.8;7.1;2.60;11827;0.44;252;23.4;4.6
5454.41;2933;2946;C1-R1;03.05.2025;18;03.05.2025 09:53;75.1;10.8;7.2;2.63;12298;0.49;262;24.1;4.7
5456.21;2934;2947;C1-R1;03.05.2025;18;03.05.2025 10:36;73.4;10.5;7.3;2.53;12241;0.52;260;24.9;4.6
5458.01;2935;2948;C1-R1;03.05.2025;18;03.05.2025 11:27;82.0;11.3;7.5;2.65;12538;0.63;267;23.6;5.1
5459.81;2936;2949;C1-R1;03.05.2025;18;03.05.2025 12:00;81.2;11.2;7.4;2.60;12889;0.67;274;24.4;5.0
5461.61;2937;2950;C1-R1;03.05.2025;18;03.05.2025 12:59;80.7;11.2;7.4;2.57;12634;0.68;269;24.1;5.0
5463.41;2938;2951;C1-R1;03.05.2025;18;03.05.2025 13:34;84.0;11.5;7.5;2.53;12049;0.67;256;22.2;5.2
5465.21;2939;2952;C1-R1;03.05.2025;18;03.05.2025 14:08;84.8;11.7;7.5;2.56;11926;0.65;254;21.7;5.2
5467.01;2940;2953;C1-R1;03.05.2025;18;03.05.2025 14:42;81.4;11.3;7.4;2.46;11903;0.63;253;22.5;5.0
5468.81;2941;2954;C1-R1;03.05.2025;18;03.05.2025 15:16;64.8;12.4;5.8;1.69;8144;0.35;173;14.0;4.3
5470.61;2942;2955;C1-R1;05.05.2025;19;05.05.2025 09:03;73.8;10.5;7.2;2.44;10946;0.44;233;22.2;4.6
5472.41;2943;2956;C1-R1;05.05.2025;19;05.05.2025 09:47;78.8;11.3;7.2;2.59;11171;0.45;238;21.1;4.9
5474.21;2944;2957;C1-R1;05.05.2025;19;05.05.2025 10:23;80.7;11.5;7.3;2.58;11220;0.46;239;20.7;5.0
5476.01;2945;2958;C1-R1;05.05.2025;19;05.05.2025 13:21;81.3;11.4;7.4;2.59;12049;0.47;256;22.5;5.0
5477.81;2946;2959;C1-R1;05.05.2025;19;05.05.2025 14:01;63.0;8.9;7.5;2.11;11004;0.42;234;26.4;4.0
5479.61;2947;2960;C1-R1;05.05.2025;19;05.05.2025 15:31;78.9;10.9;7.5;2.62;11985;0.55;255;23.4;4.9
5481.41;2948;2961;C1-R1;05.05.2025;19;05.05.2025 16:43;83.4;11.2;7.8;2.82;12791;0.77;272;24.3;5.2
5483.21;2949;2962;C1-R1;05.05.2025;19;05.05.2025 17:18;75.8;10.5;7.5;2.49;12892;0.62;274;26.2;4.7
5485.01;2950;2963;C1-R1;05.05.2025;19;05.05.2025 18:12;78.4;10.9;7.5;2.52;12489;0.63;266;24.4;4.9
5486.81;2951;2964;C1-R1;05.05.2025;19;05.05.2025 18:48;69.2;9.7;7.4;1.87;8861;0.45;189;19.4;4.3
5488.61;2952;2965;C1-R1;06.05.2025;19;06.05.2025 04:06;74.8;10.5;7.4;2.50;11064;0.53;235;22.5;4.7
5490.41;2953;2966;C1-R1;06.05.2025;19;06.05.2025 04:51;74.9;10.4;7.4;2.53;12108;0.56;258;24.8;4.6
5492.21;2954;2967;C1-R1;06.05.2025;19;06.05.2025 05:27;78.3;10.9;7.4;2.56;12389;0.58;264;24.2;4.8
5494.01;2955;2968;C1-R1;06.05.2025;19;06.05.2025 06:04;73.1;10.3;7.4;2.26;11649;0.54;248;24.1;4.6
5495.81;2956;2969;C1-R1;06.05.2025;19;06.05.2025 06:59;77.9;10.9;7.3;2.51;12702;0.58;270;24.7;4.8
5497.61;2957;2970;C1-R1;06.05.2025;19;06.05.2025 07:51;84.3;11.8;7.3;2.61;12291;0.70;262;22.1;5.2
5499.41;2958;2971;C1-R1;06.05.2025;19;06.05.2025 08:45;73.5;9.8;7.9;2.27;11476;0.84;244;25.0;4.6
5501.21;2959;2972;C1-R1;06.05.2025;19;06.05.2025 09:45;69.8;10.7;7.1;2.51;12623;1.01;269;25.2;4.5
5503.01;2960;2973;C1-R1;06.05.2025;19;06.05.2025 10:45;64.8;9.6;7.0;2.39;12454;0.82;265;27.7;4.0
5504.81;2961;2974;C1-R1;06.05.2025;19;06.05.2025 11:31;71.7;10.4;7.1;2.24;12259;0.52;261;25.1;4.4
5506.61;2962;2975;C1-R1;06.05.2025;19;06.05.2025 23:32;79.4;14.3;6.6;1.40;8466;0.38;180;12.6;5.7
5508.41;2963;2976;C1-R1;07.05.2025;19;07.05.2025 00:40;80.4;12.0;7.1;2.07;9988;0.62;213;17.8;5.1
5510.21;2964;2977;C1-R1;07.05.2025;19;07.05.2025 01:16;80.7;12.6;6.7;2.13;9189;0.64;196;15.6;5.1
5512.01;2965;2978;C1-R1;07.05.2025;19;07.05.2025 01:52;80.8;13.1;6.9;1.71;9554;0.66;203;15.5;5.4
5513.81;2966;2979;C1-R1;07.05.2025;19;07.05.2025 02:57;81.3;13.0;7.0;1.94;9842;0.74;209;16.1;5.5
5515.61;2967;2980;C1-R1;07.05.2025;19;07.05.2025 03:49;80.0;11.7;7.1;2.29;10399;0.87;221;19.0;5.0
5517.41;2968;2981;C1-R1;07.05.2025;19;07.05.2025 04:23;82.2;12.0;7.1;2.27;9796;0.83;208;17.4;5.1
5519.21;2969;2982;C1-R1;07.05.2025;19;07.05.2025 04:58;80.6;11.7;7.2;2.11;10010;0.78;213;18.3;5.0
5521.01;2970;2983;C1-R1;07.05.2025;19;07.05.2025 05:32;81.6;11.8;7.2;1.98;8999;0.71;191;16.2;5.1
5522.81;2971;2984;C1-R1;07.05.2025;19;07.05.2025 06:07;66.4;9.9;7.1;1.40;7363;0.51;157;15.9;4.2
5524.61;2972;2985;C1-R1;08.05.2025;19;08.05.2025 01:28;79.7;11.4;7.3;2.07;9498;0.80;202;17.8;4.9
5526.41;2973;2986;C1-R1;08.05.2025;19;08.05.2025 02:05;77.7;11.1;7.3;2.12;9824;0.81;209;18.8;4.8
5528.21;2974;2987;C2-R2b;08.05.2025;19;08.05.2025 02:48;73.0;10.2;7.4;2.33;12318;1.02;262;25.6;4.5
5530.01;2975;2988;C1-R1;08.05.2025;19;08.05.2025 03:26;81.8;11.4;7.5;2.07;9284;0.83;198;17.4;5.1
5531.81;2976;2989;C1-R1;08.05.2025;19;08.05.2025 04:21;81.7;11.3;7.5;1.95;8655;0.69;184;16.4;5.0
5533.61;2977;2990;C1-R1;08.05.2025;19;08.05.2025 04:58;81.3;11.3;7.5;1.94;9208;0.62;196;17.3;5.1
5535.41;2978;2991;C1-R1;08.05.2025;19;08.05.2025 05:33;79.0;10.9;7.5;2.10;10267;0.68;218;20.0;4.9
5537.21;2979;2992;C1-R1;08.05.2025;19;08.05.2025 06:36;74.4;10.3;7.5;1.82;8340;0.59;177;17.2;4.6
5539.01;2980;2993;C1-R1;08.05.2025;19;08.05.2025 08:57;82.4;11.4;7.5;2.25;10508;0.68;224;19.7;5.1
5540.81;2981;2994;C1-R1;08.05.2025;19;08.05.2025 09:49;66.7;10.1;6.9;1.67;8327;0.40;177;17.6;4.2
5542.61;2982;2995;C1-R1;09.05.2025;19;09.05.2025 01:36;72.9;10.1;7.6;2.26;11255;0.64;239;23.8;4.6
5544.41;2983;2996;C1-R1;09.05.2025;19;09.05.2025 02:44;73.7;10.1;7.6;2.27;11949;0.61;254;25.2;4.6
5546.21;2984;2997;C1-R1;09.05.2025;19;09.05.2025 03:25;77.8;10.6;7.6;2.29;11586;0.65;247;23.2;4.8
5548.01;2985;2998;C1-R1;09.05.2025;19;09.05.2025 04:00;80.3;11.0;7.6;2.30;10586;0.65;225;20.5;5.0
5549.81;2986;2999;C1-R1;09.05.2025;19;09.05.2025 05:03;77.3;10.7;7.5;2.18;10204;0.60;217;20.3;4.8
5551.61;2987;3000;C1-R1;09.05.2025;19;09.05.2025 05:42;80.1;10.9;7.6;2.25;10736;0.64;228;20.9;4.9
5553.41;2988;3001;C1-R1;09.05.2025;19;09.05.2025 06:17;83.2;11.4;7.5;2.29;10503;0.65;223;19.6;5.2
5555.21;2989;3002;C1-R1;09.05.2025;19;09.05.2025 07:12;68.0;9.7;7.1;1.88;9384;0.53;200;20.6;4.1
5557.01;2990;3003;C1-R1;09.05.2025;19;09.05.2025 17:48;77.8;10.7;7.5;2.45;11385;0.58;242;22.6;4.8
5558.81;2991;3004;C1-R1;09.05.2025;19;09.05.2025 18:23;80.2;11.1;7.5;2.54;11884;0.60;253;22.8;5.0
5560.61;2992;3005;C1-R1;09.05.2025;19;09.05.2025 18:58;73.5;10.2;7.5;2.44;12676;0.62;270;26.3;4.6
5562.41;2993;3006;C1-R1;09.05.2025;19;09.05.2025 19:45;72.5;9.9;7.5;2.41;13040;0.68;277;28.1;4.5
5564.21;2994;3007;C1-R1;09.05.2025;19;09.05.2025 20:37;77.7;10.3;7.8;2.47;12380;0.77;263;25.5;4.8
5566.01;2995;3008;C1-R1;09.05.2025;19;09.05.2025 21:12;72.1;9.6;7.8;2.39;12955;0.78;276;28.8;4.5
5567.81;2996;3009;C1-R1;09.05.2025;19;09.05.2025 21:57;79.5;10.5;7.8;2.56;12527;0.79;267;25.3;4.9
5569.61;2997;3010;C1-R1;09.05.2025;19;09.05.2025 23:02;77.5;10.3;7.8;2.56;12604;0.78;268;26.0;4.8
5571.41;2998;3011;C1-R1;10.05.2025;19;10.05.2025 00:13;79.5;10.8;7.6;2.61;12696;0.72;270;25.0;4.9
5573.21;2999;3012;C1-R1;10.05.2025;19;10.05.2025 01:03;68.2;9.5;7.4;1.97;9722;0.50;207;21.8;4.2
5575.01;3000;3013;C1-R1;10.05.2025;19;10.05.2025 12:43;75.7;10.7;7.3;2.61;11862;0.57;252;23.7;4.7
5576.81;3001;3014;C1-R1;10.05.2025;19;10.05.2025 13:20;79.2;11.1;7.4;2.57;12289;0.56;261;23.7;4.9
5578.61;3002;3015;C1-R1;10.05.2025;19;10.05.2025 13:59;80.7;11.4;7.4;2.34;11219;0.51;239;21.0;5.0
5580.41;3003;3016;C1-R1;10.05.2025;19;10.05.2025 14:33;81.3;12.5;6.7;2.73;12701;0.47;270;21.6;5.0
5582.21;3004;3017;C1-R1;10.05.2025;19;10.05.2025 15:13;77.3;11.3;7.1;2.32;11026;0.51;235;20.8;4.8
5584.01;3005;3018;C1-R1;10.05.2025;19;10.05.2025 16:04;68.7;9.4;7.7;2.34;12230;0.70;260;27.8;4.3
5585.81;3006;3019;C1-R1;10.05.2025;19;10.05.2025 16:51;71.5;9.6;7.7;2.41;12816;0.74;273;28.3;4.4
5587.61;3007;3020;C1-R1;10.05.2025;19;10.05.2025 17:28;65.9;8.9;7.7;2.26;12643;0.68;269;30.2;4.1
5589.41;3008;3021;C1-R1;10.05.2025;19;10.05.2025 18:25;68.8;9.3;7.7;2.38;13129;0.71;279;30.2;4.3
5591.21;3009;3022;C1-R1;10.05.2025;19;10.05.2025 19:07;66.5;10.4;6.9;1.90;9976;0.53;212;20.4;4.3
5593.01;3010;3023;C1-R1;12.05.2025;20;12.05.2025 09:28;80.5;10.1;8.2;2.65;12653;0.65;269;26.5;5.0
5594.81;3011;3024;C1-R1;12.05.2025;20;12.05.2025 10:03;81.6;10.3;8.2;2.62;12819;0.69;273;26.5;5.1
5596.61;3012;3025;C1-R1;12.05.2025;20;12.05.2025 10:41;81.3;10.2;8.2;2.55;12773;0.73;272;26.6;5.0
5598.41;3013;3026;C1-R1;12.05.2025;20;12.05.2025 11:17;80.6;10.2;8.2;2.47;12199;0.69;260;25.6;5.0
5600.21;3014;3027;C1-R1;12.05.2025;20;12.05.2025 11:52;81.4;10.6;7.9;2.36;11037;0.69;235;22.1;5.0
5602.01;3015;3028;C1-R1;12.05.2025;20;12.05.2025 12:40;79.2;10.3;7.9;2.42;12077;0.71;257;25.0;4.9
5603.81;3016;3029;C1-R1;12.05.2025;20;12.05.2025 13:15;90.1;11.6;8.0;2.61;11797;0.76;251;21.6;5.6
5605.61;3017;3030;C1-R1;12.05.2025;20;12.05.2025 13:49;92.1;11.9;8.0;2.56;11871;0.74;253;21.3;5.7
5607.41;3018;3031;C1-R1;12.05.2025;20;12.05.2025 14:28;93.0;12.1;8.0;2.52;12202;0.73;260;21.5;5.8
5609.21;3019;3032;C1-R1;12.05.2025;20;12.05.2025 15:10;81.1;10.6;7.9;1.95;9005;0.48;192;18.1;5.0
5611.01;3020;3033;C1-R1;13.05.2025;20;13.05.2025 03:02;85.6;11.4;7.8;2.40;9798;0.63;208;18.3;5.3
5612.81;3021;3034;C1-R1;13.05.2025;20;13.05.2025 03:35;86.8;12.2;7.3;2.14;8836;0.43;188;15.4;5.3
5614.61;3022;3035;C1-R1;13.05.2025;20;13.05.2025 04:26;84.1;15.9;5.5;2.00;7020;0.22;149;9.4;5.3
5616.41;3023;3036;C1-R1;13.05.2025;20;13.05.2025 05:14;82.4;13.9;6.3;2.30;9276;0.31;197;14.2;5.2
5618.21;3024;3037;C1-R1;13.05.2025;20;13.05.2025 06:01;82.3;11.6;7.3;2.24;9865;0.40;210;18.1;5.1
5620.01;3025;3038;C1-R1;13.05.2025;20;13.05.2025 06:44;81.7;12.7;6.7;2.30;9742;0.31;207;16.4;5.1
5621.81;3026;3039;C1-R1;13.05.2025;20;13.05.2025 07:18;76.0;12.4;6.4;2.22;9505;0.29;202;16.3;4.7
5623.61;3027;3040;C1-R1;13.05.2025;20;13.05.2025 09:18;78.5;11.9;6.8;2.40;10807;0.32;230;19.3;4.9
5625.41;3028;3041;C1-R1;13.05.2025;20;13.05.2025 09:54;81.2;11.5;7.3;2.32;10424;0.39;222;19.3;5.0
5627.21;3029;3042;C1-R1;13.05.2025;20;13.05.2025 10:34;79.8;11.4;7.2;1.84;8022;0.31;171;15.0;4.9
5629.01;3030;3043;C1-R1;13.05.2025;20;13.05.2025 22:35;80.8;11.5;7.3;2.06;8602;0.37;183;15.9;5.0
5630.81;3031;3044;C1-R1;13.05.2025;20;13.05.2025 23:09;75.8;11.4;6.9;2.00;9441;0.30;201;17.6;4.7
5632.61;3032;3045;C1-R1;14.05.2025;20;14.05.2025 00:07;77.4;12.0;6.6;2.40;11434;0.29;243;20.3;4.8
5634.41;3033;3046;C1-R1;14.05.2025;20;14.05.2025 00:41;78.0;11.1;7.3;2.27;10731;0.43;228;20.6;4.8
5636.21;3034;3047;C1-R1;14.05.2025;20;14.05.2025 01:53;79.4;10.9;7.5;2.29;10560;0.53;225;20.5;4.9
5638.01;3035;3048;C1-R1;14.05.2025;20;14.05.2025 02:27;77.1;10.6;7.4;2.20;10435;0.54;222;20.9;4.7
5639.81;3036;3049;C1-R1;14.05.2025;20;14.05.2025 03:09;78.1;10.7;7.5;2.31;11486;0.57;244;22.8;4.8
5641.61;3037;3050;C1-R1;14.05.2025;20;14.05.2025 03:43;79.0;10.9;7.5;2.34;10977;0.58;234;21.5;4.9
5643.41;3038;3051;C1-R1;14.05.2025;20;14.05.2025 04:17;80.8;11.2;7.5;2.50;11756;0.58;250;22.4;5.0
5645.21;3039;3052;C1-R1;14.05.2025;20;14.05.2025 04:51;71.4;11.2;6.7;1.94;9571;0.40;204;18.3;4.5
5647.01;3040;3053;C1-R1;14.05.2025;20;14.05.2025 13:24;83.5;11.8;7.3;2.42;11066;0.44;235;20.0;5.2
5648.81;3041;3054;C1-R1;14.05.2025;20;14.05.2025 13:58;88.9;11.9;7.7;2.50;11191;0.66;238;19.9;5.5
5650.61;3042;3055;C2-R2b;14.05.2025;20;14.05.2025 14:30;96.7;13.0;7.7;2.45;10000;0.64;213;16.3;6.0
5652.41;3043;3056;C1-R1;14.05.2025;20;14.05.2025 15:04;85.7;11.9;7.5;2.19;10090;0.51;215;18.1;5.3
5654.21;3044;3057;C1-R1;14.05.2025;20;14.05.2025 16:01;85.5;12.0;7.3;2.47;11484;0.45;244;20.3;5.3
5656.01;3045;3058;C1-R1;14.05.2025;20;14.05.2025 16:34;86.9;11.7;7.6;2.43;11113;0.65;236;20.2;5.4
5657.81;3046;3059;C1-R1;14.05.2025;20;14.05.2025 17:10;86.5;11.3;7.8;2.33;10779;0.64;229;20.3;5.3
5659.61;3047;3060;C1-R1;14.05.2025;20;14.05.2025 17:44;87.2;11.2;8.0;2.34;11098;0.56;236;21.1;5.4
5661.41;3048;3061;C1-R1;14.05.2025;20;14.05.2025 18:20;79.4;10.2;8.0;2.18;10717;0.55;228;22.3;4.9
5663.21;3049;3062;C1-R1;14.05.2025;20;14.05.2025 18:56;68.3;10.6;6.8;1.73;8709;0.36;185;17.6;4.3
5665.01;3050;3063;C1-R1;15.05.2025;20;15.05.2025 07:32;76.9;11.6;6.9;2.33;10424;0.29;222;19.2;4.8
5666.81;3051;3064;C1-R1;15.05.2025;20;15.05.2025 08:07;87.1;12.4;7.2;2.57;10508;0.43;224;18.0;5.4
5668.61;3052;3065;C1-R1;15.05.2025;20;15.05.2025 08:40;80.6;11.6;7.2;2.51;10960;0.52;233;20.1;5.0
5670.41;3053;3066;C1-R1;15.05.2025;20;15.05.2025 09:15;77.0;11.1;7.2;2.44;11435;0.59;243;22.0;4.8
5672.21;3054;3067;C1-R1;15.05.2025;20;15.05.2025 10:12;75.7;11.6;6.8;2.24;10117;0.52;215;18.5;4.7
5674.01;3055;3068;C1-R1;15.05.2025;20;15.05.2025 10:52;83.0;13.7;6.3;2.22;8573;0.49;182;13.3;5.2
5675.81;3056;3069;C1-R1;15.05.2025;20;15.05.2025 11:26;71.0;12.6;5.9;1.93;8501;0.52;181;14.4;4.4
5677.61;3057;3070;C1-R1;15.05.2025;20;15.05.2025 12:56;75.6;10.9;7.2;1.83;8502;0.59;181;16.6;4.7
5679.41;3058;3071;C1-R1;16.05.2025;20;16.05.2025 04:58;73.3;13.0;6.4;1.63;7489;0.56;159;12.3;5.0
5681.21;3059;3072;C1-R1;16.05.2025;20;16.05.2025 05:36;65.4;11.7;6.3;1.50;7449;0.47;158;13.6;4.4
5683.01;3060;3073;C1-R1;16.05.2025;20;16.05.2025 15:23;77.3;10.7;7.5;2.16;10211;0.69;217;20.4;4.8
5684.81;3061;3074;C1-R1;16.05.2025;20;16.05.2025 16:04;77.4;10.6;7.6;2.22;10801;0.64;230;21.7;4.8
5686.61;3062;3075;C1-R1;16.05.2025;20;16.05.2025 16:42;84.0;10.8;8.0;2.35;11228;0.58;239;22.2;5.2
5688.41;3063;3076;C1-R1;16.05.2025;20;16.05.2025 17:16;88.5;11.3;8.1;2.44;10775;0.62;229;20.2;5.5
5690.21;3064;3077;C1-R1;16.05.2025;20;16.05.2025 18:02;85.0;10.7;8.2;2.36;10413;0.56;222;20.7;5.2
5692.01;3065;3078;C1-R1;16.05.2025;20;16.05.2025 18:50;79.8;10.7;7.6;2.35;10486;0.50;223;20.8;4.9
5693.81;3066;3079;C1-R1;16.05.2025;20;16.05.2025 19:24;80.4;11.1;7.4;2.48;11297;0.50;240;21.6;5.0
5695.61;3067;3080;C1-R1;16.05.2025;20;16.05.2025 19:58;75.6;11.0;7.1;2.11;9530;0.38;203;18.5;4.7
5697.41;3068;3081;C1-R1;17.05.2025;20;17.05.2025 06:46;79.5;10.6;7.7;2.39;10714;0.46;228;21.6;4.9
5699.21;3069;3082;C1-R1;17.05.2025;20;17.05.2025 07:23;81.8;10.5;8.0;2.30;10410;0.53;221;21.1;5.0
5701.01;3070;3083;C1-R1;17.05.2025;20;17.05.2025 07:56;81.8;10.7;8.0;2.34;10645;0.60;226;21.2;5.1
5702.81;3071;3084;C1-R1;17.05.2025;20;17.05.2025 08:57;85.0;11.3;7.8;2.38;10527;0.69;224;19.8;5.3
5704.61;3072;3085;C1-R1;17.05.2025;20;17.05.2025 09:42;84.0;11.9;7.3;2.20;9579;0.58;204;17.1;5.2
5706.41;3073;3086;C1-R1;17.05.2025;20;17.05.2025 10:18;84.5;13.1;6.7;1.89;7948;0.43;169;12.9;5.3
5708.21;3074;3087;C1-R1;17.05.2025;20;17.05.2025 11:10;73.8;12.0;6.4;1.70;7996;0.42;170;14.1;4.6
5710.01;3075;3088;C1-R1;17.05.2025;20;17.05.2025 11:46;84.5;12.1;7.1;1.96;9331;0.46;199;16.4;5.2
5711.81;3076;3089;C1-R1;17.05.2025;20;17.05.2025 12:20;73.5;11.0;6.9;2.05;10157;0.38;216;19.6;4.6
5713.61;3077;3090;C1-R1;17.05.2025;20;17.05.2025 13:10;73.0;10.5;7.4;1.81;9540;0.46;203;19.4;4.6
5715.41;3078;3091;C1-R1;17.05.2025;20;17.05.2025 20:46;78.5;10.5;7.7;2.36;11242;0.59;239;22.9;4.8
5717.21;3079;3092;C1-R1;17.05.2025;20;17.05.2025 21:21;80.1;10.8;7.7;2.13;9294;0.49;198;18.3;5.0
5719.01;3080;3093;C1-R1;19.05.2025;21;19.05.2025 12:45;84.4;10.7;8.0;2.47;11351;0.50;242;22.5;5.2
5720.81;3081;3094;C1-R1;19.05.2025;21;19.05.2025 13:32;79.6;11.0;7.4;2.42;11023;0.60;235;21.4;4.9
5722.61;3082;3095;C1-R1;19.05.2025;21;19.05.2025 14:06;80.5;11.0;7.5;2.37;11149;0.60;237;21.6;5.0
5724.41;3083;3096;C1-R1;19.05.2025;21;19.05.2025 14:40;80.2;11.9;7.0;2.54;11746;0.31;250;21.1;5.0
5726.21;3084;3097;C1-R1;19.05.2025;21;19.05.2025 15:13;81.3;11.5;7.3;2.48;11744;0.44;250;21.7;5.0
5728.01;3085;3098;C1-R1;19.05.2025;21;19.05.2025 15:47;69.9;11.8;6.6;1.83;9134;0.39;194;16.4;4.7
5729.81;3086;3099;C1-R1;20.05.2025;21;20.05.2025 00:32;80.9;11.9;7.0;2.34;9694;0.29;206;17.3;5.0
5731.61;3087;3100;C1-R1;20.05.2025;21;20.05.2025 01:05;70.0;12.2;6.1;1.51;6485;0.30;138;11.3;4.5
5733.41;3088;3101;C1-R1;20.05.2025;21;20.05.2025 06:57;80.2;11.7;7.0;2.05;8965;0.40;191;16.3;5.0
5735.21;3089;3102;C1-R1;20.05.2025;21;20.05.2025 07:30;79.5;11.3;7.2;2.17;10269;0.37;218;19.3;4.9
5737.01;3090;3103;C1-R1;20.05.2025;21;20.05.2025 08:03;82.6;11.4;7.4;2.28;10949;0.49;233;20.4;5.1
5738.81;3091;3104;C1-R1;20.05.2025;21;20.05.2025 08:36;81.5;11.3;7.4;2.28;10888;0.49;232;20.5;5.0
5740.61;3092;3105;C1-R1;20.05.2025;21;20.05.2025 09:25;81.4;11.4;7.3;2.32;11201;0.45;238;20.9;5.0
5742.41;3093;3106;C1-R1;20.05.2025;21;20.05.2025 09:58;73.6;13.1;6.3;1.79;8586;0.31;183;14.0;4.9
5744.21;3094;3107;C2-R2b;20.05.2025;21;20.05.2025 19:54;79.5;11.7;7.0;2.31;9664;0.28;206;17.5;4.9
5746.01;3095;3108;C1-R1;20.05.2025;21;20.05.2025 20:34;69.1;12.3;6.1;1.73;7524;0.21;160;13.1;4.5
5747.81;3096;3109;C2-R3;21.05.2025;21;21.05.2025 03:15;82.4;12.1;7.0;2.32;9725;0.29;207;17.1;5.1
5749.61;3097;3110;C2-R3;21.05.2025;21;21.05.2025 03:48;82.7;12.1;7.0;2.26;10022;0.29;213;17.7;5.1
5751.41;3098;3111;C2-R3;21.05.2025;21;21.05.2025 04:36;83.4;12.1;7.0;2.27;10124;0.27;215;17.8;5.1
5753.21;3099;3112;C2-R3;21.05.2025;21;21.05.2025 05:09;83.6;12.2;7.0;2.18;9360;0.28;199;16.4;5.1
5755.01;3100;3113;C2-R3;21.05.2025;21;21.05.2025 06:00;80.6;12.0;7.0;2.20;9953;0.28;212;17.7;5.0
5756.81;3101;3114;C2-R3;21.05.2025;21;21.05.2025 06:53;78.8;11.7;7.0;1.92;8760;0.23;186;15.9;4.9
5758.61;3102;3115;C2-R3;21.05.2025;21;21.05.2025 12:54;81.7;12.2;6.9;2.24;9466;0.24;201;16.5;5.0
5760.41;3103;3116;C2-R3;21.05.2025;21;21.05.2025 13:27;63.1;11.8;5.6;1.61;6918;0.18;147;12.5;4.0
5762.21;3104;3117;C2-R3;21.05.2025;21;21.05.2025 20:54;83.4;12.2;7.0;2.18;9070;0.30;193;15.9;5.1
5764.01;3105;3118;C2-R3;21.05.2025;21;21.05.2025 21:42;86.9;12.7;7.0;2.16;9123;0.35;194;15.3;5.4
5765.81;3106;3119;C2-R3;21.05.2025;21;21.05.2025 22:21;87.4;12.9;7.0;2.17;8851;0.47;188;14.7;5.4
5767.61;3107;3120;C2-R3;21.05.2025;21;21.05.2025 23:41;79.6;11.7;7.0;2.13;9495;0.48;202;17.2;4.9
5769.41;3108;3121;C2-R3;22.05.2025;21;22.05.2025 00:15;83.4;12.3;7.0;2.11;8807;0.49;187;15.3;5.2
5771.21;3109;3122;C2-R3;22.05.2025;21;22.05.2025 01:13;83.0;12.2;7.0;2.08;8592;0.53;183;15.0;5.1
5773.01;3110;3123;C2-R3;22.05.2025;21;22.05.2025 08:51;74.8;13.2;6.1;1.67;7203;0.38;153;11.6;4.8
5774.81;3111;3124;C2-R3;22.05.2025;21;22.05.2025 09:22;81.8;12.1;6.9;2.06;8491;0.53;181;14.9;5.0
5776.61;3112;3125;C2-R3;22.05.2025;21;22.05.2025 09:59;81.6;12.7;6.6;1.92;8317;0.46;177;13.9;5.1
5778.41;3113;3126;C2-R3;22.05.2025;21;22.05.2025 10:35;79.9;12.0;6.8;2.05;9676;0.53;206;17.1;4.9
5780.21;3114;3127;C2-R3;22.05.2025;21;22.05.2025 11:14;82.8;12.0;7.1;2.01;9315;0.53;198;16.6;5.1
5782.01;3115;3128;C2-R3;22.05.2025;21;22.05.2025 11:51;84.3;12.2;7.1;2.05;9462;0.55;201;16.5;5.2
5783.81;3116;3129;C2-R3;22.05.2025;21;22.05.2025 12:24;82.1;12.9;6.6;2.20;10080;0.53;214;16.7;5.1
5785.61;3117;3130;C2-R3;22.05.2025;21;22.05.2025 13:00;66.5;11.9;6.1;1.58;7565;0.42;161;13.6;4.3
5787.41;3118;3131;C2-R3;22.05.2025;21;22.05.2025 23:24;81.2;12.9;6.5;2.11;9351;0.50;199;15.4;5.0
5789.21;3119;3132;C2-R3;23.05.2025;21;23.05.2025 00:14;83.4;13.0;6.6;2.09;9184;0.50;195;15.0;5.1
5791.01;3120;3133;C2-R3;23.05.2025;21;23.05.2025 00:49;84.4;13.2;6.6;1.85;8941;0.43;190;14.4;5.2
5792.81;3121;3134;C2-R3;23.05.2025;21;23.05.2025 01:21;87.3;13.6;6.6;1.71;8349;0.36;178;13.1;5.4
5794.61;3122;3135;C2-R3;23.05.2025;21;23.05.2025 01:53;89.8;14.1;6.6;1.68;8211;0.28;175;12.4;5.5
5796.41;3123;3136;C2-R3;23.05.2025;21;23.05.2025 02:28;89.5;14.0;6.6;2.18;9253;0.32;197;14.0;5.5
5798.21;3124;3137;C2-R3;23.05.2025;21;23.05.2025 03:01;76.0;12.0;6.6;2.03;9011;0.36;192;16.0;4.7
5800.01;3125;3138;C2-R3;23.05.2025;21;23.05.2025 03:37;79.1;13.4;6.2;1.88;8169;0.40;174;13.0;5.0
5801.81;3126;3139;C2-R3;23.05.2025;21;23.05.2025 15:21;83.4;11.8;7.2;2.42;10185;0.67;217;18.3;5.1
5803.61;3127;3140;C2-R3;23.05.2025;21;23.05.2025 16:06;88.7;12.0;7.7;2.43;10459;0.89;223;18.5;5.5
5805.41;3128;3141;C2-R3;23.05.2025;21;23.05.2025 16:38;84.2;11.7;7.4;2.42;11222;0.92;239;20.4;5.2
5807.21;3129;3142;C2-R3;23.05.2025;21;23.05.2025 17:13;76.4;10.2;7.8;2.19;12026;0.90;256;25.1;4.8
5809.01;3130;3143;C2-R3;23.05.2025;21;23.05.2025 18:04;56.8;7.5;8.0;1.74;11352;0.85;242;32.1;3.6
5810.81;3131;3144;C2-R3;23.05.2025;21;23.05.2025 18:56;66.0;9.0;7.6;1.95;11569;0.91;246;27.3;4.1
5812.61;3132;3145;C2-R3;23.05.2025;21;23.05.2025 19:35;75.3;10.3;7.6;2.06;10975;0.87;234;22.8;4.6
5814.41;3133;3146;C2-R3;23.05.2025;21;23.05.2025 20:12;74.8;10.3;7.5;2.13;11207;0.92;238;23.2;4.6
5816.21;3134;3147;C2-R3;23.05.2025;21;23.05.2025 20:48;80.8;11.1;7.5;2.24;10473;0.93;223;20.1;5.0
5818.01;3135;3148;C2-R3;23.05.2025;21;23.05.2025 21:23;79.3;13.0;6.6;1.78;7949;0.61;169;13.0;5.1
5819.81;3136;3149;C2-R3;24.05.2025;21;24.05.2025 12:22;82.7;11.8;7.2;2.29;9754;0.67;208;17.5;5.1
5821.61;3137;3150;C2-R3;24.05.2025;21;24.05.2025 12:55;83.5;11.8;7.2;2.17;9842;0.60;209;17.7;5.1
5823.41;3138;3151;C2-R3;24.05.2025;21;24.05.2025 13:27;84.7;12.0;7.2;2.04;9606;0.52;204;17.0;5.2
5825.21;3139;3152;C2-R3;24.05.2025;21;24.05.2025 15:04;82.7;12.4;7.0;2.00;9218;0.35;196;15.9;5.2
5827.01;3140;3153;C2-R3;24.05.2025;21;24.05.2025 15:36;82.2;14.1;6.0;2.17;9582;0.23;204;14.5;5.1
5828.81;3141;3154;C2-R3;24.05.2025;21;24.05.2025 16:10;84.3;14.5;6.0;2.27;9677;0.20;206;14.2;5.2
5830.61;3142;3155;C2-R3;24.05.2025;21;24.05.2025 16:43;85.0;13.5;6.5;2.15;9710;0.21;207;15.3;5.3
5832.41;3143;3156;C2-R3;24.05.2025;21;24.05.2025 17:17;84.8;13.3;6.6;2.13;9196;0.21;196;14.8;5.2
5834.21;3144;3157;C2-R3;24.05.2025;21;24.05.2025 17:51;85.8;13.3;6.6;2.13;8888;0.21;189;14.2;5.3
5836.01;3145;3158;C2-R3;24.05.2025;21;24.05.2025 18:49;70.7;13.1;5.7;1.61;7174;0.15;153;11.6;4.5
5837.81;3146;3159;C2-R3;26.05.2025;22;26.05.2025 09:41;82.4;12.5;6.8;2.12;8587;0.20;183;14.6;5.1
5839.61;3147;3160;C1-R1;26.05.2025;22;26.05.2025 10:14;86.2;13.2;6.8;2.23;8834;0.20;188;14.2;5.4
5841.41;3148;3161;C1-R1;26.05.2025;22;26.05.2025 10:46;87.7;13.3;6.8;2.19;8816;0.21;188;14.2;5.4
5843.21;3149;3162;C1-R1;26.05.2025;22;26.05.2025 11:36;86.1;12.9;6.9;2.20;9260;0.21;197;15.3;5.3
5845.01;3150;3163;C1-R1;26.05.2025;22;26.05.2025 12:08;86.5;13.0;6.9;2.26;9606;0.22;204;15.8;5.3
5846.81;3151;3164;C1-R1;26.05.2025;22;26.05.2025 13:22;80.1;12.2;6.8;2.22;9757;0.22;208;17.0;5.0
5848.61;3152;3165;C1-R1;26.05.2025;22;26.05.2025 14:31;79.2;11.7;7.0;2.23;9624;0.25;205;17.5;4.9
5850.41;3153;3166;C1-R1;26.05.2025;22;26.05.2025 15:06;81.4;12.1;7.0;2.32;9485;0.25;202;16.7;5.1
5852.21;3154;3167;C1-R1;26.05.2025;22;26.05.2025 15:53;81.7;12.0;7.0;2.30;9744;0.25;207;17.3;5.0
5854.01;3155;3168;C1-R1;26.05.2025;22;26.05.2025 16:27;69.2;10.7;6.8;1.74;7977;0.18;170;15.9;4.3
5855.81;3156;3169;C1-R1;27.05.2025;22;27.05.2025 02:31;81.5;12.0;7.0;2.39;9508;0.26;202;16.9;5.1
5857.61;3157;3170;C1-R1;27.05.2025;22;27.05.2025 03:11;81.5;12.0;7.0;2.40;10422;0.27;222;18.5;5.0
5859.41;3158;3171;C2-R2b;27.05.2025;22;27.05.2025 04:09;79.1;11.7;7.0;2.40;11111;0.26;236;20.3;4.9
5861.21;3159;3172;C1-R1;27.05.2025;22;27.05.2025 06:54;77.5;10.9;7.3;2.15;10537;0.37;224;20.5;4.8
5863.01;3160;3173;C1-R1;27.05.2025;22;27.05.2025 07:28;77.1;10.6;7.5;2.15;10890;0.51;232;21.9;4.8
5864.81;3161;3174;C1-R1;27.05.2025;22;27.05.2025 08:15;85.2;11.6;7.5;2.42;11169;0.54;238;20.5;5.2
5866.61;3162;3175;C1-R1;27.05.2025;22;27.05.2025 08:49;86.8;11.8;7.5;2.37;10849;0.56;231;19.5;5.4
5868.41;3163;3176;C1-R1;27.05.2025;22;27.05.2025 09:22;92.3;12.4;7.6;2.45;10718;0.55;228;18.3;5.7
5870.21;3164;3177;C1-R1;27.05.2025;22;27.05.2025 10:19;85.4;11.6;7.6;2.19;10463;0.58;223;19.3;5.3
5872.01;3165;3178;C1-R1;27.05.2025;22;27.05.2025 10:51;76.0;10.6;7.4;1.81;8686;0.45;185;17.4;4.7
5873.81;3166;3179;C1-R1;27.05.2025;22;27.05.2025 20:05;79.4;11.8;7.0;2.28;9952;0.39;212;18.0;5.0
5875.61;3167;3180;C1-R1;27.05.2025;22;27.05.2025 20:40;83.4;12.2;7.0;2.31;10319;0.40;220;17.9;5.1
5877.41;3168;3181;C1-R1;27.05.2025;22;27.05.2025 21:14;76.6;11.3;7.0;2.24;10919;0.41;232;20.5;4.8
5879.21;3169;3182;C1-R1;27.05.2025;22;27.05.2025 22:02;81.5;12.1;7.0;2.45;11292;0.42;240;19.9;5.1
5881.01;3170;3183;C1-R1;27.05.2025;22;27.05.2025 22:50;82.1;12.1;7.0;2.34;10642;0.35;226;18.8;5.1
5882.81;3171;3184;C1-R1;27.05.2025;22;27.05.2025 23:32;81.8;12.1;7.0;1.95;8758;0.24;186;15.4;5.1
5884.61;3172;3185;C1-R1;28.05.2025;22;28.05.2025 00:06;78.0;11.5;7.0;2.09;10269;0.24;218;19.0;4.9
5886.41;3173;3186;C1-R1;28.05.2025;22;28.05.2025 01:15;61.9;10.9;5.9;1.53;7670;0.18;163;15.0;3.9
5888.21;3174;3187;C1-R1;28.05.2025;22;28.05.2025 12:22;85.5;11.8;7.5;2.39;10098;0.50;215;18.3;5.3
5890.01;3175;3188;C1-R1;28.05.2025;22;28.05.2025 12:50;83.6;11.6;7.5;2.37;10663;0.48;227;19.6;5.2
5891.81;3176;3189;C1-R1;28.05.2025;22;28.05.2025 13:39;80.9;11.2;7.5;2.29;11558;0.48;246;22.1;5.0
5893.61;3177;3190;C1-R1;28.05.2025;22;28.05.2025 14:13;83.3;11.5;7.5;2.38;11975;0.53;255;22.2;5.1
5895.41;3178;3191;C1-R1;28.05.2025;22;28.05.2025 15:11;80.6;11.1;7.5;2.29;11488;0.50;244;22.0;5.0
5897.21;3179;3192;C1-R1;28.05.2025;22;28.05.2025 16:05;83.7;11.5;7.5;2.32;11094;0.52;236;20.5;5.1
5899.01;3180;3193;C1-R1;28.05.2025;22;28.05.2025 16:38;80.4;11.1;7.5;2.34;11625;0.55;247;22.4;5.0
5900.81;3181;3194;C1-R1;28.05.2025;22;28.05.2025 17:15;81.5;11.3;7.4;2.43;11872;0.47;253;22.4;5.0
5902.61;3182;3195;C1-R1;28.05.2025;22;28.05.2025 17:50;82.0;11.4;7.4;2.46;11518;0.50;245;21.6;5.1
5904.41;3183;3196;C1-R1;28.05.2025;22;28.05.2025 18:29;70.8;10.4;7.1;1.86;8800;0.34;187;18.1;4.4
5906.21;3184;3197;C1-R1;29.05.2025;22;29.05.2025 02:36;76.2;11.0;7.2;2.36;10620;0.37;226;20.6;4.8
5908.01;3185;3198;C1-R1;29.05.2025;22;29.05.2025 03:37;78.9;11.3;7.2;2.52;11570;0.39;246;21.9;4.9
5909.81;3186;3199;C1-R1;29.05.2025;22;29.05.2025 04:13;69.1;9.9;7.3;2.25;11697;0.40;249;25.2;4.3
5911.61;3187;3200;C1-R1;29.05.2025;22;29.05.2025 04:54;66.1;9.2;7.4;2.13;12000;0.51;255;27.8;4.1
5913.41;3188;3201;C1-R1;29.05.2025;22;29.05.2025 05:34;73.4;9.4;8.1;2.22;11626;0.60;247;26.3;4.6
5915.21;3189;3202;C1-R1;29.05.2025;22;29.05.2025 06:10;70.8;9.1;8.0;2.20;11836;0.65;252;27.6;4.4
5917.01;3190;3203;C1-R1;29.05.2025;22;29.05.2025 06:54;62.2;8.4;7.7;2.00;12061;0.59;257;30.6;3.9
5918.81;3191;3204;C1-R1;29.05.2025;22;29.05.2025 07:35;73.0;9.6;7.8;2.31;12610;0.66;268;27.9;4.5
5920.61;3192;3205;C1-R1;29.05.2025;22;29.05.2025 08:11;78.3;10.1;8.0;2.39;12217;0.71;260;25.7;4.9
5922.41;3193;3206;C1-R1;29.05.2025;22;29.05.2025 08:47;70.1;10.1;7.2;2.05;10909;0.61;232;23.0;4.3
5924.21;3194;3207;C1-R1;29.05.2025;22;29.05.2025 17:09;72.3;9.4;7.9;2.28;11511;0.54;245;25.9;4.5
5926.01;3195;3208;C1-R1;29.05.2025;22;29.05.2025 18:05;80.3;10.3;8.0;2.28;10877;0.60;231;22.4;5.0
5927.81;3196;3209;C1-R1;29.05.2025;22;29.05.2025 18:47;81.9;10.6;7.9;2.38;11440;0.64;243;22.9;5.1
5929.61;3197;3210;C1-R1;29.05.2025;22;29.05.2025 19:22;80.9;10.8;7.7;2.51;11973;0.69;255;23.6;5.0
5931.41;3198;3211;C1-R1;29.05.2025;22;29.05.2025 20:00;80.7;10.6;7.8;2.52;12232;0.68;260;24.5;5.0
5933.21;3199;3212;C1-R1;29.05.2025;22;29.05.2025 20:37;80.5;10.3;8.0;2.53;12332;0.70;262;25.5;5.0
5935.01;3200;3213;C1-R1;29.05.2025;22;29.05.2025 21:23;79.0;10.1;8.0;2.55;12179;0.72;259;25.7;4.9
5936.81;3201;3214;C1-R1;29.05.2025;22;29.05.2025 22:12;76.3;9.9;8.0;2.50;12068;0.70;257;26.0;4.8
5938.61;3202;3215;C1-R1;29.05.2025;22;29.05.2025 23:09;75.4;9.7;8.0;2.48;11563;0.68;246;25.4;4.7
5940.41;3203;3216;C1-R1;30.05.2025;22;30.05.2025 00:12;63.7;10.0;6.8;1.74;8949;0.46;190;19.0;4.1
5942.21;3204;3217;C1-R1;30.05.2025;22;30.05.2025 09:41;80.9;10.2;8.2;2.65;12563;0.66;267;26.1;5.0
5944.01;3205;3218;C1-R1;30.05.2025;22;30.05.2025 10:35;80.7;10.1;8.2;2.65;12866;0.70;274;27.0;5.0
5945.81;3206;3219;C1-R1;30.05.2025;22;30.05.2025 11:09;74.9;9.5;8.2;2.39;12486;0.67;266;28.0;4.7
5947.61;3207;3220;C1-R1;30.05.2025;22;30.05.2025 11:50;76.9;9.7;8.2;2.39;12265;0.66;261;26.8;4.8
5949.41;3208;3221;C1-R1;30.05.2025;22;30.05.2025 12:26;80.8;10.2;8.2;2.35;11607;0.67;247;24.3;5.0
5951.21;3209;3222;C1-R1;30.05.2025;22;30.05.2025 13:15;77.9;9.8;8.2;2.38;12145;0.71;258;26.4;4.8
5953.01;3210;3223;C1-R1;30.05.2025;22;30.05.2025 13:50;79.7;10.0;8.2;2.32;11647;0.71;248;24.7;4.9
5954.81;3211;3224;C1-R1;30.05.2025;22;30.05.2025 14:25;80.0;10.1;8.2;2.24;11261;0.70;240;23.8;4.9
5956.61;3212;3225;C1-R1;30.05.2025;22;30.05.2025 15:03;80.2;10.1;8.2;2.22;10939;0.67;233;23.0;5.0
5958.41;3213;3226;C1-R1;30.05.2025;22;30.05.2025 15:55;77.5;10.1;7.9;1.97;9460;0.59;201;19.9;4.8
5960.21;3214;3227;C1-R1;31.05.2025;22;31.05.2025 02:31;81.1;11.5;7.3;2.51;10954;0.54;233;20.4;5.0
5962.01;3215;3228;C1-R1;31.05.2025;22;31.05.2025 03:06;84.3;12.3;7.1;2.61;10612;0.52;226;18.4;5.2
5963.81;3216;3229;C1-R1;31.05.2025;22;31.05.2025 03:40;84.4;12.5;7.0;2.58;11249;0.52;239;19.1;5.2
5965.61;3217;3230;C1-R1;31.05.2025;22;31.05.2025 04:13;77.1;11.7;6.9;2.25;10518;0.45;224;19.2;4.8
5967.41;3218;3231;C1-R1;31.05.2025;22;31.05.2025 05:36;80.9;12.2;6.9;2.30;10129;0.46;216;17.7;5.0
5969.21;3219;3232;C1-R1;31.05.2025;22;31.05.2025 06:11;82.7;12.4;7.0;2.40;10146;0.55;216;17.5;5.2
5971.01;3220;3233;C1-R1;31.05.2025;22;31.05.2025 06:54;82.0;11.7;7.3;2.24;10213;0.62;217;18.6;5.1
5972.81;3221;3234;C1-R1;31.05.2025;22;31.05.2025 07:27;84.6;11.7;7.4;1.98;8873;0.59;189;16.1;5.2
5974.61;3222;3235;C1-R1;31.05.2025;22;31.05.2025 08:21;80.7;11.8;7.1;1.78;8808;0.42;187;15.9;5.0
5976.41;3223;3236;C1-R1;31.05.2025;22;31.05.2025 09:02;73.4;11.9;6.4;1.66;7913;0.28;168;14.1;4.6
5978.21;3224;3237;C1-R1;31.05.2025;22;31.05.2025 19:31;75.7;13.2;6.0;2.15;8978;0.38;191;14.5;4.8
5980.01;3225;3238;C1-R1;31.05.2025;22;31.05.2025 20:06;78.6;13.0;6.3;2.28;10148;0.41;216;16.6;4.9
5981.81;3226;3239;C2-R2b;31.05.2025;22;31.05.2025 20:58;80.4;13.2;6.3;2.43;11251;0.45;239;18.1;5.0
5983.61;3227;3240;C1-R1;31.05.2025;22;31.05.2025 21:31;82.2;12.5;6.8;2.39;11272;0.48;240;19.2;5.1
5985.41;3228;3241;C1-R1;31.05.2025;22;31.05.2025 22:08;81.8;12.5;6.8;2.36;10760;0.48;229;18.4;5.1
5987.21;3229;3242;C1-R1;31.05.2025;22;31.05.2025 22:43;76.2;11.1;7.1;2.09;10313;0.54;219;19.9;4.7
5989.01;3230;3243;C1-R1;31.05.2025;22;31.05.2025 23:25;81.5;11.4;7.4;1.99;9740;0.60;207;18.2;5.0
5990.81;3231;3244;C1-R1;01.06.2025;22;01.06.2025 00:06;77.8;11.5;7.1;2.01;8938;0.51;190;16.5;4.9
5992.61;3232;3245;C1-R1;01.06.2025;22;01.06.2025 01:17;82.2;12.3;6.9;2.14;9511;0.47;202;16.5;5.1
5994.41;3233;3246;C1-R1;01.06.2025;22;01.06.2025 02:21;75.6;11.2;7.0;1.78;7908;0.37;168;15.0;4.7
5996.21;3234;3247;C1-R1;02.06.2025;23;02.06.2025 18:36;77.8;11.4;7.1;2.32;9893;0.50;210;18.4;4.8
5998.01;3235;3248;C1-R1;02.06.2025;23;02.06.2025 19:14;90.1;12.7;7.4;2.51;10377;0.59;221;17.4;5.6
5999.81;3236;3249;C1-R1;02.06.2025;23;02.06.2025 19:46;86.0;12.1;7.4;2.36;9996;0.58;213;17.6;5.3
6001.61;3237;3250;C1-R1;02.06.2025;23;02.06.2025 21:28;84.5;12.3;7.1;2.41;9983;0.50;212;17.3;5.2
6003.41;3238;3251;C1-R1;02.06.2025;23;02.06.2025 22:27;82.0;12.1;7.0;2.31;9989;0.46;213;17.5;5.1
6005.21;3239;3252;C1-R1;02.06.2025;23;02.06.2025 23:14;83.2;12.2;7.0;2.30;9824;0.44;209;17.1;5.2
6007.01;3240;3253;C1-R1;02.06.2025;23;02.06.2025 23:48;84.3;12.5;7.0;2.33;9800;0.47;209;16.7;5.2
6008.81;3241;3254;C1-R1;03.06.2025;23;03.06.2025 01:05;69.5;10.9;6.7;1.93;8290;0.36;176;16.3;4.4
6010.61;3242;3255;C1-R1;03.06.2025;23;03.06.2025 15:40;82.3;12.0;7.1;2.38;10267;0.50;218;18.2;5.1
6012.41;3243;3256;C1-R1;03.06.2025;23;03.06.2025 16:15;80.4;11.5;7.2;2.42;11223;0.54;239;20.8;5.0
6014.21;3244;3257;C1-R1;03.06.2025;23;03.06.2025 17:03;83.2;11.9;7.2;2.53;11951;0.55;254;21.4;5.1
6016.01;3245;3258;C1-R1;03.06.2025;23;03.06.2025 17:58;75.4;11.2;6.9;2.21;10764;0.44;229;20.5;4.7
6017.81;3246;3259;C1-R1;03.06.2025;23;03.06.2025 19:52;76.0;9.9;7.8;2.03;11000;0.55;234;23.5;4.7
6019.61;3247;3260;C1-R1;03.06.2025;23;03.06.2025 21:03;76.3;9.7;8.1;2.30;12013;0.68;256;26.3;4.7
6021.41;3248;3261;C1-R1;03.06.2025;23;03.06.2025 21:26;79.1;10.1;8.2;2.43;12515;0.71;266;26.3;5.0
6023.21;3249;3262;C1-R1;03.06.2025;23;03.06.2025 21:40;78.5;10.0;8.2;2.46;12473;0.75;265;26.6;4.9
6025.01;3250;3263;C1-R1;03.06.2025;23;03.06.2025 22:48;76.9;9.8;8.1;2.47;12272;0.75;261;26.7;4.8
6026.81;3251;3264;C1-R1;03.06.2025;23;03.06.2025 23:26;70.2;10.6;7.2;1.82;9154;0.55;195;18.5;4.5
6028.61;3252;3265;C1-R1;04.06.2025;23;04.06.2025 07:00;79.5;10.2;8.0;2.60;12049;0.70;256;25.0;4.9
6030.41;3253;3266;C1-R1;04.06.2025;23;04.06.2025 07:37;78.1;10.3;7.9;2.58;12437;0.70;265;25.8;4.8
6032.21;3254;3267;C1-R1;04.06.2025;23;04.06.2025 08:15;80.9;10.4;8.0;2.62;12577;0.71;268;25.7;5.0
6034.01;3255;3268;C1-R1;04.06.2025;23;04.06.2025 08:50;77.8;10.1;8.0;2.50;12580;0.67;268;26.5;4.8
6035.81;3256;3269;C1-R1;04.06.2025;23;04.06.2025 09:26;77.8;10.1;8.0;2.48;12519;0.64;266;26.5;4.8
6037.61;3257;3270;C1-R1;04.06.2025;23;04.06.2025 10:13;83.2;10.8;8.0;2.49;12040;0.63;256;23.6;5.2
6039.41;3258;3271;C1-R1;04.06.2025;23;04.06.2025 11:33;77.3;10.6;7.6;2.32;11325;0.65;241;22.7;4.8
6041.21;3259;3272;C1-R1;04.06.2025;23;04.06.2025 12:30;80.1;10.9;7.6;2.16;11032;0.63;235;21.6;5.0
6043.01;3260;3273;C1-R1;04.06.2025;23;04.06.2025 13:29;80.1;10.9;7.6;2.26;10963;0.68;233;21.3;5.0
6044.81;3261;3274;C1-R1;04.06.2025;23;04.06.2025 14:03;76.4;12.9;6.8;1.96;9529;0.57;203;15.7;5.3
6046.61;3262;3275;C1-R1;04.06.2025;23;04.06.2025 21:15;77.4;11.3;7.0;2.48;9986;0.41;212;18.9;4.7
6048.41;3263;3276;C1-R1;04.06.2025;23;04.06.2025 21:50;79.4;11.3;7.3;2.42;10777;0.47;229;20.3;4.9
6050.21;3264;3277;C1-R1;04.06.2025;23;04.06.2025 22:24;82.0;10.9;7.7;2.44;11500;0.62;245;22.4;5.1
6052.01;3265;3278;C1-R1;04.06.2025;23;04.06.2025 22:57;83.4;11.1;7.7;2.45;11505;0.63;245;22.0;5.2
6053.81;3266;3279;C1-R1;04.06.2025;23;04.06.2025 23:50;80.6;10.7;7.8;2.34;11869;0.60;253;23.7;5.0
6055.61;3267;3280;C1-R1;05.06.2025;23;05.06.2025 00:24;81.2;10.8;7.8;2.44;11794;0.73;251;23.3;5.0
6057.41;3268;3281;C1-R1;05.06.2025;23;05.06.2025 00:58;83.3;11.0;7.8;2.41;10993;0.69;234;21.2;5.2
6059.21;3269;3282;C1-R1;05.06.2025;23;05.06.2025 01:31;82.5;10.9;7.8;2.36;11097;0.69;236;21.6;5.1
6061.01;3270;3283;C1-R1;05.06.2025;23;05.06.2025 02:04;80.5;10.7;7.8;2.29;11261;0.65;240;22.5;5.0
6062.81;3271;3284;C1-R1;05.06.2025;23;05.06.2025 02:38;79.6;11.0;7.5;2.02;9400;0.58;200;18.1;4.9
6064.61;3272;3285;C1-R1;06.06.2025;23;06.06.2025 00:04;80.3;13.1;6.4;2.04;7928;0.22;169;12.9;5.1
6066.41;3273;3286;C1-R1;06.06.2025;23;06.06.2025 00:47;80.1;11.9;7.0;2.14;9271;0.36;197;16.6;5.0
6068.21;3274;3287;C1-R1;06.06.2025;23;06.06.2025 01:32;83.0;11.3;7.6;2.40;11106;0.61;236;21.0;5.1
6070.01;3275;3288;C1-R1;06.06.2025;23;06.06.2025 02:05;83.0;11.3;7.6;2.31;10741;0.61;229;20.2;5.1
6071.81;3276;3289;C1-R1;06.06.2025;23;06.06.2025 02:38;82.8;11.2;7.6;2.17;10349;0.62;220;19.6;5.1
6073.61;3277;3290;C1-R1;06.06.2025;23;06.06.2025 03:31;82.5;11.2;7.6;2.27;10699;0.63;228;20.3;5.1
6075.41;3278;3291;C1-R1;06.06.2025;23;06.06.2025 04:04;81.7;11.1;7.6;2.34;11462;0.68;244;21.9;5.1
6077.21;3279;3292;C1-R1;06.06.2025;23;06.06.2025 04:37;82.5;11.3;7.6;2.42;11918;0.69;254;22.5;5.1
6079.01;3280;3293;C1-R1;06.06.2025;23;06.06.2025 05:10;83.4;11.4;7.6;2.03;10308;0.60;219;19.3;5.2
6080.81;3281;3294;C1-R1;06.06.2025;23;06.06.2025 05:43;79.7;12.4;6.9;1.48;7745;0.25;165;13.3;5.1
6082.61;3282;3295;C1-R1;06.06.2025;23;06.06.2025 12:48;80.3;11.6;7.1;1.86;8697;0.31;185;15.9;5.0
6084.41;3283;3296;C1-R1;06.06.2025;23;06.06.2025 13:22;75.8;13.2;6.1;1.91;7489;0.18;159;12.0;4.8
6086.21;3284;3297;C2-R2b;06.06.2025;23;06.06.2025 13:57;76.0;13.3;6.0;1.84;7901;0.16;168;12.6;4.8
6088.01;3285;3298;C1-R1;06.06.2025;23;06.06.2025 14:32;79.2;13.4;6.1;1.94;8247;0.18;175;13.1;4.9
6089.81;3286;3299;C1-R1;06.06.2025;23;06.06.2025 16:58;76.9;12.6;6.4;1.92;8607;0.18;183;14.5;4.8
6091.61;3287;3300;C1-R1;06.06.2025;23;06.06.2025 17:35;76.6;12.0;6.7;1.87;8065;0.19;172;14.3;4.8
6093.41;3288;3301;C1-R1;06.06.2025;23;06.06.2025 19:04;85.8;13.4;6.7;1.98;8533;0.21;182;13.6;5.3
6095.21;3289;3302;C2-R3;06.06.2025;23;06.06.2025 19:36;83.1;13.0;6.6;1.79;8372;0.21;178;13.7;5.2
6097.01;3290;3303;C2-R3;06.06.2025;23;06.06.2025 20:09;83.0;14.9;5.9;1.64;6985;0.18;149;10.0;5.2
6098.81;3291;3304;C2-R3;06.06.2025;23;06.06.2025 20:41;80.1;16.7;5.0;1.34;5755;0.12;122;7.3;5.0
6100.61;3292;3305;C2-R3;07.06.2025;23;07.06.2025 04:58;75.2;16.7;4.9;1.44;5672;0.13;121;7.2;4.9
6102.41;3293;3306;C2-R3;07.06.2025;23;07.06.2025 05:33;83.9;14.1;6.1;1.77;7335;0.19;156;11.0;5.2
6104.21;3294;3307;C2-R3;07.06.2025;23;07.06.2025 06:05;83.0;14.0;6.1;1.71;7547;0.24;161;11.4;5.2
6106.01;3295;3308;C2-R3;07.06.2025;23;07.06.2025 06:38;80.7;13.5;6.2;1.69;7959;0.21;169;12.6;5.0
6107.81;3296;3309;C2-R3;07.06.2025;23;07.06.2025 07:12;80.3;13.3;6.2;1.44;6978;0.16;148;11.1;5.0
6109.61;3297;3310;C2-R3;07.06.2025;23;07.06.2025 07:49;80.4;13.4;6.2;1.64;7669;0.24;163;12.2;5.0
6111.41;3298;3311;C2-R3;07.06.2025;23;07.06.2025 08:46;78.5;13.2;6.2;1.59;7362;0.25;157;11.9;4.9
6113.21;3299;3312;C2-R3;07.06.2025;23;07.06.2025 09:35;78.3;13.4;6.1;1.31;6381;0.15;136;10.1;4.9
6115.01;3300;3313;C2-R3;07.06.2025;23;07.06.2025 20:23;86.1;14.6;6.0;1.87;7790;0.18;166;11.3;5.3
6116.81;3301;3314;C2-R3;07.06.2025;23;07.06.2025 20:39;79.9;13.8;6.0;1.86;8056;0.17;171;12.4;5.0
6118.61;3302;3315;C1-R1;07.06.2025;23;07.06.2025 22:20;82.3;12.4;7.0;1.97;9346;0.31;199;16.1;5.2
6120.41;3303;3316;C1-R1;07.06.2025;23;07.06.2025 22:58;84.5;11.8;7.4;2.01;10113;0.51;215;18.3;5.2
6122.21;3304;3317;C1-R1;07.06.2025;23;07.06.2025 23:30;85.0;11.6;7.5;1.87;9203;0.57;196;16.9;5.2
6124.01;3305;3318;C1-R1;08.06.2025;23;08.06.2025 00:02;73.0;12.2;6.4;1.40;6931;0.35;147;12.1;4.7
6125.81;3306;3319;C1-R1;09.06.2025;24;09.06.2025 10:40;76.5;10.6;7.4;2.28;10693;0.61;228;21.4;4.7
6127.61;3307;3320;C1-R1;09.06.2025;24;09.06.2025 11:40;80.3;10.6;7.9;2.27;10961;0.59;233;22.0;5.0
6129.41;3308;3321;C1-R1;09.06.2025;24;09.06.2025 12:13;83.0;10.8;7.9;2.36;11371;0.66;242;22.3;5.1
6131.21;3309;3322;C1-R1;09.06.2025;24;09.06.2025 12:46;71.7;10.3;7.5;1.97;10070;0.50;214;20.8;4.6
6133.01;3310;3323;C1-R1;09.06.2025;24;09.06.2025 20:33;75.7;9.8;8.0;2.11;10751;0.56;229;23.3;4.7
6134.81;3311;3324;C1-R1;09.06.2025;24;09.06.2025 21:15;79.3;10.1;8.0;2.29;11355;0.66;242;24.0;4.9
6136.61;3312;3325;C1-R1;09.06.2025;24;09.06.2025 21:49;76.7;9.7;8.1;2.25;11902;0.70;253;26.1;4.7
6138.41;3313;3326;C1-R1;09.06.2025;24;09.06.2025 22:23;79.3;10.1;8.1;2.32;12635;0.72;269;26.7;4.9
6140.21;3314;3327;C1-R1;09.06.2025;24;09.06.2025 22:57;77.4;9.9;8.1;2.23;11988;0.72;255;25.9;4.8
6142.01;3315;3328;C1-R1;10.06.2025;24;10.06.2025 00:09;84.9;10.8;8.1;2.31;12084;0.77;257;23.8;5.2
6143.81;3316;3329;C1-R1;10.06.2025;24;10.06.2025 00:41;84.2;11.5;7.5;2.16;11191;0.69;238;20.6;5.2
6145.61;3317;3330;C1-R1;10.06.2025;24;10.06.2025 01:14;81.4;11.2;7.5;1.97;9982;0.62;212;19.0;5.0
6147.41;3318;3331;C1-R1;10.06.2025;24;10.06.2025 01:54;87.6;12.0;7.5;2.08;10884;0.61;232;19.3;5.4
6149.21;3319;3332;C1-R1;10.06.2025;24;10.06.2025 02:25;59.3;11.6;5.6;1.39;7592;0.31;162;14.0;3.9
6151.01;3320;3333;C1-R1;10.06.2025;24;10.06.2025 10:27;66.7;10.6;7.2;1.65;8792;0.42;187;17.6;4.6
6152.81;3321;3334;C1-R1;10.06.2025;24;10.06.2025 13:15;78.6;10.2;7.9;2.29;11242;0.62;239;23.4;4.8
6154.61;3322;3335;C1-R1;10.06.2025;24;10.06.2025 13:49;81.9;10.7;7.8;2.37;11112;0.61;236;22.0;5.1
6156.41;3323;3336;C1-R1;10.06.2025;24;10.06.2025 15:59;83.7;10.9;7.9;2.34;11590;0.57;247;22.6;5.2
6158.21;3324;3337;C1-R1;10.06.2025;24;10.06.2025 16:31;82.2;10.9;7.9;2.18;10881;0.56;232;21.3;5.1
6160.01;3325;3338;C1-R1;10.06.2025;24;10.06.2025 17:24;89.1;11.6;7.9;2.11;10043;0.56;214;18.4;5.5
6161.81;3326;3339;C1-R1;10.06.2025;24;10.06.2025 17:56;83.6;12.8;6.8;1.91;9215;0.34;196;15.3;5.2
6163.61;3327;3340;C1-R1;10.06.2025;24;10.06.2025 18:31;80.8;12.0;7.0;1.91;10219;0.34;217;18.2;5.0
6165.41;3328;3341;C1-R1;10.06.2025;24;10.06.2025 19:04;79.2;11.7;7.0;1.64;8842;0.29;188;16.1;4.9
6167.21;3329;3342;C1-R1;10.06.2025;24;10.06.2025 19:38;77.5;11.3;7.0;2.19;11212;0.63;239;21.2;4.8
6169.01;3330;3343;C1-R1;11.06.2025;24;11.06.2025 04:21;86.2;12.4;7.2;2.09;9110;0.47;194;15.7;5.4
6170.81;3331;3344;C1-R1;11.06.2025;24;11.06.2025 04:52;81.8;11.8;7.1;1.98;8705;0.43;185;15.7;5.0
6172.61;3332;3345;C1-R1;11.06.2025;24;11.06.2025 05:25;79.6;11.4;7.2;2.14;10469;0.54;223;19.6;4.9
6174.41;3333;3346;C1-R1;11.06.2025;24;11.06.2025 05:59;80.8;10.9;7.6;2.29;11775;0.69;251;23.0;5.0
6176.21;3334;3347;C1-R1;11.06.2025;24;11.06.2025 06:42;80.6;12.2;6.9;2.36;11822;0.57;252;20.7;5.0
6178.01;3335;3348;C1-R1;11.06.2025;24;11.06.2025 07:18;82.7;11.9;7.1;2.33;11442;0.53;243;20.5;5.1
6179.81;3336;3349;C1-R1;11.06.2025;24;11.06.2025 08:25;79.2;11.4;7.2;2.20;11191;0.49;238;20.9;4.9
6181.61;3337;3350;C1-R1;11.06.2025;24;11.06.2025 09:32;77.2;11.0;7.2;2.35;11370;0.51;242;22.0;4.7
6183.41;3338;3351;C1-R1;11.06.2025;24;11.06.2025 10:07;79.2;11.4;7.2;2.40;12057;0.57;257;22.6;4.9
6185.21;3339;3352;C1-R1;11.06.2025;24;11.06.2025 11:02;80.2;11.2;7.4;2.40;11662;0.62;248;22.1;5.0
6187.01;3340;3353;C1-R1;11.06.2025;24;11.06.2025 11:36;82.2;11.5;7.4;2.42;11569;0.63;246;21.3;5.1
6188.81;3341;3354;C1-R1;11.06.2025;24;11.06.2025 12:26;78.8;11.3;7.2;2.14;10314;0.53;219;19.4;4.9
6190.61;3342;3355;C1-R1;11.06.2025;24;11.06.2025 23:13;78.3;11.5;7.0;1.91;8360;0.39;178;15.5;4.8
6192.41;3343;3356;C1-R1;11.06.2025;24;11.06.2025 23:51;91.3;13.5;7.0;2.26;10477;0.41;223;16.6;5.6
6194.21;3344;3357;C1-R1;12.06.2025;24;12.06.2025 00:21;92.9;13.6;7.0;2.33;10859;0.42;231;17.0;5.7
6196.01;3345;3358;C1-R1;12.06.2025;24;12.06.2025 00:52;92.8;13.5;7.1;1.97;9326;0.35;198;14.7;5.7
6197.81;3346;3359;C1-R1;12.06.2025;24;12.06.2025 01:23;91.5;13.2;7.1;1.78;9062;0.32;193;14.6;5.7
6199.61;3347;3360;C1-R1;12.06.2025;24;12.06.2025 02:02;88.3;13.1;7.1;2.00;9907;0.37;211;16.2;5.6
6201.41;3348;3361;C1-R1;12.06.2025;24;12.06.2025 02:33;90.1;12.8;7.3;1.98;9872;0.41;210;16.4;5.6
6203.21;3349;3362;C1-R1;12.06.2025;24;12.06.2025 03:05;91.3;12.9;7.3;1.97;9376;0.42;199;15.5;5.6
6205.01;3350;3363;C1-R1;12.06.2025;24;12.06.2025 03:52;91.1;12.8;7.3;1.85;9213;0.40;196;15.3;5.6
6206.81;3351;3364;C1-R1;12.06.2025;24;12.06.2025 04:24;65.8;10.8;6.6;1.55;8755;0.26;186;17.3;4.3
6208.61;3352;3365;C1-R1;12.06.2025;24;12.06.2025 05:02;92.6;18.5;5.5;3.02;12049;0.43;256;13.8;6.1
6210.41;3353;3366;C1-R1;12.06.2025;24;12.06.2025 05:33;84.6;13.7;6.5;1.85;8665;0.33;184;13.5;5.3
6212.21;3354;3367;C1-R1;12.06.2025;24;12.06.2025 14:39;91.9;13.2;7.3;2.44;9909;0.47;211;16.0;5.8
6214.01;3355;3368;C1-R1;12.06.2025;24;12.06.2025 15:11;87.1;11.4;7.9;2.47;12195;0.63;259;22.9;5.4
6215.81;3356;3369;C1-R1;12.06.2025;24;12.06.2025 15:44;98.1;12.5;8.1;2.74;12989;0.74;276;22.1;6.1
6217.61;3357;3370;C1-R1;12.06.2025;24;12.06.2025 16:17;96.1;12.2;8.2;2.63;12875;0.69;274;22.5;6.0
6219.41;3358;3371;C1-R1;12.06.2025;24;12.06.2025 16:48;98.1;12.5;8.2;2.70;12769;0.73;272;21.8;6.1
6221.21;3359;3372;C1-R1;12.06.2025;24;12.06.2025 17:17;97.4;12.2;8.2;2.62;13181;0.73;280;22.9;6.0
6223.01;3360;3373;C1-R1;12.06.2025;24;12.06.2025 17:55;98.7;12.5;8.2;2.67;12561;0.72;267;21.4;6.1
6224.81;3361;3374;C1-R1;12.06.2025;24;12.06.2025 18:54;94.2;11.8;8.2;2.55;11570;0.65;246;20.8;5.8
6226.61;3362;3375;C1-R1;12.06.2025;24;12.06.2025 19:25;89.4;11.3;8.1;2.47;11531;0.65;245;21.6;5.5
6228.41;3363;3376;C1-R1;13.06.2025;24;13.06.2025 00:10;82.3;10.6;7.9;2.31;11156;0.59;237;22.4;5.1
6230.21;3364;3377;C1-R1;13.06.2025;24;13.06.2025 00:44;82.6;11.2;7.6;2.30;10749;0.53;229;20.5;5.1
6232.01;3365;3378;C1-R1;13.06.2025;24;13.06.2025 01:17;76.3;11.2;7.2;2.03;9452;0.43;201;17.9;4.8
6233.81;3366;3379;C1-R1;13.06.2025;24;13.06.2025 10:52;81.8;11.7;7.2;2.21;8747;0.33;186;16.0;5.0
6235.61;3367;3380;C1-R1;13.06.2025;24;13.06.2025 11:31;86.6;12.1;7.4;2.32;9440;0.38;201;16.6;5.4
6237.41;3368;3381;C1-R1;13.06.2025;24;13.06.2025 12:04;87.5;12.2;7.4;2.32;10026;0.38;213;17.5;5.4
6239.21;3369;3382;C1-R1;13.06.2025;24;13.06.2025 12:37;82.8;11.6;7.4;2.23;10207;0.40;217;18.8;5.2
6241.01;3370;3383;C1-R1;13.06.2025;24;13.06.2025 13:26;86.1;11.8;7.6;2.28;10569;0.48;225;19.1;5.4
6242.81;3371;3384;C1-R1;13.06.2025;24;13.06.2025 13:59;91.4;12.4;7.6;2.35;10176;0.50;217;17.5;5.7
6244.61;3372;3385;C1-R1;13.06.2025;24;13.06.2025 14:44;96.4;13.0;7.6;2.45;10226;0.48;218;16.7;5.9
6246.41;3373;3386;C1-R1;13.06.2025;24;13.06.2025 15:14;98.0;13.2;7.6;2.46;9711;0.49;207;15.7;6.0
6248.21;3374;3387;C1-R1;13.06.2025;24;13.06.2025 16:21;87.8;11.6;7.8;2.44;10973;0.50;233;20.2;5.4
6250.01;3375;3388;C1-R1;13.06.2025;24;13.06.2025 16:55;91.6;11.9;8.0;2.53;11620;0.53;247;20.8;5.7
6251.81;3376;3389;C1-R1;13.06.2025;24;13.06.2025 17:28;97.6;12.6;8.0;2.44;10665;0.50;227;18.0;6.0
6253.61;3377;3390;C1-R1;13.06.2025;24;13.06.2025 18:17;75.8;10.8;7.3;1.74;8328;0.32;177;16.4;4.7
6255.41;3378;3391;C1-R1;14.06.2025;24;14.06.2025 02:24;89.7;11.8;7.8;2.23;8948;0.41;190;16.1;5.5
6257.21;3379;3392;C1-R1;14.06.2025;24;14.06.2025 02:59;91.4;12.7;7.5;2.38;9559;0.39;203;16.1;5.7
6259.01;3380;3393;C1-R1;14.06.2025;24;14.06.2025 03:30;55.1;7.9;6.9;1.58;8893;0.29;189;24.0;3.3
6260.81;3381;3394;C1-R1;14.06.2025;24;14.06.2025 04:14;89.7;17.1;5.7;3.49;12645;0.33;269;15.7;5.9
6262.61;3382;3395;C1-R1;14.06.2025;24;14.06.2025 05:26;91.8;12.7;7.4;2.43;9895;0.45;211;16.6;5.7
6264.41;3383;3396;C1-R1;14.06.2025;24;14.06.2025 06:20;93.7;12.9;7.5;2.24;9303;0.45;198;15.4;5.8
6266.21;3384;3397;C1-R1;14.06.2025;24;14.06.2025 06:53;85.2;12.8;6.9;2.35;9482;0.36;202;15.7;5.3
6268.01;3385;3398;C1-R1;14.06.2025;24;14.06.2025 07:27;89.8;13.6;6.8;2.52;9978;0.36;212;15.6;5.6
6269.81;3386;3399;C1-R1;14.06.2025;24;14.06.2025 08:06;82.7;14.2;6.1;2.19;8040;0.38;171;12.0;5.2
6271.61;3387;3400;C1-R1;14.06.2025;24;14.06.2025 08:39;76.0;12.0;6.6;1.98;9109;0.37;194;16.2;4.7
6273.41;3388;3401;C1-R1;14.06.2025;24;14.06.2025 09:21;83.8;12.0;7.3;2.08;9665;0.50;206;17.1;5.3
6275.21;3389;3402;C1-R1;14.06.2025;24;14.06.2025 10:07;81.3;12.0;7.1;1.96;8014;0.40;171;14.2;5.1
6277.01;3390;3403;C1-R1;16.06.2025;25;16.06.2025 17:46;82.3;11.8;7.3;2.12;8263;0.34;176;14.9;5.2
6278.81;3391;3404;C1-R1;16.06.2025;25;16.06.2025 21:43;82.0;11.4;7.5;2.39;10408;0.52;221;19.4;5.1
6280.61;3392;3405;C1-R1;16.06.2025;25;16.06.2025 22:21;81.1;11.4;7.3;2.55;11313;0.53;241;21.0;5.0
6282.41;3393;3406;C1-R1;16.06.2025;25;16.06.2025 22:57;82.2;11.7;7.3;2.42;10820;0.54;230;19.8;5.1
6284.21;3394;3407;C1-R1;16.06.2025;25;16.06.2025 23:32;79.0;11.2;7.3;2.15;9943;0.53;212;18.9;4.9
6286.01;3395;3408;C1-R1;17.06.2025;25;17.06.2025 00:36;84.4;12.0;7.3;1.83;8664;0.51;184;15.4;5.3
6287.81;3396;3409;C1-R1;17.06.2025;25;17.06.2025 01:09;86.1;12.2;7.3;2.35;10806;0.40;230;18.9;5.3
6289.61;3397;3410;C1-R1;17.06.2025;25;17.06.2025 02:10;82.8;11.8;7.3;2.42;10724;0.39;228;19.4;5.1
6291.41;3398;3411;C1-R1;17.06.2025;25;17.06.2025 03:19;83.1;11.9;7.3;2.42;10378;0.38;221;18.6;5.2
6293.21;3399;3412;C1-R1;17.06.2025;25;17.06.2025 03:52;81.7;11.6;7.3;2.35;10861;0.38;231;20.0;5.1
6295.01;3400;3413;C1-R1;17.06.2025;25;17.06.2025 04:56;81.5;11.6;7.3;2.36;9967;0.40;212;18.2;5.1
6296.81;3401;3414;C1-R1;17.06.2025;25;17.06.2025 05:31;81.6;11.7;7.3;2.40;10326;0.46;220;18.8;5.1
6298.61;3402;3415;C1-R1;17.06.2025;25;17.06.2025 06:13;80.2;11.4;7.3;2.33;10411;0.52;222;19.5;5.0
6300.41;3403;3416;C1-R1;17.06.2025;25;17.06.2025 06:52;83.3;26.3;6.7;2.05;8716;0.56;185;7.0;10.6
6302.21;3404;3417;C1-R1;17.06.2025;25;17.06.2025 15:37;95.1;13.3;7.4;2.38;9389;0.59;200;15.1;5.9
6304.01;3405;3418;C1-R1;17.06.2025;25;17.06.2025 16:07;95.7;13.4;7.4;2.49;10239;0.63;218;16.3;5.9
6305.81;3406;3419;C1-R1;17.06.2025;25;17.06.2025 16:41;92.5;13.0;7.3;2.38;9992;0.61;213;16.3;5.7
6307.61;3407;3420;C1-R1;17.06.2025;25;17.06.2025 17:12;93.9;13.2;7.3;2.24;9796;0.58;208;15.8;5.8
6309.41;3408;3421;C1-R1;17.06.2025;25;17.06.2025 17:52;95.1;14.3;6.9;2.08;8789;0.47;187;13.1;5.9
6311.21;3409;3422;C1-R1;17.06.2025;25;17.06.2025 18:23;89.9;14.7;6.3;1.86;7661;0.39;163;11.1;5.6
6313.01;3410;3423;C1-R1;17.06.2025;25;17.06.2025 19:18;83.2;13.6;6.4;1.67;7206;0.37;153;11.3;5.2
6314.81;3411;3424;C1-R1;17.06.2025;25;17.06.2025 19:52;83.3;13.6;6.3;1.76;7234;0.42;154;11.3;5.2
6316.61;3412;3425;C1-R1;17.06.2025;25;17.06.2025 20:58;83.2;13.6;6.4;1.74;7136;0.33;152;11.2;5.2
6318.41;3413;3426;C1-R1;17.06.2025;25;17.06.2025 21:34;78.8;13.2;6.2;1.41;5805;0.31;124;9.3;4.9
6320.21;3414;3427;C1-R1;18.06.2025;25;18.06.2025 15:45;86.8;14.7;6.2;2.05;8339;0.40;177;12.1;5.4
6322.01;3415;3428;C1-R1;18.06.2025;25;18.06.2025 16:33;92.4;13.6;7.0;2.10;8533;0.42;182;13.4;5.7
6323.81;3416;3429;C1-R1;18.06.2025;25;18.06.2025 17:04;87.5;12.0;7.6;2.12;9148;0.52;195;16.2;5.4
6325.61;3417;3430;C1-R1;18.06.2025;25;18.06.2025 19:07;82.6;12.0;7.1;2.13;9570;0.30;204;16.9;5.1
6327.41;3418;3431;C1-R1;18.06.2025;25;18.06.2025 20:59;77.8;11.5;7.1;2.10;9321;0.28;198;17.2;4.9
6329.21;3419;3432;C1-R1;18.06.2025;25;18.06.2025 22:13;84.2;12.5;7.0;2.44;10880;0.29;231;18.6;5.2
6331.01;3420;3433;C1-R1;18.06.2025;25;18.06.2025 22:47;81.4;12.0;7.0;2.39;10677;0.28;227;18.9;5.1
6332.81;3421;3434;C1-R1;18.06.2025;25;18.06.2025 23:24;84.6;12.6;7.0;2.52;11035;0.28;235;18.7;5.3
6334.61;3422;3435;C1-R1;19.06.2025;25;19.06.2025 00:23;84.4;11.8;7.4;2.31;9742;0.51;207;17.6;5.2
6336.41;3423;3436;C1-R1;19.06.2025;25;19.06.2025 01:12;85.1;11.8;7.4;2.40;10446;0.52;222;18.8;5.3
6338.21;3424;3437;C1-R1;19.06.2025;25;19.06.2025 01:45;83.3;11.5;7.4;2.29;10058;0.52;214;18.6;5.1
6340.01;3425;3438;C1-R1;19.06.2025;25;19.06.2025 02:32;84.0;11.6;7.4;2.45;10358;0.53;220;19.0;5.2
6341.81;3426;3439;C2-R2b;19.06.2025;25;19.06.2025 03:05;83.6;11.6;7.4;2.43;10453;0.55;222;19.2;5.2
6343.61;3427;3440;C1-R1;19.06.2025;25;19.06.2025 03:52;85.1;13.4;6.9;2.09;8896;0.43;189;14.1;5.5
6345.41;3428;3441;C1-R1;19.06.2025;25;19.06.2025 14:10;88.5;12.9;7.1;2.67;10170;0.33;216;16.8;5.5
6347.21;3429;3442;C1-R1;19.06.2025;25;19.06.2025 14:50;83.8;12.0;7.3;2.40;10265;0.43;218;18.2;5.2
6349.01;3430;3443;C1-R1;19.06.2025;25;19.06.2025 15:23;85.0;12.0;7.2;2.42;10823;0.42;230;19.1;5.2
6350.81;3431;3444;C1-R1;19.06.2025;25;19.06.2025 16:34;82.9;11.7;7.4;2.29;10424;0.41;222;19.0;5.2
6352.61;3432;3445;C1-R1;19.06.2025;25;19.06.2025 17:14;85.7;12.0;7.3;1.83;8820;0.39;188;15.6;5.3
6354.41;3433;3446;C1-R1;19.06.2025;25;19.06.2025 17:45;84.0;12.4;7.0;1.90;9032;0.26;192;15.5;5.2
6356.21;3434;3447;C1-R1;19.06.2025;25;19.06.2025 18:17;82.5;12.2;7.0;1.98;9105;0.30;194;15.9;5.1
6358.01;3435;3448;C1-R1;19.06.2025;25;19.06.2025 18:51;70.7;10.0;7.4;2.13;10598;0.43;225;22.5;4.5
6359.81;3436;3449;C1-R1;19.06.2025;25;19.06.2025 19:34;77.3;10.3;7.8;2.15;9969;0.57;212;20.5;4.8
6361.61;3437;3450;C1-R1;19.06.2025;25;19.06.2025 20:10;74.5;10.1;7.8;1.83;9240;0.47;197;19.4;4.7
6363.41;3438;3451;C1-R1;19.06.2025;25;19.06.2025 21:15;79.3;10.7;7.8;1.86;9256;0.48;197;18.5;5.0
6365.21;3439;3452;C1-R1;19.06.2025;25;19.06.2025 21:52;83.1;10.9;7.8;1.60;7056;0.48;150;13.7;5.1
6367.01;3440;3453;C1-R1;19.06.2025;25;19.06.2025 22:25;84.9;11.5;7.6;1.64;7547;0.56;161;14.0;5.3
6368.81;3441;3454;C1-R1;19.06.2025;25;19.06.2025 23:11;84.1;11.6;7.5;1.62;7321;0.59;156;13.4;5.2
6370.61;3442;3455;C1-R1;20.06.2025;25;20.06.2025 09:45;77.0;13.7;6.1;1.45;6724;0.39;143;10.4;5.0
6372.41;3443;3456;C1-R1;20.06.2025;25;20.06.2025 11:34;74.0;11.4;6.8;1.79;7262;0.49;155;13.6;4.6
6374.21;3444;3457;C1-R1;20.06.2025;25;20.06.2025 12:16;86.2;12.7;7.0;1.89;7172;0.47;153;12.0;5.3
6376.01;3445;3458;C1-R1;20.06.2025;25;20.06.2025 12:48;84.7;12.9;6.8;1.82;7665;0.44;163;12.7;5.2
6377.81;3446;3459;C1-R1;20.06.2025;25;20.06.2025 13:27;84.0;11.3;7.7;2.07;9880;0.72;210;18.7;5.2
6379.61;3447;3460;C1-R1;20.06.2025;25;20.06.2025 13:59;85.5;10.8;8.1;2.23;10877;0.80;231;21.4;5.3
6381.41;3448;3461;C1-R1;20.06.2025;25;20.06.2025 14:57;86.1;11.3;8.0;1.96;9855;0.64;210;18.5;5.4
6383.21;3449;3462;C1-R1;20.06.2025;25;20.06.2025 15:29;86.4;11.6;7.7;1.93;8803;0.64;187;16.2;5.3
6385.01;3450;3463;C1-R1;20.06.2025;25;20.06.2025 16:01;79.2;10.9;7.5;1.97;9693;0.69;206;19.0;4.9
6386.81;3451;3464;C1-R1;20.06.2025;25;20.06.2025 17:00;78.2;10.2;7.9;1.88;9480;0.67;202;19.7;4.8
6388.61;3452;3465;C1-R1;20.06.2025;25;20.06.2025 18:26;83.6;11.6;7.5;1.86;8203;0.62;175;15.1;5.2
6390.41;3453;3466;C1-R1;20.06.2025;25;20.06.2025 19:07;87.4;12.0;7.6;2.01;8590;0.65;183;15.3;5.4
6392.21;3454;3467;C1-R1;20.06.2025;25;20.06.2025 19:43;83.3;12.1;7.2;1.84;8183;0.44;174;14.4;5.2
6394.01;3455;3468;C1-R1;20.06.2025;25;20.06.2025 20:22;78.6;11.9;7.0;1.47;6521;0.38;139;11.7;5.0
6395.81;3456;3469;C1-R1;21.06.2025;25;21.06.2025 05:20;80.6;11.5;7.3;1.90;8250;0.51;176;15.3;5.0
6397.61;3457;3470;C1-R1;21.06.2025;25;21.06.2025 05:54;85.1;12.1;7.3;1.64;6638;0.46;141;11.7;5.3
6399.41;3458;3471;C1-R1;21.06.2025;25;21.06.2025 07:10;74.9;10.9;7.1;1.42;7316;0.36;156;14.3;4.7
6401.21;3459;3472;C1-R1;21.06.2025;25;21.06.2025 08:16;79.9;11.1;7.4;1.85;8620;0.55;183;16.5;4.9
6403.01;3460;3473;C1-R1;21.06.2025;25;21.06.2025 08:51;82.2;11.3;7.5;1.92;8527;0.64;181;16.0;5.1
6404.81;3461;3474;C1-R1;21.06.2025;25;21.06.2025 09:25;84.8;11.3;7.8;1.97;9339;0.64;199;17.6;5.3
6406.61;3462;3475;C1-R1;21.06.2025;25;21.06.2025 09:58;87.3;11.0;8.2;1.79;8980;0.56;191;17.4;5.4
6408.41;3463;3476;C1-R1;21.06.2025;25;21.06.2025 11:01;75.0;11.5;6.9;1.64;7297;0.36;155;13.6;4.7
6410.21;3464;3477;C1-R1;21.06.2025;25;21.06.2025 11:41;77.7;11.7;6.9;1.78;8602;0.42;183;15.7;4.8
6412.01;3465;3478;C1-R1;21.06.2025;25;21.06.2025 12:25;82.7;11.7;7.3;1.97;9105;0.57;194;16.5;5.1
6413.81;3466;3479;C1-R1;21.06.2025;25;21.06.2025 12:58;88.8;12.4;7.4;1.95;8613;0.56;183;14.7;5.5
6415.61;3467;3480;C1-R1;21.06.2025;25;21.06.2025 13:36;82.2;11.5;7.4;1.79;8658;0.56;184;16.0;5.1
6417.41;3468;3481;C1-R1;21.06.2025;25;21.06.2025 14:08;83.1;10.6;8.1;1.59;8861;0.50;189;17.8;5.2
6419.21;3469;3482;C1-R1;21.06.2025;25;21.06.2025 15:30;80.5;11.8;7.3;1.43;7077;0.40;151;12.7;5.2
6421.01;3470;3483;C1-R1;23.06.2025;26;23.06.2025 10:10;80.7;12.1;6.9;1.94;8059;0.43;171;14.2;5.0
6422.81;3471;3484;C1-R1;23.06.2025;26;23.06.2025 11:55;90.3;13.3;7.0;2.11;9274;0.44;197;14.8;5.6
6424.61;3472;3485;C1-R1;23.06.2025;26;23.06.2025 12:27;92.8;13.7;7.0;2.20;8893;0.47;189;13.8;5.8
6426.41;3473;3486;C1-R1;23.06.2025;26;23.06.2025 13:00;84.3;12.6;6.9;2.18;9660;0.50;206;16.3;5.2
6428.21;3474;3487;C1-R1;23.06.2025;26;23.06.2025 14:01;87.7;12.5;7.3;2.10;9849;0.59;210;16.8;5.4
6430.01;3475;3488;C1-R1;23.06.2025;26;23.06.2025 14:49;90.5;13.1;7.2;2.25;10131;0.59;216;16.5;5.7
6431.81;3476;3489;C1-R1;23.06.2025;26;23.06.2025 15:20;89.6;13.1;7.1;2.16;9744;0.51;207;15.8;5.6
6433.61;3477;3490;C1-R1;23.06.2025;26;23.06.2025 16:20;90.5;13.0;7.2;1.97;8458;0.45;180;13.8;5.6
6435.41;3478;3491;C1-R1;23.06.2025;26;23.06.2025 16:51;87.2;13.0;7.0;2.14;9308;0.49;198;15.2;5.4
6437.21;3479;3492;C1-R1;23.06.2025;26;23.06.2025 17:23;84.1;12.8;6.8;2.18;9658;0.49;205;16.1;5.2
6439.01;3480;3493;C1-R1;23.06.2025;26;23.06.2025 18:13;82.3;12.9;6.7;2.04;8498;0.43;181;14.0;5.2
6440.81;3481;3494;C1-R1;23.06.2025;26;23.06.2025 19:06;84.3;14.4;6.2;2.01;8243;0.39;175;12.2;5.3
6442.61;3482;3495;C1-R1;23.06.2025;26;23.06.2025 20:03;83.9;12.8;6.9;1.74;7829;0.35;167;13.0;5.3
6444.41;3483;3496;C1-R1;23.06.2025;26;23.06.2025 20:37;78.7;13.0;6.5;1.38;6420;0.27;137;10.5;5.1
6446.21;3484;3497;C1-R1;24.06.2025;26;24.06.2025 11:31;86.1;13.8;6.5;2.08;8434;0.44;179;13.0;5.4
6448.01;3485;3498;C1-R1;24.06.2025;26;24.06.2025 12:04;87.2;13.1;6.9;2.25;9712;0.48;207;15.8;5.4
6449.81;3486;3499;C1-R1;24.06.2025;26;24.06.2025 12:48;84.0;12.5;6.9;2.41;10568;0.41;225;18.1;5.2
6451.61;3487;3500;C1-R1;24.06.2025;26;24.06.2025 13:21;86.7;12.8;7.0;2.52;11328;0.40;241;18.8;5.4
6453.41;3488;3501;C1-R1;24.06.2025;26;24.06.2025 13:56;87.8;12.3;7.4;2.50;11666;0.56;248;20.2;5.5
6455.21;3489;3502;C1-R1;24.06.2025;26;24.06.2025 14:36;87.2;11.7;7.7;2.44;12191;0.67;259;22.2;5.4
6457.01;3490;3503;C1-R1;24.06.2025;26;24.06.2025 15:08;88.8;11.8;7.7;2.22;11209;0.55;238;20.1;5.5
6458.81;3491;3504;C1-R1;24.06.2025;26;24.06.2025 15:54;85.1;13.4;6.6;1.90;8716;0.22;185;13.8;5.3
6460.61;3492;3505;C1-R1;24.06.2025;26;24.06.2025 16:27;87.8;13.1;6.9;2.36;10089;0.26;215;16.4;5.5
6462.41;3493;3506;C1-R1;24.06.2025;26;24.06.2025 16:59;88.9;13.1;7.0;2.59;10621;0.28;226;17.2;5.5
6464.21;3494;3507;C1-R1;24.06.2025;26;24.06.2025 17:38;87.2;12.8;7.0;2.36;9991;0.28;213;16.6;5.4
6466.01;3495;3508;C1-R1;24.06.2025;26;24.06.2025 18:10;87.4;12.8;7.0;2.45;10688;0.29;227;17.8;5.4
6467.81;3496;3509;C2-R2b;24.06.2025;26;24.06.2025 18:59;76.8;11.3;7.2;2.16;9745;0.34;207;18.4;4.8
6469.61;3497;3510;C1-R1;24.06.2025;26;24.06.2025 19:50;77.1;11.2;7.2;1.81;8365;0.33;178;15.9;4.8
6471.41;3498;3511;C1-R1;25.06.2025;26;25.06.2025 05:47;74.7;10.6;7.3;2.09;9343;0.37;199;18.7;4.7
6473.21;3499;3512;C1-R1;25.06.2025;26;25.06.2025 06:35;80.9;11.4;7.4;2.15;9137;0.44;194;17.1;5.0
6475.01;3500;3513;C1-R1;25.06.2025;26;25.06.2025 07:12;87.8;12.6;7.2;2.41;10269;0.32;218;17.3;5.4
6476.81;3501;3514;C1-R1;25.06.2025;26;25.06.2025 07:43;87.8;12.6;7.2;2.32;10298;0.33;219;17.3;5.5
6478.61;3502;3515;C1-R1;25.06.2025;26;25.06.2025 08:14;87.9;12.7;7.2;2.23;9902;0.30;211;16.6;5.4
6480.41;3503;3516;C1-R1;25.06.2025;26;25.06.2025 08:47;87.6;12.6;7.2;2.14;9362;0.33;199;15.8;5.4
6482.21;3504;3517;C1-R1;25.06.2025;26;25.06.2025 09:19;86.1;12.4;7.1;2.36;10413;0.32;222;17.9;5.3
6484.01;3505;3518;C1-R1;25.06.2025;26;25.06.2025 10:11;88.2;12.8;7.1;2.58;10919;0.31;232;18.2;5.5
6485.81;3506;3519;C1-R1;25.06.2025;26;25.06.2025 11:05;89.2;12.8;7.2;2.64;11416;0.37;243;19.0;5.5
6487.61;3507;3520;C1-R1;25.06.2025;26;25.06.2025 11:37;85.9;11.8;7.6;2.42;11308;0.63;241;20.5;5.3
6489.41;3508;3521;C1-R1;25.06.2025;26;25.06.2025 12:10;85.9;11.8;7.5;2.21;10110;0.59;215;18.3;5.3
6491.21;3509;3522;C1-R1;25.06.2025;26;25.06.2025 13:00;83.8;11.5;7.5;2.41;10939;0.61;233;20.2;5.2
6493.01;3510;3523;C1-R1;25.06.2025;26;25.06.2025 13:50;87.3;12.0;7.5;2.46;10610;0.60;226;18.8;5.4
6494.81;3511;3524;C1-R1;25.06.2025;26;25.06.2025 14:24;80.6;11.2;7.5;1.97;8462;0.48;180;16.1;5.0
6496.61;3512;3525;C1-R1;26.06.2025;26;26.06.2025 05:16;83.9;11.7;7.4;2.26;8827;0.46;188;16.1;5.2
6498.41;3513;3526;C1-R1;26.06.2025;26;26.06.2025 05:36;98.3;13.8;7.4;2.60;8681;0.53;185;13.4;6.2
6500.21;3514;3527;C1-R1;26.06.2025;26;26.06.2025 08:04;83.8;11.6;7.4;2.16;8061;0.46;172;14.8;5.2
6502.01;3515;3528;C1-R1;26.06.2025;26;26.06.2025 08:37;88.5;12.3;7.4;2.44;10051;0.55;214;17.4;5.5
6503.81;3516;3529;C1-R1;26.06.2025;26;26.06.2025 09:08;88.0;12.2;7.4;2.50;11316;0.84;241;19.7;5.4
6505.61;3517;3530;C1-R1;26.06.2025;26;26.06.2025 09:55;86.6;12.0;7.4;2.33;10671;0.93;227;18.9;5.4
6507.41;3518;3531;C1-R1;26.06.2025;26;26.06.2025 10:31;85.4;12.5;7.1;2.27;10320;0.45;220;17.6;5.3
6509.21;3519;3532;C1-R1;26.06.2025;26;26.06.2025 11:09;88.1;12.8;7.1;2.23;10314;0.36;219;17.2;5.5
6511.01;3520;3533;C1-R1;26.06.2025;26;26.06.2025 11:41;85.5;12.3;7.1;2.18;9979;0.35;212;17.2;5.3
6512.81;3521;3534;C1-R1;26.06.2025;26;26.06.2025 12:35;82.7;12.0;7.1;2.26;10213;0.35;217;18.1;5.1
6514.61;3522;3535;C1-R1;26.06.2025;26;26.06.2025 13:30;83.3;12.0;7.2;2.32;10622;0.36;226;18.8;5.2
6516.41;3523;3536;C1-R1;26.06.2025;26;26.06.2025 14:01;86.8;12.5;7.2;2.40;10854;0.36;231;18.4;5.4
6518.21;3524;3537;C1-R1;26.06.2025;26;26.06.2025 14:35;85.8;12.4;7.1;2.34;10703;0.38;228;18.3;5.3
6520.01;3525;3538;C1-R1;26.06.2025;26;26.06.2025 15:11;75.7;11.0;7.2;1.77;8773;0.28;187;17.0;4.8
6521.81;3526;3539;C1-R1;26.06.2025;26;26.06.2025 23:32;83.0;11.7;7.4;2.24;9888;0.50;210;18.1;5.2
6523.61;3527;3540;C1-R1;27.06.2025;26;27.06.2025 00:06;88.3;12.4;7.4;2.37;10331;0.52;220;17.8;5.5
6525.41;3528;3541;C1-R1;27.06.2025;26;27.06.2025 00:39;87.6;12.3;7.4;2.40;11013;0.54;234;19.1;5.4
6527.21;3529;3542;C1-R1;27.06.2025;26;27.06.2025 01:12;85.8;12.0;7.4;2.33;10819;0.55;230;19.2;5.3
6529.01;3530;3543;C1-R1;27.06.2025;26;27.06.2025 02:01;85.3;12.0;7.3;2.29;10678;0.52;227;19.0;5.3
6530.81;3531;3544;C1-R1;27.06.2025;26;27.06.2025 02:46;76.9;10.8;7.4;2.14;10520;0.52;224;20.7;4.8
6532.61;3532;3545;C1-R1;27.06.2025;26;27.06.2025 03:23;78.4;11.0;7.4;2.16;10558;0.52;225;20.5;4.9
6534.41;3533;3546;C1-R1;27.06.2025;26;27.06.2025 03:58;79.2;11.2;7.4;2.12;10116;0.49;215;19.3;4.9
6536.21;3534;3547;C1-R1;27.06.2025;26;27.06.2025 04:55;75.9;10.8;7.4;2.04;9906;0.47;211;19.6;4.8
6538.01;3535;3548;C1-R1;27.06.2025;26;27.06.2025 05:32;81.4;11.5;7.4;2.25;10578;0.50;225;19.6;5.1
6539.81;3536;3549;C1-R1;27.06.2025;26;27.06.2025 06:12;84.6;11.5;7.7;2.09;9568;0.56;204;17.7;5.3
6541.61;3537;3550;C1-R1;27.06.2025;26;27.06.2025 06:45;86.0;11.8;7.6;2.14;9917;0.66;211;18.0;5.3
6543.41;3538;3551;C1-R1;27.06.2025;26;27.06.2025 07:18;85.8;11.7;7.6;2.27;10859;0.69;231;19.7;5.3
6545.21;3539;3552;C1-R1;27.06.2025;26;27.06.2025 07:52;88.4;12.1;7.5;2.02;9049;0.60;193;15.9;5.4
6547.01;3540;3553;C1-R1;27.06.2025;26;27.06.2025 16:37;88.2;12.2;7.5;2.49;10055;0.58;214;17.6;5.4
6548.81;3541;3554;C1-R1;27.06.2025;26;27.06.2025 17:13;90.3;12.2;7.6;2.45;10929;0.62;233;19.1;5.6
6550.61;3542;3555;C1-R1;27.06.2025;26;27.06.2025 17:44;90.1;12.1;7.7;2.35;10537;0.61;224;18.5;5.6
6552.41;3543;3556;C1-R1;27.06.2025;26;27.06.2025 18:21;88.6;11.9;7.7;2.40;11482;0.63;244;20.5;5.5
6554.21;3544;3557;C1-R1;27.06.2025;26;27.06.2025 18:54;88.1;11.9;7.7;2.31;10583;0.58;225;19.0;5.5
6556.01;3545;3558;C1-R1;27.06.2025;26;27.06.2025 19:28;87.9;11.9;7.7;2.22;10326;0.58;220;18.5;5.5
6557.81;3546;3559;C1-R1;27.06.2025;26;27.06.2025 20:01;87.3;11.8;7.7;2.02;9664;0.51;206;17.5;5.4
6559.61;3547;3560;C1-R1;27.06.2025;26;27.06.2025 20:34;86.3;11.6;7.7;1.98;9299;0.52;198;17.1;5.3
6561.41;3548;3561;C1-R1;27.06.2025;26;27.06.2025 21:09;81.1;11.1;7.6;2.07;10030;0.55;213;19.3;5.1
6563.21;3549;3562;C1-R1;27.06.2025;26;27.06.2025 22:06;85.0;11.4;7.7;2.39;10770;0.64;229;20.0;5.3
6565.01;3550;3563;C1-R1;27.06.2025;26;27.06.2025 22:40;83.5;11.4;7.7;2.45;10964;0.65;233;20.5;5.2
6566.81;3551;3564;C1-R1;27.06.2025;26;27.06.2025 23:15;81.7;11.0;7.7;2.33;10308;0.61;219;19.9;5.1
6568.61;3552;3565;C2-R2b;27.06.2025;26;27.06.2025 23:50;84.1;11.7;7.4;2.42;10741;0.59;229;19.5;5.2
6570.41;3553;3566;C1-R1;28.06.2025;26;28.06.2025 00:23;80.0;12.8;6.7;1.99;8959;0.41;191;15.0;5.1
6572.21;3554;3567;C1-R1;28.06.2025;26;28.06.2025 16:34;81.9;11.0;7.7;2.51;10806;0.63;230;20.9;5.1
6574.01;3555;3568;C1-R1;28.06.2025;26;28.06.2025 17:07;90.7;12.0;7.8;2.58;10245;0.68;218;18.2;5.6
6575.81;3556;3569;C1-R1;28.06.2025;26;28.06.2025 17:54;87.9;11.5;7.9;2.50;11078;0.71;236;20.4;5.5
6577.61;3557;3570;C1-R1;28.06.2025;26;28.06.2025 19:07;77.1;10.3;7.9;2.36;11418;0.71;243;23.7;4.8
6579.41;3558;3571;C1-R1;28.06.2025;26;28.06.2025 20:06;86.6;11.3;7.9;2.72;12343;0.74;263;23.3;5.3
6581.21;3559;3572;C1-R1;28.06.2025;26;28.06.2025 20:39;84.6;11.1;7.9;2.54;11554;0.66;246;22.2;5.2
6583.01;3560;3573;C1-R1;28.06.2025;26;28.06.2025 21:18;84.1;10.9;7.9;2.57;11942;0.70;254;23.2;5.2
6584.81;3561;3574;C1-R1;28.06.2025;26;28.06.2025 22:07;84.2;11.0;7.9;2.48;11382;0.66;242;22.0;5.2
6586.61;3562;3575;C1-R1;28.06.2025;26;28.06.2025 23:11;84.2;11.0;7.9;2.54;11473;0.68;244;22.2;5.2
6588.41;3563;3576;C1-R1;29.06.2025;26;29.06.2025 00:10;85.0;11.1;7.9;2.51;11399;0.66;243;21.8;5.3
6590.21;3564;3577;C1-R1;29.06.2025;26;29.06.2025 00:43;85.7;11.2;7.9;2.43;10801;0.66;230;20.6;5.3
6592.01;3565;3578;C1-R1;29.06.2025;26;29.06.2025 01:20;88.5;11.6;7.9;2.53;11209;0.64;238;20.6;5.5
6593.81;3566;3579;C1-R1;29.06.2025;26;29.06.2025 01:53;87.0;11.3;7.9;2.46;10783;0.62;229;20.3;5.4
6595.61;3567;3580;C1-R1;29.06.2025;26;29.06.2025 02:29;79.1;10.7;7.8;2.07;8991;0.50;191;17.9;5.0
6597.41;3568;3581;C1-R1;30.06.2025;27;30.06.2025 17:25;80.0;11.2;7.4;2.39;9151;0.40;195;17.4;5.0
6599.21;3569;3582;C1-R1;30.06.2025;27;30.06.2025 18:00;81.2;11.4;7.4;2.52;10221;0.39;217;19.2;5.1
6601.01;3570;3583;C1-R1;30.06.2025;27;30.06.2025 18:49;79.2;11.2;7.4;2.50;10939;0.37;233;20.9;5.0
6602.81;3571;3584;C1-R1;30.06.2025;27;30.06.2025 18:51;90.8;12.6;7.4;2.90;11342;0.39;241;19.1;5.6
6604.61;3572;3585;C1-R1;30.06.2025;27;30.06.2025 19:36;87.9;12.2;7.4;2.75;10806;0.39;230;18.8;5.4
6606.41;3573;3586;C1-R1;30.06.2025;27;30.06.2025 20:08;86.5;12.0;7.4;2.67;10804;0.41;230;19.1;5.4
6608.21;3574;3587;C1-R1;30.06.2025;27;30.06.2025 20:55;88.4;12.3;7.4;2.69;10238;0.40;218;17.7;5.5
6610.01;3575;3588;C1-R1;30.06.2025;27;30.06.2025 21:47;88.3;12.4;7.4;2.69;9634;0.39;205;16.6;5.5
6611.81;3576;3589;C1-R1;30.06.2025;27;30.06.2025 22:19;87.4;12.4;7.3;2.77;10031;0.32;213;17.2;5.4
6613.61;3577;3590;C1-R1;30.06.2025;27;30.06.2025 22:50;84.5;12.0;7.3;2.75;10315;0.36;219;18.3;5.2
6615.41;3578;3591;C1-R1;30.06.2025;27;30.06.2025 23:47;84.9;11.8;7.4;2.75;10281;0.45;219;18.5;5.3
6617.21;3579;3592;C1-R1;01.07.2025;27;01.07.2025 00:19;84.0;11.7;7.4;2.82;11303;0.47;240;20.6;5.2
6619.01;3580;3593;C1-R1;01.07.2025;27;01.07.2025 00:51;83.0;11.5;7.4;2.95;11783;0.50;251;21.7;5.1
6620.81;3581;3594;C1-R1;01.07.2025;27;01.07.2025 02:29;72.6;10.3;7.3;2.35;9983;0.41;212;20.6;4.5
6622.61;3582;3595;C1-R1;01.07.2025;27;01.07.2025 15:32;77.3;10.8;7.4;2.48;10711;0.54;228;21.0;4.8
6624.41;3583;3596;C1-R1;01.07.2025;27;01.07.2025 16:08;80.2;10.6;7.9;2.44;11302;0.69;240;22.8;5.0
6626.21;3584;3597;C1-R1;01.07.2025;27;01.07.2025 16:45;79.4;10.3;8.0;2.32;11342;0.68;241;23.5;4.9
6628.01;3585;3598;C1-R1;01.07.2025;27;01.07.2025 17:30;79.3;10.2;8.0;2.33;12055;0.72;256;25.0;4.9
6629.81;3586;3599;C1-R1;01.07.2025;27;01.07.2025 18:46;85.6;11.0;8.0;2.44;12211;0.72;260;23.6;5.3
6631.61;3587;3600;C1-R1;01.07.2025;27;01.07.2025 19:29;93.2;12.0;8.0;2.65;11953;0.75;254;21.2;5.8
6633.41;3588;3601;C1-R1;01.07.2025;27;01.07.2025 20:25;91.6;11.8;8.0;2.55;11458;0.75;244;20.7;5.6
6635.21;3589;3602;C1-R1;01.07.2025;27;01.07.2025 21:41;92.0;11.9;8.0;2.72;11924;0.83;254;21.4;5.7
6637.01;3590;3603;C1-R1;01.07.2025;27;01.07.2025 22:45;90.3;11.7;8.0;2.54;11070;0.71;236;20.1;5.6
6638.81;3591;3604;C1-R1;01.07.2025;27;01.07.2025 23:47;89.7;11.6;8.0;2.55;11432;0.63;243;21.0;5.6
6640.61;3592;3605;C1-R1;02.07.2025;27;02.07.2025 01:37;73.3;11.7;6.6;1.80;8327;0.45;177;15.2;4.6
6642.41;3593;3606;C1-R1;02.07.2025;27;02.07.2025 22:42;85.6;11.0;8.0;2.43;9697;0.56;206;18.8;5.3
6644.21;3594;3607;C1-R1;03.07.2025;27;03.07.2025 02:02;91.0;11.7;8.0;2.36;10516;0.49;224;19.2;5.6
6646.01;3595;3608;C1-R1;03.07.2025;27;03.07.2025 06:00;90.1;12.1;7.7;2.19;9211;0.47;196;16.2;5.6
6647.81;3596;3609;C1-R1;03.07.2025;27;03.07.2025 07:08;82.0;12.2;7.0;2.07;8140;0.38;173;14.2;5.1
6649.61;3597;3610;C1-R1;03.07.2025;27;03.07.2025 07:41;81.9;12.1;7.0;2.22;9267;0.44;197;16.3;5.1
6651.41;3598;3611;C1-R1;03.07.2025;27;03.07.2025 08:18;80.6;12.0;7.0;2.24;9922;0.47;211;17.7;5.0
6653.21;3599;3612;C1-R1;03.07.2025;27;03.07.2025 09:03;81.0;12.0;7.0;2.42;10994;0.56;234;19.5;5.0
6655.01;3600;3613;C1-R1;03.07.2025;27;03.07.2025 10:08;85.3;12.6;7.0;2.32;10726;0.58;228;18.1;5.3
6656.81;3601;3614;C1-R1;03.07.2025;27;03.07.2025 11:29;80.5;11.9;7.0;1.98;9836;0.50;209;17.6;5.0
6658.61;3602;3615;C1-R1;03.07.2025;27;03.07.2025 12:20;73.5;11.7;6.5;1.41;7189;0.34;153;13.1;4.6
6660.41;3603;3616;C1-R1;04.07.2025;27;04.07.2025 01:19;85.9;13.8;6.5;2.11;8161;0.47;174;12.6;5.4
6662.21;3604;3617;C1-R1;04.07.2025;27;04.07.2025 01:52;91.4;13.3;7.1;1.96;8220;0.46;175;13.2;5.6
6664.01;3605;3618;C1-R1;04.07.2025;27;04.07.2025 02:22;90.9;13.7;6.9;1.86;7910;0.39;168;12.3;5.7
6665.81;3606;3619;C2-R2b;04.07.2025;27;04.07.2025 02:53;88.5;12.9;7.0;1.86;7921;0.33;169;13.0;5.5
6667.61;3607;3620;C1-R1;04.07.2025;27;04.07.2025 04:34;89.2;14.0;6.6;2.03;7615;0.39;162;11.5;5.6
6669.41;3608;3621;C1-R1;04.07.2025;27;04.07.2025 05:04;88.4;14.0;6.6;2.00;7984;0.43;170;12.2;5.5
6671.21;3609;3622;C1-R1;04.07.2025;27;04.07.2025 06:17;87.0;14.1;6.4;1.95;7874;0.35;168;11.9;5.4
6673.01;3610;3623;C1-R1;04.07.2025;27;04.07.2025 06:55;81.1;13.0;6.5;1.88;7664;0.35;163;12.5;5.0
6674.81;3611;3624;C1-R1;04.07.2025;27;04.07.2025 07:50;83.6;12.9;6.7;2.07;8968;0.38;191;14.8;5.2
6676.61;3612;3625;C1-R1;04.07.2025;27;04.07.2025 08:23;78.5;11.1;7.4;1.89;9066;0.48;193;17.5;4.9
6678.41;3613;3626;C1-R1;04.07.2025;27;04.07.2025 08:59;78.1;10.9;7.4;1.61;7725;0.42;164;15.1;4.9
6680.21;3614;3627;C1-R1;04.07.2025;27;04.07.2025 17:41;84.6;11.7;7.5;1.98;8209;0.58;175;15.0;5.3
6682.01;3615;3628;C1-R1;04.07.2025;27;04.07.2025 18:14;87.7;12.1;7.5;2.14;8907;0.59;190;15.7;5.4
6683.81;3616;3629;C1-R1;04.07.2025;27;04.07.2025 18:50;88.6;12.1;7.6;2.23;10231;0.63;218;18.1;5.5
6685.61;3617;3630;C1-R1;04.07.2025;27;04.07.2025 19:25;91.1;12.3;7.7;2.28;10255;0.60;218;17.8;5.7
6687.41;3618;3631;C1-R1;04.07.2025;27;04.07.2025 20:12;90.4;11.5;8.1;2.27;10351;0.57;220;19.1;5.6
6689.21;3619;3632;C1-R1;04.07.2025;27;04.07.2025 20:43;89.5;11.3;8.1;2.23;10572;0.61;225;19.9;5.5
6691.01;3620;3633;C1-R1;04.07.2025;27;04.07.2025 21:21;91.1;11.9;7.9;2.13;10089;0.63;215;18.1;5.6
6692.81;3621;3634;C1-R1;04.07.2025;27;04.07.2025 22:15;82.9;13.2;6.6;1.75;7363;0.35;157;11.9;5.2
6694.61;3622;3635;C1-R1;05.07.2025;27;05.07.2025 09:32;48.3;8.4;6.1;1.40;5873;0.30;125;14.8;3.1
6696.41;3623;3636;C1-R1;05.07.2025;27;05.07.2025 09:34;87.2;14.9;6.1;2.24;7966;0.45;169;11.4;5.4
6698.21;3624;3637;C1-R1;05.07.2025;27;05.07.2025 10:05;82.1;12.7;6.7;2.06;9414;0.45;200;15.7;5.1
6700.01;3625;3638;C1-R1;05.07.2025;27;05.07.2025 10:50;85.7;12.6;7.1;2.08;9862;0.44;210;16.7;5.3
6701.81;3626;3639;C1-R1;05.07.2025;27;05.07.2025 11:23;65.0;9.4;7.3;1.67;9150;0.44;195;20.7;4.1
6703.61;3627;3640;C1-R1;05.07.2025;27;05.07.2025 14:02;79.9;11.2;7.5;2.24;10651;0.62;227;20.3;5.0
6705.41;3628;3641;C1-R1;05.07.2025;27;05.07.2025 14:39;85.9;11.7;7.6;2.22;10749;0.80;229;19.5;5.3
6707.21;3629;3642;C1-R1;05.07.2025;27;05.07.2025 17:58;71.4;10.0;7.4;2.11;10404;0.93;221;22.0;4.5
6709.01;3630;3643;C1-R1;05.07.2025;27;05.07.2025 18:43;61.3;8.4;7.9;2.15;11489;1.09;244;29.2;4.0
6710.81;3631;3644;C1-R1;05.07.2025;27;05.07.2025 19:33;63.6;9.1;7.7;1.99;11371;1.08;242;26.6;4.2
6712.61;3632;3645;C1-R1;07.07.2025;28;07.07.2025 10:51;60.6;7.9;8.2;2.21;12419;1.15;264;33.4;3.9
6714.41;3633;3646;C1-R1;07.07.2025;28;07.07.2025 11:33;78.1;10.1;8.2;2.33;11839;1.16;252;25.1;4.9
6716.21;3634;3647;C1-R1;07.07.2025;28;07.07.2025 12:09;90.6;12.5;7.7;2.05;9242;0.76;197;15.8;5.8
6718.01;3635;3648;C1-R1;07.07.2025;28;07.07.2025 13:00;86.6;12.3;7.4;2.17;10638;0.71;226;18.5;5.4
6719.81;3636;3649;C1-R1;07.07.2025;28;07.07.2025 13:57;73.8;9.6;8.1;2.31;12524;0.78;266;27.9;4.6
6721.61;3637;3650;C1-R1;07.07.2025;28;07.07.2025 14:35;82.2;10.5;8.2;2.53;12711;0.75;270;25.9;5.1
6723.41;3638;3651;C1-R1;07.07.2025;28;07.07.2025 15:25;92.7;11.8;8.1;2.50;11375;0.64;242;20.5;5.8
6725.21;3639;3652;C1-R1;07.07.2025;28;07.07.2025 15:57;92.1;11.6;8.2;2.40;10537;0.63;224;19.3;5.7
6727.01;3640;3653;C1-R1;07.07.2025;28;07.07.2025 16:29;88.8;11.2;8.2;2.25;10302;0.59;219;19.6;5.5
6728.81;3641;3654;C1-R1;07.07.2025;28;07.07.2025 17:01;72.3;11.3;6.6;1.60;7626;0.38;162;14.3;4.5
6730.61;3642;3655;C1-R1;07.07.2025;28;07.07.2025 23:28;79.2;11.5;7.1;2.11;8249;0.30;176;15.3;4.9
6732.41;3643;3656;C1-R1;08.07.2025;28;08.07.2025 00:03;81.7;11.8;7.1;2.14;8734;0.32;186;15.7;5.1
6734.21;3644;3657;C1-R1;08.07.2025;28;08.07.2025 00:36;77.0;11.2;7.1;2.12;9877;0.31;210;18.8;4.8
6736.01;3645;3658;C1-R1;08.07.2025;28;08.07.2025 01:27;74.0;10.8;7.1;2.14;10039;0.34;214;19.8;4.6
6737.81;3646;3659;C1-R1;08.07.2025;28;08.07.2025 04:40;90.0;12.5;7.4;2.52;10496;0.47;223;17.9;5.6
6739.61;3647;3660;C1-R1;08.07.2025;28;08.07.2025 05:12;88.1;12.2;7.4;2.57;11435;0.46;243;19.9;5.4
6741.41;3648;3661;C1-R1;08.07.2025;28;08.07.2025 05:56;86.4;12.0;7.4;2.62;12179;0.44;259;21.6;5.3
6743.21;3649;3662;C1-R1;08.07.2025;28;08.07.2025 06:27;87.2;12.1;7.4;2.59;11304;0.46;241;19.8;5.4
6745.01;3650;3663;C1-R1;08.07.2025;28;08.07.2025 07:21;86.3;11.4;7.8;2.49;11368;0.58;242;21.2;5.3
6746.81;3651;3664;C1-R1;08.07.2025;28;08.07.2025 07:56;81.5;12.3;7.1;2.03;9027;0.48;192;15.6;5.2
6748.61;3652;3665;C1-R1;08.07.2025;28;08.07.2025 16:20;80.4;10.5;7.9;2.38;10466;0.55;223;21.2;4.9
6750.41;3653;3666;C1-R1;08.07.2025;28;08.07.2025 16:53;86.7;11.1;8.1;2.57;11280;0.59;240;21.6;5.4
6752.21;3654;3667;C1-R1;08.07.2025;28;08.07.2025 17:35;81.1;10.2;8.2;2.42;11920;0.60;254;24.8;5.0
6754.01;3655;3668;C1-R1;08.07.2025;28;08.07.2025 18:08;85.3;10.8;8.2;2.65;13107;0.66;279;25.7;5.3
6755.81;3656;3669;C1-R1;08.07.2025;28;08.07.2025 18:40;86.2;10.9;8.2;2.54;12686;0.70;270;24.7;5.4
6757.61;3657;3670;C1-R1;08.07.2025;28;08.07.2025 19:20;86.6;10.9;8.2;2.51;12444;0.67;265;24.2;5.4
6759.41;3658;3671;C1-R1;08.07.2025;28;08.07.2025 20:13;88.1;11.1;8.2;2.47;12033;0.66;256;23.1;5.4
6761.21;3659;3672;C1-R1;08.07.2025;28;08.07.2025 20:45;87.3;11.2;8.1;2.23;10159;0.59;216;19.4;5.4
6763.01;3660;3673;C1-R1;08.07.2025;28;08.07.2025 21:29;87.0;11.9;7.6;2.13;9669;0.59;206;17.3;5.4
6764.81;3661;3674;C1-R1;08.07.2025;28;08.07.2025 22:07;66.1;11.0;6.0;1.39;7037;0.37;150;13.6;4.0
6766.61;3662;3675;C1-R1;09.07.2025;28;09.07.2025 05:32;88.0;11.9;7.7;2.34;9860;0.55;210;17.7;5.5
6768.41;3663;3676;C1-R1;09.07.2025;28;09.07.2025 06:04;84.6;11.0;8.1;2.33;9959;0.54;212;19.3;5.3
6770.21;3664;3677;C1-R1;09.07.2025;28;09.07.2025 07:20;86.2;11.5;7.8;2.57;11408;0.58;243;21.1;5.3
6772.01;3665;3678;C1-R1;09.07.2025;28;09.07.2025 07:52;87.8;11.8;7.7;2.69;11673;0.63;248;21.1;5.4
6773.81;3666;3679;C1-R1;09.07.2025;28;09.07.2025 08:51;84.4;11.3;7.7;2.64;11772;0.64;250;22.1;5.2
6775.61;3667;3680;C1-R1;09.07.2025;28;09.07.2025 09:24;82.8;11.2;7.7;2.57;11534;0.62;245;21.9;5.1
6777.41;3668;3681;C1-R1;09.07.2025;28;09.07.2025 10:13;88.3;11.8;7.7;2.71;11803;0.65;251;21.3;5.5
6779.21;3669;3682;C1-R1;09.07.2025;28;09.07.2025 10:47;83.6;11.2;7.7;2.50;11688;0.64;249;22.1;5.2
6781.01;3670;3683;C1-R1;09.07.2025;28;09.07.2025 11:21;87.5;11.7;7.7;2.42;10713;0.64;228;19.5;5.4
6782.81;3671;3684;C1-R1;09.07.2025;28;09.07.2025 11:52;62.4;10.8;5.7;1.53;6900;0.37;147;13.5;3.7
6784.61;3672;3685;C1-R1;10.07.2025;28;10.07.2025 00:55;78.9;10.6;7.7;2.39;9926;0.55;211;19.9;4.9
6786.41;3673;3686;C1-R1;10.07.2025;28;10.07.2025 03:19;86.2;11.4;7.9;2.52;10336;0.65;220;19.3;5.4
6788.21;3674;3687;C1-R1;10.07.2025;28;10.07.2025 03:51;83.6;11.0;7.9;2.47;11223;0.69;239;21.8;5.2
6790.01;3675;3688;C1-R1;10.07.2025;28;10.07.2025 04:25;81.2;10.7;7.9;2.42;11287;0.65;240;22.5;5.0
6791.81;3676;3689;C1-R1;10.07.2025;28;10.07.2025 05:00;77.3;10.1;7.9;2.37;11684;0.63;249;24.6;4.8
6793.61;3677;3690;C1-R1;10.07.2025;28;10.07.2025 05:50;80.2;10.4;8.0;2.43;11606;0.65;247;23.9;5.0
6795.41;3678;3691;C1-R1;10.07.2025;28;10.07.2025 06:25;82.3;10.6;8.0;2.42;11763;0.67;250;23.6;5.1
6797.21;3679;3692;C1-R1;10.07.2025;28;10.07.2025 07:00;83.1;10.9;8.0;2.43;11471;0.65;244;22.5;5.2
6799.01;3680;3693;C1-R1;10.07.2025;28;10.07.2025 07:47;85.8;11.1;8.0;2.48;11201;0.66;238;21.4;5.3
6800.81;3681;3694;C1-R1;10.07.2025;28;10.07.2025 08:25;81.8;12.2;7.3;2.01;9182;0.54;195;16.0;5.3
6802.61;3682;3695;C1-R1;10.07.2025;28;10.07.2025 17:56;83.2;11.5;7.5;2.44;10063;0.49;214;18.6;5.2
6804.41;3683;3696;C1-R1;10.07.2025;28;10.07.2025 18:29;87.7;12.2;7.4;2.54;10761;0.49;229;18.8;5.4
6806.21;3684;3697;C2-R2b;10.07.2025;28;10.07.2025 19:01;86.8;12.0;7.5;2.41;10319;0.50;220;18.2;5.4
6808.01;3685;3698;C1-R1;10.07.2025;28;10.07.2025 20:06;81.0;11.2;7.5;2.18;10073;0.51;214;19.1;5.0
6809.81;3686;3699;C1-R1;10.07.2025;28;10.07.2025 21:05;86.1;11.9;7.5;2.33;9950;0.53;212;17.7;5.3
6811.61;3687;3700;C1-R1;10.07.2025;28;10.07.2025 21:46;83.9;11.7;7.5;2.21;9496;0.52;202;17.3;5.2
6813.41;3688;3701;C1-R1;10.07.2025;28;10.07.2025 22:19;84.0;11.6;7.5;2.23;10052;0.52;214;18.4;5.2
6815.21;3689;3702;C1-R1;10.07.2025;28;10.07.2025 22:53;86.0;11.9;7.5;2.34;10275;0.52;219;18.4;5.3
6817.01;3690;3703;C1-R1;10.07.2025;28;10.07.2025 23:26;85.8;11.9;7.5;2.34;10684;0.54;227;19.1;5.3
6818.81;3691;3704;C1-R1;11.07.2025;28;11.07.2025 00:19;69.1;12.0;6.0;1.71;7967;0.34;170;14.2;4.3
6820.61;3692;3705;C1-R1;12.07.2025;28;12.07.2025 01:06;80.9;11.2;7.5;2.46;10466;0.49;223;19.9;5.0
6822.41;3693;3706;C1-R1;12.07.2025;28;12.07.2025 01:41;86.7;12.0;7.5;2.66;11413;0.57;243;20.2;5.4
6824.21;3694;3707;C1-R1;12.07.2025;28;12.07.2025 02:15;83.8;11.5;7.5;2.54;11738;0.58;250;21.8;5.2
6826.01;3695;3708;C1-R1;12.07.2025;28;12.07.2025 02:52;82.5;11.1;7.6;2.41;11756;0.60;250;22.6;5.1
6827.81;3696;3709;C1-R1;12.07.2025;28;12.07.2025 03:32;78.2;10.6;7.6;2.31;12102;0.66;257;24.3;4.9
6829.61;3697;3710;C1-R1;12.07.2025;28;12.07.2025 04:26;80.7;11.0;7.6;2.39;12018;0.71;256;23.2;5.0
6831.41;3698;3711;C1-R1;12.07.2025;28;12.07.2025 05:02;73.9;10.3;7.5;2.11;11295;0.66;240;23.4;4.6
6833.21;3699;3712;C1-R1;12.07.2025;28;12.07.2025 05:42;69.4;11.0;6.5;1.93;9569;0.56;204;18.4;4.3
6835.01;3700;3713;C1-R1;12.07.2025;28;12.07.2025 18:27;78.3;10.7;7.7;2.42;10638;0.74;226;21.2;4.9
6836.81;3701;3714;C1-R1;12.07.2025;28;12.07.2025 19:11;81.8;11.0;7.7;2.39;10937;0.71;233;21.2;5.1
6838.61;3702;3715;C1-R1;12.07.2025;28;12.07.2025 20:05;82.7;11.2;7.7;2.39;11473;0.69;244;21.9;5.2
6840.41;3703;3716;C1-R1;12.07.2025;28;12.07.2025 20:38;79.5;10.8;7.7;2.27;11894;0.66;253;23.5;5.0
6842.21;3704;3717;C1-R1;12.07.2025;28;12.07.2025 21:48;84.9;11.4;7.7;2.48;11911;0.73;253;22.3;5.3
6844.01;3705;3718;C1-R1;12.07.2025;28;12.07.2025 22:22;81.0;10.9;7.7;2.25;11408;0.70;243;22.3;5.0
6845.81;3706;3719;C1-R1;12.07.2025;28;12.07.2025 22:56;77.3;10.4;7.7;2.44;12202;0.81;260;25.1;4.8
6847.61;3707;3720;C1-R1;12.07.2025;28;12.07.2025 23:32;81.0;10.9;7.7;2.62;12382;0.85;263;24.1;5.0
6849.41;3708;3721;C1-R1;13.07.2025;28;13.07.2025 00:06;86.5;11.6;7.7;2.52;11878;0.81;253;21.9;5.3
6851.21;3709;3722;C1-R1;13.07.2025;28;13.07.2025 00:38;76.7;11.6;7.0;1.82;8517;0.53;181;15.6;4.9
6853.01;3710;3723;C1-R1;14.07.2025;29;14.07.2025 17:14;81.1;11.0;7.6;2.30;9902;0.56;211;19.1;5.0
6854.81;3711;3724;C1-R1;14.07.2025;29;14.07.2025 18:02;83.2;10.8;8.1;2.26;10507;0.64;224;20.8;5.2
6856.61;3712;3725;C1-R1;14.07.2025;29;14.07.2025 18:38;77.7;10.4;7.8;2.33;11544;0.76;246;23.6;4.8
6858.41;3713;3726;C1-R1;14.07.2025;29;14.07.2025 19:13;80.7;10.9;7.7;2.44;12172;0.77;259;23.8;5.0
6860.21;3714;3727;C1-R1;14.07.2025;29;14.07.2025 19:48;82.4;11.0;7.7;2.42;12083;0.74;257;23.5;5.1
6862.01;3715;3728;C1-R1;14.07.2025;29;14.07.2025 20:22;82.3;10.9;7.8;2.40;11776;0.74;251;22.9;5.1
6863.81;3716;3729;C1-R1;14.07.2025;29;14.07.2025 21:13;80.7;10.8;7.8;2.37;11991;0.74;255;23.7;5.0
6865.61;3717;3730;C1-R1;14.07.2025;29;14.07.2025 22:07;81.0;10.8;7.8;2.41;11932;0.75;254;23.5;5.0
6867.41;3718;3731;C1-R1;14.07.2025;29;14.07.2025 22:54;71.5;9.5;7.8;2.14;11810;0.69;251;26.6;4.4
6869.21;3719;3732;C1-R1;14.07.2025;29;14.07.2025 23:32;67.4;9.2;7.4;1.84;10063;0.56;214;23.2;4.1
6871.01;3720;3733;C1-R1;15.07.2025;29;15.07.2025 06:56;77.0;10.2;7.8;2.23;10604;0.64;226;22.1;4.8
6872.81;3721;3734;C1-R1;15.07.2025;29;15.07.2025 07:30;81.0;10.6;7.9;2.35;11160;0.73;237;22.4;5.0
6874.61;3722;3735;C1-R1;15.07.2025;29;15.07.2025 08:03;85.0;11.1;7.9;2.36;11451;0.76;244;21.9;5.3
6876.41;3723;3736;C1-R1;15.07.2025;29;15.07.2025 08:35;87.0;11.4;7.9;2.34;11288;0.71;240;21.2;5.4
6878.21;3724;3737;C1-R1;15.07.2025;29;15.07.2025 09:07;88.4;11.5;7.9;2.35;10907;0.66;232;20.2;5.5
6880.01;3725;3738;C1-R1;15.07.2025;29;15.07.2025 10:13;87.8;11.7;7.8;2.17;10049;0.54;214;18.4;5.5
6881.81;3726;3739;C1-R1;15.07.2025;29;15.07.2025 10:45;81.7;14.2;6.1;1.93;7871;0.27;167;11.8;5.2
6883.61;3727;3740;C1-R1;15.07.2025;29;15.07.2025 11:17;70.8;13.9;5.3;1.56;6977;0.17;148;10.7;4.5
6885.41;3728;3741;C1-R1;15.07.2025;29;15.07.2025 11:52;65.2;14.1;4.9;1.20;5601;0.11;119;8.4;4.2
6887.21;3729;3742;C1-R1;15.07.2025;29;15.07.2025 12:54;61.9;12.1;5.1;1.26;5768;0.15;123;10.2;3.7
6889.01;3730;3743;C1-R1;16.07.2025;29;16.07.2025 01:14;79.6;11.6;7.1;1.60;6132;0.36;130;11.2;5.0
6890.81;3731;3744;C1-R1;16.07.2025;29;16.07.2025 01:55;80.9;11.8;7.1;1.57;7685;0.34;164;13.9;5.0
6892.61;3732;3745;C1-R1;16.07.2025;29;16.07.2025 02:41;85.4;12.5;7.1;1.62;7553;0.34;161;12.8;5.3
6894.41;3733;3746;C1-R1;16.07.2025;29;16.07.2025 03:34;81.6;13.0;6.6;1.26;5915;0.23;126;9.7;5.2
6896.21;3734;3747;C1-R1;16.07.2025;29;16.07.2025 05:48;76.8;13.3;6.0;1.41;5736;0.27;122;9.2;4.8
6898.01;3735;3748;C1-R1;16.07.2025;29;16.07.2025 06:38;78.0;12.9;6.3;1.96;7702;0.30;164;12.7;4.9
6899.81;3736;3749;C1-R1;16.07.2025;29;16.07.2025 07:23;82.0;12.0;7.1;2.05;8028;0.30;171;14.3;5.1
6901.61;3737;3750;C1-R1;16.07.2025;29;16.07.2025 08:18;88.1;12.5;7.3;2.04;8457;0.35;180;14.4;5.4
6903.41;3738;3751;C1-R1;16.07.2025;29;16.07.2025 08:51;85.7;12.1;7.3;2.01;8748;0.37;186;15.4;5.3
6905.21;3739;3752;C1-R1;16.07.2025;29;16.07.2025 09:24;75.1;12.6;6.3;1.69;7747;0.29;165;13.0;4.8
6907.01;3740;3753;C1-R1;16.07.2025;29;16.07.2025 16:42;77.5;11.9;6.7;1.96;7556;0.21;161;13.5;4.8
6908.81;3741;3754;C1-R1;16.07.2025;29;16.07.2025 17:38;84.3;12.5;7.0;2.14;8588;0.25;183;14.6;5.2
6910.61;3742;3755;C1-R1;16.07.2025;29;16.07.2025 18:22;87.2;12.7;7.1;2.17;9176;0.29;195;15.4;5.4
6912.41;3743;3756;C1-R1;16.07.2025;29;16.07.2025 19:00;84.0;12.3;7.1;2.07;9221;0.28;196;16.0;5.2
6914.21;3744;3757;C1-R1;16.07.2025;29;16.07.2025 19:53;83.5;11.9;7.3;2.00;9214;0.36;196;16.5;5.2
6916.01;3745;3758;C1-R1;16.07.2025;29;16.07.2025 20:39;88.9;12.5;7.3;2.25;8998;0.35;191;15.3;5.5
6917.81;3746;3759;C1-R1;16.07.2025;29;16.07.2025 21:10;87.5;12.4;7.3;2.10;8102;0.35;172;13.9;5.4
6919.61;3747;3760;C1-R1;16.07.2025;29;16.07.2025 21:43;89.5;12.7;7.3;2.07;8392;0.35;179;14.0;5.5
6921.41;3748;3761;C1-R1;16.07.2025;29;16.07.2025 22:14;89.6;12.8;7.2;1.93;7424;0.31;158;12.3;5.6
6923.21;3749;3762;C1-R1;16.07.2025;29;16.07.2025 22:50;76.5;12.6;6.3;1.25;4995;0.18;106;8.4;4.8
6925.01;3750;3763;C1-R1;18.07.2025;29;18.07.2025 01:50;87.0;13.7;6.6;1.58;6167;0.18;131;9.6;5.4
6926.81;3751;3764;C1-R1;18.07.2025;29;18.07.2025 02:21;89.7;13.2;7.0;1.63;6420;0.25;137;10.4;5.5
6928.61;3752;3765;C1-R1;18.07.2025;29;18.07.2025 03:04;83.5;12.2;7.1;1.64;6961;0.26;148;12.2;5.2
6930.41;3753;3766;C1-R1;18.07.2025;29;18.07.2025 03:37;93.0;13.6;7.1;1.86;7350;0.27;156;11.5;5.8
6932.21;3754;3767;C1-R1;18.07.2025;29;18.07.2025 04:24;84.6;11.5;7.6;1.85;8383;0.48;178;15.5;5.3
6934.01;3755;3768;C1-R1;18.07.2025;29;18.07.2025 05:08;79.2;10.3;8.0;2.02;10294;0.52;219;21.3;4.9
6935.81;3756;3769;C1-R1;18.07.2025;29;18.07.2025 05:41;78.9;10.2;8.0;2.30;11930;0.62;254;24.8;4.9
6937.61;3757;3770;C1-R1;18.07.2025;29;18.07.2025 06:15;81.7;10.5;8.0;2.54;13102;0.69;279;26.5;5.1
6939.41;3758;3771;C1-R1;;1;;;;;;;;;;
6941.21;3759;3772;C1-R1;18.07.2025;29;18.07.2025 06:49;73.8;10.7;7.3;2.01;10008;0.53;213;19.9;4.7
6943.01;3760;3773;C1-R1;18.07.2025;29;18.07.2025 15:45;74.3;9.9;7.9;2.47;11453;0.57;244;24.7;4.7
6944.81;3761;3774;C1-R1;18.07.2025;29;18.07.2025 16:30;85.5;11.1;8.0;2.73;12109;0.71;258;23.3;5.3
6946.61;3762;3775;C2-R2b;18.07.2025;29;18.07.2025 17:03;81.0;10.6;8.0;2.59;12761;0.72;272;25.5;5.1
6948.41;3763;3776;C1-R1;18.07.2025;29;18.07.2025 17:37;84.3;11.0;8.0;2.65;13031;0.71;277;25.3;5.3
6950.21;3764;3777;C1-R1;18.07.2025;29;18.07.2025 18:11;84.7;11.0;8.0;2.66;12871;0.72;274;24.9;5.2
6952.01;3765;3778;C1-R1;18.07.2025;29;18.07.2025 19:01;79.2;10.3;8.0;2.51;12926;0.69;275;26.6;4.9
6953.81;3766;3779;C1-R1;18.07.2025;29;18.07.2025 19:37;80.7;10.4;8.0;2.56;12960;0.66;276;26.5;5.0
6955.61;3767;3780;C1-R1;18.07.2025;29;18.07.2025 20:15;83.2;10.7;8.0;2.61;12871;0.67;274;25.6;5.1
6957.41;3768;3781;C1-R1;18.07.2025;29;18.07.2025 20:48;85.8;11.0;8.0;2.68;12682;0.70;270;24.5;5.3
6959.21;3769;3782;C1-R1;18.07.2025;29;18.07.2025 21:20;70.7;10.9;6.6;1.97;9699;0.50;206;18.9;4.3
6961.01;3770;3783;C1-R1;19.07.2025;29;19.07.2025 05:51;82.5;10.7;8.0;2.50;10890;0.59;232;21.7;5.1
6962.81;3771;3784;C1-R1;19.07.2025;29;19.07.2025 06:25;87.4;11.5;7.9;2.59;10564;0.61;225;19.5;5.4
6964.61;3772;3785;C1-R1;19.07.2025;29;19.07.2025 09:55;88.4;12.9;7.1;2.64;10423;0.31;222;17.2;5.5
6966.41;3773;3786;C1-R1;19.07.2025;29;19.07.2025 10:28;87.8;13.4;6.8;2.45;9635;0.25;205;15.3;5.4
6968.21;3774;3787;C1-R1;19.07.2025;29;19.07.2025 11:00;86.6;14.3;6.3;2.30;9480;0.22;202;14.1;5.4
6970.01;3775;3788;C1-R1;19.07.2025;29;19.07.2025 11:45;89.9;16.3;5.7;2.22;7926;0.19;169;10.3;5.6
6971.81;3776;3789;C1-R1;19.07.2025;29;19.07.2025 12:23;87.2;15.8;5.7;2.03;7345;0.18;156;9.9;5.4
6973.61;3777;3790;C1-R1;19.07.2025;29;19.07.2025 13:13;75.9;14.7;5.3;1.72;6460;0.15;137;9.4;4.7
6975.41;3778;3791;C1-R1;19.07.2025;29;19.07.2025 22:14;84.5;11.7;7.5;1.75;6790;0.41;144;12.4;5.3
6977.21;3779;3792;C1-R1;19.07.2025;29;19.07.2025 22:33;85.3;11.7;7.5;1.91;8074;0.51;172;14.6;5.3
6979.01;3780;3793;C1-R1;19.07.2025;29;19.07.2025 23:05;88.7;12.2;7.5;1.94;8378;0.47;178;14.6;5.5
6980.81;3781;3794;C1-R1;19.07.2025;29;19.07.2025 23:37;91.3;12.5;7.5;1.85;7741;0.46;165;13.2;5.6
6982.61;3782;3795;C1-R1;20.07.2025;29;20.07.2025 00:08;76.4;12.5;6.4;1.29;6017;0.31;128;10.3;4.8
6984.41;3783;3796;C2-R3;21.07.2025;30;21.07.2025 10:28;80.2;12.9;6.5;1.89;7364;0.19;157;12.1;5.0
6986.21;3784;3797;C2-R3;21.07.2025;30;21.07.2025 11:10;81.7;13.0;6.5;2.19;9300;0.21;198;15.2;5.1
6988.01;3785;3798;C2-R3;21.07.2025;30;21.07.2025 11:43;83.3;12.5;6.9;2.18;10226;0.35;218;17.4;5.2
6989.81;3786;3799;C2-R3;21.07.2025;30;21.07.2025 12:15;86.3;11.7;7.5;1.96;9605;0.56;204;17.4;5.3
6991.61;3787;3800;C2-R3;21.07.2025;30;21.07.2025 13:38;77.1;11.6;6.9;1.58;7443;0.31;158;13.7;4.8
6993.41;3788;3801;C2-R3;22.07.2025;30;22.07.2025 02:30;84.1;12.8;6.8;1.43;6030;0.13;128;10.0;5.2
6995.21;3789;3802;C2-R3;22.07.2025;30;22.07.2025 06:22;73.7;12.3;6.3;1.33;5805;0.12;124;10.1;4.6
6997.01;3790;3803;C2-R3;22.07.2025;30;22.07.2025 09:20;80.6;14.6;5.7;1.46;6040;0.11;129;8.8;5.0
6998.81;3791;3804;C2-R3;22.07.2025;30;22.07.2025 11:05;77.6;15.2;5.3;1.42;5043;0.10;107;7.1;4.8
7000.61;3792;3805;C2-R3;22.07.2025;30;22.07.2025 13:25;76.2;15.5;5.1;1.42;4650;0.12;99;6.4;4.8
7002.41;3793;3806;C2-R3;22.07.2025;30;22.07.2025 15:12;74.9;15.0;5.2;1.40;5258;0.11;112;7.5;4.6
7004.21;3794;3807;C2-R3;22.07.2025;30;22.07.2025 16:14;79.2;14.8;5.6;1.52;6163;0.25;131;8.9;4.9
7006.01;3795;3808;C2-R3;22.07.2025;30;22.07.2025 17:00;75.8;12.8;6.1;1.32;5886;0.31;125;9.8;4.7
7007.81;3796;3809;C2-R3;23.07.2025;30;23.07.2025 04:38;84.1;13.3;6.5;1.50;5913;0.42;126;9.4;5.2
7009.61;3797;3810;C2-R3;23.07.2025;30;23.07.2025 05:27;83.6;13.3;6.5;1.41;5590;0.43;119;8.9;5.2
7011.41;3798;3811;C2-R3;23.07.2025;30;23.07.2025 06:16;80.9;12.9;6.5;1.57;7017;0.58;149;11.5;5.0
7013.21;3799;3812;C2-R3;23.07.2025;30;23.07.2025 07:08;84.8;13.6;6.5;1.43;6580;0.51;140;10.3;5.3
7015.01;3800;3813;C1-R1;23.07.2025;30;23.07.2025 07:42;86.8;14.9;6.0;1.40;6412;0.30;136;9.2;5.3
7016.81;3801;3814;C1-R1;23.07.2025;30;23.07.2025 08:26;80.7;13.6;6.2;1.60;6960;0.16;148;10.9;5.0
7018.61;3802;3815;C1-R1;23.07.2025;30;23.07.2025 09:01;86.0;13.6;6.5;1.88;7396;0.19;157;11.6;5.3
7020.41;3803;3816;C1-R1;23.07.2025;30;23.07.2025 09:32;83.5;13.2;6.5;1.98;7733;0.19;165;12.4;5.2
7022.21;3804;3817;C1-R1;23.07.2025;30;23.07.2025 10:12;85.7;13.6;6.5;2.02;7712;0.19;164;12.1;5.3
7024.01;3805;3818;C1-R1;23.07.2025;30;23.07.2025 11:11;81.9;13.1;6.5;1.70;6517;0.15;139;10.6;5.1
7025.81;3806;3819;C1-R1;23.07.2025;30;23.07.2025 23:13;79.2;11.6;7.0;1.65;6391;0.23;136;11.7;4.9
7027.61;3807;3820;C1-R1;23.07.2025;30;23.07.2025 23:49;85.0;12.2;7.3;1.70;6724;0.29;143;11.7;5.3
7029.41;3808;3821;C1-R1;24.07.2025;30;24.07.2025 00:21;86.9;12.4;7.3;1.87;7282;0.36;155;12.5;5.4
7031.21;3809;3822;C1-R1;24.07.2025;30;24.07.2025 00:53;81.6;11.8;7.3;1.74;6988;0.33;149;12.6;5.1
7033.01;3810;3823;C1-R1;24.07.2025;30;24.07.2025 01:26;85.1;12.1;7.2;1.80;7373;0.35;157;13.0;5.3
7034.81;3811;3824;C1-R1;24.07.2025;30;24.07.2025 01:59;85.0;12.2;7.2;1.85;7740;0.35;165;13.6;5.3
7036.61;3812;3825;C1-R1;24.07.2025;30;24.07.2025 03:38;86.7;12.4;7.2;1.94;7836;0.33;167;13.4;5.4
7038.41;3813;3826;C1-R1;24.07.2025;30;24.07.2025 04:10;85.6;12.3;7.2;1.99;8115;0.32;173;14.1;5.3
7040.21;3814;3827;C1-R1;24.07.2025;30;24.07.2025 04:42;86.1;12.3;7.2;1.97;8004;0.31;170;13.8;5.3
7042.01;3815;3828;C1-R1;24.07.2025;30;24.07.2025 05:15;72.5;12.1;6.3;1.41;5811;0.22;124;10.2;4.6
7043.81;3816;3829;C1-R1;24.07.2025;30;24.07.2025 15:46;78.3;11.6;7.0;1.91;7465;0.24;159;13.6;4.9
7045.61;3817;3830;C1-R1;24.07.2025;30;24.07.2025 16:39;86.5;12.8;7.0;1.96;7867;0.24;167;13.1;5.4
7047.41;3818;3831;C2-R2b;24.07.2025;30;24.07.2025 17:11;78.0;11.6;7.0;1.70;7796;0.23;166;14.3;4.9
7049.21;3819;3832;C1-R1;24.07.2025;30;24.07.2025 18:09;85.2;12.6;7.0;1.84;7295;0.25;155;12.3;5.3
7051.01;3820;3833;C1-R1;24.07.2025;30;24.07.2025 18:54;83.6;12.1;7.2;1.76;6525;0.32;139;11.5;5.2
7052.81;3821;3834;C1-R1;24.07.2025;30;24.07.2025 19:31;79.6;11.4;7.4;1.86;6985;0.40;149;13.1;5.0
7054.61;3822;3835;C1-R1;24.07.2025;30;24.07.2025 20:13;80.0;11.0;7.5;2.01;8439;0.60;180;16.3;5.0
7056.41;3823;3836;C1-R1;24.07.2025;30;24.07.2025 20:53;83.3;11.5;7.6;2.04;8122;0.59;173;15.0;5.2
7058.21;3824;3837;C1-R1;24.07.2025;30;24.07.2025 21:27;80.3;11.1;7.5;1.97;8232;0.56;175;15.8;5.0
7060.01;3825;3838;C1-R1;24.07.2025;30;24.07.2025 22:03;71.8;10.8;6.7;1.56;6965;0.38;148;13.7;4.3
7061.81;3826;3839;C1-R1;25.07.2025;30;25.07.2025 13:38;79.6;11.8;7.0;2.14;8528;0.27;181;15.3;5.0
7063.61;3827;3840;C1-R1;25.07.2025;30;25.07.2025 14:21;85.9;12.7;7.0;2.26;9358;0.29;199;15.7;5.3
7065.41;3828;3841;C1-R1;25.07.2025;30;25.07.2025 15:00;84.4;12.5;7.0;2.28;9282;0.28;197;15.8;5.2
7067.21;3829;3842;C1-R1;25.07.2025;30;25.07.2025 15:57;87.0;12.6;7.1;2.18;9584;0.32;204;16.2;5.4
7069.01;3830;3843;C1-R1;25.07.2025;30;25.07.2025 16:33;85.0;12.4;7.1;2.08;9046;0.30;192;15.6;5.3
7070.81;3831;3844;C1-R1;25.07.2025;30;25.07.2025 17:24;85.8;12.6;7.0;2.16;9187;0.27;195;15.5;5.3
7072.61;3832;3845;C1-R1;25.07.2025;30;25.07.2025 19:13;84.3;12.5;7.0;2.18;8311;0.26;177;14.2;5.3
7074.41;3833;3846;C1-R1;25.07.2025;30;25.07.2025 20:01;74.4;11.0;7.1;1.85;7784;0.29;166;15.1;4.6
7076.21;3834;3847;C1-R1;26.07.2025;30;26.07.2025 07:27;0.3;0.0;7.3;0.45;1788;0.02;38;;0.0
7078.01;3835;3848;C1-R1;26.07.2025;30;26.07.2025 07:27;86.7;12.0;7.5;2.31;9521;0.49;203;16.9;5.4
7079.81;3836;3849;C1-R1;26.07.2025;30;26.07.2025 07:58;79.1;11.0;7.5;2.10;9701;0.48;206;18.8;4.9
7081.61;3837;3850;C1-R1;26.07.2025;30;26.07.2025 08:36;83.9;11.6;7.5;2.29;10456;0.51;222;19.1;5.2
7083.41;3838;3851;C1-R1;26.07.2025;30;26.07.2025 09:08;84.4;11.7;7.5;2.41;10951;0.54;233;20.0;5.2
7085.21;3839;3852;C1-R1;26.07.2025;30;26.07.2025 09:40;83.2;11.6;7.5;2.44;10587;0.55;225;19.4;5.2
7087.01;3840;3853;C1-R1;26.07.2025;30;26.07.2025 10:23;84.9;11.7;7.5;2.54;11463;0.56;244;20.8;5.2
7088.81;3841;3854;C1-R1;26.07.2025;30;26.07.2025 10:55;83.7;11.5;7.5;2.54;11659;0.59;248;21.6;5.2
7090.61;3842;3855;C1-R1;26.07.2025;30;26.07.2025 11:27;81.8;11.0;7.7;2.43;11837;0.65;252;23.0;5.1
7092.41;3843;3856;C1-R1;26.07.2025;30;26.07.2025 12:00;74.2;10.6;7.4;2.00;9662;0.52;206;19.5;4.7
7094.21;3844;3857;C1-R1;26.07.2025;30;26.07.2025 23:08;84.9;11.9;7.4;2.67;10745;0.48;229;19.2;5.3
7096.01;3845;3858;C1-R1;26.07.2025;30;26.07.2025 23:41;88.1;12.3;7.4;2.72;11744;0.50;250;20.3;5.5
7097.81;3846;3859;C1-R1;27.07.2025;30;27.07.2025 00:42;86.8;12.1;7.4;2.49;10859;0.48;231;19.0;5.4
7099.61;3847;3860;C1-R1;27.07.2025;30;27.07.2025 01:16;83.3;11.8;7.3;2.14;9480;0.40;202;17.1;5.2
7101.41;3848;3861;C1-R1;28.07.2025;31;28.07.2025 09:56;76.3;11.1;7.2;2.61;11277;0.45;240;21.7;4.8
7103.21;3849;3862;C1-R1;28.07.2025;31;28.07.2025 12:10;77.0;10.8;7.4;2.56;11903;0.62;253;23.4;4.8
7105.01;3850;3863;C1-R1;28.07.2025;31;28.07.2025 14:39;73.1;10.3;7.5;2.50;12240;0.62;260;25.3;4.6
7106.81;3851;3864;C1-R1;28.07.2025;31;28.07.2025 15:18;76.7;10.6;7.5;2.56;12484;0.68;266;25.1;4.8
7108.61;3852;3865;C1-R1;28.07.2025;31;28.07.2025 15:57;72.7;10.1;7.5;2.40;11982;0.69;255;25.3;4.5
7110.41;3853;3866;C1-R1;28.07.2025;31;28.07.2025 16:34;74.0;11.4;7.0;2.09;10431;0.55;222;19.5;4.8
7112.21;3854;3867;C1-R1;29.07.2025;31;29.07.2025 02:42;84.2;10.8;7.9;2.59;11707;0.62;249;23.0;5.2
7114.01;3855;3868;C1-R1;29.07.2025;31;29.07.2025 03:29;88.2;11.4;8.0;2.69;12406;0.68;264;23.2;5.5
7115.81;3856;3869;C1-R1;29.07.2025;31;29.07.2025 04:03;86.5;11.1;8.0;2.47;11905;0.65;253;22.8;5.3
7117.61;3857;3870;C2-R3;29.07.2025;31;29.07.2025 04:35;83.5;10.8;8.0;2.29;11552;0.60;246;22.8;5.2
7119.41;3858;3871;C2-R3;29.07.2025;31;29.07.2025 05:07;85.7;11.0;8.0;2.37;11634;0.73;248;22.5;5.3
7121.21;3859;3872;C2-R3;29.07.2025;31;29.07.2025 05:39;82.4;10.6;8.0;2.29;11923;0.71;254;23.8;5.1
7123.01;3860;3873;C2-R3;29.07.2025;31;29.07.2025 06:32;83.5;10.8;8.0;1.98;9890;0.58;210;19.4;5.2
7124.81;3861;3874;C2-R3;29.07.2025;31;29.07.2025 07:21;85.5;12.1;7.4;1.85;8866;0.56;189;15.6;5.4
7126.61;3862;3875;C2-R3;29.07.2025;31;29.07.2025 07:54;84.7;13.2;6.7;1.83;7900;0.40;168;12.8;5.3
7128.41;3863;3876;C2-R3;29.07.2025;31;29.07.2025 08:43;82.6;12.9;6.7;1.59;7797;0.35;166;12.9;5.2
7130.21;3864;3877;C2-R3;29.07.2025;31;29.07.2025 09:30;87.8;13.6;6.7;1.70;7345;0.36;156;11.5;5.5
7132.01;3865;3878;C2-R3;29.07.2025;31;29.07.2025 12:36;78.6;13.7;6.1;1.36;5146;0.19;109;8.0;5.0
7133.81;3866;3879;C2-R3;29.07.2025;31;29.07.2025 13:56;79.8;16.1;5.3;1.40;5049;0.13;107;6.7;5.1
7135.61;3867;3880;C1-R1;29.07.2025;31;29.07.2025 14:57;77.1;16.7;4.9;1.52;5248;0.10;112;6.7;4.9
7137.41;3868;3881;C1-R1;30.07.2025;31;30.07.2025 06:17;78.8;20.4;4.0;2.39;7301;0.16;155;7.6;4.9
7139.21;3869;3882;C1-R1;30.07.2025;31;30.07.2025 06:54;81.5;18.7;4.5;2.45;7927;0.28;169;9.0;5.0
7141.01;3870;3883;C1-R1;30.07.2025;31;30.07.2025 07:28;65.0;13.4;5.1;1.96;7382;0.16;157;11.7;4.1
7142.81;3871;3884;C1-R1;30.07.2025;31;30.07.2025 11:26;79.2;14.5;5.7;2.31;8619;0.18;183;12.7;4.9
7144.61;3872;3885;C1-R1;30.07.2025;31;30.07.2025 12:02;78.3;13.7;5.9;2.18;8530;0.18;181;13.2;4.9
7146.41;3873;3886;C1-R1;30.07.2025;31;30.07.2025 12:56;80.6;13.0;6.4;1.96;7876;0.19;168;12.9;5.0
7148.21;3874;3887;C1-R1;30.07.2025;31;30.07.2025 13:30;80.8;16.9;5.1;2.06;7217;0.20;154;9.1;5.2
7150.01;3875;3888;C1-R1;30.07.2025;31;30.07.2025 14:04;79.1;12.6;6.5;1.86;7785;0.20;166;13.1;4.9
7151.81;3876;3889;C1-R1;30.07.2025;31;30.07.2025 15:02;75.3;11.4;6.9;1.88;8423;0.22;179;15.8;4.7
7153.61;3877;3890;C1-R1;30.07.2025;31;30.07.2025 15:43;77.9;11.6;7.0;2.03;8944;0.25;190;16.4;4.9
7155.41;3878;3891;C1-R1;30.07.2025;31;30.07.2025 16:47;81.2;12.0;7.0;2.22;8850;0.25;188;15.6;5.0
7157.21;3879;3892;C1-R1;30.07.2025;31;30.07.2025 17:21;79.4;11.8;7.0;2.23;9152;0.25;195;16.5;4.9
7159.01;3880;3893;C1-R1;30.07.2025;31;30.07.2025 17:55;78.5;11.6;7.1;2.19;9434;0.27;201;17.3;4.9
7160.81;3881;3894;C1-R1;30.07.2025;31;30.07.2025 18:48;78.7;12.9;6.7;1.93;8422;0.28;179;13.8;5.2
7162.61;3882;3895;C1-R1;31.07.2025;31;31.07.2025 04:29;76.9;10.9;7.2;2.20;9296;0.30;198;18.1;4.7
7164.41;3883;3896;C1-R1;31.07.2025;31;31.07.2025 05:03;82.1;11.8;7.2;2.31;9800;0.31;209;17.7;5.1
7166.21;3884;3897;C1-R1;31.07.2025;31;31.07.2025 05:35;78.6;11.3;7.2;2.20;9681;0.34;206;18.2;4.9
7168.01;3885;3898;C1-R1;31.07.2025;31;31.07.2025 06:09;80.0;11.5;7.2;2.19;9671;0.32;206;17.9;5.0
7169.81;3886;3899;C1-R1;31.07.2025;31;31.07.2025 06:46;82.0;11.8;7.2;2.28;9486;0.32;202;17.1;5.1
7171.61;3887;3900;C1-R1;31.07.2025;31;31.07.2025 07:19;82.6;11.9;7.2;2.28;9547;0.34;203;17.1;5.2
7173.41;3888;3901;C1-R1;31.07.2025;31;31.07.2025 07:52;81.0;11.6;7.2;2.22;9948;0.50;212;18.2;5.0
7175.21;3889;3902;C1-R1;31.07.2025;31;31.07.2025 08:26;81.5;11.7;7.2;2.10;9703;0.56;206;17.7;5.1
7177.01;3890;3903;C1-R1;31.07.2025;31;31.07.2025 09:00;82.9;11.9;7.2;2.18;9689;0.39;206;17.4;5.1
7178.81;3891;3904;C1-R1;31.07.2025;31;31.07.2025 09:52;76.4;10.9;7.2;2.12;9950;0.35;212;19.4;4.7
7180.61;3892;3905;C1-R1;31.07.2025;31;31.07.2025 10:33;76.9;11.1;7.2;2.16;9115;0.34;194;17.5;4.8
7182.41;3893;3906;C1-R1;31.07.2025;31;31.07.2025 11:58;80.9;11.6;7.2;2.30;9933;0.36;211;18.2;5.0
7184.21;3894;3907;C2-R2b;31.07.2025;31;31.07.2025 12:43;81.1;11.6;7.2;2.32;10034;0.35;213;18.4;5.0
7186.01;3895;3908;C1-R1;31.07.2025;31;31.07.2025 13:16;85.7;15.0;6.5;2.11;9180;0.29;195;13.0;5.9
7187.81;3896;3909;C1-R1;31.07.2025;31;31.07.2025 23:24;84.5;12.2;7.2;2.41;9810;0.33;209;17.1;5.2
7189.61;3897;3910;C1-R1;01.08.2025;31;01.08.2025 00:35;84.9;12.3;7.1;2.43;10441;0.33;222;18.1;5.3
7191.41;3898;3911;C1-R1;01.08.2025;31;01.08.2025 01:14;81.9;11.8;7.1;2.29;9862;0.33;210;17.7;5.1
7193.21;3899;3912;C1-R1;01.08.2025;31;01.08.2025 01:49;83.9;11.8;7.3;2.33;10240;0.41;218;18.4;5.2
7195.01;3900;3913;C1-R1;01.08.2025;31;01.08.2025 02:27;80.3;11.4;7.3;2.14;9579;0.42;204;17.8;5.0
7196.81;3901;3914;C1-R1;01.08.2025;31;01.08.2025 03:29;82.4;11.8;7.2;2.35;10362;0.34;220;18.7;5.1
7198.61;3902;3915;C1-R1;01.08.2025;31;01.08.2025 04:01;84.1;12.1;7.2;2.42;10474;0.35;223;18.4;5.2
7200.41;3903;3916;C1-R1;01.08.2025;31;01.08.2025 04:33;84.6;12.2;7.1;2.51;10336;0.38;220;18.0;5.2
7202.21;3904;3917;C1-R1;01.08.2025;31;01.08.2025 05:31;76.0;11.2;7.0;2.25;10094;0.43;215;19.2;4.7
7204.01;3905;3918;C1-R1;01.08.2025;31;01.08.2025 07:01;79.6;11.6;7.1;2.43;10424;0.51;222;19.1;5.0
7205.81;3906;3919;C1-R1;01.08.2025;31;01.08.2025 07:39;80.4;11.8;7.1;2.37;10400;0.55;221;18.7;5.0
7207.61;3907;3920;C1-R1;01.08.2025;31;01.08.2025 08:20;82.3;12.0;7.1;2.37;10068;0.61;214;17.9;5.1
7209.41;3908;3921;C1-R1;01.08.2025;31;01.08.2025 08:54;81.9;12.0;7.1;2.19;10251;0.56;218;18.2;5.1
7211.21;3909;3922;C1-R1;01.08.2025;31;01.08.2025 09:45;82.7;13.1;6.8;1.65;7958;0.42;169;13.0;5.3
7213.01;3910;3923;C1-R1;01.08.2025;31;01.08.2025 19:37;81.6;12.4;7.0;1.76;8543;0.40;182;14.6;5.2
7214.81;3911;3924;C1-R1;01.08.2025;31;01.08.2025 19:53;80.9;12.2;6.9;1.62;7518;0.38;160;13.1;5.1
7216.61;3912;3925;C1-R1;01.08.2025;31;01.08.2025 20:38;78.6;15.4;5.3;2.25;9034;0.35;192;12.5;4.9
7218.41;3913;3926;C1-R1;01.08.2025;31;01.08.2025 21:11;78.1;15.3;5.6;1.97;8759;0.30;186;12.1;5.1
7220.21;3914;3927;C1-R1;02.08.2025;31;02.08.2025 04:49;77.0;11.6;6.9;2.28;10592;0.43;225;19.4;4.8
7222.01;3915;3928;C1-R1;02.08.2025;31;02.08.2025 05:32;80.3;11.4;7.3;2.33;10859;0.46;231;20.2;5.0
7223.81;3916;3929;C1-R1;02.08.2025;31;02.08.2025 06:08;78.3;11.1;7.3;2.35;11194;0.47;238;21.4;4.9
7225.61;3917;3930;C1-R1;02.08.2025;31;02.08.2025 06:43;78.8;11.1;7.4;2.40;11241;0.54;239;21.5;4.9
7227.41;3918;3931;C1-R1;02.08.2025;31;02.08.2025 07:22;75.7;10.2;7.7;2.22;10751;0.67;229;22.4;4.7
7229.21;3919;3932;C1-R1;02.08.2025;31;02.08.2025 07:58;77.3;12.9;6.9;1.93;9240;0.54;197;15.3;5.3
7231.01;3920;3933;C1-R1;02.08.2025;31;02.08.2025 21:04;81.9;11.1;7.6;2.43;10775;0.65;229;20.7;5.0
7232.81;3921;3934;C1-R1;02.08.2025;31;02.08.2025 21:36;81.4;10.9;7.7;2.42;10975;0.64;234;21.5;5.0
7234.61;3922;3935;C2-R2b;02.08.2025;31;02.08.2025 22:11;81.0;10.4;8.1;2.31;11317;0.62;241;23.3;5.0
7236.41;3923;3936;C1-R1;02.08.2025;31;02.08.2025 22:43;83.1;10.6;8.1;2.36;11657;0.67;248;23.4;5.1
7238.21;3924;3937;C1-R1;02.08.2025;31;02.08.2025 23:22;81.1;10.3;8.1;2.35;11622;0.67;247;24.0;5.0
7240.01;3925;3938;C1-R1;03.08.2025;31;03.08.2025 00:36;81.0;10.4;8.0;2.35;11121;0.65;237;22.8;5.0
7241.81;3926;3939;C1-R1;03.08.2025;31;03.08.2025 01:56;81.2;10.3;8.1;2.37;11514;0.63;245;23.8;5.0
7243.61;3927;3940;C1-R1;03.08.2025;31;03.08.2025 02:29;80.3;10.4;8.0;2.41;11846;0.66;252;24.2;5.0
7245.41;3928;3941;C1-R1;03.08.2025;31;03.08.2025 03:24;81.7;10.5;8.0;2.42;11942;0.72;254;24.3;5.0
7247.21;3929;3942;C1-R1;03.08.2025;31;03.08.2025 04:03;75.8;10.4;7.6;2.18;9627;0.53;205;19.8;4.7
7249.01;3930;3943;C2-R2b;04.08.2025;32;04.08.2025 15:46;78.4;10.9;7.5;2.55;10458;0.63;223;20.5;4.9
7250.81;3931;3944;C1-R1;04.08.2025;32;04.08.2025 16:43;80.2;11.0;7.5;2.55;11866;0.68;252;22.9;5.0
7252.61;3932;3945;C1-R1;04.08.2025;32;04.08.2025 17:41;78.8;10.4;7.8;2.37;11432;0.72;243;23.3;4.9
7254.41;3933;3946;C1-R1;04.08.2025;32;04.08.2025 18:16;79.5;10.4;7.9;2.34;11228;0.70;239;22.9;5.0
7256.21;3934;3947;C1-R1;04.08.2025;32;04.08.2025 19:25;78.8;10.0;8.1;2.26;10818;0.57;230;23.1;4.9
7258.01;3935;3948;C1-R1;04.08.2025;32;04.08.2025 20:20;80.2;10.2;8.1;2.29;11177;0.59;238;23.4;5.0
7259.81;3936;3949;C1-R1;04.08.2025;32;04.08.2025 21:09;78.8;10.0;8.2;2.20;10916;0.64;232;23.3;4.9
7261.61;3937;3950;C1-R1;04.08.2025;32;04.08.2025 21:42;76.9;10.4;7.7;2.11;9423;0.53;200;19.3;4.8
7263.41;3938;3951;C1-R1;05.08.2025;32;05.08.2025 13:50;88.5;12.6;7.3;2.80;11248;0.54;239;19.0;5.5
7265.21;3939;3952;C1-R1;05.08.2025;32;05.08.2025 14:23;87.0;11.7;7.7;2.66;12250;0.74;261;22.3;5.4
7267.01;3940;3953;C1-R1;05.08.2025;32;05.08.2025 14:56;88.1;11.7;7.8;2.57;11924;0.79;254;21.7;5.4
7268.81;3941;3954;C1-R1;05.08.2025;32;05.08.2025 15:53;88.0;11.7;7.8;2.46;11059;0.78;235;20.1;5.5
7270.61;3942;3955;C1-R1;05.08.2025;32;05.08.2025 16:27;86.5;11.5;7.8;2.43;10534;0.77;224;19.4;5.4
7272.41;3943;3956;C1-R1;;1;;;;;;;;;;
7274.21;3944;3957;C1-R1;05.08.2025;32;05.08.2025 17:00;89.4;11.8;7.8;2.49;10731;0.76;228;19.3;5.5
7276.01;3945;3958;C1-R1;05.08.2025;32;05.08.2025 18:54;76.2;10.3;7.6;1.97;9120;0.63;194;18.8;4.7
7277.81;3946;3959;C1-R1;06.08.2025;32;06.08.2025 07:54;66.7;10.6;6.6;1.85;7454;0.44;159;14.9;4.2
7279.61;3947;3960;C1-R1;06.08.2025;32;06.08.2025 10:01;82.6;12.6;6.9;2.42;9817;0.63;209;16.5;5.2
7281.41;3948;3961;C1-R1;06.08.2025;32;06.08.2025 10:34;82.3;11.5;7.4;2.35;10456;0.70;222;19.3;5.1
7283.21;3949;3962;C1-R1;06.08.2025;32;06.08.2025 11:37;83.2;11.7;7.4;2.48;11537;0.60;245;21.1;5.2
7285.01;3950;3963;C1-R1;06.08.2025;32;06.08.2025 13:43;86.5;11.7;7.7;2.54;11594;0.80;247;21.1;5.4
7286.81;3951;3964;C1-R1;06.08.2025;32;06.08.2025 14:26;88.8;11.9;7.7;2.50;11064;0.80;235;19.7;5.5
7288.61;3952;3965;C1-R1;06.08.2025;32;06.08.2025 15:16;86.9;13.4;6.9;2.12;8749;0.37;186;13.9;5.5
7290.41;3953;3966;C1-R1;06.08.2025;32;06.08.2025 15:49;84.2;12.2;7.2;2.07;8916;0.43;190;15.6;5.3
7292.21;3954;3967;C1-R1;06.08.2025;32;06.08.2025 16:22;89.5;12.5;7.4;2.25;9562;0.48;203;16.3;5.5
7294.01;3955;3968;C1-R1;06.08.2025;32;06.08.2025 16:54;82.7;13.6;6.6;1.50;6835;0.33;145;10.7;5.3
7295.81;3956;3969;C1-R1;07.08.2025;32;07.08.2025 04:11;81.3;11.9;7.0;1.72;7055;0.28;150;12.6;5.0
7297.61;3957;3970;C1-R1;07.08.2025;32;07.08.2025 04:43;79.6;11.8;7.0;1.73;7214;0.28;153;13.1;4.9
7299.41;3958;3971;C2-R2b;07.08.2025;32;07.08.2025 06:19;76.2;11.4;7.0;1.70;7412;0.28;158;13.9;4.8
7301.21;3959;3972;C1-R1;07.08.2025;32;07.08.2025 09:07;86.5;12.8;7.0;1.98;8373;0.31;178;13.9;5.4
7303.01;3960;3973;C1-R1;07.08.2025;32;07.08.2025 09:42;87.6;12.9;7.0;1.94;8102;0.32;172;13.3;5.4
7304.81;3961;3974;C1-R1;07.08.2025;32;07.08.2025 10:14;87.0;12.9;7.0;1.88;7357;0.30;157;12.2;5.4
7306.61;3962;3975;C1-R1;07.08.2025;32;07.08.2025 10:50;86.2;12.7;7.0;1.90;7427;0.29;158;12.5;5.3
7308.41;3963;3976;C1-R1;07.08.2025;32;07.08.2025 11:22;84.7;12.6;7.0;2.14;8899;0.27;189;15.1;5.3
7310.21;3964;3977;C1-R1;07.08.2025;32;07.08.2025 12:00;80.5;10.9;7.7;2.03;8548;0.37;182;16.7;5.0
7312.01;3965;3978;C1-R1;07.08.2025;32;07.08.2025 13:20;80.1;13.9;6.4;1.83;7896;0.27;168;12.1;5.3
7313.81;3966;3979;C1-R1;08.08.2025;32;08.08.2025 03:17;82.6;11.7;7.2;2.36;9454;0.34;201;17.1;5.1
7315.61;3967;3980;C1-R1;08.08.2025;32;08.08.2025 04:01;83.2;11.8;7.2;2.35;9673;0.36;206;17.4;5.1
7317.41;3968;3981;C1-R1;08.08.2025;32;08.08.2025 04:40;82.2;11.7;7.2;2.33;9720;0.37;207;17.7;5.1
7319.21;3969;3982;C1-R1;08.08.2025;32;08.08.2025 05:12;82.7;11.8;7.2;2.22;9611;0.37;204;17.4;5.1
7321.01;3970;3983;C1-R1;08.08.2025;32;08.08.2025 05:51;81.0;12.1;7.0;2.16;9656;0.30;205;17.0;5.0
7322.81;3971;3984;C1-R1;08.08.2025;32;08.08.2025 06:23;81.6;12.0;7.0;1.98;8789;0.28;187;15.6;5.0
7324.61;3972;3985;C1-R1;08.08.2025;32;08.08.2025 06:59;83.2;12.2;7.1;1.87;8013;0.26;170;14.0;5.2
7326.41;3973;3986;C1-R1;08.08.2025;32;08.08.2025 08:23;78.8;11.8;7.0;1.55;6703;0.20;143;12.1;5.0
7328.21;3974;3987;C1-R1;09.08.2025;32;09.08.2025 13:02;83.1;12.8;6.7;1.95;7346;0.21;156;12.2;5.2
7330.01;3975;3988;C1-R1;09.08.2025;32;09.08.2025 13:35;0.5;1.0;5.4;0.37;895;0.00;19;19.0;0.3
7331.81;3976;3989;C1-R1;09.08.2025;32;09.08.2025 13:35;84.4;13.0;6.8;1.86;7806;0.22;166;12.8;5.3
7333.61;3977;3990;C1-R1;09.08.2025;32;09.08.2025 14:45;78.6;12.2;6.7;1.76;7782;0.22;166;13.6;4.9
7335.41;3978;3991;C1-R1;09.08.2025;32;09.08.2025 15:28;82.4;12.6;6.7;1.99;7914;0.23;168;13.3;5.1
7337.21;3979;3992;C1-R1;09.08.2025;32;09.08.2025 16:01;79.5;12.3;6.7;1.94;7942;0.22;169;13.8;4.9
7339.01;3980;3993;C1-R1;09.08.2025;32;09.08.2025 16:54;78.7;12.1;6.8;1.94;8144;0.22;173;14.4;4.9
7340.81;3981;3994;C1-R1;09.08.2025;32;09.08.2025 17:28;67.4;10.7;6.6;1.71;7733;0.20;165;15.3;4.2
7342.61;3982;3995;C1-R1;09.08.2025;32;09.08.2025 18:35;72.9;11.0;6.8;1.70;7645;0.19;163;14.8;4.5
7344.41;3983;3996;C1-R1;09.08.2025;32;09.08.2025 19:10;81.1;13.9;6.4;1.41;6336;0.14;135;9.7;5.3
7346.21;3984;3997;C1-R1;11.08.2025;33;11.08.2025 10:14;79.8;11.6;7.1;1.64;6823;0.24;145;12.5;5.0
7348.01;3985;3998;C1-R1;11.08.2025;33;11.08.2025 10:47;83.1;12.0;7.1;1.68;7055;0.27;150;12.5;5.1
7349.81;3986;3999;C2-R2b;11.08.2025;33;11.08.2025 11:20;84.4;12.2;7.1;2.06;8395;0.29;179;14.6;5.2
7351.61;3987;4000;C1-R1;11.08.2025;33;11.08.2025 11:51;84.7;12.2;7.1;2.12;8565;0.31;182;14.9;5.2
7353.41;3988;4001;C1-R1;11.08.2025;33;11.08.2025 12:22;85.8;12.4;7.1;1.97;9071;0.33;193;15.6;5.3
7355.21;3989;4002;C1-R1;11.08.2025;33;11.08.2025 13:05;86.2;12.7;7.0;1.96;8175;0.27;174;13.7;5.3
7357.01;3990;4003;C1-R1;11.08.2025;33;11.08.2025 13:38;86.4;12.7;7.0;1.87;7868;0.26;167;13.2;5.3
7358.81;3991;4004;C1-R1;11.08.2025;33;11.08.2025 14:13;85.5;12.8;7.0;1.70;7633;0.23;162;12.7;5.3
7360.61;3992;4005;C1-R1;11.08.2025;33;11.08.2025 14:46;85.3;12.9;6.9;1.60;7471;0.21;159;12.4;5.3
7362.41;3993;4006;C1-R1;11.08.2025;33;11.08.2025 15:19;74.4;13.4;5.8;1.11;5877;0.14;125;9.3;4.6
7364.21;3994;4007;C1-R1;11.08.2025;33;11.08.2025 22:31;84.7;12.1;7.2;1.48;6791;0.23;144;12.0;5.2
7366.01;3995;4008;C1-R1;11.08.2025;33;11.08.2025 23:05;82.0;11.7;7.3;1.81;8026;0.31;171;14.6;5.1
7367.81;3996;4009;C1-R1;11.08.2025;33;11.08.2025 23:37;83.2;11.7;7.3;1.94;8697;0.36;185;15.8;5.1
7369.61;3997;4010;C1-R1;12.08.2025;33;12.08.2025 00:09;84.9;11.9;7.3;1.99;8858;0.36;188;15.9;5.2
7371.41;3998;4011;C1-R1;12.08.2025;33;12.08.2025 01:41;83.6;11.8;7.3;2.18;9493;0.35;202;17.1;5.2
7373.21;3999;4012;C1-R1;12.08.2025;33;12.08.2025 02:18;84.5;11.9;7.3;2.26;8937;0.35;190;16.0;5.2
7375.01;4000;4013;C1-R1;12.08.2025;33;12.08.2025 03:46;84.8;12.0;7.3;2.22;9223;0.35;196;16.3;5.3
7376.81;4001;4014;C1-R1;12.08.2025;33;12.08.2025 04:19;81.1;12.7;6.8;1.95;8112;0.29;173;13.6;5.2
7378.61;4002;4015;C1-R1;12.08.2025;33;12.08.2025 12:38;75.4;11.2;7.1;2.05;7620;0.24;162;14.5;4.8
7380.41;4003;4016;C1-R1;12.08.2025;33;12.08.2025 13:22;82.3;12.1;7.0;2.28;8659;0.25;184;15.2;5.1
7382.21;4004;4017;C1-R1;12.08.2025;33;12.08.2025 13:54;82.0;12.0;7.0;1.80;7572;0.24;161;13.4;5.0
7384.01;4005;4018;C1-R1;12.08.2025;33;12.08.2025 14:30;80.7;11.9;7.0;1.59;7415;0.24;158;13.2;5.0
7385.81;4006;4019;C1-R1;12.08.2025;33;12.08.2025 15:11;82.2;12.2;6.9;1.87;7847;0.37;167;13.7;5.1
7387.61;4007;4020;C1-R1;12.08.2025;33;12.08.2025 15:45;83.5;12.1;7.1;2.11;9483;0.57;202;16.7;5.1
7389.41;4008;4021;C1-R1;12.08.2025;33;12.08.2025 16:24;83.3;11.3;7.6;1.90;9453;0.70;201;17.8;5.2
7391.21;4009;4022;C1-R1;12.08.2025;33;12.08.2025 16:58;80.8;11.6;7.3;1.99;9515;0.61;202;17.5;5.0
7393.01;4010;4023;C1-R1;12.08.2025;33;12.08.2025 19:00;84.5;11.9;7.4;2.11;10562;0.57;225;19.0;5.3
7394.81;4011;4024;C1-R1;12.08.2025;33;12.08.2025 19:35;59.2;10.1;6.1;1.50;7968;0.34;170;16.8;3.7
7396.61;4012;4025;C1-R1;13.08.2025;33;13.08.2025 06:16;81.2;11.5;7.3;2.47;10357;0.51;220;19.1;5.0
7398.41;4013;4026;C1-R1;13.08.2025;33;13.08.2025 06:49;85.0;11.7;7.5;2.47;10662;0.68;227;19.5;5.2
7400.21;4014;4027;C2-R2b;13.08.2025;33;13.08.2025 07:22;82.9;11.3;7.5;2.38;10878;0.69;231;20.5;5.1
7402.01;4015;4028;C1-R1;13.08.2025;33;13.08.2025 07:53;91.8;11.7;8.1;2.39;11301;0.64;240;20.5;5.7
7403.81;4016;4029;C1-R1;13.08.2025;33;13.08.2025 08:33;85.9;10.9;8.1;1.92;9628;0.55;205;18.8;5.3
7405.61;4017;4030;C1-R1;13.08.2025;33;13.08.2025 09:15;83.7;11.5;7.5;1.74;8374;0.52;178;15.5;5.2
7407.41;4018;4031;C1-R1;13.08.2025;33;13.08.2025 09:53;84.1;11.6;7.4;1.54;7676;0.44;163;14.1;5.2
7409.21;4019;4032;C1-R1;13.08.2025;33;13.08.2025 10:30;84.6;11.9;7.3;1.35;6732;0.30;143;12.0;5.2
7411.01;4020;4033;C1-R1;13.08.2025;33;13.08.2025 11:05;78.4;12.4;6.6;1.40;6116;0.16;130;10.5;4.9
7412.81;4021;4034;C1-R1;13.08.2025;33;13.08.2025 11:44;69.6;13.8;5.3;1.48;6349;0.13;135;9.8;4.3
7414.61;4022;4035;C1-R1;14.08.2025;33;14.08.2025 02:45;82.5;11.9;7.1;2.14;8445;0.24;180;15.1;5.1
7416.41;4023;4036;C1-R1;14.08.2025;33;14.08.2025 03:18;85.0;12.1;7.3;2.11;8599;0.31;183;15.2;5.3
7418.21;4024;4037;C1-R1;14.08.2025;33;14.08.2025 03:50;87.5;12.3;7.3;2.06;8842;0.37;188;15.3;5.4
7420.01;4025;4038;C1-R1;14.08.2025;33;14.08.2025 04:21;88.1;12.4;7.3;1.92;8100;0.37;172;14.0;5.4
7421.81;4026;4039;C1-R1;14.08.2025;33;14.08.2025 05:17;85.6;11.9;7.4;1.83;8061;0.35;172;14.4;5.3
7423.61;4027;4040;C1-R1;14.08.2025;33;14.08.2025 05:48;86.0;12.0;7.4;1.92;8041;0.42;171;14.2;5.3
7425.41;4028;4041;C1-R1;14.08.2025;33;14.08.2025 06:20;80.0;11.1;7.5;1.88;8508;0.54;181;16.3;5.0
7427.21;4029;4042;C1-R1;14.08.2025;33;14.08.2025 06:59;82.0;11.3;7.5;1.69;7469;0.50;159;14.1;5.1
7429.01;4030;4043;C1-R1;14.08.2025;33;14.08.2025 18:51;81.7;11.6;7.3;1.93;8309;0.38;177;15.2;5.1
7430.81;4031;4044;C1-R1;14.08.2025;33;14.08.2025 19:23;87.2;12.2;7.4;2.00;8858;0.41;188;15.5;5.4
7432.61;4032;4045;C2-R2b;14.08.2025;33;14.08.2025 20:04;84.8;11.9;7.4;1.87;8096;0.37;172;14.5;5.2
7434.41;4033;4046;C2-R3;14.08.2025;33;14.08.2025 20:36;85.0;12.0;7.3;1.58;6851;0.33;146;12.1;5.3
7436.21;4034;4047;C2-R3;14.08.2025;33;14.08.2025 21:09;85.8;12.5;7.1;1.64;7218;0.31;154;12.3;5.3
7438.01;4035;4048;C2-R3;14.08.2025;33;14.08.2025 21:50;83.0;11.7;7.3;2.12;9280;0.44;197;16.9;5.1
7439.81;4036;4049;C2-R3;14.08.2025;33;14.08.2025 22:23;83.3;11.7;7.3;2.23;9851;0.43;210;17.9;5.1
7441.61;4037;4050;C2-R3;14.08.2025;33;14.08.2025 22:55;81.7;11.5;7.3;2.29;11029;0.43;235;20.4;5.0
7443.41;4038;4051;C2-R3;14.08.2025;33;14.08.2025 23:28;83.3;13.5;6.8;2.19;10031;0.39;213;15.8;5.5
7445.21;4039;4052;C2-R3;15.08.2025;33;15.08.2025 13:43;52.1;8.7;6.1;1.81;9036;0.29;192;22.1;3.2
7447.01;4040;4053;C2-R3;15.08.2025;33;15.08.2025 14:49;82.5;10.5;8.1;2.41;11003;0.61;234;22.4;5.1
7448.81;4041;4054;C2-R3;15.08.2025;33;15.08.2025 15:21;83.4;10.6;8.1;2.43;12065;0.66;257;24.2;5.1
7450.61;4042;4055;C2-R3;15.08.2025;33;15.08.2025 15:53;84.1;10.9;8.1;2.43;11652;0.68;248;22.7;5.3
7452.41;4043;4056;C2-R3;15.08.2025;33;15.08.2025 16:32;82.9;11.3;7.6;2.45;11470;0.59;244;21.6;5.2
7454.21;4044;4057;C2-R3;15.08.2025;33;15.08.2025 17:05;82.5;11.9;7.1;2.61;11394;0.49;242;20.4;5.1
7456.01;4045;4058;C2-R3;15.08.2025;33;15.08.2025 17:37;80.3;11.6;7.1;2.50;11362;0.44;242;20.8;5.0
7457.81;4046;4059;C2-R3;15.08.2025;33;15.08.2025 18:09;77.3;11.8;7.1;2.10;10337;0.54;220;18.7;5.0
7459.61;4047;4060;C2-R3;16.08.2025;33;16.08.2025 07:52;82.8;10.4;8.2;2.45;11497;0.57;245;23.4;5.1
7461.41;4048;4061;C2-R3;16.08.2025;33;16.08.2025 08:20;86.9;11.1;8.1;2.52;11531;0.61;245;22.2;5.4
7463.21;4049;4062;C2-R3;16.08.2025;33;16.08.2025 08:50;85.7;10.9;8.0;2.50;11452;0.68;244;22.3;5.3
7465.01;4050;4063;C2-R3;16.08.2025;33;16.08.2025 09:21;85.8;10.9;8.1;2.50;12274;0.69;261;24.0;5.3
7466.81;4051;4064;C2-R3;16.08.2025;33;16.08.2025 09:53;84.3;10.7;8.1;2.49;12289;0.68;261;24.4;5.2
7468.61;4052;4065;C1-R1;16.08.2025;33;16.08.2025 10:36;82.5;10.4;8.1;2.46;12266;0.68;261;25.0;5.0
7470.41;4053;4066;C1-R1;16.08.2025;33;16.08.2025 11:09;80.9;10.3;8.1;2.48;12470;0.69;265;25.7;5.0
7472.21;4054;4067;C1-R1;16.08.2025;33;16.08.2025 11:41;85.3;10.9;8.0;2.60;12032;0.73;256;23.4;5.2
7474.01;4055;4068;C1-R1;16.08.2025;33;16.08.2025 12:18;83.5;10.6;8.1;2.58;12442;0.74;265;24.9;5.2
7475.81;4056;4069;C1-R1;16.08.2025;33;16.08.2025 12:50;69.9;11.2;6.9;1.93;9984;0.55;212;19.0;4.6
7477.61;4057;4070;C1-R1;16.08.2025;33;16.08.2025 23:00;78.3;10.9;7.4;2.65;11919;0.54;254;23.3;4.8
7479.41;4058;4071;C1-R1;16.08.2025;33;16.08.2025 23:34;84.9;11.9;7.4;2.77;11809;0.55;251;21.1;5.3
7481.21;4059;4072;C1-R1;17.08.2025;33;17.08.2025 00:06;84.8;12.0;7.3;2.79;12397;0.54;264;22.1;5.3
7483.01;4060;4073;C2-R2b;17.08.2025;33;17.08.2025 00:38;83.3;11.7;7.3;2.78;12851;0.55;273;23.3;5.2
7484.81;4061;4074;C1-R1;17.08.2025;33;17.08.2025 00:38;83.3;11.7;7.3;2.78;12851;0.55;273;23.3;5.2
7486.61;4062;4075;C1-R1;17.08.2025;33;17.08.2025 01:12;68.7;11.7;6.0;2.04;10124;0.46;215;18.4;4.2
7488.41;4063;4076;C1-R1;18.08.2025;34;18.08.2025 10:16;79.2;11.2;7.3;2.64;11279;0.57;240;21.4;4.9
7490.21;4064;4077;C1-R1;18.08.2025;34;18.08.2025 10:51;87.6;12.3;7.3;2.82;11291;0.58;240;19.5;5.4
7492.01;4065;4078;C1-R1;18.08.2025;34;18.08.2025 11:23;82.3;11.7;7.3;2.73;12221;0.51;260;22.2;5.1
7493.81;4066;4079;C1-R1;18.08.2025;34;18.08.2025 12:36;85.7;12.1;7.3;2.71;12183;0.61;259;21.4;5.3
7495.61;4067;4080;C1-R1;18.08.2025;34;18.08.2025 13:27;88.6;12.5;7.3;2.87;11942;0.53;254;20.4;5.5
7497.41;4068;4081;C2-R2b;19.08.2025;34;19.08.2025 01:12;76.6;9.8;8.1;2.31;11003;0.61;234;24.0;4.8
7499.21;4069;4082;C1-R1;19.08.2025;34;19.08.2025 01:51;81.5;10.3;8.2;2.41;11051;0.63;235;22.9;5.0
7501.01;4070;4083;C1-R1;19.08.2025;34;19.08.2025 02:24;79.1;10.0;8.2;2.31;11271;0.69;240;24.0;4.9
7502.81;4071;4084;C1-R1;19.08.2025;34;19.08.2025 02:58;82.1;10.3;8.2;2.38;11749;0.71;250;24.2;5.1
7504.61;4072;4085;C1-R1;19.08.2025;34;19.08.2025 03:55;94.8;13.1;7.6;2.34;9629;0.60;205;15.7;6.0
7506.41;4073;4086;C1-R1;19.08.2025;34;19.08.2025 04:26;83.6;13.5;6.4;1.95;7549;0.32;161;11.9;5.2
7508.21;4074;4087;C1-R1;19.08.2025;34;19.08.2025 05:20;81.1;12.7;6.6;2.16;9452;0.32;201;15.8;5.0
7510.01;4075;4088;C1-R1;19.08.2025;34;19.08.2025 05:59;76.6;12.2;6.6;2.03;8785;0.35;187;15.3;4.8
7511.81;4076;4089;C1-R1;19.08.2025;34;19.08.2025 16:19;87.6;12.6;7.2;1.95;7867;0.49;167;13.3;5.4
7513.61;4077;4090;C1-R1;19.08.2025;34;19.08.2025 16:37;79.2;11.7;7.1;1.47;7096;0.42;151;12.9;5.0
7515.41;4078;4091;C1-R1;19.08.2025;34;19.08.2025 16:50;85.1;12.4;7.1;1.68;7669;0.58;163;13.2;5.3
7517.21;4079;4092;C1-R1;19.08.2025;34;19.08.2025 17:22;79.6;11.7;7.1;2.00;9809;0.75;209;17.9;4.9
7519.01;4080;4093;C1-R1;19.08.2025;34;19.08.2025 18:13;82.5;11.9;7.2;2.16;9964;0.79;212;17.8;5.1
7520.81;4081;4094;C1-R1;19.08.2025;34;19.08.2025 19:43;77.6;10.3;7.9;2.23;11693;0.85;249;24.2;4.8
7522.61;4082;4095;C1-R1;19.08.2025;34;19.08.2025 20:30;83.3;10.5;8.2;2.27;11312;0.59;241;22.9;5.2
7524.41;4083;4096;C1-R1;19.08.2025;34;19.08.2025 21:19;73.9;10.0;7.8;1.86;9583;0.46;204;20.3;4.7
7526.21;4084;4097;C1-R1;20.08.2025;34;20.08.2025 04:34;85.7;11.1;8.1;2.41;10338;0.53;220;19.9;5.4
7528.01;4085;4098;C1-R1;20.08.2025;34;20.08.2025 05:03;83.5;10.5;8.2;2.28;10212;0.53;217;20.7;5.2
7529.81;4086;4099;C1-R1;20.08.2025;34;20.08.2025 05:39;85.7;10.8;8.2;2.27;10656;0.55;227;21.0;5.3
7531.61;4087;4100;C1-R1;20.08.2025;34;20.08.2025 06:11;79.6;10.3;8.0;2.14;10400;0.54;221;21.6;4.9
7533.41;4088;4101;C1-R1;20.08.2025;34;20.08.2025 06:49;82.5;10.7;8.0;2.20;10322;0.52;220;20.5;5.2
7535.21;4089;4102;C1-R1;20.08.2025;34;20.08.2025 07:23;81.4;10.5;8.1;2.23;10413;0.56;222;21.2;5.1
7537.01;4090;4103;C1-R1;20.08.2025;34;20.08.2025 08:04;83.6;10.7;8.0;2.35;10801;0.61;230;21.5;5.2
7538.81;4091;4104;C1-R1;20.08.2025;34;20.08.2025 08:37;78.9;10.1;8.1;2.26;11260;0.59;240;23.7;4.9
7540.61;4092;4105;C1-R1;20.08.2025;34;20.08.2025 09:45;84.3;10.8;8.1;2.47;11698;0.62;249;23.0;5.2
7542.41;4093;4106;C1-R1;20.08.2025;34;20.08.2025 10:18;82.1;10.6;8.1;2.41;11305;0.60;241;22.8;5.1
7544.21;4094;4107;C1-R1;20.08.2025;34;20.08.2025 10:53;84.7;10.9;8.1;2.47;11276;0.59;240;22.1;5.3
7546.01;4095;4108;C1-R1;20.08.2025;34;20.08.2025 11:36;89.9;11.6;8.0;2.59;10836;0.62;231;19.9;5.6
7547.81;4096;4109;C1-R1;20.08.2025;34;20.08.2025 12:08;86.3;11.1;8.1;2.42;10906;0.58;232;20.9;5.4
7549.61;4097;4110;C1-R1;20.08.2025;34;20.08.2025 12:40;90.7;11.6;8.1;2.49;10878;0.62;231;20.0;5.6
7551.41;4098;4111;C1-R1;20.08.2025;34;20.08.2025 13:12;86.5;11.1;8.0;2.33;10703;0.57;228;20.4;5.4
7553.21;4099;4112;C1-R1;20.08.2025;34;20.08.2025 13:46;84.8;10.9;8.0;2.28;10444;0.54;222;20.4;5.2
7555.01;4100;4113;C1-R1;20.08.2025;34;20.08.2025 14:18;90.2;11.5;8.0;2.40;10179;0.54;217;18.8;5.6
7556.81;4101;4114;C1-R1;20.08.2025;34;20.08.2025 14:51;83.7;10.7;8.1;2.23;9914;0.51;211;19.7;5.2
7558.61;4102;4115;C1-R1;21.08.2025;34;21.08.2025 02:45;79.4;11.5;7.1;2.39;10001;0.36;213;18.6;4.9
7560.41;4103;4116;C1-R1;21.08.2025;34;21.08.2025 03:19;98.8;13.6;7.5;2.61;9556;0.60;203;15.0;6.1
7562.21;4104;4117;C1-R1;21.08.2025;34;21.08.2025 04:03;87.6;12.0;7.5;2.45;10541;0.62;224;18.6;5.4
7564.01;4105;4118;C1-R1;21.08.2025;34;21.08.2025 04:35;94.8;13.0;7.5;2.74;11203;0.61;238;18.3;5.9
7565.81;4106;4119;C1-R1;21.08.2025;34;21.08.2025 05:04;95.5;13.1;7.5;2.73;11175;0.59;238;18.1;5.9
7567.61;4107;4120;C1-R1;21.08.2025;34;21.08.2025 05:34;97.2;13.0;7.7;2.51;10274;0.59;219;16.8;6.0
7569.41;4108;4121;C1-R1;21.08.2025;34;21.08.2025 06:04;94.4;13.2;7.4;2.11;8570;0.36;182;13.8;5.9
7571.21;4109;4122;C1-R1;21.08.2025;34;21.08.2025 06:45;91.0;13.1;7.2;1.97;8108;0.31;173;13.1;5.6
7573.01;4110;4123;C1-R1;21.08.2025;34;21.08.2025 07:20;92.2;13.1;7.3;1.99;8533;0.32;182;13.8;5.7
7574.81;4111;4124;C1-R1;21.08.2025;34;21.08.2025 08:41;92.5;13.1;7.3;1.95;8443;0.34;180;13.7;5.7
7576.61;4112;4125;C1-R1;21.08.2025;34;21.08.2025 09:19;89.1;12.6;7.3;1.99;7754;0.36;165;13.1;5.5
7578.41;4113;4126;C1-R1;21.08.2025;34;21.08.2025 09:53;89.5;12.6;7.3;2.08;8142;0.41;173;13.7;5.5
7580.21;4114;4127;C1-R1;21.08.2025;34;21.08.2025 10:24;90.0;12.7;7.3;2.21;8496;0.46;181;14.2;5.5
7582.01;4115;4128;C1-R1;21.08.2025;34;21.08.2025 10:57;92.1;13.1;7.3;2.08;7902;0.40;168;12.9;5.7
7583.81;4116;4129;C1-R1;21.08.2025;34;21.08.2025 12:10;90.3;12.8;7.3;2.27;8867;0.41;189;14.7;5.6
7585.61;4117;4130;C1-R1;21.08.2025;34;21.08.2025 12:41;89.5;12.7;7.3;2.20;8648;0.47;184;14.5;5.5
7587.41;4118;4131;C1-R1;21.08.2025;34;21.08.2025 13:26;88.9;12.6;7.3;2.14;8577;0.46;182;14.5;5.5
7589.21;4119;4132;C1-R1;21.08.2025;34;21.08.2025 18:03;86.3;12.6;7.1;1.90;7445;0.44;158;12.6;5.4
7591.01;4120;4133;C1-R1;21.08.2025;34;21.08.2025 18:41;89.1;12.9;7.1;1.82;6962;0.41;148;11.5;5.5
7592.81;4121;4134;C1-R1;21.08.2025;34;21.08.2025 19:13;90.9;14.2;6.6;1.88;7193;0.35;153;10.8;5.6
7594.61;4122;4135;C1-R1;21.08.2025;34;21.08.2025 19:46;89.5;13.1;7.1;2.05;8276;0.48;176;13.5;5.6
7596.41;4123;4136;C1-R1;21.08.2025;34;21.08.2025 20:18;101.7;14.4;7.3;2.26;8554;0.50;182;12.7;6.3
7598.21;4124;4137;C1-R1;21.08.2025;34;21.08.2025 20:47;103.1;15.8;6.8;1.97;6894;0.37;147;9.3;6.4
7600.01;4125;4138;C1-R1;21.08.2025;34;21.08.2025 21:42;88.7;14.7;6.3;1.75;6768;0.44;144;9.8;5.5
7601.81;4126;4139;C1-R1;21.08.2025;34;21.08.2025 22:26;89.0;14.6;6.4;1.57;6675;0.49;142;9.7;5.6
7603.61;4127;4140;C1-R1;21.08.2025;34;21.08.2025 22:57;88.4;16.2;5.7;1.53;6082;0.29;129;8.0;5.5
7605.41;4128;4141;C1-R1;21.08.2025;34;21.08.2025 23:30;86.9;18.9;4.9;1.68;6284;0.21;134;7.1;5.5
7607.21;4129;4142;C1-R1;22.08.2025;34;22.08.2025 00:05;82.0;13.5;6.5;1.80;7716;0.37;164;12.2;5.2
7609.01;4130;4143;C1-R1;22.08.2025;34;22.08.2025 00:38;87.5;11.3;8.0;2.27;9704;0.58;206;18.3;5.4
7610.81;4131;4144;C1-R1;22.08.2025;34;22.08.2025 01:10;89.5;12.2;7.6;2.50;9986;0.61;212;17.5;5.5
7612.61;4132;4145;C1-R1;22.08.2025;34;22.08.2025 01:54;80.4;10.8;7.7;2.16;9671;0.58;206;19.0;5.0
7614.41;4133;4146;C1-R1;22.08.2025;34;22.08.2025 02:27;78.4;10.4;7.8;2.22;10542;0.60;224;21.5;4.9
7616.21;4134;4147;C1-R1;22.08.2025;34;22.08.2025 03:05;82.0;10.4;8.2;2.29;10506;0.59;224;21.6;5.1
7618.01;4135;4148;C1-R1;22.08.2025;34;22.08.2025 03:39;83.1;10.5;8.2;2.34;10074;0.62;214;20.4;5.2
7619.81;4136;4149;C1-R1;22.08.2025;34;22.08.2025 09:15;80.1;11.2;7.3;2.54;9963;0.37;212;18.9;4.9
7621.61;4137;4150;C1-R1;22.08.2025;34;22.08.2025 09:58;81.6;11.3;7.5;2.52;10806;0.51;230;20.4;5.1
7623.41;4138;4151;C1-R1;22.08.2025;34;22.08.2025 10:58;84.4;11.5;7.6;2.60;11397;0.64;242;21.1;5.2
7625.21;4139;4152;C1-R1;22.08.2025;34;22.08.2025 11:30;87.1;11.9;7.6;2.65;11286;0.63;240;20.3;5.4
7627.01;4140;4153;C1-R1;22.08.2025;34;22.08.2025 12:01;88.3;12.0;7.6;2.62;11190;0.66;238;19.9;5.5
7628.81;4141;4154;C1-R1;22.08.2025;34;22.08.2025 12:33;87.4;11.8;7.6;2.42;10951;0.63;233;19.7;5.4
7630.61;4142;4155;C1-R1;22.08.2025;34;22.08.2025 13:21;83.5;11.3;7.6;2.27;10408;0.62;221;19.5;5.2
7632.41;4143;4156;C1-R1;22.08.2025;34;22.08.2025 13:57;85.4;11.7;7.6;2.36;10248;0.63;218;18.7;5.3
7634.21;4144;4157;C1-R1;22.08.2025;34;22.08.2025 14:35;87.2;11.8;7.6;2.37;10510;0.63;224;18.9;5.4
7636.01;4145;4158;C1-R1;22.08.2025;34;22.08.2025 15:06;86.2;11.7;7.6;2.34;10277;0.65;219;18.7;5.4
7637.81;4146;4159;C1-R1;22.08.2025;34;22.08.2025 16:13;83.8;11.5;7.6;2.43;9532;0.71;203;17.7;5.2
7639.61;4147;4160;C1-R1;22.08.2025;34;22.08.2025 16:55;83.8;11.5;7.6;2.71;11368;0.91;242;21.1;5.2
7641.41;4148;4161;C1-R1;22.08.2025;34;22.08.2025 17:27;74.7;9.9;7.9;2.57;12438;1.12;265;26.9;4.7
7643.21;4149;4162;C1-R1;22.08.2025;34;22.08.2025 18:16;70.9;9.1;8.1;2.39;12409;1.20;264;29.2;4.4
7645.01;4150;4163;C1-R1;22.08.2025;34;22.08.2025 19:03;84.2;10.8;8.1;2.41;11698;1.12;249;23.1;5.3
7646.81;4151;4164;C1-R1;22.08.2025;34;22.08.2025 19:37;82.7;11.4;7.5;2.23;10186;0.75;217;19.0;5.2
7648.61;4152;4165;C1-R1;22.08.2025;34;22.08.2025 20:10;87.2;12.3;7.4;2.41;10543;0.61;224;18.3;5.4
7650.41;4153;4166;C1-R1;23.08.2025;34;23.08.2025 00:04;83.1;12.4;7.0;2.40;9887;0.32;210;17.0;5.2
7652.21;4154;4167;C1-R1;23.08.2025;34;23.08.2025 00:36;86.6;12.8;7.0;2.48;9727;0.30;207;16.2;5.4
7654.01;4155;4168;C1-R1;23.08.2025;34;23.08.2025 01:08;87.5;13.2;6.9;2.56;9851;0.24;210;15.9;5.4
7655.81;4156;4169;C1-R1;23.08.2025;34;23.08.2025 01:39;81.8;13.4;6.4;2.31;8697;0.23;185;13.8;5.1
7657.61;4157;4170;C1-R1;23.08.2025;34;23.08.2025 02:12;89.0;13.0;7.0;2.46;9488;0.28;202;15.5;5.5
7659.41;4158;4171;C1-R1;23.08.2025;34;23.08.2025 02:43;83.7;12.7;6.9;2.37;9506;0.25;202;16.0;5.2
7661.21;4159;4172;C1-R1;23.08.2025;34;23.08.2025 03:15;90.5;12.9;7.3;2.41;9910;0.36;211;16.4;5.6
7663.01;4160;4173;C1-R1;23.08.2025;34;23.08.2025 03:48;89.1;13.0;7.2;2.32;9624;0.34;205;15.8;5.6
7664.81;4161;4174;C1-R1;23.08.2025;34;23.08.2025 05:02;86.9;12.6;7.1;2.27;9153;0.30;195;15.4;5.4
7666.61;4162;4175;C1-R1;23.08.2025;34;23.08.2025 05:33;87.6;12.4;7.4;2.27;8797;0.45;187;15.1;5.5
7668.41;4163;4176;C1-R1;23.08.2025;34;23.08.2025 06:17;87.3;12.9;7.0;2.22;8942;0.29;190;14.8;5.4
7670.21;4164;4177;C1-R1;23.08.2025;34;23.08.2025 07:00;90.2;13.4;7.0;2.27;8683;0.28;185;13.8;5.6
7672.01;4165;4178;C1-R1;23.08.2025;34;23.08.2025 07:38;91.7;13.4;7.0;2.29;9256;0.29;197;14.7;5.7
7673.81;4166;4179;C1-R1;23.08.2025;34;23.08.2025 08:15;87.1;12.9;7.0;2.26;9530;0.29;203;15.7;5.4
7675.61;4167;4180;C1-R1;23.08.2025;34;23.08.2025 09:27;87.3;12.9;7.0;2.23;8399;0.27;179;13.9;5.4
7677.41;4168;4181;C1-R1;23.08.2025;34;23.08.2025 10:41;86.6;12.8;7.0;2.11;8602;0.27;183;14.4;5.4
7679.21;4169;4182;C1-R1;23.08.2025;34;23.08.2025 11:23;70.2;12.9;5.8;1.52;6050;0.16;129;10.0;4.5
7681.01;4170;4183;C1-R1;25.08.2025;35;25.08.2025 10:16;84.9;11.8;7.4;1.74;6386;0.35;136;11.6;5.2
7682.81;4171;4184;C1-R1;25.08.2025;35;25.08.2025 10:49;85.0;12.0;7.4;1.74;7148;0.38;152;12.7;5.3
7684.61;4172;4185;C1-R1;25.08.2025;35;25.08.2025 12:05;83.2;11.6;7.4;1.99;7759;0.62;165;14.2;5.2
7686.41;4173;4186;C1-R1;25.08.2025;35;25.08.2025 12:45;81.6;11.5;7.4;2.39;10066;0.87;214;18.7;5.1
7688.21;4174;4187;C1-R1;25.08.2025;35;25.08.2025 13:18;83.2;10.8;8.0;2.48;12062;1.09;257;23.8;5.2
7690.01;4175;4188;C1-R1;25.08.2025;35;25.08.2025 14:33;79.3;10.2;8.1;2.62;12858;1.25;274;27.0;4.9
7691.81;4176;4189;C1-R1;25.08.2025;35;25.08.2025 15:06;67.5;8.7;8.1;2.42;12770;1.21;272;31.2;4.2
7693.61;4177;4190;C1-R1;25.08.2025;35;25.08.2025 15:48;84.0;10.8;8.0;2.71;12378;1.26;263;24.3;5.2
7695.41;4178;4191;C1-R1;25.08.2025;35;25.08.2025 16:47;89.9;11.5;8.1;2.70;12008;1.18;255;22.2;5.6
7697.21;4179;4192;C1-R1;25.08.2025;35;25.08.2025 17:18;67.1;9.4;6.9;1.69;8702;0.77;185;19.7;3.9
7699.01;4180;4193;C1-R1;26.08.2025;35;26.08.2025 08:47;79.5;11.0;7.4;1.94;8452;0.70;180;16.3;4.9
7700.81;4181;4194;C1-R1;26.08.2025;35;26.08.2025 09:37;84.3;11.7;7.4;1.79;7912;0.49;168;14.4;5.2
7702.61;4182;4195;C1-R1;26.08.2025;35;26.08.2025 10:09;83.7;11.6;7.4;1.82;7966;0.39;169;14.6;5.2
7704.41;4183;4196;C1-R1;26.08.2025;35;26.08.2025 10:43;86.3;11.9;7.4;1.80;7894;0.36;168;14.1;5.3
7706.21;4184;4197;C1-R1;26.08.2025;35;26.08.2025 11:16;87.0;12.1;7.5;1.78;7722;0.36;164;13.6;5.4
7708.01;4185;4198;C1-R1;26.08.2025;35;26.08.2025 11:52;86.9;12.8;7.0;1.68;7004;0.21;149;11.6;5.4
7709.81;4186;4199;C1-R1;26.08.2025;35;26.08.2025 12:31;81.4;12.8;6.6;1.71;7096;0.28;151;11.8;5.1
7711.61;4187;4200;C1-R1;26.08.2025;35;26.08.2025 13:04;80.9;12.7;6.6;2.08;8601;0.52;183;14.5;5.0
7713.41;4188;4201;C1-R1;26.08.2025;35;26.08.2025 14:05;78.5;10.8;7.6;2.15;10175;0.84;216;20.1;4.9
7715.21;4189;4202;C1-R1;26.08.2025;35;26.08.2025 14:39;63.6;8.3;8.0;2.20;12119;1.07;258;31.2;4.0
7717.01;4190;4203;C1-R1;26.08.2025;35;26.08.2025 15:19;45.8;6.0;7.9;2.02;12949;1.10;276;45.8;2.9
7718.81;4191;4204;C1-R1;26.08.2025;35;26.08.2025 16:10;51.1;6.8;7.9;2.26;13290;1.22;283;41.6;3.2
7720.61;4192;4205;C1-R1;26.08.2025;35;26.08.2025 17:09;53.0;6.9;8.0;2.16;12923;1.09;275;39.8;3.3
7722.41;4193;4206;C1-R1;26.08.2025;35;26.08.2025 17:55;73.7;9.6;8.0;2.47;12587;1.11;268;27.9;4.6
7724.21;4194;4207;C2-R2b;26.08.2025;35;26.08.2025 22:55;82.3;12.0;7.2;2.25;8440;0.70;180;15.0;5.2
7726.01;4195;4208;C1-R1;26.08.2025;35;26.08.2025 23:30;81.4;13.9;6.2;1.97;7152;0.34;152;11.0;5.1
7727.81;4196;4209;C1-R1;27.08.2025;35;27.08.2025 00:19;92.8;14.2;6.8;2.16;8368;0.22;178;12.5;5.8
7729.61;4197;4210;C1-R1;27.08.2025;35;27.08.2025 00:50;92.8;14.1;6.8;2.20;9015;0.22;192;13.6;5.8
7731.41;4198;4211;C1-R1;27.08.2025;35;27.08.2025 01:20;92.4;14.4;6.7;2.15;8581;0.22;183;12.7;5.8
7733.21;4199;4212;C1-R1;27.08.2025;35;27.08.2025 01:50;94.9;14.1;7.0;2.29;9067;0.27;193;13.7;5.9
7735.01;4200;4213;C1-R1;27.08.2025;35;27.08.2025 02:20;102.9;14.4;7.3;2.36;9229;0.38;196;13.6;6.4
7736.81;4201;4214;C1-R1;27.08.2025;35;27.08.2025 02:50;96.8;14.1;7.1;2.27;8958;0.28;191;13.5;6.0
7738.61;4202;4215;C1-R1;27.08.2025;35;27.08.2025 03:38;98.7;14.3;7.2;2.36;8376;0.29;178;12.5;6.2
7740.41;4203;4216;C1-R1;27.08.2025;35;27.08.2025 04:07;102.6;14.8;7.1;2.31;8469;0.32;180;12.1;6.3
7742.21;4204;4217;C1-R1;27.08.2025;35;27.08.2025 04:35;93.8;14.8;6.6;2.12;8017;0.22;171;11.5;5.8
7744.01;4205;4218;C1-R1;27.08.2025;35;27.08.2025 05:08;74.4;13.6;5.8;1.80;7406;0.21;158;11.6;4.7
7745.81;4206;4219;C1-R1;27.08.2025;35;27.08.2025 05:43;104.1;13.3;8.1;2.31;9186;0.57;195;14.7;6.5
7747.61;4207;4220;C1-R1;27.08.2025;35;27.08.2025 06:11;109.6;13.8;8.2;2.59;9815;0.65;209;15.1;6.8
7749.41;4208;4221;C1-R1;27.08.2025;35;27.08.2025 06:51;92.5;12.2;7.9;2.23;9768;0.58;208;17.1;5.8
7751.21;4209;4222;C1-R1;27.08.2025;35;27.08.2025 07:24;88.2;11.5;7.9;2.15;9938;0.56;211;18.3;5.5
7753.01;4210;4223;C1-R1;27.08.2025;35;27.08.2025 15:04;89.3;12.7;7.3;1.97;7183;0.29;153;12.1;5.5
7754.81;4211;4224;C1-R1;27.08.2025;35;27.08.2025 15:33;83.9;11.5;7.5;2.07;8766;0.38;187;16.2;5.2
7756.61;4212;4225;C1-R1;27.08.2025;35;27.08.2025 16:06;94.0;12.1;8.0;2.15;9152;0.50;195;16.2;5.8
7758.41;4213;4226;C1-R1;27.08.2025;35;27.08.2025 16:37;90.1;11.6;8.0;1.90;8446;0.49;180;15.5;5.6
7760.21;4214;4227;C1-R1;27.08.2025;35;27.08.2025 17:16;87.9;12.3;7.4;1.40;6722;0.32;143;11.6;5.5
7762.01;4215;4228;C1-R1;27.08.2025;35;27.08.2025 17:49;86.2;12.6;7.1;1.30;6296;0.30;134;10.6;5.4
7763.81;4216;4229;C1-R1;27.08.2025;35;27.08.2025 18:33;84.8;13.2;6.7;1.64;7472;0.27;159;12.1;5.3
7765.61;4217;4230;C1-R1;27.08.2025;35;27.08.2025 19:04;82.4;12.4;6.9;1.99;8475;0.28;180;14.5;5.2
7767.41;4218;4231;C1-R1;27.08.2025;35;27.08.2025 20:28;82.9;11.8;7.3;2.17;9073;0.31;193;16.3;5.1
7769.21;4219;4232;C1-R1;27.08.2025;35;27.08.2025 21:00;87.6;12.6;7.2;2.27;8849;0.29;188;15.0;5.4
7771.01;4220;4233;C1-R1;27.08.2025;35;27.08.2025 21:31;90.4;13.0;7.2;2.10;8168;0.29;174;13.4;5.6
7772.81;4221;4234;C1-R1;27.08.2025;35;27.08.2025 22:01;90.3;13.0;7.2;2.01;7698;0.34;164;12.6;5.6
7774.61;4222;4235;C1-R1;27.08.2025;35;27.08.2025 22:32;90.0;13.2;7.1;2.11;8630;0.35;184;13.9;5.6
7776.41;4223;4236;C1-R1;27.08.2025;35;27.08.2025 23:14;91.2;13.1;7.2;1.96;8028;0.40;171;13.0;5.7
7778.21;4224;4237;C1-R1;27.08.2025;35;27.08.2025 23:44;84.6;14.1;6.3;1.73;7294;0.34;155;11.0;5.3
7780.01;4225;4238;C1-R1;28.08.2025;35;28.08.2025 00:17;83.8;12.2;7.2;1.78;8577;0.35;182;15.0;5.2
7781.81;4226;4239;C1-R1;28.08.2025;35;28.08.2025 00:49;82.0;11.8;7.5;1.72;8475;0.43;180;15.3;5.3
7783.61;4227;4240;C1-R1;28.08.2025;35;28.08.2025 05:09;86.8;11.2;7.9;2.09;9090;0.42;193;17.2;5.3
7785.41;4228;4241;C2-R2b;28.08.2025;35;28.08.2025 05:43;89.6;11.2;8.2;2.15;9272;0.50;197;17.6;5.5
7787.21;4229;4242;C1-R1;28.08.2025;35;28.08.2025 06:20;86.9;11.0;8.2;2.11;9273;0.50;197;18.0;5.4
7789.01;4230;4243;C1-R1;28.08.2025;35;28.08.2025 07:15;85.6;12.5;7.1;2.18;8478;0.29;180;14.4;5.3
7790.81;4231;4244;C1-R1;28.08.2025;35;28.08.2025 08:06;83.9;12.2;7.1;2.34;9391;0.29;200;16.3;5.2
7792.61;4232;4245;C1-R1;28.08.2025;35;28.08.2025 08:39;79.7;11.5;7.2;2.17;9663;0.37;206;17.9;5.0
7794.41;4233;4246;C1-R1;28.08.2025;35;28.08.2025 09:13;78.6;11.6;7.0;2.17;10042;0.30;214;18.4;4.9
7796.21;4234;4247;C1-R1;28.08.2025;35;28.08.2025 10:08;79.8;11.2;7.4;2.26;10103;0.49;215;19.1;5.0
7798.01;4235;4248;C1-R1;28.08.2025;35;28.08.2025 10:48;81.2;11.3;7.5;2.20;9744;0.56;207;18.4;5.1
7799.81;4236;4249;C1-R1;28.08.2025;35;28.08.2025 11:25;83.7;11.5;7.5;2.42;10628;0.56;226;19.6;5.2
7801.61;4237;4250;C1-R1;28.08.2025;35;28.08.2025 12:24;79.0;10.8;7.5;2.36;10977;0.00;234;21.5;4.9
7803.41;4238;4251;C1-R1;28.08.2025;35;28.08.2025 12:58;83.7;11.4;7.6;2.54;11233;0.01;239;20.9;5.2
7805.21;4239;4252;C1-R1;28.08.2025;35;28.08.2025 14:13;82.1;11.4;7.4;2.55;10943;0.01;233;20.5;5.1
7807.01;4240;4253;C1-R1;28.08.2025;35;28.08.2025 14:49;84.4;11.6;7.5;2.57;10425;0.02;222;19.1;5.2
7808.81;4241;4254;C1-R1;28.08.2025;35;28.08.2025 16:29;86.4;11.8;7.5;2.57;10492;0.59;223;18.9;5.3
7810.61;4242;4255;C1-R1;28.08.2025;35;28.08.2025 17:01;81.9;11.3;7.5;2.39;10397;0.59;221;19.5;5.1
7812.41;4243;4256;C1-R1;28.08.2025;35;28.08.2025 17:44;84.8;12.0;7.3;2.36;9738;0.45;207;17.3;5.3
7814.21;4244;4257;C1-R1;29.08.2025;35;29.08.2025 21:08;80.5;10.3;8.1;2.07;9207;0.87;196;19.1;5.0
7816.01;4245;4258;C1-R1;29.08.2025;35;29.08.2025 21:49;85.3;10.8;8.2;2.20;10295;0.93;219;20.3;5.3
7817.81;4246;4259;C1-R1;29.08.2025;35;29.08.2025 22:22;80.3;10.1;8.2;2.23;11722;0.78;249;24.7;5.0
7819.61;4247;4260;C1-R1;30.08.2025;35;30.08.2025 14:00;74.8;10.0;7.7;2.25;11136;0.52;237;23.6;4.6
7821.41;4248;4261;C1-R1;30.08.2025;35;30.08.2025 14:35;81.3;11.2;7.5;2.46;11478;0.64;244;21.8;5.1
7823.21;4249;4262;C1-R1;30.08.2025;35;30.08.2025 15:21;82.5;11.2;7.6;2.49;11312;0.64;241;21.5;5.1
7825.01;4250;4263;C1-R1;30.08.2025;35;30.08.2025 15:57;83.0;11.4;7.5;2.50;11396;0.66;242;21.3;5.1
7826.81;4251;4264;C1-R1;30.08.2025;35;30.08.2025 16:33;81.4;11.2;7.5;2.46;11233;0.84;239;21.4;5.0
7828.61;4252;4265;C1-R1;30.08.2025;35;30.08.2025 17:17;72.8;9.8;7.7;2.27;10979;0.66;234;23.8;4.5
7830.41;4253;4266;C1-R1;30.08.2025;35;30.08.2025 18:21;79.9;10.1;8.2;2.42;11891;0.80;253;25.0;5.0
7832.21;4254;4267;C1-R1;30.08.2025;35;30.08.2025 18:55;82.0;10.4;8.2;2.51;11736;0.91;250;24.1;5.1
7834.01;4255;4268;C1-R1;30.08.2025;35;30.08.2025 19:51;74.0;9.4;8.2;2.51;11513;1.16;245;26.1;4.6
7835.81;4256;4269;C1-R1;30.08.2025;35;30.08.2025 20:31;78.5;9.9;8.2;2.64;12458;1.25;265;26.7;4.9
7837.61;4257;4270;C1-R1;30.08.2025;35;30.08.2025 20:31;75.0;11.0;7.4;2.17;10701;1.01;228;20.7;4.9
7839.41;4258;4271;C1-R1;01.09.2025;36;01.09.2025 11:55;73.7;9.4;8.1;2.49;11915;1.13;254;26.9;4.6
7841.21;4259;4272;C1-R1;01.09.2025;36;01.09.2025 12:31;78.8;10.0;8.2;2.52;12009;1.14;256;25.6;4.9
7843.01;4260;4273;C1-R1;01.09.2025;36;01.09.2025 13:05;84.3;10.7;8.2;2.57;11473;1.13;244;22.9;5.2
7844.81;4261;4274;C1-R1;01.09.2025;36;01.09.2025 13:37;82.8;10.5;8.2;2.56;11887;1.02;253;24.2;5.1
7846.61;4262;4275;C1-R1;01.09.2025;36;01.09.2025 14:15;84.6;10.7;8.2;2.60;12547;0.89;267;24.9;5.3
7848.41;4263;4276;C1-R1;01.09.2025;36;01.09.2025 14:46;88.5;11.2;8.2;2.65;12572;0.78;267;23.9;5.5
7850.21;4264;4277;C1-R1;01.09.2025;36;01.09.2025 15:18;88.5;11.2;8.2;2.57;11939;0.76;254;22.7;5.5
7852.01;4265;4278;C1-R1;01.09.2025;36;01.09.2025 16:18;88.2;11.1;8.2;2.64;12177;0.77;259;23.3;5.5
7853.81;4266;4279;C1-R1;01.09.2025;36;01.09.2025 16:50;81.4;10.3;8.2;2.49;11696;0.72;249;24.3;5.0
7855.61;4267;4280;C1-R1;01.09.2025;36;01.09.2025 17:23;79.7;10.1;8.2;2.55;12156;0.71;259;25.7;4.9
7857.41;4268;4281;C1-R1;01.09.2025;36;01.09.2025 17:57;80.2;10.1;8.2;2.53;12137;0.73;258;25.5;5.0
7859.21;4269;4282;C1-R1;01.09.2025;36;01.09.2025 18:31;78.7;10.1;8.0;2.51;11455;0.77;244;24.1;4.9
7861.01;4270;4283;C1-R1;01.09.2025;36;01.09.2025 19:35;86.2;10.9;8.1;2.68;12101;0.77;257;23.6;5.3
7862.81;4271;4284;C1-R1;01.09.2025;36;01.09.2025 20:07;85.4;10.8;8.1;2.67;12267;0.74;261;24.1;5.3
7864.61;4272;4285;C1-R1;01.09.2025;36;01.09.2025 20:47;86.3;10.9;8.2;2.72;12634;0.72;269;24.6;5.3
7866.41;4273;4286;C1-R1;01.09.2025;36;01.09.2025 21:19;86.7;11.0;8.1;2.77;12242;0.74;260;23.7;5.4
7868.21;4274;4287;C1-R1;01.09.2025;36;01.09.2025 21:51;83.0;13.3;7.3;2.26;10112;0.58;215;16.1;5.8
7870.01;4275;4288;C1-R1;02.09.2025;36;02.09.2025 03:52;84.4;10.9;7.9;2.35;10750;0.54;229;21.0;5.2
7871.81;4276;4289;C1-R1;02.09.2025;36;02.09.2025 04:30;84.7;10.7;8.1;2.35;11015;0.60;234;21.8;5.2
7873.61;4277;4290;C1-R1;02.09.2025;36;02.09.2025 05:02;86.9;11.0;8.1;2.63;12191;0.71;259;23.6;5.3
7875.41;4278;4291;C1-R1;02.09.2025;36;02.09.2025 05:34;84.5;10.7;8.1;2.62;12048;0.70;256;24.0;5.2
7877.21;4279;4292;C1-R1;02.09.2025;36;02.09.2025 06:07;83.2;10.6;8.1;2.62;12175;0.72;259;24.4;5.1
7879.01;4280;4293;C1-R1;02.09.2025;36;02.09.2025 07:31;82.6;10.4;8.2;2.64;12321;0.73;262;25.2;5.1
7880.81;4281;4294;C1-R1;02.09.2025;36;02.09.2025 08:06;77.6;9.8;8.2;2.52;11970;0.71;255;26.0;4.8
7882.61;4282;4295;C1-R1;02.09.2025;36;02.09.2025 08:43;76.7;9.7;8.2;2.48;12692;0.70;270;27.9;4.7
7884.41;4283;4296;C1-R1;02.09.2025;36;02.09.2025 09:18;78.7;10.0;8.2;2.51;12544;0.72;267;26.7;4.9
7886.21;4284;4297;C1-R1;02.09.2025;36;02.09.2025 09:52;80.9;10.2;8.2;2.58;12578;0.71;268;26.1;5.0
7888.01;4285;4298;C1-R1;02.09.2025;36;02.09.2025 10:27;79.2;10.0;8.2;2.53;12666;0.70;269;26.9;4.9
7889.81;4286;4299;C1-R1;02.09.2025;36;02.09.2025 11:01;81.8;10.3;8.2;2.58;12169;0.71;259;25.1;5.1
7891.61;4287;4300;C1-R1;02.09.2025;36;02.09.2025 11:46;85.9;10.8;8.2;2.64;12027;0.69;256;23.6;5.3
7893.41;4288;4301;C1-R1;02.09.2025;36;02.09.2025 12:18;83.6;10.5;8.2;2.61;12037;0.74;256;24.3;5.2
7895.21;4289;4302;C1-R1;02.09.2025;36;02.09.2025 12:52;79.0;10.1;8.2;2.53;12060;0.69;257;25.5;4.9
7897.01;4290;4303;C2-R2b;02.09.2025;36;02.09.2025 14:27;79.2;10.1;8.1;2.60;12655;0.71;269;26.8;4.9
7898.81;4291;4304;C1-R1;02.09.2025;36;02.09.2025 15:06;81.4;10.2;8.2;2.62;12635;0.69;269;26.3;5.0
7900.61;4292;4305;C1-R1;;1;;;;;;;;;;
7902.41;4293;4306;C1-R1;04.09.2025;36;04.09.2025 08:22;79.6;10.1;8.2;2.30;11025;0.61;235;23.2;5.0
7904.21;4294;4307;C1-R1;04.09.2025;36;04.09.2025 09:06;83.5;10.6;8.2;2.52;11866;0.66;252;23.9;5.2
7906.01;4295;4308;C1-R1;04.09.2025;36;04.09.2025 09:39;83.3;10.5;8.2;2.50;11942;0.64;254;24.1;5.2
7907.81;4296;4309;C1-R1;04.09.2025;36;04.09.2025 10:12;87.0;11.0;8.2;2.57;11606;0.61;247;22.4;5.4
7909.61;4297;4310;C1-R1;04.09.2025;36;04.09.2025 10:45;85.7;10.8;8.2;2.39;11345;0.59;241;22.3;5.3
7911.41;4298;4311;C1-R1;04.09.2025;36;04.09.2025 12:20;77.4;10.0;8.0;2.09;10743;0.47;229;22.9;4.8
7913.21;4299;4312;C1-R1;04.09.2025;36;04.09.2025 12:55;90.9;12.0;7.9;2.29;10539;0.49;224;18.7;5.7
7915.01;4300;4313;C1-R1;04.09.2025;36;04.09.2025 13:26;79.2;11.7;7.1;1.91;9088;0.48;193;16.5;5.0
7916.81;4301;4314;C1-R1;04.09.2025;36;04.09.2025 14:16;86.7;11.4;7.9;2.33;10374;0.60;221;19.4;5.4
7918.61;4302;4315;C1-R1;04.09.2025;36;04.09.2025 14:48;89.5;11.7;7.9;2.27;9809;0.57;209;17.8;5.5
7920.41;4303;4316;C1-R1;04.09.2025;36;04.09.2025 15:40;80.1;10.7;7.8;2.06;9768;0.52;208;19.5;5.0
7922.21;4304;4317;C1-R1;04.09.2025;36;04.09.2025 16:53;81.3;10.8;7.7;2.25;10251;0.70;218;20.1;5.0
7924.01;4305;4318;C1-R1;04.09.2025;36;04.09.2025 17:43;77.3;11.6;7.2;1.98;8691;0.65;185;16.0;5.0
7925.81;4306;4319;C1-R1;05.09.2025;36;05.09.2025 11:55;78.5;11.1;7.4;2.03;8761;0.80;186;16.7;4.9
7927.61;4307;4320;C1-R1;05.09.2025;36;05.09.2025 12:29;82.1;10.4;8.2;2.11;10140;0.66;216;20.7;5.1
7929.41;4308;4321;C1-R1;05.09.2025;36;05.09.2025 13:02;78.7;10.0;8.2;2.11;10853;0.53;231;23.1;4.9
7931.21;4309;4322;C1-R1;05.09.2025;36;05.09.2025 13:53;79.8;10.1;8.2;2.16;10853;0.55;231;22.9;5.0
7933.01;4310;4323;C1-R1;05.09.2025;36;05.09.2025 15:01;82.5;10.5;8.1;2.41;11371;0.54;242;23.0;5.1
7934.81;4311;4324;C1-R1;05.09.2025;36;05.09.2025 15:36;80.4;10.2;8.1;2.44;10878;0.55;231;22.6;5.0
7936.61;4312;4325;C1-R1;05.09.2025;36;05.09.2025 19:58;84.3;10.7;8.1;2.54;11184;0.59;238;22.2;5.2
7938.41;4313;4326;C1-R1;05.09.2025;36;05.09.2025 20:15;86.6;11.3;8.2;2.54;11137;0.60;237;21.0;5.6
7940.21;4314;4327;C1-R1;05.09.2025;36;05.09.2025 20:55;81.8;10.4;8.1;2.46;11333;0.59;241;23.1;5.0
7942.01;4315;4328;C1-R1;05.09.2025;36;05.09.2025 21:47;81.8;10.4;8.1;2.52;11900;0.62;253;24.3;5.1
7943.81;4316;4329;C1-R1;05.09.2025;36;05.09.2025 22:30;81.7;11.0;7.8;2.59;12077;0.65;257;23.4;5.1
7945.61;4317;4330;C1-R1;05.09.2025;36;05.09.2025 23:02;84.4;10.7;8.1;2.45;11157;0.65;237;22.2;5.2
7947.41;4318;4331;C1-R1;05.09.2025;36;05.09.2025 23:35;84.2;10.7;8.1;2.57;11864;0.66;252;23.7;5.1
7949.21;4319;4332;C1-R1;06.09.2025;36;06.09.2025 00:07;87.2;11.0;8.1;2.47;11456;0.61;244;22.1;5.4
7951.01;4320;4333;C1-R1;06.09.2025;36;06.09.2025 11:30;80.1;10.3;8.0;2.30;10082;0.57;215;20.8;4.9
7952.81;4321;4334;C1-R1;06.09.2025;36;06.09.2025 12:04;86.4;10.9;8.1;2.50;11311;0.59;241;22.1;5.3
7954.61;4322;4335;C1-R1;06.09.2025;36;06.09.2025 12:36;93.2;11.8;8.2;2.58;11617;0.60;247;20.9;5.8
7956.41;4323;4336;C1-R1;06.09.2025;36;06.09.2025 13:08;79.7;10.2;8.1;2.21;10871;0.54;231;22.7;5.0
7958.21;4324;4337;C1-R1;06.09.2025;36;06.09.2025 13:43;87.5;11.1;8.2;2.50;11557;0.62;246;22.2;5.4
7960.01;4325;4338;C1-R1;06.09.2025;36;06.09.2025 14:16;82.9;10.5;8.1;2.43;11555;0.59;246;23.5;5.1
7961.81;4326;4339;C1-R1;06.09.2025;36;06.09.2025 14:49;81.9;10.3;8.2;2.39;12070;0.59;257;24.8;5.1
7963.61;4327;4340;C1-R1;06.09.2025;36;06.09.2025 15:40;84.1;10.6;8.2;2.55;12363;0.63;263;24.8;5.2
7965.41;4328;4341;C1-R1;06.09.2025;36;06.09.2025 16:14;81.7;10.3;8.2;2.49;12002;0.62;255;24.7;5.1
7967.21;4329;4342;C1-R1;06.09.2025;36;06.09.2025 17:12;86.2;10.9;8.2;2.54;12233;0.65;260;24.0;5.3
7969.01;4330;4343;C1-R1;06.09.2025;36;06.09.2025 17:52;84.3;10.7;8.1;2.29;11215;0.60;239;22.2;5.2
7970.81;4331;4344;C1-R1;06.09.2025;36;06.09.2025 18:26;81.6;10.3;8.1;2.18;11189;0.60;238;23.1;5.0
7972.61;4332;4345;C1-R1;06.09.2025;36;06.09.2025 18:59;80.9;10.4;8.1;2.24;11428;0.60;243;23.5;5.0
7974.41;4333;4346;C1-R1;06.09.2025;36;06.09.2025 19:33;80.1;12.7;7.2;2.03;9971;0.50;212;16.8;5.5
7976.21;4334;4347;C1-R1;08.09.2025;37;08.09.2025 09:51;81.9;10.6;8.1;2.49;11017;0.60;234;22.2;5.1
7978.01;4335;4348;C1-R1;08.09.2025;37;08.09.2025 10:23;82.5;10.6;8.2;2.20;9985;0.69;212;20.1;5.2
7979.81;4336;4349;C1-R1;08.09.2025;37;08.09.2025 10:58;76.9;10.1;7.9;2.52;11934;1.06;254;25.3;4.8
7981.61;4337;4350;C1-R1;08.09.2025;37;08.09.2025 11:50;78.7;10.2;8.1;2.50;11963;1.15;255;24.9;5.0
7983.41;4338;4351;C1-R1;08.09.2025;37;08.09.2025 12:28;80.9;10.3;8.1;2.61;12778;1.24;272;26.4;5.0
7985.21;4339;4352;C1-R1;08.09.2025;37;08.09.2025 13:09;76.9;9.9;8.0;2.52;12538;1.23;267;27.1;4.7
7987.01;4340;4353;C1-R1;08.09.2025;37;08.09.2025 14:12;77.8;10.0;8.1;2.42;11995;1.10;255;25.5;4.9
7988.81;4341;4354;C1-R1;08.09.2025;37;08.09.2025 16:49;76.9;10.0;8.0;2.24;12036;0.84;256;25.6;4.8
7990.61;4342;4355;C1-R1;08.09.2025;37;08.09.2025 17:24;80.2;10.1;8.1;2.40;12347;0.81;263;25.9;4.9
7992.41;4343;4356;C1-R1;08.09.2025;37;08.09.2025 17:57;82.6;10.5;8.1;2.38;12345;0.58;263;24.9;5.1
7994.21;4344;4357;C1-R1;08.09.2025;37;08.09.2025 18:30;86.4;11.0;8.1;2.44;12131;0.63;258;23.5;5.3
7996.01;4345;4358;C1-R1;08.09.2025;37;08.09.2025 19:14;86.1;10.9;8.2;2.47;11508;0.63;245;22.6;5.3
7997.81;4346;4359;C1-R1;08.09.2025;37;08.09.2025 22:09;86.3;10.9;8.2;2.48;11290;0.60;240;22.1;5.3
7999.61;4347;4360;C1-R1;08.09.2025;37;08.09.2025 22:55;88.8;11.2;8.2;2.52;11132;0.57;237;21.2;5.5
8001.41;4348;4361;C1-R1;08.09.2025;37;08.09.2025 23:27;87.2;11.0;8.1;2.49;11051;0.59;235;21.4;5.4
8003.21;4349;4362;C1-R1;08.09.2025;37;08.09.2025 23:59;89.5;11.4;8.0;2.57;11174;0.60;238;20.8;5.5
8005.01;4350;4363;C1-R1;09.09.2025;37;09.09.2025 00:30;78.2;12.1;6.8;1.94;8695;0.42;185;15.4;4.9
8006.81;4351;4364;C1-R1;09.09.2025;37;09.09.2025 16:02;82.5;10.6;8.0;2.40;11076;0.57;236;22.3;5.1
8008.61;4352;4365;C1-R1;09.09.2025;37;09.09.2025 16:45;83.3;10.6;8.2;2.45;11640;0.64;248;23.4;5.2
8010.41;4353;4366;C1-R1;09.09.2025;37;09.09.2025 17:17;86.1;10.9;8.2;2.58;11782;0.70;251;23.0;5.3
8012.21;4354;4367;C1-R1;09.09.2025;37;09.09.2025 17:50;87.1;11.1;8.2;2.40;11176;0.63;238;21.5;5.4
8014.01;4355;4368;C1-R1;09.09.2025;37;09.09.2025 18:28;84.2;10.6;8.2;2.19;10243;0.58;218;20.6;5.2
8015.81;4356;4369;C1-R1;09.09.2025;37;09.09.2025 19:01;81.7;10.3;8.2;2.25;11263;0.60;240;23.2;5.1
8017.61;4357;4370;C1-R1;09.09.2025;37;09.09.2025 19:48;80.9;10.3;8.1;2.34;10571;0.67;225;21.9;5.0
8019.41;4358;4371;C1-R1;09.09.2025;37;09.09.2025 20:23;84.0;10.7;8.1;2.31;10301;0.62;219;20.6;5.2
8021.21;4359;4372;C1-R1;09.09.2025;37;09.09.2025 20:56;81.0;10.4;8.1;2.26;11170;0.52;238;22.9;5.0
8023.01;4360;4373;C1-R1;09.09.2025;37;09.09.2025 21:59;77.4;9.8;8.2;2.25;11837;0.55;252;25.8;4.8
8024.81;4361;4374;C1-R1;09.09.2025;37;09.09.2025 22:33;79.0;10.0;8.2;2.35;11735;0.60;250;25.1;4.9
8026.61;4362;4375;C1-R1;09.09.2025;37;09.09.2025 23:16;74.7;9.5;8.2;2.17;11208;0.58;238;25.1;4.6
8028.41;4363;4376;C1-R1;10.09.2025;37;10.09.2025 00:02;72.4;9.2;8.2;2.16;11961;0.65;254;27.8;4.5
8030.21;4364;4377;C1-R1;10.09.2025;37;10.09.2025 00:38;74.4;9.5;8.2;2.27;12116;0.72;258;27.2;4.7
8032.01;4365;4378;C1-R1;10.09.2025;37;10.09.2025 05:51;78.5;10.0;8.1;2.41;11622;0.71;247;24.8;4.9
8033.81;4366;4379;C2-R2b;10.09.2025;37;10.09.2025 06:26;83.3;10.6;8.2;2.68;11973;0.80;255;24.1;5.2
8035.61;4367;4380;C1-R1;10.09.2025;37;10.09.2025 06:58;84.1;10.7;8.1;2.68;12287;0.87;261;24.5;5.2
8037.41;4368;4381;C1-R1;10.09.2025;37;10.09.2025 07:30;83.2;10.6;8.1;2.60;12543;0.85;267;25.1;5.2
8039.21;4369;4382;C1-R1;10.09.2025;37;10.09.2025 08:03;80.1;10.2;8.1;2.52;12985;0.80;276;27.0;5.0
8041.01;4370;4383;C1-R1;10.09.2025;37;10.09.2025 08:36;83.8;10.7;8.1;2.63;13047;0.87;278;26.1;5.2
8042.81;4371;4384;C1-R1;10.09.2025;37;10.09.2025 10:26;81.3;10.3;8.1;2.47;12865;0.82;274;26.6;5.0
8044.61;4372;4385;C1-R1;10.09.2025;37;10.09.2025 10:59;84.5;10.8;8.1;2.56;12540;0.82;267;24.8;5.2
8046.41;4373;4386;C1-R1;10.09.2025;37;10.09.2025 11:31;86.7;11.0;8.1;2.57;12153;0.81;259;23.4;5.4
8048.21;4374;4387;C1-R1;10.09.2025;37;10.09.2025 12:03;85.7;10.9;8.1;2.43;11367;0.79;242;22.2;5.3
8050.01;4375;4388;C1-R1;10.09.2025;37;10.09.2025 12:34;84.6;10.7;8.1;2.45;11108;0.79;236;22.0;5.2
8051.81;4376;4389;C1-R1;10.09.2025;37;10.09.2025 13:11;83.8;10.6;8.1;2.47;11335;0.74;241;22.8;5.2
8053.61;4377;4390;C1-R1;10.09.2025;37;10.09.2025 13:56;83.5;10.8;8.0;2.43;11631;0.76;247;23.0;5.2
8055.41;4378;4391;C1-R1;10.09.2025;37;10.09.2025 14:28;86.0;10.9;8.1;2.46;11485;0.76;244;22.3;5.3
8057.21;4379;4392;C1-R1;10.09.2025;37;10.09.2025 15:00;81.8;10.4;8.1;2.45;11944;0.75;254;24.5;5.1
8059.01;4380;4393;C1-R1;10.09.2025;37;10.09.2025 15:33;82.7;10.5;8.2;2.46;11830;0.77;252;24.1;5.1
8060.81;4381;4394;C1-R1;10.09.2025;37;10.09.2025 16:16;73.6;9.4;8.1;2.28;12134;0.73;258;27.6;4.6
8062.61;4382;4395;C1-R1;11.09.2025;37;11.09.2025 02:39;66.6;8.5;8.1;2.24;11704;0.67;249;29.2;4.2
8064.41;4383;4396;C1-R1;11.09.2025;37;11.09.2025 03:09;83.4;10.5;8.2;2.78;12984;0.85;276;26.3;5.2
8066.21;4384;4397;C1-R1;11.09.2025;37;11.09.2025 03:52;74.3;9.4;8.2;2.51;13075;0.78;278;29.6;4.6
8068.01;4385;4398;C1-R1;11.09.2025;37;11.09.2025 04:28;70.2;8.8;8.2;2.37;13001;0.79;277;31.3;4.3
8069.81;4386;4399;C1-R1;11.09.2025;37;11.09.2025 05:05;63.6;8.1;8.2;2.14;12821;0.73;273;33.9;4.0
8071.61;4387;4400;C1-R1;11.09.2025;37;11.09.2025 05:52;67.8;8.5;8.2;2.26;12670;0.76;270;31.6;4.2
8073.41;4388;4401;C1-R1;11.09.2025;37;11.09.2025 06:31;73.1;9.2;8.2;2.43;12975;0.81;276;29.9;4.5
8075.21;4389;4402;C1-R1;11.09.2025;37;11.09.2025 07:06;72.1;9.2;8.1;2.42;12815;0.83;273;29.8;4.5
8077.01;4390;4403;C1-R1;11.09.2025;37;11.09.2025 07:50;78.5;9.9;8.1;2.60;12949;0.85;276;27.7;4.8
8078.81;4391;4404;C1-R1;11.09.2025;37;11.09.2025 08:25;72.2;9.2;8.1;2.43;12875;0.82;274;29.7;4.5
8080.61;4392;4405;C1-R1;11.09.2025;37;11.09.2025 09:03;71.1;9.1;8.2;2.43;12922;0.81;275;30.2;4.5
8082.41;4393;4406;C1-R1;11.09.2025;37;11.09.2025 09:39;70.3;8.9;8.1;2.30;12666;0.76;269;30.2;4.3
8084.21;4394;4407;C1-R1;11.09.2025;37;11.09.2025 10:15;78.0;10.0;8.1;2.63;13438;0.90;286;28.6;4.9
8086.01;4395;4408;C1-R1;11.09.2025;37;11.09.2025 10:50;81.1;10.6;7.9;2.72;13775;0.89;293;27.6;5.0
8087.81;4396;4409;C1-R1;11.09.2025;37;11.09.2025 11:31;82.6;10.5;8.1;2.66;13884;0.90;295;28.1;5.1
8089.61;4397;4410;C1-R1;11.09.2025;37;11.09.2025 12:13;81.6;10.4;8.1;2.71;13540;0.91;288;27.7;5.0
8091.41;4398;4411;C1-R1;11.09.2025;37;11.09.2025 12:48;66.3;10.1;6.6;1.95;10009;0.59;213;21.1;4.0
8093.21;4399;4412;C1-R1;11.09.2025;37;11.09.2025 19:40;77.0;9.7;8.2;2.57;12169;0.80;259;26.6;4.8
8095.01;4400;4413;C1-R1;11.09.2025;37;11.09.2025 20:14;83.3;10.6;8.1;2.71;12469;0.83;265;25.1;5.2
8096.81;4401;4414;C1-R1;11.09.2025;37;11.09.2025 20:47;80.5;10.2;8.1;2.57;12492;0.80;266;26.1;5.0
8098.61;4402;4415;C1-R1;11.09.2025;37;11.09.2025 21:20;82.7;10.4;8.1;2.60;12352;0.81;263;25.2;5.1
8100.41;4403;4416;C1-R1;11.09.2025;37;11.09.2025 21:53;81.7;10.3;8.1;2.55;12469;0.80;265;25.8;5.0
8102.21;4404;4417;C1-R1;11.09.2025;37;11.09.2025 22:26;82.8;10.4;8.1;2.55;12419;0.77;264;25.3;5.1
8104.01;4405;4418;C1-R1;11.09.2025;37;11.09.2025 22:59;85.2;10.8;8.1;2.58;12031;0.76;256;23.8;5.2
8105.81;4406;4419;C1-R1;11.09.2025;37;11.09.2025 23:31;85.6;10.8;8.2;2.48;11391;0.75;242;22.4;5.3
8107.61;4407;4420;C1-R1;12.09.2025;37;12.09.2025 00:04;85.6;10.7;8.2;2.42;11863;0.73;252;23.5;5.3
8109.41;4408;4421;C1-R1;12.09.2025;37;12.09.2025 01:27;87.9;11.1;8.1;2.33;11172;0.69;238;21.4;5.4
8111.21;4409;4422;C1-R1;12.09.2025;37;12.09.2025 01:58;88.3;11.2;8.1;2.25;10322;0.65;220;19.7;5.4
8113.01;4410;4423;C1-R1;12.09.2025;37;12.09.2025 02:30;86.5;11.0;8.1;2.19;9863;0.59;210;19.1;5.4
8114.81;4411;4424;C1-R1;12.09.2025;37;12.09.2025 03:05;90.5;12.3;7.6;2.23;9323;0.59;198;16.2;5.6
8116.61;4412;4425;C1-R1;12.09.2025;37;12.09.2025 03:37;89.9;12.6;7.4;2.27;9341;0.55;199;15.8;5.6
8118.41;4413;4426;C1-R1;12.09.2025;37;12.09.2025 04:08;88.6;12.2;7.5;2.18;9071;0.69;193;15.9;5.5
8120.21;4414;4427;C1-R1;12.09.2025;37;12.09.2025 04:39;82.6;11.4;7.5;1.99;8754;0.63;186;16.3;5.1
8122.01;4415;4428;C1-R1;12.09.2025;37;12.09.2025 05:37;86.1;12.1;7.4;2.09;8830;0.54;188;15.5;5.3
8123.81;4416;4429;C1-R1;13.09.2025;37;13.09.2025 01:24;77.7;10.5;7.6;2.01;8631;0.52;184;17.5;4.8
8125.61;4417;4430;C1-R1;13.09.2025;37;13.09.2025 01:58;90.3;12.2;7.7;2.29;9548;0.66;203;16.7;5.6
8127.41;4418;4431;C1-R1;13.09.2025;37;13.09.2025 02:29;85.4;11.5;7.7;2.10;9345;0.63;199;17.3;5.3
8129.21;4419;4432;C1-R1;13.09.2025;37;13.09.2025 03:02;84.7;11.5;7.7;2.12;9641;0.65;205;17.9;5.3
8131.01;4420;4433;C1-R1;13.09.2025;37;13.09.2025 03:34;84.4;11.3;7.7;2.12;9688;0.68;206;18.2;5.2
8132.81;4421;4434;C1-R1;13.09.2025;37;13.09.2025 04:07;88.6;11.9;7.7;2.32;9980;0.78;212;17.9;5.5
8134.61;4422;4435;C1-R1;13.09.2025;37;13.09.2025 04:39;77.7;10.7;7.5;1.98;8858;0.60;188;17.6;4.8
8136.41;4423;4436;C1-R1;13.09.2025;37;13.09.2025 05:57;86.2;11.9;7.5;2.28;10298;0.69;219;18.5;5.3
8138.21;4424;4437;C1-R1;13.09.2025;37;13.09.2025 06:30;85.6;11.5;7.8;2.21;9900;0.60;211;18.4;5.3
8140.01;4425;4438;C1-R1;13.09.2025;37;13.09.2025 07:01;87.0;11.1;8.0;2.12;9127;0.53;194;17.5;5.4
8141.81;4426;4439;C1-R1;13.09.2025;37;13.09.2025 07:34;89.5;11.3;8.1;2.16;9595;0.55;204;18.1;5.5
8143.61;4427;4440;C1-R1;13.09.2025;37;13.09.2025 08:05;86.3;10.9;8.1;2.05;9319;0.53;198;18.2;5.3
8145.41;4428;4441;C1-R1;13.09.2025;37;13.09.2025 08:37;85.0;10.7;8.1;2.00;9355;0.52;199;18.6;5.2
8147.21;4429;4442;C1-R1;13.09.2025;37;13.09.2025 09:09;87.1;11.1;8.1;2.07;9553;0.52;203;18.3;5.4
8149.01;4430;4443;C1-R1;13.09.2025;37;13.09.2025 14:28;85.7;10.9;8.1;2.08;8992;0.59;191;17.6;5.3
8150.81;4431;4444;C1-R1;13.09.2025;37;13.09.2025 15:06;85.9;10.9;8.1;2.08;9793;0.56;208;19.1;5.3
8152.61;4432;4445;C1-R1;13.09.2025;37;13.09.2025 15:52;83.6;10.7;8.1;2.05;10144;0.56;216;20.2;5.2
8154.41;4433;4446;C1-R1;13.09.2025;37;13.09.2025 21:30;81.3;10.3;8.2;2.02;9439;0.57;201;19.5;5.1
8156.21;4434;4447;C1-R1;14.09.2025;37;14.09.2025 00:36;80.3;10.8;7.7;2.07;8903;0.69;189;17.6;5.0
8158.01;4435;4448;C1-R1;14.09.2025;37;14.09.2025 01:10;84.2;10.9;8.0;2.06;9176;0.52;195;18.0;5.2
8159.81;4436;4449;C1-R1;14.09.2025;37;14.09.2025 01:45;84.6;10.8;8.0;2.06;9580;0.58;204;18.9;5.2
8161.61;4437;4450;C1-R1;14.09.2025;37;14.09.2025 02:20;86.0;10.9;8.1;2.09;9748;0.60;207;19.0;5.3
8163.41;4438;4451;C1-R1;15.09.2025;38;15.09.2025 12:52;80.2;11.1;7.4;2.15;9366;0.61;199;17.9;4.9
8165.21;4439;4452;C1-R1;15.09.2025;38;15.09.2025 13:33;84.5;11.6;7.5;2.23;10132;0.72;216;18.6;5.2
8167.01;4440;4453;C1-R1;15.09.2025;38;15.09.2025 14:06;80.0;11.1;7.6;2.17;9901;0.78;211;19.1;5.0
8168.81;4441;4454;C1-R1;15.09.2025;38;15.09.2025 14:46;83.4;11.4;7.6;2.24;10463;0.77;223;19.5;5.2
8170.61;4442;4455;C1-R1;15.09.2025;38;15.09.2025 15:19;82.0;11.1;7.6;2.22;10566;0.83;225;20.2;5.1
8172.41;4443;4456;C1-R1;15.09.2025;38;15.09.2025 15:54;84.3;11.6;7.6;2.32;10755;0.89;229;19.8;5.3
8174.21;4444;4457;C2-R2b;15.09.2025;38;15.09.2025 16:30;86.5;11.8;7.6;2.33;10801;0.92;230;19.5;5.4
8176.01;4445;4458;C1-R1;15.09.2025;38;15.09.2025 17:03;83.3;11.3;7.6;2.27;11091;0.89;236;20.9;5.2
8177.81;4446;4459;C1-R1;15.09.2025;38;15.09.2025 17:43;80.8;10.7;7.8;2.21;11017;0.82;234;21.9;5.0
8179.61;4447;4460;C1-R1;15.09.2025;38;15.09.2025 17:43;80.8;10.7;7.8;2.21;11017;0.82;234;21.9;5.0
8181.41;4448;4461;C1-R1;16.09.2025;38;16.09.2025 10:27;73.2;9.9;7.7;2.11;9543;0.72;203;20.6;4.6
8183.21;4449;4462;C1-R1;16.09.2025;38;16.09.2025 11:44;74.6;9.9;7.9;2.06;10130;0.87;216;21.8;4.7
8185.01;4450;4463;C1-R1;16.09.2025;38;16.09.2025 12:29;66.9;8.6;8.0;2.52;13290;0.99;283;32.8;4.1
8186.81;4451;4464;C1-R1;16.09.2025;38;16.09.2025 13:20;84.0;10.7;8.1;2.78;13299;1.01;283;26.6;5.2
8188.61;4452;4465;C1-R1;16.09.2025;38;16.09.2025 14:06;81.2;10.3;8.1;2.66;13121;1.14;279;27.0;5.0
8190.41;4453;4466;C1-R1;16.09.2025;38;16.09.2025 15:27;64.3;8.5;8.0;2.17;11674;0.90;248;29.3;4.1
8192.21;4454;4467;C1-R1;16.09.2025;38;16.09.2025 16:26;84.7;11.4;7.7;2.33;10906;1.01;232;20.3;5.3
8194.01;4455;4468;C1-R1;16.09.2025;38;16.09.2025 18:18;86.7;12.5;7.1;1.89;9405;0.65;200;16.0;5.4
8195.81;4456;4469;C1-R1;16.09.2025;38;16.09.2025 18:51;81.2;11.8;7.1;2.36;10749;0.66;229;19.4;5.0
8197.61;4457;4470;C1-R1;16.09.2025;38;16.09.2025 19:29;82.4;11.2;7.6;2.44;11193;0.95;238;21.2;5.1
8199.41;4458;4471;C1-R1;16.09.2025;38;16.09.2025 20:51;78.7;10.4;7.9;2.30;10567;0.84;225;21.7;4.9
8201.21;4459;4472;C1-R1;16.09.2025;38;16.09.2025 21:25;80.6;10.5;8.0;2.23;10513;0.85;224;21.3;5.0
8203.01;4460;4473;C1-R1;16.09.2025;38;16.09.2025 22:12;80.3;10.8;7.8;2.04;9639;0.78;205;19.1;5.0
8204.81;4461;4474;C1-R1;17.09.2025;38;17.09.2025 06:34;76.4;10.3;7.7;1.97;8574;0.84;182;17.7;4.8
8206.61;4462;4475;C1-R1;17.09.2025;38;17.09.2025 07:13;82.1;11.0;7.7;1.76;8566;0.76;182;16.6;5.1
8208.41;4463;4476;C1-R1;17.09.2025;38;17.09.2025 07:50;84.7;11.4;7.7;1.96;9687;1.05;206;18.2;5.2
8210.21;4464;4477;C1-R1;17.09.2025;38;17.09.2025 08:23;73.5;11.7;6.6;1.86;9491;1.05;202;17.3;4.6
8212.01;4465;4478;C1-R1;17.09.2025;38;17.09.2025 09:57;85.9;11.6;7.6;2.37;10990;1.15;234;20.1;5.3
8213.81;4466;4479;C1-R1;17.09.2025;38;17.09.2025 10:30;90.5;12.2;7.6;2.30;10178;1.09;217;17.8;5.6
8215.61;4467;4480;C1-R1;17.09.2025;38;17.09.2025 11:01;88.7;12.0;7.6;2.13;10355;0.98;220;18.3;5.5
8217.41;4468;4481;C1-R1;17.09.2025;38;17.09.2025 11:38;86.4;12.0;7.4;1.79;8988;0.69;191;15.9;5.3
8219.21;4469;4482;C1-R1;17.09.2025;38;17.09.2025 12:21;79.4;10.9;7.6;2.19;10450;0.73;222;20.4;5.0
8221.01;4470;4483;C1-R1;17.09.2025;38;17.09.2025 13:34;89.3;11.8;7.7;2.43;10712;0.78;228;19.3;5.5
8222.81;4471;4484;C1-R1;17.09.2025;38;17.09.2025 14:05;88.1;11.7;7.7;2.08;9853;0.63;210;17.9;5.4
8224.61;4472;4485;C1-R1;17.09.2025;38;17.09.2025 14:45;86.1;11.5;7.7;2.01;10060;0.60;214;18.7;5.3
8226.41;4473;4486;C1-R1;17.09.2025;38;17.09.2025 15:45;83.8;11.2;7.7;2.01;10151;0.56;216;19.4;5.2
8228.21;4474;4487;C1-R1;17.09.2025;38;17.09.2025 16:34;80.0;10.6;7.8;1.94;9774;0.63;208;19.6;5.0
8230.01;4475;4488;C1-R1;17.09.2025;38;17.09.2025 17:08;83.9;11.2;7.8;2.44;12017;0.82;256;22.7;5.2
8231.81;4476;4489;C1-R1;17.09.2025;38;17.09.2025 17:42;79.1;10.6;7.7;2.32;11943;0.84;254;24.0;4.9
8233.61;4477;4490;C1-R1;18.09.2025;38;18.09.2025 12:15;75.6;9.8;8.0;2.26;11044;0.55;235;24.0;4.7
8235.41;4478;4491;C1-R1;18.09.2025;38;18.09.2025 13:14;81.2;10.3;8.2;2.37;11997;0.65;255;24.9;5.0
8237.21;4479;4492;C1-R1;18.09.2025;38;18.09.2025 13:49;81.8;10.3;8.2;2.42;12707;0.72;270;26.2;5.0
8239.01;4480;4493;C1-R1;18.09.2025;38;18.09.2025 14:22;78.4;9.9;8.1;2.33;12946;0.75;275;27.8;4.8
8240.81;4481;4494;C1-R1;18.09.2025;38;18.09.2025 14:56;81.4;10.4;8.1;2.49;13405;0.81;285;27.6;5.0
8242.61;4482;4495;C1-R1;18.09.2025;38;18.09.2025 15:30;78.6;9.9;8.2;2.43;13464;0.81;286;28.8;4.9
8244.41;4483;4496;C1-R1;18.09.2025;38;18.09.2025 16:04;78.5;10.0;8.2;2.44;13443;0.81;286;28.7;4.9
8246.21;4484;4497;C1-R1;18.09.2025;38;18.09.2025 16:38;82.1;10.4;8.2;2.54;13478;0.80;287;27.6;5.1
8248.01;4485;4498;C1-R1;18.09.2025;38;18.09.2025 17:25;84.7;10.7;8.2;2.49;13288;0.73;283;26.4;5.2
8249.81;4486;4499;C1-R1;18.09.2025;38;18.09.2025 17:57;85.2;10.9;8.1;2.38;12327;0.65;262;24.1;5.3
8251.61;4487;4500;C1-R1;18.09.2025;38;18.09.2025 18:34;81.5;10.8;8.0;2.18;11316;0.57;241;22.3;5.2
8253.41;4488;4501;C2-R2b;18.09.2025;38;18.09.2025 19:09;80.2;10.7;7.9;2.00;9917;0.52;211;19.8;5.1
8255.21;4489;4502;C1-R1;18.09.2025;38;18.09.2025 19:45;80.4;11.5;7.5;1.84;8001;0.46;170;14.8;5.2
8257.01;4490;4503;C1-R1;18.09.2025;38;18.09.2025 20:27;79.1;14.4;5.8;1.85;6688;0.26;142;9.9;5.1
8258.81;4491;4504;C1-R1;19.09.2025;38;19.09.2025 09:19;80.3;13.6;6.1;1.68;5970;0.25;127;9.3;4.9
8260.61;4492;4505;C1-R1;19.09.2025;38;19.09.2025 10:01;87.2;13.7;6.6;1.96;8143;0.29;173;12.7;5.4
8262.41;4493;4506;C1-R1;19.09.2025;38;19.09.2025 10:33;88.9;13.1;7.0;2.11;9094;0.29;193;14.8;5.5
8264.21;4494;4507;C1-R1;19.09.2025;38;19.09.2025 11:10;86.2;12.7;7.0;2.18;8685;0.29;185;14.5;5.4
8266.01;4495;4508;C1-R1;19.09.2025;38;19.09.2025 11:50;87.9;12.8;7.0;2.10;8663;0.34;184;14.4;5.4
8267.81;4496;4509;C1-R1;19.09.2025;38;19.09.2025 12:41;82.8;12.2;7.0;1.98;8780;0.31;187;15.4;5.1
8269.61;4497;4510;C1-R1;19.09.2025;38;19.09.2025 13:14;88.9;11.7;7.8;2.29;10140;0.54;216;18.4;5.5
8271.41;4498;4511;C1-R1;19.09.2025;38;19.09.2025 13:55;83.3;11.2;7.7;2.31;10170;0.79;216;19.3;5.2
8273.21;4499;4512;C1-R1;19.09.2025;38;19.09.2025 14:46;84.1;11.3;7.7;2.43;10803;0.77;230;20.4;5.2
8275.01;4500;4513;C1-R1;19.09.2025;38;19.09.2025 15:19;83.9;11.2;7.7;2.46;11271;0.81;240;21.4;5.2
8276.81;4501;4514;C1-R1;19.09.2025;38;19.09.2025 16:05;83.1;11.2;7.7;2.51;11745;0.86;250;22.3;5.1
8278.61;4502;4515;C2-R2b;19.09.2025;38;19.09.2025 16:39;84.1;10.8;8.0;2.45;11887;0.53;253;23.4;5.2
8280.41;4503;4516;C1-R1;19.09.2025;38;19.09.2025 17:12;78.6;11.0;7.4;2.21;10325;0.48;220;19.9;4.9
8282.21;4504;4517;C1-R1;20.09.2025;38;20.09.2025 04:35;84.0;11.3;7.8;2.58;10992;0.59;234;20.7;5.3
8284.01;4505;4518;C1-R1;20.09.2025;38;20.09.2025 05:06;81.8;10.8;7.8;2.50;10573;0.62;225;20.8;5.1
8285.81;4506;4519;C1-R1;20.09.2025;38;20.09.2025 05:40;83.1;11.1;7.8;2.56;11190;0.73;238;21.5;5.2
8287.61;4507;4520;C1-R1;20.09.2025;38;20.09.2025 06:13;83.0;11.2;7.7;2.54;11349;0.72;241;21.5;5.2
8289.41;4508;4521;C1-R1;20.09.2025;38;20.09.2025 06:54;81.6;10.9;7.8;2.42;11744;0.72;250;23.0;5.1
8291.21;4509;4522;C1-R1;20.09.2025;38;20.09.2025 07:28;80.4;10.7;7.7;2.37;11694;0.75;249;23.2;5.0
8293.01;4510;4523;C1-R1;20.09.2025;38;20.09.2025 08:02;81.0;10.8;7.8;2.34;11325;0.78;241;22.3;5.0
8294.81;4511;4524;C1-R1;20.09.2025;38;20.09.2025 08:46;82.4;10.9;7.8;2.35;11151;0.74;237;21.7;5.1
8296.61;4512;4525;C1-R1;20.09.2025;38;20.09.2025 09:19;82.1;11.0;7.8;2.30;10817;0.69;230;21.0;5.1
8298.41;4513;4526;C1-R1;20.09.2025;38;20.09.2025 09:54;82.6;11.0;7.7;2.28;10765;0.67;229;20.9;5.1
8300.21;4514;4527;C1-R1;20.09.2025;38;20.09.2025 10:28;84.0;11.2;7.8;2.34;10504;0.72;223;19.9;5.2
8302.01;4515;4528;C1-R1;20.09.2025;38;20.09.2025 11:22;83.1;11.1;7.8;2.29;10147;0.68;216;19.5;5.1
8303.81;4516;4529;C1-R1;20.09.2025;38;20.09.2025 11:55;81.4;10.8;7.8;2.20;9901;0.66;211;19.5;5.0
8305.61;4517;4530;C1-R1;20.09.2025;38;20.09.2025 12:30;87.1;11.7;7.7;2.30;9505;0.68;202;17.3;5.4
8307.41;4518;4531;C1-R1;;1;;;;;;;;;;
8309.21;4519;4532;C1-R1;22.09.2025;39;22.09.2025 15:29;86.4;11.3;8.0;2.26;9376;0.45;199;17.7;5.4
8311.01;4520;4533;C1-R1;22.09.2025;39;22.09.2025 16:13;75.1;9.8;8.0;1.88;9133;0.38;194;19.8;4.7
8312.81;4521;4534;C1-R1;22.09.2025;39;22.09.2025 16:50;83.0;11.6;7.4;2.25;9852;0.53;210;18.0;5.2
8314.61;4522;4535;C1-R1;22.09.2025;39;22.09.2025 17:24;86.3;12.1;7.4;2.36;10304;0.54;219;18.1;5.4
8316.41;4523;4536;C1-R1;22.09.2025;39;22.09.2025 18:11;85.5;12.0;7.4;2.32;9939;0.54;211;17.7;5.3
8318.21;4524;4537;C1-R1;22.09.2025;39;22.09.2025 21:04;86.5;12.2;7.3;2.31;9646;0.48;205;16.8;5.4
8320.01;4525;4538;C1-R1;22.09.2025;39;22.09.2025 21:36;86.3;12.7;7.0;2.29;8855;0.30;188;14.8;5.4
8321.81;4526;4539;C1-R1;22.09.2025;39;22.09.2025 22:09;83.6;12.3;7.0;2.28;8894;0.31;189;15.3;5.2
8323.61;4527;4540;C1-R1;22.09.2025;39;22.09.2025 22:41;84.0;11.9;7.3;2.32;9192;0.48;196;16.4;5.2
8325.41;4528;4541;C1-R1;22.09.2025;39;22.09.2025 23:24;85.7;12.3;7.2;2.30;9091;0.43;193;15.7;5.3
8327.21;4529;4542;C1-R1;22.09.2025;39;22.09.2025 23:56;85.8;12.1;7.4;2.24;8720;0.53;186;15.4;5.3
8329.01;4530;4543;C1-R1;23.09.2025;39;23.09.2025 00:28;85.1;11.9;7.4;2.21;8777;0.51;187;15.7;5.3
8330.81;4531;4544;C1-R1;23.09.2025;39;23.09.2025 01:00;82.7;11.7;7.4;2.20;9316;0.53;198;17.0;5.1
8332.61;4532;4545;C1-R1;23.09.2025;39;23.09.2025 13:40;77.4;11.4;7.0;2.20;8472;0.30;180;15.8;4.8
8334.41;4533;4546;C1-R1;23.09.2025;39;23.09.2025 14:40;83.1;12.3;7.1;2.35;9531;0.32;203;16.4;5.2
8336.21;4534;4547;C1-R1;23.09.2025;39;23.09.2025 15:14;83.2;12.4;7.0;2.38;9841;0.33;209;16.9;5.2
8338.01;4535;4548;C1-R1;23.09.2025;39;23.09.2025 15:47;86.4;12.7;7.0;2.38;9976;0.34;212;16.8;5.3
8339.81;4536;4549;C1-R1;23.09.2025;39;23.09.2025 16:50;77.8;12.0;6.8;1.79;7834;0.26;167;13.9;4.9
8341.61;4537;4550;C1-R1;23.09.2025;39;23.09.2025 17:42;77.3;13.4;6.1;1.55;6369;0.16;136;10.1;4.9
8343.41;4538;4551;C1-R1;23.09.2025;39;23.09.2025 18:24;80.6;13.2;6.4;1.72;7274;0.32;155;11.7;5.1
8345.21;4539;4552;C1-R1;23.09.2025;39;23.09.2025 19:17;84.6;13.6;6.5;2.12;8733;0.44;186;13.7;5.3
8347.01;4540;4553;C1-R1;23.09.2025;39;23.09.2025 19:50;84.7;13.1;6.7;2.05;8801;0.47;187;14.2;5.3
8348.81;4541;4554;C1-R1;23.09.2025;39;23.09.2025 20:22;80.9;12.9;6.6;1.73;7939;0.35;169;13.1;5.1
8350.61;4542;4555;C1-R1;23.09.2025;39;23.09.2025 20:55;81.7;13.6;6.2;1.61;6874;0.22;146;10.8;5.1
8352.41;4543;4556;C1-R1;23.09.2025;39;23.09.2025 21:28;87.0;13.1;6.9;1.81;7456;0.28;159;12.1;5.4
8354.21;4544;4557;C1-R1;24.09.2025;39;24.09.2025 12:38;82.5;13.6;6.3;1.82;7791;0.20;166;12.2;5.1
8356.01;4545;4558;C1-R1;24.09.2025;39;24.09.2025 14:06;77.8;12.2;6.6;1.77;8302;0.26;177;14.4;4.9
8357.81;4546;4559;C1-R1;24.09.2025;39;24.09.2025 15:10;79.3;12.1;6.9;1.82;7733;0.48;165;13.6;5.0
8359.61;4547;4560;C1-R1;24.09.2025;39;24.09.2025 16:18;78.3;15.6;5.3;1.88;7234;0.34;154;9.8;5.0
8361.41;4548;4561;C1-R1;24.09.2025;39;24.09.2025 16:52;84.6;15.4;5.7;1.95;8041;0.40;171;11.1;5.3
8363.21;4549;4562;C1-R1;24.09.2025;39;24.09.2025 17:28;79.2;14.2;5.9;1.91;8501;0.48;181;12.8;5.0
8365.01;4550;4563;C1-R1;24.09.2025;39;24.09.2025 18:04;80.1;11.3;7.4;2.10;10336;0.63;220;19.5;5.0
8366.81;4551;4564;C1-R1;24.09.2025;39;24.09.2025 18:43;85.9;12.1;7.4;2.07;9697;0.56;206;17.1;5.3
8368.61;4552;4565;C1-R1;24.09.2025;39;24.09.2025 20:22;84.2;11.9;7.4;2.09;9342;0.52;199;16.7;5.2
8370.41;4553;4566;C1-R1;24.09.2025;39;24.09.2025 20:54;86.6;13.0;6.9;2.22;8783;0.36;187;14.3;5.4
8372.21;4554;4567;C1-R1;24.09.2025;39;24.09.2025 21:25;84.3;12.0;7.3;2.14;8946;0.44;190;15.8;5.3
8374.01;4555;4568;C1-R1;24.09.2025;39;24.09.2025 21:57;85.9;12.7;7.1;2.16;8747;0.33;186;14.7;5.4
8375.81;4556;4569;C1-R1;24.09.2025;39;24.09.2025 22:30;85.3;12.9;6.9;2.17;8765;0.25;186;14.4;5.3
8377.61;4557;4570;C1-R1;24.09.2025;39;24.09.2025 23:11;83.0;12.9;6.7;2.09;8748;0.22;186;14.5;5.2
8379.41;4558;4571;C1-R1;24.09.2025;39;24.09.2025 23:53;79.7;13.9;6.0;2.07;8273;0.20;176;12.7;5.0
8381.21;4559;4572;C1-R1;25.09.2025;39;25.09.2025 15:20;81.0;14.5;5.9;2.15;7692;0.20;164;11.3;5.1
8383.01;4560;4573;C1-R1;25.09.2025;39;25.09.2025 16:01;84.4;15.0;5.8;2.17;7621;0.20;162;10.8;5.2
8384.81;4561;4574;C1-R1;25.09.2025;39;25.09.2025 16:35;80.4;14.4;5.8;2.11;7771;0.20;165;11.5;5.0
8386.61;4562;4575;C1-R1;25.09.2025;39;25.09.2025 17:09;82.4;15.0;5.7;2.16;7870;0.20;167;11.2;5.1
8388.41;4563;4576;C1-R1;25.09.2025;39;25.09.2025 17:44;81.9;14.6;5.8;2.19;8716;0.19;185;12.7;5.1
8390.21;4564;4577;C1-R1;25.09.2025;39;25.09.2025 18:18;84.1;14.3;6.1;2.22;9162;0.21;195;13.7;5.2
8392.01;4565;4578;C1-R1;25.09.2025;39;25.09.2025 19:58;81.6;12.9;6.6;2.10;9048;0.25;193;14.9;5.1
8393.81;4566;4579;C1-R1;25.09.2025;39;25.09.2025 20:31;83.5;12.1;7.1;2.17;9543;0.37;203;16.7;5.2
8395.61;4567;4580;C1-R1;25.09.2025;39;25.09.2025 21:03;83.6;12.0;7.2;2.18;9518;0.45;203;16.8;5.2
8397.41;4568;4581;C1-R1;25.09.2025;39;25.09.2025 22:16;83.5;11.7;7.4;2.12;9419;0.60;200;17.2;5.2
8399.21;4569;4582;C1-R1;25.09.2025;39;25.09.2025 22:48;86.7;12.1;7.4;2.19;9640;0.54;205;17.0;5.4
8401.01;4570;4583;C2-R2b;25.09.2025;39;25.09.2025 23:21;77.6;11.1;7.3;2.07;9363;0.49;199;17.9;4.9
8402.81;4571;4584;C1-R1;26.09.2025;39;26.09.2025 00:31;84.8;12.4;7.2;2.23;9965;0.39;212;17.2;5.3
8404.61;4572;4585;C1-R1;26.09.2025;39;26.09.2025 01:03;87.2;12.5;7.2;2.11;9518;0.46;203;16.2;5.4
8406.41;4573;4586;C1-R1;26.09.2025;39;26.09.2025 13:42;81.3;12.6;6.6;2.01;8285;0.23;176;14.0;5.0
8408.21;4574;4587;C1-R1;26.09.2025;39;26.09.2025 14:16;87.1;14.8;6.2;2.06;7608;0.22;162;10.9;5.5
8410.01;4575;4588;C1-R1;26.09.2025;39;26.09.2025 14:48;83.3;14.6;5.9;1.84;6990;0.19;149;10.2;5.1
8411.81;4576;4589;C2-R3;26.09.2025;39;26.09.2025 15:22;84.0;14.9;5.9;1.69;6461;0.18;137;9.3;5.3
8413.61;4577;4590;C2-R3;26.09.2025;39;26.09.2025 15:55;73.3;13.3;5.9;1.67;6901;0.18;147;11.1;4.7
8415.41;4578;4591;C2-R3;26.09.2025;39;26.09.2025 16:36;82.5;14.5;6.0;1.75;6871;0.30;146;10.1;5.2
8417.21;4579;4592;C2-R3;26.09.2025;39;26.09.2025 17:10;80.9;18.1;4.9;1.39;4411;0.33;94;5.2;5.3
8419.01;4580;4593;C2-R3;26.09.2025;39;26.09.2025 18:57;70.6;16.0;4.9;1.35;6665;0.28;142;8.9;4.6
8420.81;4581;4594;C2-R3;26.09.2025;39;26.09.2025 19:37;80.4;11.6;7.2;1.73;9605;0.56;204;17.6;5.0
8422.61;4582;4595;C2-R3;26.09.2025;39;26.09.2025 20:11;87.9;12.4;7.4;1.97;9803;0.73;209;16.8;5.5
8424.41;4583;4596;C2-R3;26.09.2025;39;26.09.2025 21:02;84.5;13.0;6.7;2.15;9256;0.61;197;15.1;5.3
8426.21;4584;4597;C1-R1;26.09.2025;39;26.09.2025 21:35;82.3;11.2;7.7;1.90;10309;0.75;219;19.5;5.2
8428.01;4585;4598;C1-R1;26.09.2025;39;26.09.2025 23:13;73.7;10.9;7.2;1.64;8291;0.50;176;16.2;4.7
8429.81;4586;4599;C1-R1;27.09.2025;39;27.09.2025 14:04;79.1;11.0;7.4;2.15;10133;0.67;216;19.5;4.9
8431.61;4587;4600;C1-R1;27.09.2025;39;27.09.2025 15:11;85.4;11.8;7.6;2.05;9288;0.72;198;16.7;5.3
8433.41;4588;4601;C1-R1;27.09.2025;39;27.09.2025 15:50;86.9;11.8;7.5;1.94;8984;0.71;191;16.2;5.3
8435.21;4589;4602;C1-R1;27.09.2025;39;27.09.2025 16:23;85.9;11.8;7.6;2.07;9107;0.74;194;16.4;5.4
8437.01;4590;4603;C1-R1;27.09.2025;39;27.09.2025 16:56;79.9;10.9;7.6;2.03;8889;0.79;189;17.4;4.9
8438.81;4591;4604;C1-R1;27.09.2025;39;27.09.2025 17:30;81.0;12.3;6.9;2.13;8960;0.42;191;15.5;5.1
8440.61;4592;4605;C1-R1;27.09.2025;39;27.09.2025 18:06;85.1;12.4;7.1;2.17;9471;0.53;202;16.2;5.3
8442.41;4593;4606;C1-R1;27.09.2025;39;27.09.2025 18:38;79.3;12.7;6.5;2.16;9373;0.26;199;15.8;5.0
8444.21;4594;4607;C1-R1;27.09.2025;39;27.09.2025 20:10;83.1;11.1;7.8;2.09;9697;0.55;206;18.6;5.2
8446.01;4595;4608;C1-R1;27.09.2025;39;27.09.2025 21:29;91.8;11.8;8.1;2.30;10108;0.60;215;18.3;5.7
8447.81;4596;4609;C1-R1;28.09.2025;39;28.09.2025 00:05;96.6;12.4;8.1;2.23;9345;0.57;199;16.0;6.0
8449.61;4597;4610;C2-R3;28.09.2025;39;28.09.2025 00:34;95.2;12.1;8.2;2.29;9970;0.55;212;17.5;5.9
8451.41;4598;4611;C2-R3;28.09.2025;39;28.09.2025 01:04;97.1;12.4;8.1;2.27;9238;0.52;197;15.9;6.0
8453.21;4599;4612;C2-R3;28.09.2025;39;28.09.2025 01:41;97.2;12.7;7.9;2.17;8686;0.46;185;14.5;6.0
8455.01;4600;4613;C2-R3;29.09.2025;40;29.09.2025 21:15;80.7;11.8;7.1;1.80;7527;0.37;160;13.6;5.0
8456.81;4601;4614;C2-R3;29.09.2025;40;29.09.2025 21:48;85.8;12.6;7.0;1.43;6593;0.34;140;11.2;5.3
8458.61;4602;4615;C2-R3;29.09.2025;40;29.09.2025 22:21;85.3;12.5;7.0;1.39;6015;0.34;128;10.3;5.3
8460.41;4603;4616;C2-R3;29.09.2025;40;29.09.2025 22:52;85.7;12.5;7.0;1.54;6977;0.32;148;11.9;5.3
8462.21;4604;4617;C1-R1;30.09.2025;40;30.09.2025 10:06;80.0;13.0;6.4;1.70;6765;0.21;144;11.0;5.0
8464.01;4605;4618;C1-R1;30.09.2025;40;30.09.2025 10:39;83.2;13.7;6.3;1.76;6953;0.33;148;10.8;5.2
8465.81;4606;4619;C1-R1;30.09.2025;40;30.09.2025 11:12;85.2;12.9;6.9;1.85;7198;0.38;153;11.9;5.3
8467.61;4607;4620;C1-R1;30.09.2025;40;30.09.2025 12:14;84.8;14.0;6.3;1.80;7623;0.19;162;11.6;5.3
8469.41;4608;4621;C2-R3;30.09.2025;40;30.09.2025 13:05;83.9;12.8;6.8;1.76;7926;0.24;169;13.2;5.2
8471.21;4609;4622;C2-R3;30.09.2025;40;30.09.2025 14:03;82.1;12.1;6.9;1.84;8064;0.28;172;14.2;5.0
8473.01;4610;4623;C2-R3;30.09.2025;40;30.09.2025 14:35;83.5;12.7;6.8;1.90;8112;0.28;173;13.6;5.2
8474.81;4611;4624;C2-R3;30.09.2025;40;30.09.2025 15:07;83.1;11.2;7.7;2.02;9090;0.43;193;17.3;5.2
8476.61;4612;4625;C2-R3;30.09.2025;40;30.09.2025 15:40;83.8;10.7;8.1;1.92;9274;0.51;197;18.4;5.2
8478.41;4613;4626;C2-R3;30.09.2025;40;30.09.2025 16:13;70.6;9.8;7.8;1.73;9028;0.44;192;19.7;4.6
8480.21;4614;4627;C2-R3;01.10.2025;40;01.10.2025 07:22;82.2;16.8;5.2;1.37;5555;0.23;118;7.0;5.3
8482.01;4615;4628;C2-R3;01.10.2025;40;01.10.2025 07:55;81.8;17.2;5.0;1.74;7147;0.24;152;8.9;5.1
8483.81;4616;4629;C2-R3;01.10.2025;40;01.10.2025 17:52;80.9;12.1;7.0;1.80;8323;0.39;177;14.7;5.1
8485.61;4617;4630;C2-R3;01.10.2025;40;01.10.2025 18:44;84.3;10.9;8.0;1.85;9354;0.50;199;18.3;5.2
8487.41;4618;4631;C2-R3;01.10.2025;40;01.10.2025 19:17;81.7;10.4;8.1;1.94;9581;0.47;204;19.6;5.1
8489.21;4619;4632;C1-R1;01.10.2025;40;01.10.2025 19:49;86.0;10.9;8.1;2.31;10766;0.62;229;21.0;5.3
8491.01;4620;4633;C1-R1;01.10.2025;40;01.10.2025 20:21;78.9;10.1;8.1;2.17;10416;0.59;222;22.0;4.9
8492.81;4621;4634;C1-R1;01.10.2025;40;01.10.2025 22:42;83.9;10.7;8.2;2.36;10984;0.70;234;21.9;5.2
8494.61;4622;4635;C1-R1;01.10.2025;40;01.10.2025 23:16;91.1;11.6;8.1;2.48;10883;0.75;232;19.9;5.6
8496.41;4623;4636;C1-R1;02.10.2025;40;02.10.2025 10:53;77.9;10.9;7.4;2.26;9623;0.64;205;18.9;4.8
8498.21;4624;4637;C1-R1;02.10.2025;40;02.10.2025 11:32;92.4;12.0;7.9;2.37;10390;0.69;221;18.4;5.7
8500.01;4625;4638;C1-R1;02.10.2025;40;02.10.2025 12:12;91.6;11.7;7.9;2.29;10553;0.73;225;19.2;5.5
8501.81;4626;4639;C2-R2b;02.10.2025;40;02.10.2025 12:34;86.4;11.2;8.0;2.11;10311;0.68;219;19.7;5.3
8503.61;4627;4640;C1-R1;02.10.2025;40;02.10.2025 13:06;88.3;11.1;8.2;2.18;10512;0.71;224;20.2;5.5
8505.41;4628;4641;C1-R1;02.10.2025;40;02.10.2025 13:51;80.1;10.1;8.2;2.44;12318;0.89;262;25.9;5.0
8507.21;4629;4642;C1-R1;02.10.2025;40;02.10.2025 14:25;91.8;11.6;8.2;2.36;11369;1.08;242;20.9;5.7
8509.01;4630;4643;C1-R1;02.10.2025;40;02.10.2025 14:57;83.8;11.6;7.5;2.01;9503;0.94;202;17.4;5.3
8510.81;4631;4644;C1-R1;02.10.2025;40;02.10.2025 15:37;86.7;11.4;7.9;2.14;10179;0.95;217;19.1;5.4
8512.61;4632;4645;C1-R1;02.10.2025;40;02.10.2025 16:13;87.7;13.3;7.1;1.64;8376;0.68;178;13.4;5.7
8514.41;4633;4646;C1-R1;03.10.2025;40;03.10.2025 06:53;80.4;11.0;7.6;1.89;8859;0.80;188;17.2;5.0
8516.21;4634;4647;C1-R1;03.10.2025;40;03.10.2025 07:30;78.8;10.0;8.2;2.03;9977;0.94;212;21.2;4.9
8518.01;4635;4648;C1-R1;03.10.2025;40;03.10.2025 08:15;88.0;11.0;8.2;2.40;12174;0.83;259;23.5;5.4
8519.81;4636;4649;C1-R1;03.10.2025;40;03.10.2025 08:49;86.1;10.9;8.2;2.31;11891;0.76;253;23.3;5.3
8521.61;4637;4650;C1-R1;03.10.2025;40;03.10.2025 09:21;88.6;11.2;8.2;2.35;11736;0.72;250;22.4;5.5
8523.41;4638;4651;C1-R1;03.10.2025;40;03.10.2025 10:08;91.9;11.6;8.2;2.50;11781;0.74;251;21.6;5.7
8525.21;4639;4652;C1-R1;03.10.2025;40;03.10.2025 10:38;91.6;11.7;8.2;2.44;10969;0.74;233;20.0;5.7
8527.01;4640;4653;C1-R1;03.10.2025;40;03.10.2025 11:50;87.0;10.9;8.2;2.28;10384;0.65;221;20.3;5.3
8528.81;4641;4654;C1-R1;03.10.2025;40;03.10.2025 13:04;86.2;10.9;8.2;2.39;10888;0.69;232;21.3;5.3
8530.61;4642;4655;C2-R2b;03.10.2025;40;03.10.2025 19:11;80.1;10.5;7.9;2.30;10364;0.58;221;21.0;5.0
8532.41;4643;4656;C1-R1;03.10.2025;40;03.10.2025 19:38;81.6;10.4;8.1;2.30;11065;0.63;235;22.7;5.0
8534.21;4644;4657;C1-R1;03.10.2025;40;03.10.2025 20:11;85.2;10.8;8.2;2.31;10882;0.64;232;21.5;5.3
8536.01;4645;4658;C1-R1;03.10.2025;40;03.10.2025 20:45;86.1;10.8;8.2;2.25;10851;0.61;231;21.3;5.3
8537.81;4646;4659;C1-R1;03.10.2025;40;03.10.2025 21:19;85.2;10.8;8.1;2.16;10325;0.56;220;20.4;5.2
8539.61;4647;4660;C1-R1;03.10.2025;40;03.10.2025 21:55;85.0;10.8;8.1;2.10;10021;0.56;213;19.8;5.3
8541.41;4648;4661;C1-R1;03.10.2025;40;03.10.2025 22:29;84.7;10.8;8.0;2.14;9957;0.52;212;19.6;5.2
8543.21;4649;4662;C1-R1;03.10.2025;40;03.10.2025 23:00;86.0;11.1;8.0;1.78;8140;0.43;173;15.6;5.3
8545.01;4650;4663;C1-R1;03.10.2025;40;03.10.2025 23:46;82.8;12.1;7.1;1.49;6675;0.32;142;11.8;5.1
8546.81;4651;4664;C1-R1;04.10.2025;40;04.10.2025 00:18;84.4;12.3;7.1;1.84;7950;0.33;169;13.7;5.2
8548.61;4652;4665;C1-R1;04.10.2025;40;04.10.2025 01:03;85.3;12.4;7.0;1.86;7719;0.33;164;13.2;5.2
8550.41;4653;4666;C1-R1;04.10.2025;40;04.10.2025 01:46;83.2;12.2;7.1;1.74;6760;0.35;144;11.8;5.2
8552.21;4654;4667;C1-R1;04.10.2025;40;04.10.2025 02:18;82.8;12.2;7.0;1.52;6541;0.40;139;11.4;5.1
8554.01;4655;4668;C1-R1;04.10.2025;40;04.10.2025 02:52;82.1;12.0;7.1;1.58;7451;0.37;159;13.3;5.1
8555.81;4656;4669;C1-R1;04.10.2025;40;04.10.2025 03:24;83.4;12.1;7.1;2.09;9166;0.30;195;16.1;5.2
8557.61;4657;4670;C1-R1;04.10.2025;40;04.10.2025 04:44;81.0;11.4;7.4;2.11;9844;0.38;209;18.4;5.1
8559.41;4658;4671;C1-R1;04.10.2025;40;04.10.2025 22:37;85.1;10.9;8.1;2.24;11783;0.55;251;23.1;5.3
8561.21;4659;4672;C1-R1;04.10.2025;40;04.10.2025 23:08;83.5;10.7;8.1;2.21;12271;0.52;261;24.5;5.2
8563.01;4660;4673;C1-R1;04.10.2025;40;04.10.2025 23:41;81.6;10.5;8.0;2.18;12668;0.54;270;25.8;5.0
8564.81;4661;4674;C1-R1;05.10.2025;40;05.10.2025 00:14;85.3;10.9;8.1;2.28;12612;0.56;268;24.6;5.3
8566.61;4662;4675;C1-R1;05.10.2025;40;05.10.2025 00:45;87.0;11.0;8.1;2.30;11926;0.57;254;23.0;5.3
8568.41;4663;4676;C1-R1;05.10.2025;40;05.10.2025 01:16;84.2;10.7;8.1;2.24;11662;0.57;248;23.1;5.2
8570.21;4664;4677;C1-R1;06.10.2025;41;06.10.2025 10:25;86.2;11.0;8.1;2.39;11456;0.68;244;22.2;5.4
8572.01;4665;4678;C1-R1;06.10.2025;41;06.10.2025 10:56;85.9;11.0;8.0;2.29;11421;0.64;243;22.1;5.3
8573.81;4666;4679;C1-R1;06.10.2025;41;06.10.2025 11:33;89.3;11.4;8.1;2.14;10744;0.60;229;20.1;5.5
8575.61;4667;4680;C1-R1;06.10.2025;41;06.10.2025 12:04;89.1;11.3;8.1;1.75;8914;0.55;190;16.8;5.5
8577.41;4668;4681;C1-R1;06.10.2025;41;06.10.2025 12:49;90.6;11.6;8.1;1.95;10511;0.67;224;19.3;5.6
8579.21;4669;4682;C1-R1;06.10.2025;41;06.10.2025 13:20;92.5;11.7;8.2;1.63;8246;0.54;175;15.0;5.7
8581.01;4670;4683;C1-R1;06.10.2025;41;06.10.2025 13:50;87.5;11.1;8.2;1.72;9460;0.50;201;18.2;5.4
8582.81;4671;4684;C1-R1;06.10.2025;41;06.10.2025 14:21;79.2;10.1;8.0;1.77;10477;0.51;223;22.1;4.8
8584.61;4672;4685;C1-R1;06.10.2025;41;06.10.2025 15:51;90.2;11.4;8.1;2.20;11555;0.66;246;21.5;5.6
8586.41;4673;4686;C1-R1;06.10.2025;41;06.10.2025 16:22;86.6;11.0;8.2;2.12;11528;0.64;245;22.4;5.4
8588.21;4674;4687;C1-R1;06.10.2025;41;06.10.2025 16:22;86.6;11.0;8.2;2.12;11528;0.64;245;22.4;5.4
8590.01;4675;4688;C1-R1;06.10.2025;41;06.10.2025 21:26;81.2;10.6;7.9;2.11;11132;0.58;237;22.4;5.0
8591.81;4676;4689;C1-R1;06.10.2025;41;06.10.2025 21:59;83.6;10.8;8.0;2.13;12192;0.73;259;24.1;5.2
8593.61;4677;4690;C1-R1;06.10.2025;41;06.10.2025 22:35;76.1;9.8;8.0;1.92;11552;0.59;246;25.0;4.7
8595.41;4678;4691;C1-R1;06.10.2025;41;06.10.2025 23:21;79.3;10.2;8.0;2.11;12264;0.61;261;25.7;4.9
8597.21;4679;4692;C1-R1;06.10.2025;41;06.10.2025 23:55;84.1;10.8;8.0;2.20;12136;0.65;258;23.8;5.2
8599.01;4680;4693;C1-R1;07.10.2025;41;07.10.2025 00:36;80.4;10.4;8.0;2.06;12062;0.59;257;24.8;5.0
8600.81;4681;4694;C1-R1;07.10.2025;41;07.10.2025 01:10;83.0;10.7;8.0;2.09;11844;0.60;252;23.5;5.2
8602.61;4682;4695;C1-R1;07.10.2025;41;07.10.2025 01:52;78.5;10.3;8.0;2.07;11753;0.60;250;24.3;5.0
8604.41;4683;4696;C1-R1;07.10.2025;41;07.10.2025 02:41;81.0;10.5;8.0;2.12;12666;0.62;269;25.8;5.0
8606.21;4684;4697;C1-R1;07.10.2025;41;07.10.2025 03:35;83.2;10.8;8.0;2.19;12150;0.58;259;24.0;5.2
8608.01;4685;4698;C1-R1;07.10.2025;41;07.10.2025 04:08;83.8;10.9;8.0;2.22;12052;0.58;256;23.5;5.2
8609.81;4686;4699;C1-R1;07.10.2025;41;07.10.2025 04:50;91.5;11.8;8.0;2.25;11961;0.63;254;21.6;5.7
8611.61;4687;4700;C1-R1;07.10.2025;41;07.10.2025 05:21;87.6;11.3;8.0;2.10;11579;0.57;246;21.8;5.4
8613.41;4688;4701;C1-R1;07.10.2025;41;07.10.2025 05:52;83.7;10.8;8.0;2.00;11205;0.55;238;22.1;5.2
8615.21;4689;4702;C1-R1;07.10.2025;41;07.10.2025 06:44;90.6;11.4;8.2;2.04;11280;0.55;240;21.1;5.6
8617.01;4690;4703;C1-R1;07.10.2025;41;07.10.2025 07:16;90.4;11.4;8.1;2.14;11289;0.59;240;21.0;5.6
8618.81;4691;4704;C1-R1;07.10.2025;41;07.10.2025 08:22;91.6;11.6;8.1;2.25;11334;0.57;241;20.9;5.6
8620.61;4692;4705;C1-R1;07.10.2025;41;07.10.2025 22:26;79.5;10.6;7.7;1.97;9775;0.52;208;19.5;4.9
8622.41;4693;4706;C1-R1;07.10.2025;41;07.10.2025 23:19;82.3;10.6;8.0;2.03;11556;0.48;246;23.2;5.1
8624.21;4694;4707;C1-R1;08.10.2025;41;08.10.2025 01:10;87.1;11.2;8.0;2.16;12060;0.53;257;22.9;5.4
8626.01;4695;4708;C1-R1;08.10.2025;41;08.10.2025 02:05;84.3;10.9;8.0;1.98;11696;0.53;249;22.9;5.2
8627.81;4696;4709;C1-R1;08.10.2025;41;08.10.2025 02:38;86.1;11.1;8.0;2.03;12150;0.55;259;23.2;5.4
8629.61;4697;4710;C1-R1;08.10.2025;41;08.10.2025 03:11;88.8;11.5;8.0;2.02;12190;0.54;259;22.6;5.5
8631.41;4698;4711;C1-R1;08.10.2025;41;08.10.2025 03:53;86.8;11.2;8.0;2.21;12680;0.65;270;24.1;5.4
8633.21;4699;4712;C1-R1;08.10.2025;41;08.10.2025 04:45;80.4;10.4;8.0;2.22;12712;0.65;270;26.0;5.0
8635.01;4700;4713;C1-R1;08.10.2025;41;08.10.2025 05:21;80.9;10.4;8.0;2.14;11996;0.64;255;24.5;5.0
8636.81;4701;4714;C1-R1;08.10.2025;41;08.10.2025 06:05;82.5;10.6;8.0;2.05;11288;0.58;240;22.6;5.1
8638.61;4702;4715;C1-R1;08.10.2025;41;08.10.2025 06:52;84.5;11.2;7.7;1.87;9411;0.50;200;17.9;5.1
8640.41;4703;4716;C1-R1;08.10.2025;41;08.10.2025 07:23;89.8;11.4;8.1;2.25;12615;0.64;268;23.5;5.6
8642.21;4704;4717;C1-R1;08.10.2025;41;08.10.2025 08:03;91.7;11.5;8.2;2.03;11770;0.48;250;21.7;5.7
8644.01;4705;4718;C1-R1;08.10.2025;41;08.10.2025 08:44;93.9;11.8;8.2;1.55;9647;0.37;205;17.4;5.8
8645.81;4706;4719;C1-R1;08.10.2025;41;08.10.2025 17:17;86.0;14.3;6.3;1.48;8212;0.23;175;12.2;5.4
8647.61;4707;4720;C1-R1;08.10.2025;41;08.10.2025 17:55;87.3;13.0;7.0;1.98;10866;0.34;231;17.8;5.4
8649.41;4708;4721;C1-R1;08.10.2025;41;08.10.2025 19:07;84.9;11.0;8.0;1.77;10339;0.41;220;20.1;5.3
8651.21;4709;4722;C1-R1;08.10.2025;41;08.10.2025 19:40;89.6;11.5;8.0;2.02;11261;0.46;240;20.8;5.5
8653.01;4710;4723;C1-R1;08.10.2025;41;08.10.2025 20:22;92.6;12.4;7.7;1.88;10190;0.53;217;17.5;5.7
8654.81;4711;4724;C1-R1;08.10.2025;41;08.10.2025 21:07;77.7;10.8;7.5;1.70;9995;0.56;213;19.6;4.9
8656.61;4712;4725;C1-R1;08.10.2025;41;08.10.2025 21:58;85.3;11.8;7.5;2.04;11388;0.67;242;20.6;5.3
8658.41;4713;4726;C1-R1;08.10.2025;41;08.10.2025 22:34;85.4;11.8;7.5;1.87;9793;0.65;208;17.7;5.3
8660.21;4714;4727;C1-R1;08.10.2025;41;08.10.2025 23:07;79.8;11.0;7.5;2.09;11508;0.70;245;22.2;5.0
8662.01;4715;4728;C1-R1;09.10.2025;41;09.10.2025 00:33;82.5;10.8;7.9;2.27;12428;0.60;264;24.6;5.1
8663.81;4716;4729;C1-R1;09.10.2025;41;09.10.2025 01:06;86.1;11.1;8.0;2.33;12335;0.58;262;23.7;5.3
8665.61;4717;4730;C1-R1;09.10.2025;41;09.10.2025 01:38;84.3;10.9;8.0;2.25;12151;0.60;259;23.8;5.2
8667.41;4718;4731;C1-R1;09.10.2025;41;09.10.2025 02:11;84.3;10.9;8.0;2.24;12214;0.62;260;23.8;5.2
8669.21;4719;4732;C1-R1;09.10.2025;41;09.10.2025 02:46;84.6;10.9;8.0;2.19;11659;0.58;248;22.7;5.2
8671.01;4720;4733;C1-R1;09.10.2025;41;09.10.2025 03:20;83.4;10.7;8.0;2.10;11504;0.55;245;22.9;5.1
8672.81;4721;4734;C1-R1;09.10.2025;41;09.10.2025 03:53;82.9;10.7;8.0;2.00;10918;0.53;232;21.7;5.1
8674.61;4722;4735;C1-R1;09.10.2025;41;09.10.2025 04:26;84.1;10.9;8.0;1.90;10356;0.50;220;20.2;5.2
8676.41;4723;4736;C1-R1;09.10.2025;41;09.10.2025 10:59;87.9;11.1;8.1;1.98;10367;0.53;221;19.8;5.4
8678.21;4724;4737;C2-R2b;09.10.2025;41;09.10.2025 11:43;87.4;11.1;8.2;1.96;9945;0.55;212;19.0;5.4
8680.01;4725;4738;C1-R1;09.10.2025;41;09.10.2025 12:14;86.1;11.0;8.1;2.03;10971;0.59;233;21.3;5.3
8681.81;4726;4739;C1-R1;09.10.2025;41;09.10.2025 13:05;84.0;10.6;8.1;2.01;10682;0.57;227;21.4;5.2
8683.61;4727;4740;C1-R1;09.10.2025;41;09.10.2025 13:37;85.2;10.8;8.2;2.08;11003;0.59;234;21.6;5.3
8685.41;4728;4741;C1-R1;09.10.2025;41;09.10.2025 14:15;86.6;11.1;8.0;2.16;11274;0.58;240;21.6;5.3
8687.21;4729;4742;C1-R1;09.10.2025;41;09.10.2025 14:48;81.9;10.5;8.1;2.06;11788;0.56;251;24.0;5.1
8689.01;4730;4743;C1-R1;09.10.2025;41;09.10.2025 15:26;86.4;11.0;8.2;2.21;12471;0.59;265;24.1;5.4
8690.81;4731;4744;C1-R1;09.10.2025;41;09.10.2025 16:13;79.6;10.1;8.1;2.16;13136;0.56;279;27.7;4.9
8692.61;4732;4745;C1-R1;09.10.2025;41;09.10.2025 16:52;81.6;10.5;8.1;2.17;12744;0.58;271;25.8;5.1
8694.41;4733;4746;C1-R1;09.10.2025;41;09.10.2025 17:34;84.4;10.8;8.2;2.24;12985;0.64;276;25.7;5.3
8696.21;4734;4747;C1-R1;09.10.2025;41;09.10.2025 18:10;83.8;10.7;8.1;2.38;12610;0.64;268;25.0;5.2
8698.01;4735;4748;C1-R1;09.10.2025;41;09.10.2025 18:48;84.6;10.7;8.2;2.30;12193;0.65;259;24.4;5.2
8699.81;4736;4749;C1-R1;09.10.2025;41;09.10.2025 19:21;80.5;10.4;8.0;2.31;13249;0.65;282;27.2;5.0
8701.61;4737;4750;C1-R1;09.10.2025;41;09.10.2025 19:56;79.0;10.1;8.1;2.22;13064;0.62;278;27.5;4.9
8703.41;4738;4751;C1-R1;09.10.2025;41;09.10.2025 20:32;82.4;10.5;8.1;2.32;13230;0.67;281;26.7;5.1
8705.21;4739;4752;C1-R1;09.10.2025;41;09.10.2025 21:05;72.0;10.9;7.1;1.78;10779;0.49;229;21.0;4.7
8707.01;4740;4753;C1-R1;10.10.2025;41;10.10.2025 04:40;76.5;10.0;7.9;2.22;12464;0.58;265;26.7;4.7
8708.81;4741;4754;C1-R1;10.10.2025;41;10.10.2025 05:05;81.7;10.6;7.9;2.35;12441;0.64;265;25.0;5.0
8710.61;4742;4755;C1-R1;10.10.2025;41;10.10.2025 05:39;80.6;10.5;7.9;2.31;12886;0.67;274;26.2;5.0
8712.41;4743;4756;C1-R1;10.10.2025;41;10.10.2025 06:13;76.0;9.8;8.1;2.24;13404;0.64;285;29.0;4.8
8714.21;4744;4757;C1-R1;10.10.2025;41;10.10.2025 06:48;84.3;10.8;8.1;2.55;13853;0.75;295;27.4;5.2
8716.01;4745;4758;C1-R1;10.10.2025;41;10.10.2025 07:20;83.6;10.6;8.1;2.52;14243;0.77;303;28.6;5.2
8717.81;4746;4759;C1-R1;10.10.2025;41;10.10.2025 08:22;78.2;9.9;8.1;2.35;14552;0.75;310;31.3;4.8
8719.61;4747;4760;C1-R1;10.10.2025;41;10.10.2025 08:56;77.4;9.8;8.1;2.29;14493;0.76;308;31.4;4.8
8721.41;4748;4761;C1-R1;10.10.2025;41;10.10.2025 09:30;79.1;10.1;8.1;2.32;14290;0.77;304;30.3;4.9
8723.21;4749;4762;C1-R1;10.10.2025;41;10.10.2025 10:26;88.2;11.2;8.1;2.56;14049;0.82;299;26.8;5.4
8725.01;4750;4763;C1-R1;10.10.2025;41;10.10.2025 11:02;85.6;11.0;8.1;2.43;13082;0.80;278;25.4;5.3
8726.81;4751;4764;C1-R1;10.10.2025;41;10.10.2025 11:35;80.7;10.4;8.1;2.12;11563;0.62;246;23.7;5.0
8728.61;4752;4765;C1-R1;10.10.2025;41;10.10.2025 12:14;80.5;10.4;8.1;1.98;12125;0.61;258;24.7;5.1
8730.41;4753;4766;C1-R1;10.10.2025;41;10.10.2025 12:48;86.6;10.9;8.2;2.07;12056;0.68;257;23.5;5.4
8732.21;4754;4767;C1-R1;10.10.2025;41;10.10.2025 14:59;87.2;11.0;8.1;1.65;9891;0.47;210;19.1;5.4
8734.01;4755;4768;C1-R1;10.10.2025;41;10.10.2025 15:32;84.2;10.8;8.2;1.62;8364;0.42;178;16.6;5.3
8735.81;4756;4769;C1-R1;10.10.2025;41;10.10.2025 16:04;84.9;10.8;8.2;1.66;9086;0.43;193;17.9;5.3
8737.61;4757;4770;C1-R1;10.10.2025;41;10.10.2025 22:30;81.9;11.2;7.6;1.82;9976;0.52;212;19.0;5.1
8739.41;4758;4771;C1-R1;10.10.2025;41;10.10.2025 23:21;85.3;11.5;7.6;2.02;11393;0.56;242;21.1;5.3
8741.21;4759;4772;C1-R1;10.10.2025;41;10.10.2025 23:54;83.8;11.3;7.6;1.98;10993;0.60;234;20.7;5.2
8743.01;4760;4773;C1-R1;11.10.2025;41;11.10.2025 00:27;83.2;11.0;7.8;2.01;10892;0.57;232;21.1;5.1
8744.81;4761;4774;C1-R1;11.10.2025;41;11.10.2025 01:01;86.2;11.4;7.8;1.95;10388;0.55;221;19.5;5.3
8746.61;4762;4775;C1-R1;11.10.2025;41;11.10.2025 01:33;86.8;11.5;7.8;2.00;10346;0.57;220;19.2;5.4
8748.41;4763;4776;C1-R1;11.10.2025;41;11.10.2025 02:05;85.7;11.4;7.8;1.99;10421;0.58;222;19.5;5.3
8750.21;4764;4777;C1-R1;11.10.2025;41;11.10.2025 02:38;87.2;11.6;7.8;1.86;10551;0.52;224;19.4;5.4
8752.01;4765;4778;C1-R1;11.10.2025;41;11.10.2025 03:49;84.2;12.1;7.2;1.33;8421;0.25;179;14.8;5.3
8753.81;4766;4779;C1-R1;11.10.2025;41;11.10.2025 04:27;86.2;12.7;7.0;1.36;8507;0.21;181;14.3;5.4
8755.61;4767;4780;C1-R1;11.10.2025;41;11.10.2025 05:07;86.9;12.1;7.4;1.37;8321;0.33;177;14.6;5.3
8757.41;4768;4781;C1-R1;11.10.2025;41;11.10.2025 05:39;85.7;12.5;7.1;1.17;7473;0.25;159;12.7;5.3
8759.21;4769;4782;C1-R1;11.10.2025;41;11.10.2025 06:12;83.3;11.4;7.6;1.85;10766;0.63;229;20.2;5.2
8761.01;4770;4783;C1-R1;11.10.2025;41;11.10.2025 06:49;85.5;10.9;8.1;1.62;9758;0.44;208;19.1;5.3
8762.81;4771;4784;C1-R1;11.10.2025;41;11.10.2025 07:21;84.5;10.7;8.2;1.66;10347;0.42;220;20.5;5.3
8764.61;4772;4785;C1-R1;11.10.2025;41;11.10.2025 08:18;82.7;11.0;7.8;1.69;10885;0.48;232;21.1;5.2
8766.41;4773;4786;C1-R1;11.10.2025;41;11.10.2025 09:02;85.1;25.2;7.2;1.49;10172;0.44;216;8.6;10.8
8768.21;4774;4787;C1-R1;11.10.2025;41;11.10.2025 14:35;87.1;11.9;7.6;1.52;9792;0.39;208;17.5;5.4
8770.01;4775;4788;C1-R1;11.10.2025;41;11.10.2025 15:20;89.6;12.1;7.7;1.35;8494;0.37;181;15.0;5.5
8771.81;4776;4789;C1-R1;11.10.2025;41;11.10.2025 15:52;89.7;12.7;7.2;1.06;6806;0.26;145;11.4;5.5
8773.61;4777;4790;C1-R1;11.10.2025;41;11.10.2025 16:22;87.4;15.3;5.9;1.06;7060;0.17;150;9.8;5.4
8775.41;4778;4791;C1-R1;11.10.2025;41;11.10.2025 16:53;84.8;15.1;5.8;1.53;8070;0.24;172;11.4;5.3
8777.21;4779;4792;C1-R1;11.10.2025;41;11.10.2025 17:46;82.7;12.6;6.8;1.43;8767;0.24;187;14.8;5.2
8779.01;4780;4793;C1-R1;11.10.2025;41;11.10.2025 18:18;88.7;12.2;7.5;1.45;9271;0.46;197;16.2;5.5
8780.81;4781;4794;C1-R1;11.10.2025;41;11.10.2025 18:50;82.9;11.7;7.4;1.40;8262;0.37;176;15.1;5.2
8782.61;4782;4795;C2-R2b;11.10.2025;41;11.10.2025 19:54;86.8;12.6;7.2;1.78;10091;0.34;215;17.1;5.4
8784.41;4783;4796;C1-R1;11.10.2025;41;11.10.2025 20:26;85.4;11.7;7.6;1.67;9391;0.52;200;17.1;5.3
8786.21;4784;4797;C1-R1;11.10.2025;41;11.10.2025 20:59;89.0;12.1;7.6;1.90;9932;0.61;211;17.5;5.5
8788.01;4785;4798;C1-R1;11.10.2025;41;11.10.2025 21:39;90.8;12.3;7.6;1.65;8568;0.52;182;14.8;5.6
8789.81;4786;4799;C1-R1;11.10.2025;41;11.10.2025 22:10;87.1;11.8;7.6;1.69;8639;0.54;184;15.6;5.4
8791.61;4787;4800;C1-R1;11.10.2025;41;11.10.2025 22:41;87.7;11.9;7.6;1.85;9474;0.61;202;17.0;5.4
8793.41;4788;4801;C1-R1;11.10.2025;41;11.10.2025 23:37;86.8;11.8;7.6;1.73;8933;0.57;190;16.1;5.4
8795.21;4789;4802;C1-R1;12.10.2025;41;12.10.2025 00:11;84.8;11.5;7.6;1.80;9072;0.60;193;16.8;5.2
8797.01;4790;4803;C1-R1;12.10.2025;41;12.10.2025 01:05;83.8;11.3;7.6;1.83;9337;0.63;199;17.5;5.2
8798.81;4791;4804;C1-R1;13.10.2025;42;13.10.2025 10:44;89.9;12.1;7.7;1.70;8102;0.50;172;14.3;5.5
8800.61;4792;4805;C1-R1;13.10.2025;42;13.10.2025 11:16;91.6;12.3;7.7;1.57;8013;0.56;170;13.9;5.7
8802.41;4793;4806;C1-R1;13.10.2025;42;13.10.2025 11:48;89.0;12.0;7.7;1.79;9337;0.61;199;16.6;5.5
8804.21;4794;4807;C1-R1;13.10.2025;42;13.10.2025 12:20;84.5;11.1;7.9;1.95;10260;0.44;218;19.7;5.3
8806.01;4795;4808;C1-R1;13.10.2025;42;13.10.2025 13:18;78.5;10.4;7.9;1.98;10982;0.43;234;22.5;4.9
8807.81;4796;4809;C1-R1;13.10.2025;42;13.10.2025 16:32;85.7;11.1;8.0;2.29;12227;0.47;260;23.4;5.3
8809.61;4797;4810;C1-R1;13.10.2025;42;13.10.2025 17:05;86.4;11.1;8.1;2.25;11905;0.45;253;22.8;5.4
8811.41;4798;4811;C1-R1;14.10.2025;42;14.10.2025 21:34;85.1;11.3;7.8;2.28;11069;0.53;236;20.9;5.3
8813.21;4799;4812;C1-R1;14.10.2025;42;14.10.2025 21:54;84.2;11.2;7.8;2.21;11291;0.61;240;21.5;5.2
8815.01;4800;4813;C1-R1;14.10.2025;42;14.10.2025 22:39;84.9;11.1;7.9;2.26;11966;0.55;255;23.0;5.3
8816.81;4801;4814;C1-R1;14.10.2025;42;14.10.2025 23:13;83.0;10.7;8.0;2.26;11305;0.54;241;22.4;5.2
8818.61;4802;4815;C1-R1;14.10.2025;42;14.10.2025 23:47;86.2;11.1;8.0;2.26;11386;0.59;242;21.8;5.4
8820.41;4803;4816;C1-R1;15.10.2025;42;15.10.2025 00:20;85.5;11.1;8.0;2.29;12204;0.63;260;23.5;5.3
8822.21;4804;4817;C1-R1;15.10.2025;42;15.10.2025 01:23;84.5;10.9;8.0;2.29;12878;0.64;274;25.2;5.2
8824.01;4805;4818;C1-R1;15.10.2025;42;15.10.2025 01:56;86.6;11.2;8.0;2.31;12847;0.72;273;24.5;5.4
8825.81;4806;4819;C1-R1;15.10.2025;42;15.10.2025 03:20;77.4;10.0;8.0;2.05;12470;0.65;265;26.6;4.8
8827.61;4807;4820;C1-R1;15.10.2025;42;15.10.2025 03:55;90.7;11.6;8.0;2.20;12043;0.67;256;22.1;5.6
8829.41;4808;4821;C1-R1;15.10.2025;42;15.10.2025 06:35;88.0;11.6;8.0;1.95;10113;0.51;215;18.6;5.6
8831.21;4809;4822;C1-R1;15.10.2025;42;15.10.2025 07:24;93.2;12.6;7.6;1.52;8276;0.49;176;14.0;5.7
8833.01;4810;4823;C1-R1;15.10.2025;42;15.10.2025 08:35;88.3;12.5;7.3;1.32;7852;0.36;167;13.3;5.5
8834.81;4811;4824;C1-R1;15.10.2025;42;15.10.2025 09:33;84.1;11.4;7.7;1.52;9616;0.45;205;18.0;5.2
8836.61;4812;4825;C1-R1;15.10.2025;42;15.10.2025 17:11;83.2;11.1;7.8;1.92;12312;0.47;262;23.7;5.2
8838.41;4813;4826;C1-R1;15.10.2025;42;15.10.2025 18:03;80.6;10.4;8.1;1.97;12755;0.51;271;26.2;5.0
8840.21;4814;4827;C1-R1;15.10.2025;42;15.10.2025 19:40;87.3;11.2;8.1;2.35;12963;0.61;276;24.6;5.4
8842.01;4815;4828;C1-R1;15.10.2025;42;15.10.2025 20:59;85.4;11.0;8.1;2.40;13039;0.63;277;25.3;5.3
8843.81;4816;4829;C1-R1;15.10.2025;42;15.10.2025 22:15;85.2;10.8;8.1;2.35;12180;0.60;259;23.9;5.3
8845.61;4817;4830;C1-R1;15.10.2025;42;15.10.2025 23:21;89.0;11.5;8.0;2.43;12287;0.59;261;22.7;5.6
8847.41;4818;4831;C1-R1;16.10.2025;42;16.10.2025 00:11;89.5;11.6;8.0;2.31;12213;0.54;260;22.4;5.6
8849.21;4819;4832;C1-R1;16.10.2025;42;16.10.2025 00:48;93.1;12.0;8.0;2.36;12072;0.57;257;21.4;5.8
8851.01;4820;4833;C1-R1;16.10.2025;42;16.10.2025 01:18;101.7;13.3;8.0;2.55;12168;0.59;259;19.5;6.4
8852.81;4821;4834;C1-R1;16.10.2025;42;16.10.2025 03:20;90.9;11.5;8.1;2.22;11406;0.52;243;21.1;5.6
8854.61;4822;4835;C1-R1;16.10.2025;42;16.10.2025 03:52;108.2;13.8;8.1;2.47;11332;0.57;241;17.5;6.7
8856.41;4823;4836;C1-R1;16.10.2025;42;16.10.2025 04:33;94.1;12.2;8.1;2.04;10597;0.46;225;18.5;5.9
8858.21;4824;4837;C1-R1;16.10.2025;42;16.10.2025 06:05;89.7;11.7;8.1;2.00;10958;0.44;233;20.0;5.7
8860.01;4825;4838;C1-R1;16.10.2025;42;16.10.2025 06:55;92.8;11.9;8.1;2.02;10757;0.49;229;19.3;5.8
8861.81;4826;4839;C1-R1;16.10.2025;42;16.10.2025 07:26;83.8;10.7;8.1;1.91;10782;0.44;229;21.5;5.2
8863.61;4827;4840;C1-R1;16.10.2025;42;16.10.2025 08:20;92.8;11.9;8.1;2.14;10392;0.42;221;18.5;5.8
8865.41;4828;4841;C1-R1;16.10.2025;42;16.10.2025 10:37;92.7;12.0;8.1;2.22;10297;0.43;219;18.3;5.8
8867.21;4829;4842;C1-R1;16.10.2025;42;16.10.2025 16:24;83.8;11.1;7.8;2.04;9587;0.56;204;18.4;5.2
8869.01;4830;4843;C1-R1;16.10.2025;42;16.10.2025 16:57;85.0;11.3;7.7;2.18;10885;0.67;232;20.5;5.2
8870.81;4831;4844;C1-R1;16.10.2025;42;16.10.2025 17:35;87.6;11.5;7.9;2.19;11544;0.59;246;21.4;5.4
8872.61;4832;4845;C1-R1;16.10.2025;42;16.10.2025 18:10;92.6;11.8;8.0;2.24;11643;0.53;248;21.0;5.7
8874.41;4833;4846;C1-R1;16.10.2025;42;16.10.2025 18:45;99.1;12.9;8.0;2.49;11668;0.57;248;19.3;6.2
8876.21;4834;4847;C1-R1;16.10.2025;42;16.10.2025 19:15;96.3;12.6;8.0;2.42;11370;0.58;242;19.2;6.0
8878.01;4835;4848;C1-R1;16.10.2025;42;16.10.2025 19:50;99.7;12.8;8.0;2.50;11889;0.62;253;19.7;6.2
8879.81;4836;4849;C1-R1;17.10.2025;42;17.10.2025 06:24;88.1;11.7;7.9;2.16;11188;0.59;238;20.4;5.5
8881.61;4837;4850;C1-R1;17.10.2025;42;17.10.2025 06:57;89.8;11.8;7.9;2.30;11730;0.57;250;21.2;5.6
8883.41;4838;4851;C1-R1;17.10.2025;42;17.10.2025 07:36;87.7;11.3;8.1;2.21;11500;0.53;245;21.7;5.5
8885.21;4839;4852;C1-R1;17.10.2025;42;17.10.2025 08:18;86.6;11.1;8.1;2.23;12012;0.57;256;23.1;5.4
8887.01;4840;4853;C1-R1;17.10.2025;42;17.10.2025 08:50;99.4;12.7;8.1;2.41;11791;0.64;251;19.8;6.1
8888.81;4841;4854;C1-R1;17.10.2025;42;17.10.2025 09:45;98.4;12.6;8.1;2.03;10086;0.53;215;17.1;6.1
8890.61;4842;4855;C1-R1;17.10.2025;42;17.10.2025 10:14;95.7;12.2;8.1;2.05;10649;0.53;227;18.6;5.9
8892.41;4843;4856;C1-R1;17.10.2025;42;17.10.2025 10:45;91.4;11.7;8.1;2.19;12130;0.61;258;22.0;5.7
8894.21;4844;4857;C1-R1;17.10.2025;42;17.10.2025 11:16;97.9;12.5;8.1;2.25;12236;0.64;260;20.9;6.0
8896.01;4845;4858;C1-R1;17.10.2025;42;17.10.2025 12:00;98.2;12.5;8.1;2.22;12262;0.65;261;20.8;6.1
8897.81;4846;4859;C1-R1;17.10.2025;42;17.10.2025 18:03;87.1;11.3;8.0;2.08;10935;0.58;233;20.7;5.4
8899.61;4847;4860;C1-R1;17.10.2025;42;17.10.2025 18:35;98.4;12.6;8.0;2.40;11568;0.77;246;19.6;6.1
8901.41;4848;4861;C1-R1;17.10.2025;42;17.10.2025 19:10;98.0;12.6;8.0;2.36;11917;0.79;254;20.1;6.1
8903.21;4849;4862;C1-R1;17.10.2025;42;17.10.2025 19:44;88.7;11.5;8.0;2.27;12488;0.81;266;23.1;5.5
8905.01;4850;4863;C1-R1;17.10.2025;42;17.10.2025 21:18;91.5;11.6;8.2;2.57;13493;0.81;287;24.7;5.7
8906.81;4851;4864;C1-R1;18.10.2025;42;18.10.2025 00:18;96.3;12.1;8.2;2.46;12566;0.71;267;22.0;5.9
8908.61;4852;4865;C1-R1;18.10.2025;42;18.10.2025 00:48;92.9;11.7;8.2;2.27;11579;0.63;246;21.0;5.8
8910.41;4853;4866;C1-R1;18.10.2025;42;18.10.2025 01:23;99.5;12.5;8.2;2.35;11405;0.61;243;19.4;6.1
8912.21;4854;4867;C1-R1;18.10.2025;42;18.10.2025 01:53;102.4;12.9;8.2;2.26;11054;0.59;235;18.2;6.4
8914.01;4855;4868;C1-R1;18.10.2025;42;18.10.2025 02:28;98.6;13.0;8.0;2.03;10413;0.53;222;17.0;6.3
8915.81;4856;4869;C1-R1;18.10.2025;42;18.10.2025 03:58;102.9;13.1;8.1;2.25;10925;0.56;232;17.7;6.4
8917.61;4857;4870;C1-R1;18.10.2025;42;18.10.2025 04:36;104.0;13.3;8.1;2.21;10413;0.52;222;16.7;6.4
8919.41;4858;4871;C1-R1;18.10.2025;42;18.10.2025 05:15;100.2;13.7;7.6;2.21;9664;0.60;206;15.0;6.2
8921.21;4859;4872;C1-R1;18.10.2025;42;18.10.2025 05:50;99.8;13.6;7.6;2.32;10682;0.72;227;16.7;6.2
8923.01;4860;4873;C1-R1;18.10.2025;42;18.10.2025 06:29;97.0;13.1;7.6;2.14;10690;0.70;227;17.3;6.0
8924.81;4861;4874;C1-R1;18.10.2025;42;18.10.2025 07:00;101.6;13.7;7.7;1.83;9107;0.47;194;14.1;6.3
8926.61;4862;4875;C1-R1;18.10.2025;42;18.10.2025 07:42;98.9;13.8;7.4;1.54;8272;0.50;176;12.8;6.1
8928.41;4863;4876;C1-R1;18.10.2025;42;18.10.2025 11:22;89.0;12.6;7.3;1.27;7531;0.37;160;12.7;5.5
8930.21;4864;4877;C2-R2b;18.10.2025;42;18.10.2025 12:07;89.0;12.3;7.5;1.65;9369;0.53;199;16.2;5.5
8932.01;4865;4878;C1-R1;18.10.2025;42;18.10.2025 12:39;87.9;11.4;7.9;2.03;11452;0.59;244;21.3;5.4
8933.81;4866;4879;C1-R1;18.10.2025;42;18.10.2025 14:13;91.6;12.4;7.7;1.71;10058;0.51;214;17.3;5.7
8935.61;4867;4880;C1-R1;18.10.2025;42;18.10.2025 15:01;85.9;12.0;7.4;1.19;7726;0.36;164;13.7;5.3
8937.41;4868;4881;C1-R1;18.10.2025;42;18.10.2025 15:35;84.9;11.9;7.4;1.38;8021;0.44;171;14.3;5.3
8939.21;4869;4882;C1-R1;18.10.2025;42;18.10.2025 16:08;86.6;12.2;7.4;1.50;8065;0.53;172;14.1;5.4
8941.01;4870;4883;C1-R1;18.10.2025;42;18.10.2025 16:41;92.9;12.3;7.8;1.93;10382;0.65;221;18.0;5.7
8942.81;4871;4884;C1-R1;18.10.2025;42;18.10.2025 17:54;93.1;12.1;7.9;2.04;10784;0.63;229;19.0;5.7
8944.61;4872;4885;C1-R1;18.10.2025;42;18.10.2025 18:26;99.1;12.8;7.9;2.15;11018;0.60;234;18.3;6.1
8946.41;4873;4886;C1-R1;18.10.2025;42;18.10.2025 19:03;102.5;13.0;8.2;2.28;11087;0.60;236;18.1;6.4
8948.21;4874;4887;C1-R1;18.10.2025;42;18.10.2025 21:00;97.0;13.0;7.8;1.93;9590;0.39;204;15.7;6.1
8950.01;4875;4888;C1-R1;18.10.2025;42;18.10.2025 21:35;92.0;13.8;6.9;2.04;10325;0.23;220;16.0;5.7
8951.81;4876;4889;C1-R1;18.10.2025;42;18.10.2025 22:06;93.0;14.0;6.9;2.31;11608;0.23;247;17.6;5.8
8953.61;4877;4890;C1-R1;18.10.2025;42;18.10.2025 22:38;86.3;13.1;6.9;2.03;10140;0.22;216;16.5;5.4
8955.41;4878;4891;C1-R1;18.10.2025;42;18.10.2025 23:13;86.7;13.0;6.9;2.17;10959;0.22;233;17.9;5.4
8957.21;4879;4892;C1-R1;19.10.2025;42;19.10.2025 00:16;90.3;13.5;6.9;2.16;10916;0.23;232;17.2;5.6
8959.01;4880;4893;C1-R1;20.10.2025;43;20.10.2025 11:43;94.1;13.1;7.6;2.26;9523;0.56;203;15.4;5.9
8960.81;4881;4894;C1-R1;20.10.2025;43;20.10.2025 12:03;102.9;14.2;7.5;2.42;10125;0.61;215;15.2;6.4
8962.61;4882;4895;C1-R1;20.10.2025;43;20.10.2025 12:33;105.1;14.3;7.6;2.55;11536;0.63;245;17.2;6.5
8964.41;4883;4896;C1-R1;20.10.2025;43;20.10.2025 13:02;105.8;13.9;7.9;2.72;13127;0.57;279;20.1;6.6
8966.21;4884;4897;C1-R1;20.10.2025;43;20.10.2025 13:37;108.6;14.3;7.9;2.83;13472;0.63;287;20.1;6.8
8968.01;4885;4898;C1-R1;20.10.2025;43;20.10.2025 14:05;101.4;13.3;7.9;2.68;13327;0.62;284;21.3;6.3
8969.81;4886;4899;C1-R1;20.10.2025;43;20.10.2025 15:09;105.0;13.8;7.9;2.81;13003;0.66;277;20.0;6.5
8971.61;4887;4900;C1-R1;20.10.2025;43;20.10.2025 15:39;101.7;13.4;7.9;2.57;12383;0.65;263;19.7;6.3
8973.41;4888;4901;C1-R1;20.10.2025;43;20.10.2025 16:10;105.6;13.9;7.9;2.62;12967;0.72;276;19.8;6.6
8975.21;4889;4902;C1-R1;20.10.2025;43;20.10.2025 16:41;107.7;14.0;7.9;2.70;13361;0.79;284;20.3;6.6
8977.01;4890;4903;C1-R1;20.10.2025;43;20.10.2025 17:14;99.8;13.1;7.9;2.53;12943;0.77;275;21.0;6.2
8978.81;4891;4904;C1-R1;20.10.2025;43;20.10.2025 18:16;104.9;13.7;7.9;2.58;12383;0.78;263;19.2;6.5
8980.61;4892;4905;C1-R1;20.10.2025;43;20.10.2025 18:45;105.6;13.8;7.9;2.56;12345;0.84;263;19.0;6.5
8982.41;4893;4906;C1-R1;20.10.2025;43;20.10.2025 19:18;105.8;13.7;8.0;2.63;12621;0.73;269;19.7;6.5
8984.21;4894;4907;C1-R1;20.10.2025;43;20.10.2025 20:09;102.9;13.0;8.1;2.60;13134;0.77;279;21.5;6.3
8986.01;4895;4908;C1-R1;20.10.2025;43;20.10.2025 20:37;81.1;10.3;8.2;2.24;13401;0.68;285;27.8;5.0
8987.81;4896;4909;C1-R1;20.10.2025;43;20.10.2025 21:11;81.9;10.3;8.2;2.38;13490;0.71;287;27.8;5.1
8989.61;4897;4910;C1-R1;21.10.2025;43;21.10.2025 01:42;63.1;9.0;7.6;2.09;12643;0.60;269;30.0;4.1
8991.41;4898;4911;C1-R1;21.10.2025;43;21.10.2025 03:02;87.3;11.6;7.9;2.44;12794;0.69;272;23.4;5.5
8993.21;4899;4912;C1-R1;21.10.2025;43;21.10.2025 03:44;93.6;13.2;7.4;2.43;11857;0.83;252;19.1;5.8
8995.01;4900;4913;C1-R1;21.10.2025;43;21.10.2025 04:20;102.3;13.6;7.7;2.58;12698;1.08;270;19.8;6.3
8996.81;4901;4914;C1-R1;21.10.2025;43;21.10.2025 04:50;100.8;13.3;7.9;2.39;11758;0.87;250;18.8;6.3
8998.61;4902;4915;C1-R1;21.10.2025;43;21.10.2025 05:32;98.5;13.0;7.9;2.28;11387;0.71;242;18.6;6.2
9000.41;4903;4916;C1-R1;21.10.2025;43;21.10.2025 06:21;90.2;13.0;7.3;2.13;10590;0.54;225;17.4;5.7
9002.21;4904;4917;C1-R1;21.10.2025;43;21.10.2025 10:12;102.5;14.1;7.6;2.38;11069;0.78;236;16.8;6.4
9004.01;4905;4918;C1-R1;21.10.2025;43;21.10.2025 10:41;99.7;13.6;7.6;2.15;10571;0.78;225;16.5;6.2
9005.81;4906;4919;C1-R1;21.10.2025;43;21.10.2025 11:17;96.5;13.0;7.6;2.10;10647;0.79;227;17.4;6.0
9007.61;4907;4920;C1-R1;21.10.2025;43;21.10.2025 12:09;96.6;13.2;7.6;2.01;10514;0.79;224;17.0;6.0
9009.41;4908;4921;C1-R1;21.10.2025;43;21.10.2025 13:02;84.5;13.0;6.9;1.61;7906;0.52;168;13.0;5.4
9011.21;4909;4922;C1-R1;21.10.2025;43;21.10.2025 13:52;86.8;12.8;7.1;1.87;9228;0.49;196;15.3;5.5
9013.01;4910;4923;C1-R1;21.10.2025;43;21.10.2025 14:44;96.7;13.4;7.5;2.55;12765;0.72;272;20.3;6.0
9014.81;4911;4924;C1-R1;21.10.2025;43;21.10.2025 15:15;93.3;12.8;7.6;2.50;12156;1.00;259;20.3;5.8
9016.61;4912;4925;C1-R1;21.10.2025;43;21.10.2025 16:19;97.5;13.2;7.7;2.38;10950;0.83;233;17.6;6.1
9018.41;4913;4926;C1-R1;21.10.2025;43;21.10.2025 16:50;77.0;13.4;6.2;1.50;8372;0.43;178;13.3;4.9
9020.21;4914;4927;C1-R1;21.10.2025;43;21.10.2025 21:00;84.1;13.8;6.4;1.92;8442;0.25;180;13.0;5.3
9022.01;4915;4928;C2-R2b;21.10.2025;43;21.10.2025 21:31;90.4;12.3;7.6;2.22;11548;0.51;246;19.9;5.6
9023.81;4916;4929;C1-R1;21.10.2025;43;21.10.2025 22:02;92.2;12.2;7.9;2.49;11651;0.56;248;20.4;5.8
9025.61;4917;4930;C1-R1;21.10.2025;43;21.10.2025 23:02;93.9;12.5;7.8;2.40;11140;0.69;237;19.0;5.8
9027.41;4918;4931;C1-R1;21.10.2025;43;21.10.2025 23:34;92.4;12.5;7.7;2.41;11650;0.84;248;19.9;5.7
9029.21;4919;4932;C1-R1;22.10.2025;43;22.10.2025 00:52;97.3;12.7;7.9;2.40;11974;0.61;255;20.0;6.0
9031.01;4920;4933;C1-R1;22.10.2025;43;22.10.2025 01:21;97.2;13.7;7.3;2.21;10682;0.47;227;16.6;6.0
9032.81;4921;4934;C1-R1;22.10.2025;43;22.10.2025 01:50;92.0;12.7;7.5;2.27;11034;0.64;235;18.5;5.7
9034.61;4922;4935;C1-R1;22.10.2025;43;22.10.2025 02:21;99.3;13.6;7.5;2.47;11675;0.72;248;18.2;6.2
9036.41;4923;4936;C1-R1;22.10.2025;43;22.10.2025 02:52;89.8;12.4;7.5;1.96;9646;0.56;205;16.6;5.6
9038.21;4924;4937;C1-R1;22.10.2025;43;22.10.2025 10:14;96.5;13.4;7.5;2.46;11445;0.54;244;18.2;6.0
9040.01;4925;4938;C1-R1;22.10.2025;43;22.10.2025 10:45;97.7;13.5;7.5;2.57;11909;0.58;253;18.8;6.1
9041.81;4926;4939;C1-R1;22.10.2025;43;22.10.2025 11:17;98.1;13.3;7.7;2.55;12594;0.69;268;20.2;6.1
9043.61;4927;4940;C1-R1;22.10.2025;43;22.10.2025 11:47;100.3;13.7;7.7;2.58;12263;0.73;261;19.1;6.3
9045.41;4928;4941;C1-R1;22.10.2025;43;22.10.2025 12:16;100.2;13.6;7.7;2.26;10918;0.67;232;17.1;6.3
9047.21;4929;4942;C1-R1;22.10.2025;43;22.10.2025 12:45;102.9;13.8;7.7;2.30;11175;0.69;238;17.2;6.4
9049.01;4930;4943;C1-R1;22.10.2025;43;22.10.2025 13:22;67.8;9.3;7.5;1.71;10445;0.43;222;23.9;4.2
9050.81;4931;4944;C1-R1;22.10.2025;43;22.10.2025 23:31;92.1;12.3;7.7;2.48;11689;0.71;249;20.2;5.7
9052.61;4932;4945;C1-R1;22.10.2025;43;22.10.2025 23:42;93.7;12.5;7.7;2.50;11366;0.79;242;19.3;5.8
9054.41;4933;4946;C1-R1;23.10.2025;43;23.10.2025 00:01;95.7;12.8;7.7;2.53;12046;0.76;256;20.0;5.9
9056.21;4934;4947;C1-R1;23.10.2025;43;23.10.2025 00:32;101.4;12.9;8.1;2.36;11477;0.57;244;18.9;6.3
9058.01;4935;4948;C1-R1;23.10.2025;43;23.10.2025 01:00;97.9;14.1;7.3;2.25;10766;0.52;229;16.3;6.2
9059.81;4936;4949;C1-R1;23.10.2025;43;23.10.2025 01:30;97.1;13.2;7.6;2.18;11028;0.67;235;17.7;6.1
9061.61;4937;4950;C1-R1;23.10.2025;43;23.10.2025 02:03;88.9;14.1;6.6;2.16;10363;0.45;220;15.6;5.6
9063.41;4938;4951;C1-R1;23.10.2025;43;23.10.2025 03:05;88.3;11.4;8.1;2.22;12733;0.50;271;23.8;5.5
9065.21;4939;4952;C1-R1;23.10.2025;43;23.10.2025 03:36;94.5;12.0;8.2;2.33;12083;0.59;257;21.4;5.9
9067.01;4940;4953;C1-R1;23.10.2025;43;23.10.2025 04:06;103.8;13.3;8.1;2.11;10631;0.53;226;17.0;6.4
9068.81;4941;4954;C1-R1;23.10.2025;43;23.10.2025 04:35;100.4;12.7;8.2;2.38;12004;0.64;255;20.1;6.2
9070.61;4942;4955;C1-R1;23.10.2025;43;23.10.2025 05:04;103.1;13.1;8.2;2.35;12329;0.58;262;20.1;6.4
9072.41;4943;4956;C1-R1;23.10.2025;43;23.10.2025 05:35;100.1;12.8;8.1;2.36;11585;0.61;246;19.3;6.3
9074.21;4944;4957;C1-R1;23.10.2025;43;23.10.2025 06:28;90.8;11.5;8.2;2.26;12142;0.55;258;22.5;5.6
9076.01;4945;4958;C1-R1;23.10.2025;43;23.10.2025 07:01;91.7;11.6;8.2;2.55;13518;0.67;288;24.7;5.7
9077.81;4946;4959;C1-R1;23.10.2025;43;23.10.2025 07:55;96.1;12.2;8.2;2.61;13674;0.69;291;23.9;6.0
9079.61;4947;4960;C1-R1;23.10.2025;43;23.10.2025 08:32;91.5;12.7;8.0;2.13;10212;0.58;217;17.2;6.0
9081.41;4948;4961;C1-R1;23.10.2025;43;23.10.2025 14:16;97.7;12.4;8.2;2.57;11855;0.69;252;20.3;6.1
9083.21;4949;4962;C1-R1;23.10.2025;43;23.10.2025 14:59;95.7;12.3;8.1;2.42;11035;0.65;235;19.0;6.0
9085.01;4950;4963;C1-R1;23.10.2025;43;23.10.2025 15:30;96.4;12.4;8.0;2.42;11751;0.59;250;20.1;6.0
9086.81;4951;4964;C1-R1;23.10.2025;43;23.10.2025 16:01;101.3;13.0;8.0;2.66;12491;0.69;266;20.4;6.3
9088.61;4952;4965;C1-R1;23.10.2025;43;23.10.2025 16:35;95.8;12.6;7.9;2.67;12420;0.78;264;20.9;6.0
9090.41;4953;4966;C1-R1;23.10.2025;43;23.10.2025 17:07;98.3;12.9;7.9;2.38;11650;0.73;248;19.3;6.1
9092.21;4954;4967;C1-R1;23.10.2025;43;23.10.2025 17:56;94.1;12.3;7.9;2.15;11286;0.66;240;19.5;5.9
9094.01;4955;4968;C1-R1;23.10.2025;43;23.10.2025 18:28;101.8;13.3;7.9;2.12;11144;0.74;237;17.8;6.3
9095.81;4956;4969;C1-R1;23.10.2025;43;23.10.2025 18:58;88.0;14.3;6.5;1.67;9075;0.52;193;13.5;5.6
9097.61;4957;4970;C1-R1;23.10.2025;43;23.10.2025 19:28;85.8;15.2;5.9;1.56;8473;0.36;180;11.8;5.4
9099.41;4958;4971;C1-R1;23.10.2025;43;23.10.2025 20:00;96.5;18.0;5.6;1.43;7786;0.27;166;9.2;6.1
9101.21;4959;4972;C1-R1;23.10.2025;43;23.10.2025 20:31;98.3;17.3;5.9;1.48;7818;0.29;166;9.6;6.1
9103.01;4960;4973;C1-R1;23.10.2025;43;23.10.2025 21:06;101.5;15.9;6.7;1.83;9817;0.49;209;13.2;6.3
9104.81;4961;4974;C1-R1;23.10.2025;43;23.10.2025 22:23;101.5;15.1;7.0;1.83;9086;0.52;193;12.8;6.3
9106.61;4962;4975;C1-R1;23.10.2025;43;23.10.2025 22:50;102.7;16.4;6.5;1.86;8392;0.49;179;10.9;6.4
9108.41;4963;4976;C1-R1;23.10.2025;43;23.10.2025 23:19;87.7;12.5;7.3;2.05;10328;0.86;220;17.6;5.5
9110.21;4964;4977;C1-R1;23.10.2025;43;23.10.2025 23:52;96.3;12.7;8.0;2.26;10981;0.91;234;18.4;6.1
9112.01;4965;4978;C1-R1;24.10.2025;43;24.10.2025 04:26;77.5;10.6;7.4;2.12;11893;0.87;253;23.9;4.7
9113.81;4966;4979;C1-R1;24.10.2025;43;24.10.2025 05:00;89.3;12.7;7.5;2.10;11853;0.86;252;19.8;5.7
9115.61;4967;4980;C1-R1;24.10.2025;43;24.10.2025 05:30;99.5;16.4;6.2;2.03;9515;0.60;202;12.3;6.1
9117.41;4968;4981;C1-R1;24.10.2025;43;24.10.2025 05:58;99.1;15.2;6.8;2.36;10624;0.70;226;14.9;6.2
9119.21;4969;4982;C1-R1;24.10.2025;43;24.10.2025 06:27;90.8;12.1;7.8;2.28;11857;0.78;252;20.8;5.7
9121.01;4970;4983;C1-R1;24.10.2025;43;24.10.2025 06:59;97.5;12.3;8.2;2.24;11742;0.65;250;20.4;6.0
9122.81;4971;4984;C1-R1;24.10.2025;43;24.10.2025 07:30;98.6;12.5;8.2;2.33;11730;0.59;250;20.0;6.1
9124.61;4972;4985;C1-R1;24.10.2025;43;24.10.2025 07:30;97.7;12.4;8.2;2.31;11633;0.58;248;20.0;6.1
9126.41;4973;4986;C1-R1;24.10.2025;43;24.10.2025 08:31;95.5;12.1;8.2;2.44;12231;0.58;260;21.5;5.9
9128.21;4974;4987;C1-R1;24.10.2025;43;24.10.2025 09:02;97.1;12.2;8.2;2.42;12145;0.62;258;21.1;6.0
9130.01;4975;4988;C1-R1;24.10.2025;43;24.10.2025 09:36;95.0;12.0;8.2;2.38;11857;0.62;252;21.0;5.9
9131.81;4976;4989;C1-R1;24.10.2025;43;24.10.2025 10:34;97.1;12.2;8.2;2.40;11639;0.58;248;20.2;6.0
9133.61;4977;4990;C1-R1;24.10.2025;43;24.10.2025 11:05;100.6;12.6;8.2;2.34;11650;0.59;248;19.7;6.2
9135.41;4978;4991;C1-R1;24.10.2025;43;24.10.2025 11:57;103.6;13.1;8.2;2.40;11665;0.62;248;19.0;6.4
9137.21;4979;4992;C1-R1;24.10.2025;43;24.10.2025 12:36;99.0;12.5;8.2;2.28;11770;0.59;250;20.0;6.2
9139.01;4980;4993;C1-R1;24.10.2025;43;24.10.2025 13:06;99.9;12.5;8.2;2.36;12244;0.63;261;20.9;6.1
9140.81;4981;4994;C1-R1;24.10.2025;43;24.10.2025 13:45;97.6;12.3;8.2;2.31;11870;0.57;253;20.6;6.0
9142.61;4982;4995;C1-R1;24.10.2025;43;24.10.2025 14:17;89.5;11.8;8.0;1.76;9061;0.44;193;16.4;5.7
9144.41;4983;4996;C1-R1;24.10.2025;43;24.10.2025 18:03;93.9;12.0;8.2;2.24;10659;0.62;227;19.0;5.8
9146.21;4984;4997;C1-R1;24.10.2025;43;24.10.2025 18:36;93.8;14.1;6.9;2.26;10076;0.37;214;15.2;5.9
9148.01;4985;4998;C1-R1;24.10.2025;43;24.10.2025 19:06;102.4;14.7;7.1;2.29;10033;0.47;213;14.5;6.3
9149.81;4986;4999;C1-R1;24.10.2025;43;24.10.2025 19:34;102.1;14.7;7.2;2.36;11435;0.44;243;16.6;6.3
9151.61;4987;5000;C1-R1;24.10.2025;43;24.10.2025 20:38;103.2;13.4;7.9;2.46;11355;0.56;242;18.0;6.4
9153.41;4988;5001;C1-R1;24.10.2025;43;24.10.2025 21:23;103.2;13.3;8.0;2.60;11803;0.61;251;18.9;6.4
9155.21;4989;5002;C1-R1;24.10.2025;43;24.10.2025 21:50;102.9;13.0;8.1;2.58;12156;0.66;259;19.9;6.3
9157.01;4990;5003;C1-R1;24.10.2025;43;24.10.2025 22:22;104.5;13.3;8.1;2.61;12254;0.66;261;19.6;6.4
9158.81;4991;5004;C1-R1;24.10.2025;43;24.10.2025 22:50;99.2;12.7;7.9;2.42;11707;0.62;249;19.6;6.1
9160.61;4992;5005;C1-R1;24.10.2025;43;24.10.2025 23:20;102.9;13.0;8.1;2.59;12412;0.65;264;20.3;6.3
9162.41;4993;5006;C1-R1;25.10.2025;43;25.10.2025 01:17;89.2;12.1;7.8;2.34;11582;0.59;246;20.4;5.6
9164.21;4994;5007;C1-R1;25.10.2025;43;25.10.2025 02:34;101.4;12.8;8.1;2.91;13774;0.85;293;22.9;6.2
9166.01;4995;5008;C1-R1;25.10.2025;43;25.10.2025 03:02;100.8;13.5;7.7;2.38;11024;0.84;235;17.3;6.3
9167.81;4996;5009;C1-R1;25.10.2025;43;25.10.2025 03:43;105.0;15.0;7.2;2.09;9573;0.72;204;13.6;6.5
9169.61;4997;5010;C1-R1;25.10.2025;43;25.10.2025 04:11;98.7;13.3;7.6;2.29;11763;0.86;250;18.8;6.1
9171.41;4998;5011;C1-R1;25.10.2025;43;25.10.2025 04:47;106.6;13.6;8.1;2.21;11638;0.84;248;18.3;6.6
9173.21;4999;5012;C1-R1;25.10.2025;43;25.10.2025 05:14;83.4;13.1;6.9;1.37;7936;0.38;169;12.9;5.4
9175.01;5000;5013;C2-R2b;25.10.2025;43;25.10.2025 09:51;93.8;13.7;7.1;2.01;10914;0.59;232;16.9;5.8
9176.81;5001;5014;C1-R1;25.10.2025;43;25.10.2025 10:22;81.6;10.5;8.1;2.35;13110;0.80;279;26.6;5.1
9178.61;5002;5015;C1-R1;25.10.2025;43;25.10.2025 12:11;81.8;10.4;8.1;2.42;13392;0.71;285;27.4;5.1
9180.41;5003;5016;C1-R1;25.10.2025;43;25.10.2025 14:59;96.8;12.5;8.0;1.96;10182;0.44;217;17.3;6.0
9182.21;5004;5017;C1-R1;25.10.2025;43;25.10.2025 15:30;95.3;12.5;8.1;1.58;9053;0.30;193;15.5;6.0
9184.01;5005;5018;C1-R1;25.10.2025;43;25.10.2025 16:01;96.3;13.1;7.7;1.81;9331;0.28;199;15.1;6.1
9185.81;5006;5019;C1-R1;25.10.2025;43;25.10.2025 16:38;95.1;14.7;6.7;2.03;9320;0.20;198;13.5;5.9
9187.61;5007;5020;C1-R1;25.10.2025;43;25.10.2025 17:26;99.5;15.3;6.7;2.32;10448;0.21;222;14.5;6.2
9189.41;5008;5021;C1-R1;25.10.2025;43;25.10.2025 18:08;105.7;15.5;7.0;2.58;11375;0.29;242;15.6;6.6
9191.21;5009;5022;C1-R1;25.10.2025;43;25.10.2025 18:36;105.4;13.7;7.9;2.43;12071;0.51;257;18.7;6.5
9193.01;5010;5023;C1-R1;25.10.2025;43;25.10.2025 19:46;105.6;13.5;8.1;2.45;12292;0.56;262;19.4;6.5
9194.81;5011;5024;C1-R1;25.10.2025;43;25.10.2025 20:14;104.6;13.3;8.1;2.32;11910;0.57;253;19.1;6.5
9196.61;5012;5025;C1-R1;25.10.2025;43;25.10.2025 20:44;103.7;13.2;8.0;2.27;11565;0.57;246;18.6;6.4
9198.41;5013;5026;C1-R1;25.10.2025;43;25.10.2025 21:27;104.0;13.1;8.1;2.30;11798;0.53;251;19.1;6.4
9200.21;5014;5027;C1-R1;25.10.2025;43;25.10.2025 22:37;106.0;13.5;8.1;2.45;12059;0.58;257;19.1;6.5
9202.01;5015;5028;C1-R1;25.10.2025;43;25.10.2025 23:05;103.1;13.1;8.2;2.50;12182;0.61;259;19.8;6.4
9203.81;5016;5029;C1-R1;25.10.2025;43;25.10.2025 23:35;92.4;11.8;8.2;2.28;11776;0.54;251;21.3;5.8
9205.61;5017;5030;C1-R1;27.10.2025;44;27.10.2025 14:11;103.1;13.3;8.0;2.84;10826;0.59;230;17.4;6.4
9207.41;5018;5031;C1-R1;27.10.2025;44;27.10.2025 14:29;101.2;13.0;8.1;2.79;10632;0.59;226;17.5;6.3
9209.21;5019;5032;C1-R1;27.10.2025;44;27.10.2025 15:15;101.1;12.8;8.2;2.83;10867;0.68;231;18.1;6.2
9211.01;5020;5033;C1-R1;27.10.2025;44;27.10.2025 15:43;99.9;12.6;8.2;2.82;11675;0.71;248;19.7;6.2
9212.81;5021;5034;C1-R1;27.10.2025;44;27.10.2025 16:13;95.2;12.2;8.2;2.60;11324;0.65;241;19.7;6.0
9214.61;5022;5035;C1-R1;27.10.2025;44;27.10.2025 16:44;102.1;12.9;8.2;2.64;11353;0.63;242;18.8;6.3
9216.41;5023;5036;C1-R1;27.10.2025;44;27.10.2025 17:31;100.0;12.7;8.2;2.57;11340;0.63;241;19.0;6.2
9218.21;5024;5037;C1-R1;27.10.2025;44;27.10.2025 18:13;101.8;12.9;8.2;2.63;11009;0.65;234;18.2;6.3
9220.01;5025;5038;C1-R1;27.10.2025;44;27.10.2025 18:42;92.2;11.6;8.2;2.36;10488;0.59;223;19.2;5.7
9221.81;5026;5039;C1-R1;27.10.2025;44;27.10.2025 19:13;87.8;11.1;8.1;2.22;10279;0.54;219;19.8;5.4
9223.61;5027;5040;C1-R1;27.10.2025;44;27.10.2025 19:55;87.4;11.0;8.2;2.22;10455;0.49;222;20.2;5.4
9225.41;5028;5041;C1-R1;27.10.2025;44;27.10.2025 20:27;85.8;10.9;8.1;2.28;10899;0.56;232;21.2;5.3
9227.21;5029;5042;C1-R1;27.10.2025;44;27.10.2025 20:59;86.3;10.9;8.1;2.29;10910;0.60;232;21.3;5.3
9229.01;5030;5043;C1-R1;27.10.2025;44;27.10.2025 21:43;89.0;11.2;8.2;2.36;10892;0.62;232;20.7;5.5
9230.81;5031;5044;C1-R1;27.10.2025;44;27.10.2025 23:44;84.0;10.8;8.1;2.36;11180;0.56;238;22.0;5.3
9232.61;5032;5045;C1-R1;28.10.2025;44;28.10.2025 00:16;84.0;10.6;8.2;2.30;11381;0.58;242;22.8;5.2
9234.41;5033;5046;C1-R1;28.10.2025;44;28.10.2025 00:49;82.4;12.1;7.5;2.06;10264;0.45;218;18.0;5.5
9236.21;5034;5047;C1-R1;28.10.2025;44;28.10.2025 04:55;88.9;11.2;8.1;2.37;10654;0.53;227;20.2;5.5
9238.01;5035;5048;C1-R1;28.10.2025;44;28.10.2025 05:26;91.1;11.5;8.1;2.36;10460;0.55;223;19.3;5.6
9239.81;5036;5049;C1-R1;28.10.2025;44;28.10.2025 05:57;91.6;11.6;8.1;2.34;10622;0.56;226;19.5;5.6
9241.61;5037;5050;C1-R1;28.10.2025;44;28.10.2025 06:27;89.7;11.4;8.1;2.02;9250;0.47;197;17.3;5.5
9243.41;5038;5051;C1-R1;28.10.2025;44;28.10.2025 07:35;87.9;17.0;5.6;1.97;6642;0.17;141;8.3;5.7
9245.21;5039;5052;C1-R1;28.10.2025;44;28.10.2025 08:06;90.8;18.8;5.0;1.89;6609;0.14;141;7.5;5.7
9247.01;5040;5053;C1-R1;28.10.2025;44;28.10.2025 08:36;95.2;16.9;5.8;1.91;6673;0.20;142;8.4;5.9
9248.81;5041;5054;C1-R1;28.10.2025;44;28.10.2025 09:05;97.8;14.7;6.9;1.94;7416;0.31;158;10.7;6.1
9250.61;5042;5055;C1-R1;28.10.2025;44;28.10.2025 09:35;98.6;14.8;6.9;2.06;7380;0.40;157;10.6;6.1
9252.41;5043;5056;C1-R1;28.10.2025;44;28.10.2025 10:03;95.3;14.4;6.8;2.17;8036;0.38;171;11.8;5.9
9254.21;5044;5057;C1-R1;28.10.2025;44;28.10.2025 10:56;96.1;14.0;7.1;2.06;8706;0.45;185;13.2;6.0
9256.01;5045;5058;C1-R1;28.10.2025;44;28.10.2025 11:45;98.3;13.6;7.5;2.02;8623;0.66;183;13.5;6.1
9257.81;5046;5059;C1-R1;28.10.2025;44;28.10.2025 12:24;96.2;16.9;6.0;2.11;7138;0.29;152;9.0;6.0
9259.61;5047;5060;C1-R1;28.10.2025;44;28.10.2025 13:25;92.9;12.4;7.7;1.84;8108;0.50;173;13.9;5.8
9261.41;5048;5061;C2-R3;28.10.2025;44;28.10.2025 13:55;94.0;14.0;7.1;1.61;7403;0.30;158;11.2;6.0
9263.21;5049;5062;C2-R3;28.10.2025;44;28.10.2025 14:25;91.8;15.7;6.1;1.44;5962;0.29;127;8.1;5.8
9265.01;5050;5063;C2-R3;28.10.2025;44;28.10.2025 19:03;88.9;19.4;4.8;1.59;6786;0.18;144;7.4;5.5
9266.81;5051;5064;C2-R3;28.10.2025;44;28.10.2025 19:50;88.7;18.6;5.0;1.65;7013;0.25;149;8.0;5.6
9268.61;5052;5065;C2-R3;28.10.2025;44;28.10.2025 20:48;83.6;18.5;4.7;1.55;5964;0.28;127;6.8;5.2
9270.41;5053;5066;C2-R3;28.10.2025;44;28.10.2025 22:35;79.7;21.2;4.0;1.81;6771;0.21;144;6.8;5.0
9272.21;5054;5067;C2-R3;29.10.2025;44;29.10.2025 00:48;84.1;22.1;4.0;1.93;6609;0.13;141;6.4;5.3
9274.01;5055;5068;C1-R1;29.10.2025;44;29.10.2025 01:37;85.4;20.4;4.4;2.04;7457;0.16;159;7.8;5.4
9275.81;5056;5069;C1-R1;29.10.2025;44;29.10.2025 02:10;84.3;16.1;5.4;1.83;7702;0.26;164;10.2;5.3
9277.61;5057;5070;C1-R1;29.10.2025;44;29.10.2025 02:42;85.9;15.7;5.7;1.96;7416;0.27;158;10.1;5.3
9279.41;5058;5071;C1-R1;29.10.2025;44;29.10.2025 03:15;87.8;14.3;6.3;1.88;7561;0.23;161;11.2;5.5
9281.21;5059;5072;C1-R1;29.10.2025;44;29.10.2025 03:46;89.2;14.5;6.3;2.00;8164;0.19;174;12.0;5.5
9283.01;5060;5073;C1-R1;29.10.2025;44;29.10.2025 04:31;87.0;14.3;6.3;2.13;8789;0.21;187;13.1;5.4
9284.81;5061;5074;C1-R1;29.10.2025;44;29.10.2025 05:01;89.1;14.6;6.3;2.40;9325;0.23;198;13.6;5.5
9286.61;5062;5075;C1-R1;29.10.2025;44;29.10.2025 05:50;90.1;14.7;6.3;2.34;8792;0.22;187;12.8;5.6
9288.41;5063;5076;C1-R1;29.10.2025;44;29.10.2025 06:21;91.4;14.8;6.3;2.31;8331;0.22;177;12.0;5.6
9290.21;5064;5077;C1-R1;29.10.2025;44;29.10.2025 06:53;84.3;13.4;6.5;2.24;8734;0.22;186;13.9;5.2
9292.01;5065;5078;C1-R1;29.10.2025;44;29.10.2025 07:25;94.0;14.8;6.6;2.12;7627;0.21;162;10.9;5.9
9293.81;5066;5079;C2-R2b;29.10.2025;44;29.10.2025 07:54;85.3;14.9;6.0;1.72;6500;0.16;138;9.3;5.4
9295.61;5067;5080;C1-R1;29.10.2025;44;29.10.2025 08:25;87.7;13.8;6.6;1.78;6743;0.17;143;10.4;5.5
9297.41;5068;5081;C1-R1;30.10.2025;44;30.10.2025 00:10;79.9;15.8;5.4;2.25;7691.1;0.21;164;10.3;5.1
9299.21;5069;5082;C1-R1;30.10.2025;44;30.10.2025 00:51;83.3;11.3;7.7;2.16;9526.3;0.40;203;17.9;5.2
9301.01;5070;5083;C1-R1;30.10.2025;44;30.10.2025 01:27;90.3;11.4;8.2;2.28;9886.6;0.56;210;18.5;5.6
9302.81;5071;5084;C1-R1;30.10.2025;44;30.10.2025 02:01;87.3;11.1;8.1;2.27;10452.0;0.75;222;20.0;5.4
9304.61;5072;5085;C1-R1;30.10.2025;44;30.10.2025 02:40;81.8;10.8;7.9;2.40;10867.0;0.93;231;21.4;5.1
9306.41;5073;5086;C1-R1;30.10.2025;44;30.10.2025 03:12;82.6;10.8;8.0;2.29;10531.6;0.93;224;20.7;5.2
9308.21;5074;5087;C1-R1;30.10.2025;44;30.10.2025 04:10;80.0;10.9;7.7;2.36;10831.2;1.00;230;21.2;5.0
9310.01;5075;5088;C1-R1;30.10.2025;44;30.10.2025 04:50;74.5;10.4;7.4;2.39;11169.5;0.96;238;22.9;4.6
9311.81;5076;5089;C1-R1;30.10.2025;44;30.10.2025 07:00;81.8;10.5;8.0;2.40;12035.7;1.00;256;24.3;5.1
9313.61;5077;5090;C1-R1;30.10.2025;44;30.10.2025 07:46;87.4;11.1;8.1;2.63;12324.3;1.13;262;23.6;5.4
9315.41;5078;5091;C1-R1;30.10.2025;44;30.10.2025 08:27;88.5;11.3;8.2;2.71;11760;1.22;250;22.1;5.5
9317.21;5079;5092;C1-R1;30.10.2025;44;30.10.2025 10:14;89.9;11.5;8.1;2.46;10438;1.13;222;19.3;5.6
9319.01;5080;5093;C1-R1;30.10.2025;44;30.10.2025 12:08;86.8;11.7;7.7;2.22;8999;1.02;191;16.4;5.4
9320.81;5081;5094;C1-R1;30.10.2025;44;30.10.2025 12:41;90.7;12.2;7.7;2.17;9929;0.82;211;17.3;5.6
9322.61;5082;5095;C1-R1;31.10.2025;44;31.10.2025 04:23;81.9;10.6;8.0;2.07;8477;0.45;180;17.0;5.1
9324.41;5083;5096;C1-R1;31.10.2025;44;31.10.2025 04:59;84.2;11.0;7.9;2.10;8699;0.47;185;16.8;5.2
9326.21;5084;5097;C1-R1;31.10.2025;44;31.10.2025 09:08;89.7;12.7;7.4;2.31;9135;0.40;194;15.3;5.6
9328.01;5085;5098;C1-R1;31.10.2025;44;31.10.2025 10:01;90.9;14.0;6.8;2.42;9488;0.24;202;14.4;5.7
9329.81;5086;5099;C1-R1;31.10.2025;44;31.10.2025 10:33;91.5;13.4;7.1;2.40;9412;0.33;200;14.9;5.7
9331.61;5087;5100;C1-R1;31.10.2025;44;31.10.2025 11:16;90.2;13.1;7.2;2.49;9556;0.39;203;15.6;5.6
9333.41;5088;5101;C1-R1;31.10.2025;44;31.10.2025 12:08;94.1;12.9;7.5;2.29;9246;0.62;197;15.2;5.8
9335.21;5089;5102;C1-R1;31.10.2025;44;31.10.2025 12:39;91.2;12.5;7.6;2.19;9372;0.71;199;16.0;5.6
9337.01;5090;5103;C1-R1;31.10.2025;44;31.10.2025 13:10;90.8;12.4;7.5;2.38;10424;0.76;222;18.0;5.6
9338.81;5091;5104;C1-R1;31.10.2025;44;31.10.2025 13:48;97.5;13.3;7.5;2.47;10020;0.75;213;16.0;6.0
9340.61;5092;5105;C1-R1;31.10.2025;44;31.10.2025 14:19;90.8;12.3;7.6;2.25;9689;0.75;206;16.7;5.6
9342.41;5093;5106;C1-R1;31.10.2025;44;31.10.2025 14:50;89.4;12.2;7.6;2.24;9876;0.76;210;17.2;5.5
9344.21;5094;5107;C2-R2b;31.10.2025;44;31.10.2025 15:21;96.1;13.8;7.4;2.16;8491;0.64;181;13.1;6.1
9346.01;5095;5108;C1-R1;31.10.2025;44;31.10.2025 15:51;84.5;17.7;5.6;2.06;6784;0.55;144;8.2;5.9
9347.81;5096;5109;C1-R1;01.11.2025;44;01.11.2025 04:26;82.4;15.1;5.7;1.53;6125;0.21;130;8.6;5.2
9349.61;5097;5110;C2-R3;01.11.2025;44;01.11.2025 04:58;83.3;14.8;5.9;1.28;5405;0.10;115;7.7;5.2
9351.41;5098;5111;C2-R3;01.11.2025;44;01.11.2025 05:31;86.5;15.1;5.9;1.46;6480;0.23;138;9.1;5.3
9353.21;5099;5112;C2-R3;01.11.2025;44;01.11.2025 06:01;87.4;14.0;6.4;1.47;6697;0.35;142;10.2;5.3
9355.01;5100;5113;C2-R3;03.11.2025;45;03.11.2025 08:25;87.3;22.1;4.7;1.91;6119;4.86;130;5.9;6.2
9356.81;5101;5114;C2-R3;03.11.2025;45;03.11.2025 08:56;89.3;18.6;5.0;1.47;5706;0.10;121;6.5;5.5
9358.61;5102;5115;C2-R3;03.11.2025;45;03.11.2025 09:29;87.2;18.1;5.0;1.74;6787;0.09;144;8.0;5.4
9360.41;5103;5116;C2-R3;03.11.2025;45;03.11.2025 10:01;86.9;17.3;5.2;2.24;8169;0.15;174;10.1;5.4
9362.21;5104;5117;C2-R3;03.11.2025;45;03.11.2025 10:36;87.0;17.1;5.3;2.47;9099;0.17;194;11.4;5.4
9364.01;5105;5118;C2-R3;03.11.2025;45;03.11.2025 11:06;89.5;13.2;7.0;2.25;9101;0.42;194;14.7;5.5
9365.81;5106;5119;C2-R3;03.11.2025;45;03.11.2025 11:37;90.0;11.6;8.0;2.14;8970;0.63;191;16.5;5.5
9367.61;5107;5120;C2-R3;03.11.2025;45;03.11.2025 12:07;88.9;11.3;8.1;2.17;9194;0.71;196;17.3;5.5
9369.41;5108;5121;C2-R3;03.11.2025;45;03.11.2025 12:37;88.6;11.4;8.1;2.01;8633;0.71;184;16.2;5.5
9371.21;5109;5122;C2-R3;03.11.2025;45;03.11.2025 13:08;88.8;11.2;8.1;1.73;7397;0.55;157;14.0;5.5
9373.01;5110;5123;C2-R3;04.11.2025;45;04.11.2025 02:03;78.4;11.7;7.0;1.69;6998;0.40;149;12.7;4.9
9374.81;5111;5124;C2-R3;04.11.2025;45;04.11.2025 02:21;87.4;12.9;7.0;1.84;6841;0.41;146;11.3;5.4
9376.61;5112;5125;C2-R3;04.11.2025;45;04.11.2025 02:53;88.4;13.0;7.0;1.73;6626;0.30;141;10.8;5.4
9378.41;5113;5126;C2-R3;04.11.2025;45;04.11.2025 03:39;87.1;12.9;7.0;1.72;6865;0.26;146;11.3;5.4
9380.21;5114;5127;C2-R3;04.11.2025;45;04.11.2025 04:27;85.7;12.6;7.0;1.89;8148;0.24;173;13.7;5.3
9382.01;5115;5128;C2-R3;04.11.2025;45;04.11.2025 05:07;86.0;12.5;7.2;1.82;8417;0.27;179;14.4;5.4
9383.81;5116;5129;C2-R3;04.11.2025;45;04.11.2025 05:39;85.1;12.3;7.2;1.71;7915;0.26;168;13.7;5.3
9385.61;5117;5130;C2-R3;04.11.2025;45;04.11.2025 06:12;85.4;12.3;7.2;1.81;8040;0.27;171;13.9;5.3
9387.41;5118;5131;C2-R3;04.11.2025;45;04.11.2025 06:50;86.3;12.6;7.1;2.01;8327;0.28;177;14.1;5.3
9389.21;5119;5132;C2-R3;04.11.2025;45;04.11.2025 07:20;86.1;12.5;7.0;2.09;8869;0.28;189;15.1;5.3
9391.01;5120;5133;C2-R3;04.11.2025;45;04.11.2025 08:05;87.3;12.2;7.4;2.19;9408;0.38;200;16.4;5.4
9392.81;5121;5134;C1-R1;04.11.2025;45;04.11.2025 08:36;88.4;12.3;7.4;2.31;9768;0.39;208;16.9;5.5
9394.61;5122;5135;C1-R1;04.11.2025;45;04.11.2025 09:57;87.5;11.3;8.0;2.27;9573;0.48;204;18.0;5.4
9396.41;5123;5136;C1-R1;04.11.2025;45;04.11.2025 10:28;87.4;11.1;8.1;2.12;9122;0.47;194;17.5;5.4
9398.21;5124;5137;C1-R1;04.11.2025;45;04.11.2025 11:06;90.6;11.5;8.1;2.16;9288;0.44;198;17.3;5.6
9400.01;5125;5138;C1-R1;04.11.2025;45;04.11.2025 11:41;87.0;11.2;8.0;2.21;10323;0.46;220;19.6;5.4
9401.81;5126;5139;C1-R1;04.11.2025;45;04.11.2025 12:14;90.3;11.5;8.1;2.15;9656;0.46;205;17.8;5.6
9403.61;5127;5140;C1-R1;04.11.2025;45;04.11.2025 19:23;81.1;12.0;7.0;1.97;7255;0.38;154;12.9;5.0
9405.41;5128;5141;C2-R2b;04.11.2025;45;04.11.2025 19:57;73.9;10.7;7.3;2.10;9230;0.78;196;18.4;4.6
9407.21;5129;5142;C1-R1;04.11.2025;45;04.11.2025 20:33;64.2;8.2;8.2;2.52;12670;1.23;270;33.1;4.0
9409.01;5130;5143;C1-R1;04.11.2025;45;04.11.2025 21:12;81.5;10.7;7.9;2.18;10179;0.94;217;20.3;5.1
9410.81;5131;5144;C1-R1;04.11.2025;45;04.11.2025 21:47;86.8;11.5;7.8;2.06;9017;0.79;192;16.7;5.4
9412.61;5132;5145;C1-R1;04.11.2025;45;04.11.2025 22:19;85.4;12.0;7.3;1.67;8962;0.66;191;15.9;5.3
9414.41;5133;5146;C1-R1;04.11.2025;45;04.11.2025 22:58;83.3;10.9;7.8;2.23;10626;0.87;226;20.7;5.1
9416.21;5134;5147;C1-R1;04.11.2025;45;04.11.2025 23:31;87.5;11.5;7.9;2.00;9244;0.55;197;17.2;5.4
9418.01;5135;5148;C1-R1;05.11.2025;45;05.11.2025 00:03;85.3;11.6;7.5;2.01;9867;0.47;210;18.0;5.3
9419.81;5136;5149;C1-R1;05.11.2025;45;05.11.2025 00:51;86.3;11.8;7.5;2.10;9665;0.45;206;17.4;5.3
9421.61;5137;5150;C1-R1;05.11.2025;45;05.11.2025 01:23;87.6;12.0;7.5;2.12;9207;0.46;196;16.3;5.4
9423.41;5138;5151;C1-R1;05.11.2025;45;05.11.2025 01:55;85.3;11.7;7.6;2.06;9179;0.47;195;16.7;5.3
9425.21;5139;5152;C1-R1;05.11.2025;45;05.11.2025 02:28;84.2;11.6;7.6;1.85;8560;0.43;182;15.7;5.2
9427.01;5140;5153;C1-R1;05.11.2025;45;05.11.2025 03:01;85.2;12.1;7.2;1.68;7992;0.29;170;14.0;5.3
9428.81;5141;5154;C1-R1;05.11.2025;45;05.11.2025 03:33;85.6;12.2;7.2;1.81;8316;0.31;177;14.5;5.3
9430.61;5142;5155;C1-R1;05.11.2025;45;05.11.2025 04:05;85.2;11.6;7.6;2.09;9240;0.49;197;16.9;5.3
9432.41;5143;5156;C1-R1;05.11.2025;45;05.11.2025 04:39;84.7;11.3;7.8;2.22;9800;0.55;209;18.5;5.2
9434.21;5144;5157;C2-R2b;05.11.2025;45;05.11.2025 10:52;87.6;11.0;8.2;2.27;9711;0.56;207;18.8;5.4
9436.01;5145;5158;C1-R1;05.11.2025;45;05.11.2025 11:20;87.2;11.1;8.1;2.26;9751;0.57;207;18.8;5.4
9437.81;5146;5159;C1-R1;05.11.2025;45;05.11.2025 11:51;88.5;11.2;8.1;2.23;9680;0.55;206;18.4;5.4
9439.61;5147;5160;C1-R1;05.11.2025;45;05.11.2025 12:25;88.4;11.3;8.1;2.22;10116;0.50;215;19.1;5.5
9441.41;5148;5161;C1-R1;05.11.2025;45;05.11.2025 13:02;86.6;11.0;8.1;2.09;9966;0.46;212;19.2;5.4
9443.21;5149;5162;C1-R1;05.11.2025;45;05.11.2025 14:03;87.2;11.0;8.2;1.99;9051;0.52;193;17.6;5.4
9445.01;5150;5163;C1-R1;05.11.2025;45;05.11.2025 14:37;86.3;10.9;8.1;2.07;9749;0.54;207;19.0;5.3
9446.81;5151;5164;C1-R1;05.11.2025;45;05.11.2025 15:12;91.0;11.5;8.1;2.32;10855;0.55;231;20.1;5.6
9448.61;5152;5165;C1-R1;05.11.2025;45;05.11.2025 15:43;90.4;11.4;8.1;2.17;10036;0.51;214;18.7;5.6
9450.41;5153;5166;C1-R1;05.11.2025;45;05.11.2025 16:27;86.6;10.9;8.1;2.32;11211;0.56;239;21.9;5.3
9452.21;5154;5167;C1-R1;05.11.2025;45;05.11.2025 16:59;87.6;11.1;8.1;2.50;11460;0.63;244;21.9;5.4
9454.01;5155;5168;C1-R1;05.11.2025;45;05.11.2025 17:30;88.0;11.2;8.1;2.47;11140;0.63;237;21.3;5.4
9455.81;5156;5169;C1-R1;05.11.2025;45;05.11.2025 18:01;86.1;11.0;8.1;2.47;10766;0.62;229;20.8;5.3
9457.61;5157;5170;C1-R1;05.11.2025;45;05.11.2025 18:52;86.7;11.2;8.0;2.49;11366;0.58;242;21.7;5.4
9459.41;5158;5171;C1-R1;05.11.2025;45;05.11.2025 19:24;91.1;11.6;8.0;2.56;10844;0.60;231;19.9;5.6
9461.21;5159;5172;C1-R1;05.11.2025;45;05.11.2025 19:56;71.4;10.6;6.8;1.89;9162;0.45;195;18.3;4.4
9463.01;5160;5173;C1-R1;06.11.2025;45;06.11.2025 04:11;88.5;11.5;8.0;2.59;11351;0.65;242;21.1;5.5
9464.81;5161;5174;C1-R1;06.11.2025;45;06.11.2025 04:32;84.4;10.9;8.0;2.49;11378;0.61;242;22.3;5.2
9466.61;5162;5175;C2-R2;06.11.2025;45;06.11.2025 05:04;91.3;11.7;8.0;2.70;12246;0.63;261;22.3;5.6
9468.41;5163;5176;C1-R1;06.11.2025;45;06.11.2025 05:35;86.5;11.1;8.0;2.63;12323;0.62;262;23.6;5.4
9470.21;5164;5177;C2-R2;06.11.2025;45;06.11.2025 06:07;86.1;11.1;8.1;2.63;12479;0.62;266;24.0;5.3
9472.01;5165;5178;C2-R2;06.11.2025;45;06.11.2025 06:39;87.5;11.0;8.1;2.58;11554;0.66;246;22.3;5.4
9473.81;5166;5179;C2-R2;06.11.2025;45;06.11.2025 07:10;85.0;10.8;8.1;2.56;11647;0.72;248;23.0;5.2
9475.61;5167;5180;C1-R1;06.11.2025;45;06.11.2025 07:41;85.7;10.9;8.1;2.56;11576;0.73;246;22.7;5.3
9477.41;5168;5181;C2-R2;06.11.2025;45;06.11.2025 08:13;87.0;11.0;8.1;2.56;11674;0.68;248;22.5;5.3
9479.21;5169;5182;C1-R1;06.11.2025;45;06.11.2025 09:00;89.3;11.3;8.1;2.61;11842;0.74;252;22.2;5.5
9481.01;5170;5183;C1-R1;06.11.2025;45;06.11.2025 09:30;87.5;11.1;8.1;2.54;11641;0.66;248;22.3;5.4
9482.81;5171;5184;C1-R1;06.11.2025;45;06.11.2025 10:02;87.7;11.1;8.1;2.56;11828;0.68;252;22.6;5.4
9484.61;5172;5185;C1-R1;06.11.2025;45;06.11.2025 10:33;89.4;11.3;8.1;2.64;12065;0.65;257;22.7;5.5
9486.41;5173;5186;C1-R1;06.11.2025;45;06.11.2025 11:04;85.2;10.9;8.0;2.61;12298;0.68;262;24.0;5.2
9488.21;5174;5187;C1-R1;06.11.2025;45;06.11.2025 11:36;88.3;11.1;8.1;2.69;12260;0.72;261;23.4;5.4
9490.01;5175;5188;C1-R1;06.11.2025;45;06.11.2025 12:07;81.0;10.4;8.0;2.54;12028;0.65;256;24.6;5.0
9491.81;5176;5189;C1-R1;06.11.2025;45;06.11.2025 12:50;83.7;10.6;8.1;2.57;12080;0.66;257;24.3;5.2
9493.61;5177;5190;C1-R1;06.11.2025;45;06.11.2025 16:24;82.4;10.5;8.1;2.59;12372;0.65;263;25.1;5.1
9495.41;5178;5191;C1-R1;06.11.2025;45;06.11.2025 16:56;88.9;11.4;8.1;2.63;12174;0.70;259;22.8;5.5
9497.21;5179;5192;C1-R1;06.11.2025;45;06.11.2025 17:27;93.1;11.9;8.1;2.37;10660;0.66;227;19.0;5.8
9499.01;5180;5193;C1-R1;06.11.2025;45;06.11.2025 17:59;90.9;11.5;8.1;2.27;10127;0.59;215;18.8;5.6
9500.81;5181;5194;C2-R2;06.11.2025;45;06.11.2025 18:45;83.9;11.0;7.9;2.09;9109;0.55;194;17.6;5.2
9502.61;5182;5195;C1-R1;06.11.2025;45;06.11.2025 19:20;89.0;11.9;7.7;1.84;8006;0.43;170;14.3;5.5
9504.41;5183;5196;C1-R1;06.11.2025;45;06.11.2025 19:58;87.5;13.7;6.6;1.45;6092;0.19;130;9.5;5.4
9506.21;5184;5197;C1-R1;06.11.2025;45;06.11.2025 20:30;81.4;13.0;6.6;1.41;6082;0.34;129;10.0;5.1
9508.01;5185;5198;C1-R1;06.11.2025;45;06.11.2025 21:04;85.2;11.8;7.5;1.86;9125;0.57;194;16.5;5.3
9509.81;5186;5199;C1-R1;06.11.2025;45;06.11.2025 22:06;87.4;11.3;8.0;2.25;10452;0.63;222;19.7;5.4
9511.61;5187;5200;C2-R2;06.11.2025;45;06.11.2025 22:39;86.3;11.1;8.0;2.26;10685;0.62;227;20.5;5.3
9513.41;5188;5201;C2-R2;06.11.2025;45;06.11.2025 23:11;86.7;11.2;8.0;2.20;10629;0.60;226;20.2;5.4
9515.21;5189;5202;C1-R1;06.11.2025;45;06.11.2025 23:44;89.3;11.5;8.0;2.18;10230;0.60;218;18.9;5.5
9517.01;5190;5203;C1-R1;07.11.2025;45;07.11.2025 00:15;89.2;11.5;8.0;2.23;10258;0.59;218;19.0;5.5
9518.81;5191;5204;C1-R1;07.11.2025;45;07.11.2025 00:47;88.0;11.3;8.0;2.29;10350;0.57;220;19.4;5.4
9520.61;5192;5205;C1-R1;07.11.2025;45;07.11.2025 01:19;87.4;11.2;8.0;2.35;11076;0.57;236;21.0;5.4
9522.41;5193;5206;C1-R1;07.11.2025;45;07.11.2025 01:51;77.5;11.8;7.0;1.86;8956;0.43;191;16.1;5.0
9524.21;5194;5207;C2-R2b;07.11.2025;45;07.11.2025 05:47;84.1;10.8;8.0;2.26;10681;0.47;227;21.1;5.2
9526.01;5195;5208;C1-R1;07.11.2025;45;07.11.2025 06:20;89.4;11.6;8.0;2.41;10542;0.48;224;19.3;5.6
9527.81;5196;5209;C2-R2;07.11.2025;45;07.11.2025 06:51;91.8;12.2;7.8;2.50;10789;0.58;230;18.9;5.7
9529.61;5197;5210;C1-R1;07.11.2025;45;07.11.2025 07:21;90.1;11.8;7.9;2.56;11613;0.60;247;21.0;5.5
9531.41;5198;5211;C1-R1;07.11.2025;45;07.11.2025 07:54;92.5;12.1;7.9;2.54;11409;0.58;243;20.0;5.7
9533.21;5199;5212;C1-R1;07.11.2025;45;07.11.2025 08:28;92.3;11.9;8.0;2.34;10386;0.55;221;18.5;5.7
9535.01;5200;5213;C1-R1;07.11.2025;45;07.11.2025 09:02;88.6;11.3;8.1;2.31;10668;0.55;227;20.1;5.5
9536.81;5201;5214;C1-R1;07.11.2025;45;07.11.2025 09:37;90.7;11.5;8.1;2.53;11400;0.53;243;21.0;5.6
9538.61;5202;5215;C1-R1;07.11.2025;45;07.11.2025 10:07;85.6;11.1;7.9;2.47;11481;0.55;244;21.9;5.3
9540.41;5203;5216;C1-R1;07.11.2025;45;07.11.2025 11:14;87.4;11.1;8.1;2.68;12509;0.66;266;24.1;5.4
9542.21;5204;5217;C1-R1;07.11.2025;45;07.11.2025 11:46;84.8;10.9;8.1;2.69;12244;0.64;261;23.9;5.3
9544.01;5205;5218;C1-R1;07.11.2025;45;07.11.2025 12:34;82.5;10.7;8.1;2.64;12390;0.65;264;24.7;5.2
9545.81;5206;5219;C1-R1;07.11.2025;45;07.11.2025 13:08;84.7;10.8;8.1;2.69;12289;0.71;261;24.2;5.2
9547.61;5207;5220;C1-R1;07.11.2025;45;07.11.2025 13:42;84.8;10.9;8.1;2.58;11609;0.65;247;22.6;5.3
9549.41;5208;5221;C1-R1;07.11.2025;45;07.11.2025 14:46;87.2;11.1;8.1;2.46;11159;0.59;237;21.4;5.4
9551.21;5209;5222;C1-R1;07.11.2025;45;07.11.2025 15:18;73.6;10.3;7.4;2.07;9843;0.49;209;20.4;4.6
9553.01;5210;5223;C1-R1;;1;;;;;;;;;;
9554.81;5211;5224;C1-R1;08.11.2025;45;08.11.2025 03:05;81.7;10.7;8.0;2.50;10772;0.52;229;21.4;5.1
9556.61;5212;5225;C1-R1;08.11.2025;45;08.11.2025 03:46;91.3;11.8;8.0;2.55;10710;0.52;228;19.3;5.7
9558.41;5213;5226;C1-R1;08.11.2025;45;08.11.2025 04:20;94.1;12.0;8.1;2.31;10503;0.48;223;18.6;5.8
9560.21;5214;5227;C1-R1;08.11.2025;45;08.11.2025 04:53;88.2;11.3;8.0;2.14;10148;0.50;216;19.0;5.5
9562.01;5215;5228;C1-R1;08.11.2025;45;08.11.2025 05:24;81.6;10.5;8.0;2.21;11454;0.56;244;23.2;5.1
9563.81;5216;5229;C1-R1;08.11.2025;45;08.11.2025 09:45;89.9;11.4;8.1;2.57;11623;0.69;247;21.7;5.5
9565.61;5217;5230;C1-R1;08.11.2025;45;08.11.2025 10:17;88.1;11.2;8.1;2.44;10896;0.64;232;20.8;5.4
9567.41;5218;5231;C1-R1;08.11.2025;45;08.11.2025 10:48;87.7;11.1;8.1;2.45;11171;0.63;238;21.3;5.4
9569.21;5219;5232;C1-R1;08.11.2025;45;08.11.2025 11:19;93.5;11.8;8.1;2.50;11354;0.69;242;20.4;5.8
9571.01;5220;5233;C1-R1;08.11.2025;45;08.11.2025 11:58;88.1;11.2;8.1;2.41;11243;0.63;239;21.4;5.4
9572.81;5221;5234;C1-R1;08.11.2025;45;08.11.2025 12:29;84.7;10.8;8.1;2.48;11748;0.67;250;23.1;5.3
9574.61;5222;5235;C1-R1;08.11.2025;45;08.11.2025 13:09;83.1;10.6;8.0;2.51;12022;0.67;256;24.2;5.1
9576.41;5223;5236;C1-R1;08.11.2025;45;08.11.2025 13:41;83.7;10.7;8.1;2.64;12235;0.72;260;24.3;5.2
9578.21;5224;5237;C1-R1;08.11.2025;45;08.11.2025 14:53;85.9;10.8;8.1;2.68;12281;0.74;261;24.1;5.3
9580.01;5225;5238;C1-R1;08.11.2025;45;08.11.2025 15:26;84.3;10.7;8.1;2.52;12422;0.65;264;24.7;5.2
9581.81;5226;5239;C1-R1;08.11.2025;45;08.11.2025 16:04;66.4;10.4;6.7;1.76;9483;0.45;202;19.4;4.2
9583.61;5227;5240;C1-R1;08.11.2025;45;08.11.2025 19:56;80.3;10.3;8.0;2.61;12174;0.62;259;25.2;5.0
9585.41;5228;5241;C1-R1;08.11.2025;45;08.11.2025 20:30;91.5;11.7;8.1;2.62;11634;0.72;248;21.1;5.7
9587.21;5229;5242;C1-R1;08.11.2025;45;08.11.2025 21:01;89.6;11.6;8.1;1.85;8737;0.54;186;16.0;5.6
9589.01;5230;5243;C1-R1;08.11.2025;45;08.11.2025 22:11;88.6;11.4;8.1;1.75;8694;0.49;185;16.2;5.5
9590.81;5231;5244;C1-R1;08.11.2025;45;08.11.2025 23:02;91.1;11.7;8.1;1.99;9490;0.61;202;17.2;5.7
9592.61;5232;5245;C1-R1;08.11.2025;45;08.11.2025 23:33;84.3;10.8;8.1;2.54;12573;0.70;268;24.7;5.2
9594.41;5233;5246;C1-R1;09.11.2025;45;09.11.2025 00:11;87.0;11.4;8.1;2.65;12020;0.59;256;22.5;5.5
9596.21;5234;5247;C1-R1;09.11.2025;45;09.11.2025 01:48;84.2;10.8;8.1;2.35;10898;0.55;232;21.4;5.2
9598.01;5235;5248;C1-R1;09.11.2025;45;09.11.2025 02:21;67.9;10.9;6.5;1.80;9188;0.43;195;17.9;4.2
9599.81;5236;5249;C1-R1;10.11.2025;46;10.11.2025 10:44;79.1;10.2;8.0;2.53;11291;0.60;240;23.6;4.9
9601.61;5237;5250;C1-R1;10.11.2025;46;10.11.2025 11:28;88.7;11.5;8.0;2.71;12182;0.75;259;22.6;5.5
9603.41;5238;5251;C1-R1;10.11.2025;46;10.11.2025 12:27;94.1;12.1;8.1;2.03;9309;0.59;198;16.3;5.9
9605.21;5239;5252;C1-R1;10.11.2025;46;10.11.2025 12:57;91.7;12.9;7.4;1.76;7062;0.48;150;11.6;5.7
9607.01;5240;5253;C1-R1;10.11.2025;46;10.11.2025 13:28;84.7;11.6;7.5;1.59;7691;0.40;164;14.1;5.2
9608.81;5241;5254;C1-R1;10.11.2025;46;10.11.2025 14:00;87.3;12.0;7.5;1.82;8005;0.45;170;14.2;5.4
9610.61;5242;5255;C1-R1;10.11.2025;46;10.11.2025 14:32;93.8;12.9;7.5;2.04;8943;0.49;190;14.7;5.8
9612.41;5243;5256;C1-R1;10.11.2025;46;10.11.2025 15:05;76.7;12.6;6.2;1.37;6554;0.31;139;11.1;4.7
9614.21;5244;5257;C1-R1;10.11.2025;46;10.11.2025 18:17;85.8;11.9;7.5;1.99;8925;0.40;190;16.0;5.3
9616.01;5245;5258;C1-R1;10.11.2025;46;10.11.2025 20:25;90.0;12.6;7.5;2.57;10572;0.53;225;17.8;5.7
9617.81;5246;5259;C1-R1;10.11.2025;46;10.11.2025 21:47;97.3;13.2;7.7;2.60;11321;0.64;241;18.3;6.0
9619.61;5247;5260;C1-R1;10.11.2025;46;10.11.2025 22:17;96.4;13.2;7.7;2.19;9315;0.59;198;15.1;6.1
9621.41;5248;5261;C1-R1;10.11.2025;46;10.11.2025 22:51;99.2;13.4;7.7;2.01;8227;0.55;175;13.0;6.2
9623.21;5249;5262;C1-R1;10.11.2025;46;10.11.2025 23:31;101.3;13.6;7.7;1.89;8177;0.52;174;12.8;6.3
9625.01;5250;5263;C1-R1;11.11.2025;46;11.11.2025 00:01;99.9;13.5;7.7;1.80;7712;0.55;164;12.2;6.2
9626.81;5251;5264;C1-R1;11.11.2025;46;11.11.2025 00:31;98.2;13.2;7.7;2.50;11012;0.59;234;17.8;6.1
9628.61;5252;5265;C1-R1;11.11.2025;46;11.11.2025 01:01;99.6;13.4;7.7;2.56;10190;0.58;217;16.1;6.2
9630.41;5253;5266;C1-R1;11.11.2025;46;11.11.2025 01:58;93.9;12.7;7.7;2.34;9279;0.49;197;15.5;5.9
9632.21;5254;5267;C1-R1;11.11.2025;46;11.11.2025 03:17;101.1;13.6;7.7;2.37;9834;0.49;209;15.4;6.3
9634.01;5255;5268;C1-R1;11.11.2025;46;11.11.2025 03:47;93.7;12.6;7.7;2.27;9500;0.49;202;16.1;5.8
9635.81;5256;5269;C1-R1;11.11.2025;46;11.11.2025 05:28;98.6;13.3;7.7;2.37;9560;0.48;203;15.3;6.1
9637.61;5257;5270;C1-R1;11.11.2025;46;11.11.2025 06:29;96.6;12.9;7.7;2.26;9936;0.48;211;16.4;6.0
9639.41;5258;5271;C2-R3;11.11.2025;46;11.11.2025 06:58;93.9;12.7;7.7;2.00;9460;0.45;201;15.9;5.9
9641.21;5259;5272;C2-R3;11.11.2025;46;11.11.2025 07:48;90.8;12.3;7.7;1.46;7118;0.30;151;12.3;5.7
9643.01;5260;5273;C1-R1;11.11.2025;46;11.11.2025 09:35;100.2;13.4;7.7;1.26;5762;0.25;123;9.1;6.2
9644.81;5261;5274;C1-R1;11.11.2025;46;11.11.2025 12:23;90.9;12.5;7.5;1.30;5334;0.23;113;9.1;5.7
9646.61;5262;5275;C2-R2b;11.11.2025;46;11.11.2025 12:59;88.5;12.1;7.6;1.54;7155;0.30;152;12.6;5.5
9648.41;5263;5276;C1-R1;11.11.2025;46;11.11.2025 14:12;87.7;12.2;7.5;1.60;7256;0.29;154;12.7;5.5
9650.21;5264;5277;C1-R1;11.11.2025;46;11.11.2025 15:00;89.1;13.1;7.1;1.61;7336;0.23;156;12.0;5.6
9652.01;5265;5278;C1-R1;11.11.2025;46;11.11.2025 15:31;85.6;12.1;7.5;1.53;6518;0.28;139;11.4;5.4
9653.81;5266;5279;C1-R1;11.11.2025;46;11.11.2025 19:23;93.7;13.1;7.5;1.83;6439;0.32;137;10.5;5.9
9655.61;5267;5280;C1-R1;11.11.2025;46;11.11.2025 20:44;96.9;13.5;7.5;2.20;8538;0.39;182;13.5;6.1
9657.41;5268;5281;C1-R1;11.11.2025;46;11.11.2025 21:23;96.0;13.3;7.5;2.52;10658;0.50;227;17.1;6.0
9659.21;5269;5282;C1-R1;11.11.2025;46;11.11.2025 21:54;93.8;12.5;7.8;2.60;11520;0.54;245;19.6;5.9
9661.01;5270;5283;C1-R1;11.11.2025;46;11.11.2025 22:52;90.9;11.8;8.0;2.64;11640;0.55;248;20.9;5.7
9662.81;5271;5284;C1-R1;11.11.2025;46;11.11.2025 23:32;93.2;12.1;8.0;2.56;11226;0.55;239;19.8;5.8
9664.61;5272;5285;C1-R1;12.11.2025;46;12.11.2025 00:20;93.2;12.0;8.0;2.49;11129;0.51;237;19.7;5.8
9666.41;5273;5286;C1-R1;12.11.2025;46;12.11.2025 00:59;96.7;12.5;8.0;2.45;10637;0.49;226;18.1;6.0
9668.21;5274;5287;C1-R1;12.11.2025;46;12.11.2025 01:30;100.8;13.0;8.0;2.04;8944;0.40;190;14.6;6.3
9670.01;5275;5288;C1-R1;12.11.2025;46;12.11.2025 02:00;96.9;12.6;8.1;1.35;6146;0.27;131;10.4;6.1
9671.81;5276;5289;C1-R1;12.11.2025;46;12.11.2025 02:31;97.4;13.1;7.7;1.08;5246;0.25;112;8.5;6.0
9673.61;5277;5290;C1-R1;12.11.2025;46;12.11.2025 05:42;92.3;12.8;7.6;1.24;5060;0.25;108;8.4;5.8
9675.41;5278;5291;C1-R1;12.11.2025;46;12.11.2025 13:36;86.2;11.7;7.6;1.48;5944;0.27;126;10.8;5.3
9677.21;5279;5292;C1-R1;12.11.2025;46;12.11.2025 14:01;91.2;12.4;7.6;1.66;6965;0.32;148;12.0;5.6
9679.01;5280;5293;C1-R1;12.11.2025;46;12.11.2025 14:31;91.0;12.3;7.6;1.91;7983;0.38;170;13.8;5.6
9680.81;5281;5294;C1-R1;12.11.2025;46;12.11.2025 15:02;88.8;11.9;7.7;2.14;9820;0.51;209;17.6;5.5
9682.61;5282;5295;C1-R1;12.11.2025;46;12.11.2025 15:34;91.4;11.8;8.0;2.19;9621;0.44;205;17.3;5.7
9684.41;5283;5296;C1-R1;12.11.2025;46;12.11.2025 16:04;93.1;12.4;7.7;1.89;7922;0.43;169;13.6;5.8
9686.21;5284;5297;C1-R1;12.11.2025;46;12.11.2025 16:38;89.8;12.7;7.4;1.47;6387;0.31;136;10.7;5.7
9688.01;5285;5298;C1-R1;12.11.2025;46;12.11.2025 17:41;91.3;12.6;7.5;2.35;10020;0.40;213;17.0;5.7
9689.81;5286;5299;C1-R1;12.11.2025;46;12.11.2025 18:30;97.1;12.6;8.0;2.54;11319;0.45;241;19.2;6.0
9691.61;5287;5300;C1-R1;12.11.2025;46;12.11.2025 19:15;91.7;11.8;8.0;2.26;10322;0.42;220;18.6;5.7
9693.41;5288;5301;C1-R1;12.11.2025;46;12.11.2025 19:46;96.2;12.4;8.0;2.18;9477;0.43;202;16.3;6.0
9695.21;5289;5302;C1-R1;12.11.2025;46;12.11.2025 20:17;98.1;12.7;8.0;2.32;9909;0.45;211;16.6;6.1
9697.01;5290;5303;C1-R1;12.11.2025;46;12.11.2025 20:47;98.0;12.7;8.0;2.26;10080;0.45;214;16.9;6.1
9698.81;5291;5304;C1-R1;12.11.2025;46;12.11.2025 21:17;98.3;12.7;8.0;2.26;9663;0.46;206;16.2;6.1
9700.61;5292;5305;C1-R1;12.11.2025;46;12.11.2025 21:47;97.3;12.5;8.0;2.45;10608;0.53;226;18.0;6.0
9702.41;5293;5306;C1-R1;12.11.2025;46;12.11.2025 22:19;89.8;11.6;8.0;2.24;10462;0.53;223;19.2;5.6
9704.21;5294;5307;C1-R1;13.11.2025;46;13.11.2025 00:14;98.3;12.6;8.1;2.08;9531;0.49;203;16.0;6.1
9706.01;5295;5308;C1-R1;13.11.2025;46;13.11.2025 03:43;91.2;12.1;7.9;1.80;7412;0.45;158;13.0;5.7
9707.81;5296;5309;C1-R1;13.11.2025;46;13.11.2025 04:53;87.5;11.6;7.9;2.28;9925;0.57;211;18.2;5.5
9709.61;5297;5310;C1-R1;13.11.2025;46;13.11.2025 05:32;87.4;11.4;8.0;2.58;11702;0.61;249;21.9;5.5
9711.41;5298;5311;C1-R1;13.11.2025;46;13.11.2025 06:22;84.0;10.8;8.0;2.49;11708;0.59;249;23.0;5.2
9713.21;5299;5312;C1-R1;13.11.2025;46;13.11.2025 06:57;86.0;11.2;8.0;2.66;11794;0.64;251;22.4;5.4
9715.01;5300;5313;C1-R1;13.11.2025;46;13.11.2025 10:01;89.1;11.4;8.0;2.73;11866;0.65;252;22.1;5.5
9716.81;5301;5314;C1-R1;13.11.2025;46;13.11.2025 10:32;80.2;10.5;8.0;2.49;11381;0.57;242;23.0;5.1
9718.61;5302;5315;C1-R1;13.11.2025;46;13.11.2025 12:39;85.0;10.9;8.0;2.64;12432;0.62;265;24.2;5.3
9720.41;5303;5316;C1-R1;13.11.2025;46;13.11.2025 14:12;90.5;11.6;8.0;2.76;12698;0.63;270;23.3;5.6
9722.21;5304;5317;C1-R1;13.11.2025;46;13.11.2025 14:43;88.2;11.4;8.0;2.83;13413;0.66;285;25.0;5.5
9724.01;5305;5318;C1-R1;13.11.2025;46;13.11.2025 16:02;89.0;11.4;8.1;2.72;12765;0.62;272;23.8;5.6
9725.81;5306;5319;C1-R1;13.11.2025;46;13.11.2025 16:48;90.0;11.4;8.1;2.87;13560;0.64;289;25.2;5.6
9727.61;5307;5320;C1-R1;13.11.2025;46;13.11.2025 17:19;91.1;11.7;8.0;2.90;12972;0.66;276;23.6;5.6
9729.41;5308;5321;C1-R1;13.11.2025;46;13.11.2025 17:50;90.1;11.6;8.0;2.92;12947;0.66;275;23.8;5.5
9731.21;5309;5322;C1-R1;13.11.2025;46;13.11.2025 18:20;82.6;10.8;8.0;2.69;12561;0.59;267;24.7;5.2
9733.01;5310;5323;C1-R1;13.11.2025;46;13.11.2025 18:58;79.3;10.2;8.1;2.52;11933;0.55;254;24.9;5.0
9734.81;5311;5324;C1-R1;13.11.2025;46;13.11.2025 20:15;81.6;10.5;8.1;2.57;12316;0.56;262;24.9;5.1
9736.61;5312;5325;C1-R1;14.11.2025;46;14.11.2025 06:27;85.4;11.0;8.1;2.56;11440;0.50;243;22.2;5.3
9738.41;5313;5326;C1-R1;14.11.2025;46;14.11.2025 07:24;91.0;11.7;8.1;2.45;10884;0.49;232;19.8;5.7
9740.21;5314;5327;C1-R1;14.11.2025;46;14.11.2025 08:14;90.7;11.5;8.1;2.57;11982;0.51;255;22.1;5.6
9742.01;5315;5328;C1-R1;14.11.2025;46;14.11.2025 08:47;91.6;11.7;8.1;2.44;10937;0.46;233;19.9;5.7
9743.81;5316;5329;C1-R1;14.11.2025;46;14.11.2025 09:46;90.7;11.6;8.1;2.37;10321;0.42;220;18.9;5.6
9745.61;5317;5330;C1-R1;14.11.2025;46;14.11.2025 10:05;96.2;12.3;8.1;2.40;10472;0.44;223;18.1;6.0
9747.41;5318;5331;C1-R1;14.11.2025;46;14.11.2025 10:35;96.2;12.3;8.1;2.30;9752;0.42;207;16.8;6.0
9749.21;5319;5332;C1-R1;14.11.2025;46;14.11.2025 11:23;97.1;12.9;7.8;2.25;9047;0.49;192;14.9;6.0
9751.01;5320;5333;C1-R1;14.11.2025;46;14.11.2025 12:14;96.3;12.9;7.7;2.15;8481;0.50;180;14.0;6.0
9752.81;5321;5334;C1-R1;14.11.2025;46;14.11.2025 12:46;91.1;12.3;7.7;2.05;8960;0.49;191;15.5;5.7
9754.61;5322;5335;C1-R1;14.11.2025;46;14.11.2025 14:26;90.5;12.0;7.7;2.00;8510;0.45;181;15.1;5.6
9756.41;5323;5336;C1-R1;14.11.2025;46;14.11.2025 14:45;91.7;12.2;7.7;2.09;8034;0.64;171;14.0;5.7
9758.21;5324;5337;C1-R1;14.11.2025;46;14.11.2025 15:54;86.7;11.5;7.8;2.16;9710;0.73;207;18.0;5.4
9760.01;5325;5338;C1-R1;15.11.2025;46;15.11.2025 00:10;76.6;10.0;8.0;1.97;9668;0.75;206;20.6;4.8
9761.81;5326;5339;C1-R1;15.11.2025;46;15.11.2025 00:30;87.5;11.5;7.9;2.56;10796;0.94;230;20.0;5.5
9763.61;5327;5340;C1-R1;15.11.2025;46;15.11.2025 01:27;86.0;11.2;7.9;2.73;11909;1.01;253;22.5;5.3
9765.41;5328;5341;C1-R1;15.11.2025;46;15.11.2025 01:56;89.4;11.6;8.1;2.51;10661;0.97;227;19.5;5.6
9767.21;5329;5342;C1-R1;15.11.2025;46;15.11.2025 02:26;95.1;12.4;8.0;2.59;11289;1.13;240;19.3;5.9
9769.01;5330;5343;C1-R1;15.11.2025;46;15.11.2025 02:58;87.1;11.4;7.9;2.71;12758;1.26;271;23.7;5.5
9770.81;5331;5344;C1-R1;15.11.2025;46;15.11.2025 03:31;87.1;11.4;7.9;2.74;12992;1.12;276;24.3;5.4
9772.61;5332;5345;C1-R1;15.11.2025;46;15.11.2025 04:28;83.8;10.9;8.0;2.66;13081;0.90;278;25.6;5.2
9774.41;5333;5346;C1-R1;15.11.2025;46;15.11.2025 05:15;82.2;10.6;8.1;2.71;13217;0.84;281;26.5;5.1
9776.21;5334;5347;C2-R2b;15.11.2025;46;15.11.2025 05:37;82.2;10.6;8.1;2.70;13400;0.84;285;26.8;5.1
9778.01;5335;5348;C1-R1;15.11.2025;46;15.11.2025 12:32;84.3;10.8;8.1;2.74;13043;0.81;278;25.6;5.3
9779.81;5336;5349;C1-R1;15.11.2025;46;15.11.2025 13:22;92.6;11.7;8.1;2.92;13381;0.80;285;24.3;5.7
9781.61;5337;5350;C1-R1;15.11.2025;46;15.11.2025 16:34;78.8;12.3;6.8;2.15;11100;0.56;236;19.2;5.0
9783.41;5338;5351;C1-R1;15.11.2025;46;15.11.2025 19:59;71.3;9.6;7.7;2.42;12379;0.72;263;27.4;4.5
9785.21;5339;5352;C1-R1;15.11.2025;46;15.11.2025 20:34;79.1;10.6;7.7;2.62;12485;0.77;266;25.0;4.9
9787.01;5340;5353;C1-R1;15.11.2025;46;15.11.2025 21:09;78.6;10.6;7.7;2.63;12677;0.76;270;25.4;4.9
9788.81;5341;5354;C1-R1;15.11.2025;46;15.11.2025 21:44;75.9;10.2;7.7;2.62;13116;0.79;279;27.4;4.7
9790.61;5342;5355;C1-R1;15.11.2025;46;15.11.2025 22:35;67.7;9.2;7.7;2.29;12392;0.72;264;28.8;4.2
9792.41;5343;5356;C1-R1;15.11.2025;46;15.11.2025 23:17;73.0;9.7;7.9;2.44;12409;0.70;264;27.2;4.6
9794.21;5344;5357;C1-R1;16.11.2025;46;16.11.2025 00:30;70.9;9.3;8.0;2.36;12107;0.63;258;27.7;4.5
9796.01;5345;5358;C1-R1;16.11.2025;46;16.11.2025 01:34;71.7;9.4;8.0;2.37;12669;0.66;270;28.8;4.5
9797.81;5346;5359;C1-R1;16.11.2025;46;16.11.2025 02:10;75.4;9.8;8.0;2.49;12896;0.67;274;27.9;4.7
9799.61;5347;5360;C1-R1;16.11.2025;46;16.11.2025 02:46;77.6;10.1;8.0;2.58;12927;0.71;275;27.4;4.8
9801.41;5348;5361;C1-R1;16.11.2025;46;16.11.2025 03:20;82.7;10.7;8.0;2.64;12641;0.73;269;25.1;5.1
9803.21;5349;5362;C1-R1;16.11.2025;46;16.11.2025 04:15;80.1;10.5;8.0;2.35;11261;0.64;240;22.8;5.0
9805.01;5350;5363;C1-R1;17.11.2025;47;17.11.2025 19:35;82.1;10.6;8.1;2.75;12747;0.76;271;25.6;5.2
9806.81;5351;5364;C1-R1;17.11.2025;47;17.11.2025 19:56;84.3;10.7;8.1;2.83;13545;0.76;288;26.9;5.2
9808.61;5352;5365;C1-R1;17.11.2025;47;17.11.2025 20:29;82.6;10.5;8.1;2.85;13593;0.76;289;27.5;5.1
9810.41;5353;5366;C1-R1;17.11.2025;47;17.11.2025 21:06;78.7;10.3;8.1;2.78;13259;0.72;282;27.4;5.0
9812.21;5354;5367;C1-R1;17.11.2025;47;17.11.2025 21:52;78.9;10.2;8.1;2.73;13293;0.68;283;27.8;4.9
9814.01;5355;5368;C1-R1;17.11.2025;47;17.11.2025 22:25;83.1;10.6;8.1;2.82;13441;0.66;286;27.0;5.1
9815.81;5356;5369;C1-R1;17.11.2025;47;17.11.2025 22:58;84.4;10.8;8.1;2.73;12866;0.68;274;25.3;5.3
9817.61;5357;5370;C1-R1;17.11.2025;47;17.11.2025 23:18;90.5;11.5;8.1;2.85;13213;0.73;281;24.4;5.6
9819.41;5358;5371;C1-R1;18.11.2025;47;18.11.2025 00:12;81.6;10.5;8.1;2.68;12907;0.65;275;26.2;5.1
9821.21;5359;5372;C1-R1;18.11.2025;47;18.11.2025 00:51;84.6;10.9;8.1;2.72;12836;0.67;273;25.1;5.3
9823.01;5360;5373;C1-R1;18.11.2025;47;18.11.2025 01:17;89.2;11.3;8.1;2.76;12715;0.69;271;24.0;5.5
9824.81;5361;5374;C1-R1;18.11.2025;47;18.11.2025 10:11;83.7;11.2;7.8;2.69;12179;0.71;259;23.2;5.2
9826.61;5362;5375;C1-R1;18.11.2025;47;18.11.2025 11:27;89.3;11.9;7.8;2.78;12037;0.72;256;21.5;5.6
9828.41;5363;5376;C1-R1;18.11.2025;47;18.11.2025 12:49;87.7;11.6;7.8;2.69;11611;0.72;247;21.3;5.4
9830.21;5364;5377;C1-R1;19.11.2025;47;19.11.2025 14:33;88.3;12.3;7.5;2.81;10961;0.62;233;19.0;5.5
9832.01;5365;5378;C1-R1;19.11.2025;47;19.11.2025 15:07;79.8;11.1;7.5;2.52;10803;0.58;230;20.6;5.0
9833.81;5366;5379;C1-R1;19.11.2025;47;19.11.2025 15:44;91.9;12.7;7.5;2.88;12077;0.63;257;20.2;5.7
9835.61;5367;5380;C1-R1;19.11.2025;47;19.11.2025 16:16;95.3;12.8;7.7;2.11;8592;0.75;183;14.3;5.9
9837.41;5368;5381;C1-R1;19.11.2025;47;19.11.2025 16:47;89.5;12.0;7.7;2.40;10532;0.74;224;18.6;5.6
9839.21;5369;5382;C1-R1;19.11.2025;47;19.11.2025 17:21;89.1;12.0;7.7;2.75;11969;0.67;255;21.2;5.6
9841.01;5370;5383;C1-R1;19.11.2025;47;19.11.2025 17:54;88.1;11.8;7.7;2.74;11963;0.66;255;21.6;5.5
9842.81;5371;5384;C1-R1;19.11.2025;47;19.11.2025 18:26;80.2;10.9;7.7;2.39;10948;0.57;233;21.3;5.0
9844.61;5372;5385;C1-R1;19.11.2025;47;19.11.2025 18:59;91.5;12.9;7.4;2.74;11401;0.52;243;18.8;5.7
9846.41;5373;5386;C1-R1;19.11.2025;47;19.11.2025 19:56;90.1;12.1;7.7;2.70;11535;0.64;245;20.3;5.6
9848.21;5374;5387;C1-R1;19.11.2025;47;19.11.2025 20:36;92.8;12.4;7.7;2.86;11988;0.73;255;20.5;5.7
9850.01;5375;5388;C1-R1;19.11.2025;47;19.11.2025 21:05;89.7;12.1;7.7;2.85;12290;0.72;261;21.6;5.6
9851.81;5376;5389;C1-R1;19.11.2025;47;19.11.2025 22:03;86.1;11.8;7.7;2.78;12240;0.67;260;22.2;5.4
9853.61;5377;5390;C1-R1;19.11.2025;47;19.11.2025 22:35;91.4;12.5;7.7;2.95;12880;0.73;274;22.0;5.8
9855.41;5378;5391;C1-R1;19.11.2025;47;19.11.2025 23:22;94.0;12.6;7.7;2.97;12787;0.76;272;21.6;5.8
9857.21;5379;5392;C1-R1;19.11.2025;47;19.11.2025 23:51;92.7;12.5;7.7;3.01;12812;0.85;273;21.8;5.8
9859.01;5380;5393;C1-R1;20.11.2025;47;20.11.2025 00:33;89.3;12.1;7.7;2.91;12644;0.90;269;22.3;5.6
9860.81;5381;5394;C1-R1;20.11.2025;47;20.11.2025 03:44;85.0;11.5;7.7;2.74;12130;0.83;258;22.3;5.3
9862.61;5382;5395;C1-R1;20.11.2025;47;20.11.2025 04:30;83.3;11.9;7.3;2.79;11891;0.87;253;21.3;5.2
9864.41;5383;5396;C1-R1;20.11.2025;47;20.11.2025 05:02;88.2;11.9;7.7;2.85;12870;0.89;274;23.0;5.5
9866.21;5384;5397;C1-R1;20.11.2025;47;20.11.2025 05:33;87.0;11.0;8.1;2.76;13207;0.92;281;25.5;5.4
9868.01;5385;5398;C1-R1;20.11.2025;47;20.11.2025 06:44;77.9;10.1;8.1;2.61;12494;0.95;266;26.3;4.9
9869.81;5386;5399;C1-R1;20.11.2025;47;20.11.2025 07:45;93.0;11.9;8.1;2.86;12754;1.00;271;22.9;5.8
9871.61;5387;5400;C1-R1;20.11.2025;47;20.11.2025 09:47;85.6;11.0;8.1;2.68;12669;0.93;270;24.6;5.3
9873.41;5388;5401;C1-R1;20.11.2025;47;20.11.2025 11:40;80.4;10.3;8.1;2.48;11602;0.79;247;23.9;5.0
9875.21;5389;5402;C1-R1;20.11.2025;47;20.11.2025 12:13;88.4;11.5;8.0;2.64;11654;0.78;248;21.6;5.5
9877.01;5390;5403;C1-R1;20.11.2025;47;20.11.2025 12:49;84.1;10.9;8.0;2.63;11983;0.65;255;23.5;5.2
9878.81;5391;5404;C1-R1;20.11.2025;47;20.11.2025 13:48;79.3;10.3;8.0;2.49;11353;0.58;242;23.4;5.0
9880.61;5392;5405;C1-R1;20.11.2025;47;20.11.2025 14:10;82.0;10.6;8.0;2.52;11229;0.53;239;22.5;5.1
9882.41;5393;5406;C1-R1;20.11.2025;47;20.11.2025 15:01;82.4;10.6;8.0;2.60;11772;0.54;250;23.6;5.1
9884.21;5394;5407;C1-R1;20.11.2025;47;20.11.2025 15:35;81.2;10.5;8.0;2.56;11641;0.51;248;23.6;5.0
9886.01;5395;5408;C1-R1;20.11.2025;47;20.11.2025 16:17;79.6;10.3;8.0;2.43;10958;0.48;233;22.7;5.0
9887.81;5396;5409;C1-R1;20.11.2025;47;20.11.2025 16:50;85.0;11.0;8.1;2.46;11219;0.47;239;21.7;5.3
9889.61;5397;5410;C1-R1;20.11.2025;47;20.11.2025 17:26;88.5;11.5;8.1;2.49;11218;0.50;239;20.7;5.6
9891.41;5398;5411;C1-R1;20.11.2025;47;20.11.2025 21:53;87.8;12.7;7.2;2.57;10891;0.45;232;18.2;5.5
9893.21;5399;5412;C1-R1;20.11.2025;47;20.11.2025 22:23;90.8;13.8;6.9;2.91;11580;0.42;246;17.9;5.7
9895.01;5400;5413;C1-R1;20.11.2025;47;20.11.2025 22:52;94.9;14.1;6.9;3.01;11874;0.58;253;18.0;5.8
9896.81;5401;5414;C1-R1;20.11.2025;47;20.11.2025 23:22;91.0;13.7;6.8;2.84;11239;0.69;239;17.5;5.6
9898.61;5402;5415;C1-R1;20.11.2025;47;20.11.2025 23:52;89.6;13.4;6.9;2.73;11391;0.84;242;18.1;5.6
9900.41;5403;5416;C1-R1;21.11.2025;47;21.11.2025 00:23;88.4;12.1;7.6;2.82;12614;1.18;268;22.2;5.5
9902.21;5404;5417;C1-R1;21.11.2025;47;21.11.2025 01:26;91.3;12.8;7.4;2.60;11249;0.81;239;18.8;5.7
9904.01;5405;5418;C1-R1;21.11.2025;47;21.11.2025 01:45;91.7;13.3;7.1;2.78;12268;0.58;261;19.6;5.7
9905.81;5406;5419;C1-R1;21.11.2025;47;21.11.2025 02:43;88.1;12.8;7.1;2.74;11985;0.56;255;19.9;5.4
9907.61;5407;5420;C1-R1;21.11.2025;47;21.11.2025 03:13;88.5;12.3;7.5;2.66;11470;0.61;244;19.9;5.5
9909.41;5408;5421;C1-R1;21.11.2025;47;21.11.2025 03:42;95.1;13.1;7.5;2.88;12382;0.57;263;20.1;5.9
9911.21;5409;5422;C1-R1;21.11.2025;47;21.11.2025 04:12;92.0;12.8;7.4;2.92;12776;0.61;272;21.2;5.7
9913.01;5410;5423;C1-R1;21.11.2025;47;21.11.2025 04:53;96.2;13.4;7.4;2.85;12491;0.73;266;19.9;6.0
9914.81;5411;5424;C1-R1;21.11.2025;47;21.11.2025 05:25;93.2;13.2;7.3;2.73;11155;0.93;237;17.9;5.8
9916.61;5412;5425;C1-R1;21.11.2025;47;21.11.2025 05:56;94.2;13.9;7.0;2.71;11025;0.67;235;16.9;5.8
9918.41;5413;5426;C1-R1;21.11.2025;47;21.11.2025 06:28;85.6;12.6;7.1;2.79;12057;0.56;257;20.4;5.3
9920.21;5414;5427;C1-R1;21.11.2025;47;21.11.2025 07:39;85.2;12.5;7.1;2.87;12616;0.51;268;21.5;5.3
9922.01;5415;5428;C1-R1;21.11.2025;47;21.11.2025 12:05;79.0;11.1;7.4;2.51;11276;0.51;240;21.6;4.9
9923.81;5416;5429;C2-R2b;21.11.2025;47;21.11.2025 12:27;79.5;11.0;7.5;2.60;12317;0.66;262;23.8;5.0
9925.61;5417;5430;C1-R1;21.11.2025;47;21.11.2025 13:02;79.8;11.0;7.5;2.58;11894;0.67;253;23.0;5.0
9927.41;5418;5431;C1-R1;21.11.2025;47;21.11.2025 13:38;85.6;12.0;7.5;2.81;12619;0.61;268;22.4;5.4
9929.21;5419;5432;C1-R1;21.11.2025;47;21.11.2025 14:11;85.4;11.8;7.5;2.68;11987;0.58;255;21.6;5.3
9931.01;5420;5433;C1-R1;21.11.2025;47;21.11.2025 15:03;86.8;12.2;7.4;2.46;10938;0.52;233;19.0;5.4
9932.81;5421;5434;C1-R1;21.11.2025;47;21.11.2025 15:22;90.5;12.7;7.4;2.43;10514;0.57;224;17.6;5.6
9934.61;5422;5435;C1-R1;21.11.2025;47;21.11.2025 16:00;88.9;12.6;7.4;2.30;10350;0.58;220;17.5;5.5
9936.41;5423;5436;C1-R1;21.11.2025;47;21.11.2025 16:39;73.7;10.0;7.6;2.28;11454;0.66;244;24.3;4.6
9938.21;5424;5437;C1-R1;21.11.2025;47;21.11.2025 17:37;84.3;11.1;8.0;2.25;10719;0.63;228;20.5;5.3
9940.01;5425;5438;C1-R1;21.11.2025;47;21.11.2025 18:12;86.0;11.2;8.0;2.47;11538;0.69;245;22.0;5.4
9941.81;5426;5439;C1-R1;21.11.2025;47;21.11.2025 18:45;82.4;10.7;8.0;2.53;11704;0.73;249;23.2;5.1
9943.61;5427;5440;C1-R1;21.11.2025;47;21.11.2025 19:40;82.8;10.8;7.9;2.74;12465;0.83;265;24.5;5.1
9945.41;5428;5441;C1-R1;21.11.2025;47;21.11.2025 20:47;84.2;11.2;7.8;2.95;13281;0.92;283;25.3;5.2
9947.21;5429;5442;C1-R1;21.11.2025;47;21.11.2025 21:09;83.1;10.9;7.9;2.96;13305;1.00;283;25.9;5.2
9949.01;5430;5443;C1-R1;21.11.2025;47;21.11.2025 21:44;83.3;11.0;7.9;2.97;13191;1.05;281;25.5;5.2
9950.81;5431;5444;C1-R1;22.11.2025;47;22.11.2025 04:20;68.7;11.8;6.8;2.16;10357;0.70;220;18.7;4.8
9952.61;5432;5445;C1-R1;22.11.2025;47;22.11.2025 04:22;79.2;10.5;7.8;2.85;13250;0.98;282;26.8;4.9
9954.41;5433;5446;C1-R1;22.11.2025;47;22.11.2025 04:53;86.6;11.3;8.0;2.93;13114;0.79;279;24.7;5.4
9956.21;5434;5447;C1-R1;22.11.2025;47;22.11.2025 05:34;92.4;12.0;8.0;2.77;11801;0.71;251;20.9;5.7
9958.01;5435;5448;C1-R1;22.11.2025;47;22.11.2025 06:04;90.2;11.8;8.0;2.82;12823;0.74;273;23.2;5.6
9959.81;5436;5449;C1-R1;22.11.2025;47;22.11.2025 06:45;95.5;12.3;7.9;2.93;12619;0.74;268;21.8;5.9
9961.61;5437;5450;C1-R1;22.11.2025;47;22.11.2025 07:05;88.8;11.5;8.0;2.67;11889;0.60;253;22.1;5.5
9963.41;5438;5451;C1-R1;22.11.2025;47;22.11.2025 08:22;83.2;10.8;8.0;2.35;10793;0.49;230;21.3;5.2
9965.21;5439;5452;C1-R1;22.11.2025;47;22.11.2025 08:54;92.3;11.9;8.0;2.33;10116;0.50;215;18.1;5.7
9967.01;5440;5453;C1-R1;22.11.2025;47;22.11.2025 10:04;85.0;10.9;8.0;2.14;9477;0.47;202;18.4;5.3
9968.81;5441;5454;C1-R1;22.11.2025;47;22.11.2025 10:24;90.1;11.7;8.1;2.20;10022;0.48;213;18.3;5.6
9970.61;5442;5455;C1-R1;22.11.2025;47;22.11.2025 14:13;86.7;11.2;8.0;2.54;11538;0.56;245;22.0;5.4
9972.41;5443;5456;C1-R1;22.11.2025;47;22.11.2025 14:46;88.3;11.4;8.0;2.54;11190;0.59;238;20.9;5.5
9974.21;5444;5457;C1-R1;22.11.2025;47;22.11.2025 15:31;87.5;11.3;8.0;2.40;10167;0.63;216;19.1;5.5
9976.01;5445;5458;C1-R1;22.11.2025;47;22.11.2025 15:52;83.5;10.7;8.0;2.37;11270;0.67;240;22.3;5.2
9977.81;5446;5459;C1-R1;22.11.2025;47;22.11.2025 16:25;83.0;10.8;8.0;2.45;11650;0.67;248;22.9;5.2
9979.61;5447;5460;C1-R1;22.11.2025;47;22.11.2025 16:59;83.4;10.9;8.0;2.46;11375;0.70;242;22.2;5.2
9981.41;5448;5461;C1-R1;22.11.2025;47;22.11.2025 20:21;82.4;13.8;6.6;2.00;9400;0.67;200;14.5;5.5
9983.21;5449;5462;C1-R1;22.11.2025;47;22.11.2025 21:02;87.3;11.6;7.7;2.52;11389;0.70;242;21.0;5.3
9985.01;5450;5463;C1-R1;22.11.2025;47;22.11.2025 21:20;97.6;14.9;6.8;2.61;10607;0.58;226;15.1;6.1
9986.81;5451;5464;C1-R1;22.11.2025;47;22.11.2025 22:05;87.6;14.8;6.2;1.96;8916;0.81;190;12.9;5.4
9988.61;5452;5465;C1-R1;22.11.2025;47;22.11.2025 22:45;83.6;16.2;5.5;1.77;6718;0.57;143;8.8;5.3
9990.41;5453;5466;C1-R1;22.11.2025;47;22.11.2025 23:05;90.8;14.2;6.7;2.45;10281;0.36;219;15.4;5.7
9992.21;5454;5467;C1-R1;22.11.2025;47;22.11.2025 23:55;90.2;13.0;7.2;2.72;11307;0.29;241;18.5;5.6
9994.01;5455;5468;C1-R1;23.11.2025;47;23.11.2025 00:47;92.4;13.4;7.2;2.89;11935;0.69;254;19.0;5.7
9995.81;5456;5469;C1-R1;23.11.2025;47;23.11.2025 01:16;90.7;12.5;7.5;2.92;12690;0.61;270;21.5;5.6
9997.61;5457;5470;C1-R1;24.11.2025;48;24.11.2025 10:40;88.7;11.8;7.7;2.90;11607;0.72;247;20.9;5.5
9999.41;5458;5471;C1-R1;24.11.2025;48;24.11.2025 11:00;94.3;12.6;7.7;2.89;12493;0.90;266;21.2;5.8
10001.21;5459;5472;C1-R1;24.11.2025;48;24.11.2025 11:28;95.0;12.6;7.7;2.85;12740;0.99;271;21.5;5.8
10003.01;5460;5473;C1-R1;24.11.2025;48;24.11.2025 11:56;97.2;12.8;7.7;2.74;11532;1.04;245;19.1;6.0
10004.81;5461;5474;C1-R1;24.11.2025;48;24.11.2025 12:25;98.3;14.0;7.3;2.66;10827;0.79;230;16.5;6.1
10006.61;5462;5475;C1-R1;24.11.2025;48;24.11.2025 13:02;95.0;14.4;6.8;2.41;10368;0.62;221;15.3;5.9
10008.41;5463;5476;C1-R1;24.11.2025;48;24.11.2025 13:34;101.0;15.1;6.8;2.56;10147;0.57;216;14.3;6.2
10010.21;5464;5477;C1-R1;24.11.2025;48;24.11.2025 14:23;92.7;14.2;6.8;2.53;10378;0.62;221;15.6;5.8
10012.01;5465;5478;C1-R1;24.11.2025;48;24.11.2025 14:46;85.1;12.9;6.9;2.20;9939;0.62;211;16.4;5.4
10013.81;5466;5479;C1-R1;24.11.2025;48;24.11.2025 19:03;81.7;12.4;6.9;2.26;10446;0.68;222;18.0;5.1
10015.61;5467;5480;C1-R1;24.11.2025;48;24.11.2025 19:35;87.8;11.1;8.1;2.24;10706;0.82;228;20.5;5.4
10017.41;5468;5481;C2-R2b;24.11.2025;48;24.11.2025 20:07;86.4;10.9;8.1;2.31;11142;0.82;237;21.7;5.3
10019.21;5469;5482;C1-R1;24.11.2025;48;24.11.2025 21:10;83.9;10.6;8.1;2.30;11551;0.80;246;23.2;5.2
10021.01;5470;5483;C1-R1;24.11.2025;48;24.11.2025 21:40;91.4;11.6;8.2;2.42;11235;0.84;239;20.6;5.7
10022.81;5471;5484;C1-R1;24.11.2025;48;24.11.2025 22:14;90.9;11.6;8.1;2.39;10411;0.92;222;19.1;5.6
10024.61;5472;5485;C1-R1;24.11.2025;48;24.11.2025 22:33;90.9;11.6;8.2;2.26;10254;0.96;218;18.9;5.6
10026.41;5473;5486;C1-R1;24.11.2025;48;24.11.2025 23:07;89.8;11.3;8.2;1.90;9178;0.84;195;17.3;5.5
10028.21;5474;5487;C1-R1;24.11.2025;48;24.11.2025 23:56;90.0;13.2;7.0;1.86;8756;0.71;186;14.1;5.6
10030.01;5475;5488;C1-R1;25.11.2025;48;25.11.2025 00:15;92.1;13.4;7.1;1.91;8372;0.67;178;13.3;5.7
10031.81;5476;5489;C1-R1;25.11.2025;48;25.11.2025 01:02;88.8;12.4;7.4;1.90;9051;0.70;193;15.5;5.5
10033.61;5477;5490;C1-R1;25.11.2025;48;25.11.2025 01:32;93.0;13.0;7.4;2.01;8377;0.74;178;13.7;5.7
10035.41;5478;5491;C2-R2;25.11.2025;48;25.11.2025 03:05;85.9;12.0;7.2;1.96;8547;0.74;182;15.2;5.2
10037.21;5479;5492;C1-R1;25.11.2025;48;25.11.2025 03:26;86.1;10.9;8.1;2.67;11541;1.15;246;22.5;5.3
10039.01;5480;5493;C2-R2;25.11.2025;48;25.11.2025 04:33;71.6;9.3;7.9;2.72;13695;1.23;291;31.4;4.4
10040.81;5481;5494;C1-R1;25.11.2025;48;25.11.2025 05:08;88.3;11.3;8.1;2.20;10533;0.93;224;19.9;5.5
10042.61;5482;5495;C1-R1;25.11.2025;48;25.11.2025 05:57;86.7;12.8;7.1;1.87;7717;0.68;164;12.8;5.4
10044.41;5483;5496;C1-R1;25.11.2025;48;25.11.2025 06:29;92.8;13.3;7.3;2.51;10116;0.89;215;16.2;5.8
10046.21;5484;5497;C2-R2;25.11.2025;48;25.11.2025 17:35;83.7;12.6;7.1;2.32;8432;0.82;179;14.2;5.4
10048.01;5485;5498;C2-R2;25.11.2025;48;25.11.2025 18:21;81.1;14.0;6.1;2.35;9684;0.79;206;14.7;5.1
10049.81;5486;5499;C1-R1;25.11.2025;48;25.11.2025 18:41;87.9;12.6;7.3;2.65;12196;1.19;259;20.7;5.5
10051.61;5487;5500;C1-R1;25.11.2025;48;25.11.2025 19:35;90.3;11.5;8.1;2.43;11309;1.29;241;20.9;5.6
10053.41;5488;5501;C1-R1;25.11.2025;48;25.11.2025 20:08;80.4;10.2;8.1;2.27;11079;1.06;236;23.1;5.0
10055.21;5489;5502;C1-R1;25.11.2025;48;25.11.2025 20:48;75.4;9.7;8.0;2.55;13022;1.05;277;28.5;4.6
10057.01;5490;5503;C1-R1;25.11.2025;48;25.11.2025 21:22;76.0;9.8;8.1;2.51;13650;0.94;290;29.8;4.7
10058.81;5491;5504;C1-R1;25.11.2025;48;25.11.2025 21:56;76.6;9.8;8.1;2.64;13453;0.92;286;29.3;4.7
10060.61;5492;5505;C1-R1;25.11.2025;48;25.11.2025 22:43;77.6;10.0;8.0;2.76;13584;1.03;289;29.0;4.7
10062.41;5493;5506;C1-R1;25.11.2025;48;25.11.2025 23:16;80.9;10.3;8.1;2.89;13568;1.22;289;28.0;5.0
10064.21;5494;5507;C1-R1;25.11.2025;48;25.11.2025 23:58;80.9;10.3;8.1;2.77;12529;1.38;267;25.8;5.0
10066.01;5495;5508;C1-R1;26.11.2025;48;26.11.2025 00:34;72.6;9.2;8.1;2.60;13215;1.35;281;30.5;4.5
10067.81;5496;5509;C1-R1;26.11.2025;48;26.11.2025 01:04;67.1;8.6;8.1;2.51;13638;1.27;290;33.7;4.2
10069.61;5497;5510;C1-R1;26.11.2025;48;26.11.2025 03:42;78.2;11.1;7.5;2.36;11974;1.21;255;22.9;5.0
10071.41;5498;5511;C1-R1;26.11.2025;48;26.11.2025 05:17;76.2;9.7;8.1;2.57;12467;1.25;265;27.3;4.7
10073.21;5499;5512;C1-R1;26.11.2025;48;26.11.2025 05:51;76.4;9.7;8.1;2.75;14016;1.38;298;30.7;4.7
10075.01;5500;5513;C1-R1;26.11.2025;48;26.11.2025 06:45;81.1;10.3;8.0;2.83;13747;1.32;292;28.3;5.0
10076.81;5501;5514;C2-R2;26.11.2025;48;26.11.2025 07:15;83.6;10.7;8.0;2.78;13484;1.26;287;26.8;5.2
10078.61;5502;5515;C1-R1;26.11.2025;48;26.11.2025 08:19;72.4;9.3;8.0;2.52;13616;1.20;290;31.2;4.5
10080.41;5503;5516;C1-R1;26.11.2025;48;26.11.2025 09:02;78.1;9.9;8.1;2.60;13676;1.24;291;29.4;4.8
10082.21;5504;5517;C1-R1;26.11.2025;48;26.11.2025 09:15;87.3;11.1;8.1;2.80;13656;1.43;291;26.3;5.4
10084.01;5505;5518;C1-R1;26.11.2025;48;26.11.2025 09:59;92.5;11.8;8.1;2.85;12864;1.36;274;23.2;5.7
10085.81;5506;5519;C2-R2;26.11.2025;48;26.11.2025 11:30;92.5;11.9;8.0;2.85;12625;1.31;269;22.6;5.7
10087.61;5507;5520;C1-R1;26.11.2025;48;26.11.2025 13:31;96.0;12.3;7.9;2.87;12643;1.30;269;21.8;5.9
10089.41;5508;5521;C2-R2;26.11.2025;48;26.11.2025 14:28;94.0;12.1;7.9;2.65;11825;1.21;252;20.8;5.8
10091.21;5509;5522;C1-R1;26.11.2025;48;26.11.2025 15:08;93.0;12.7;7.6;2.40;10533;0.98;224;17.7;5.8
10093.01;5510;5523;C2-R2;26.11.2025;48;26.11.2025 15:29;85.0;14.5;6.1;2.42;8701;0.74;185;12.7;5.3
10094.81;5511;5524;C2-R2;26.11.2025;48;26.11.2025 17:27;84.5;13.6;6.5;2.39;9942;0.64;212;15.6;5.3
10096.61;5512;5525;C1-R1;26.11.2025;48;26.11.2025 17:47;85.5;16.4;5.5;2.27;9098;0.64;194;11.8;5.4
10098.41;5513;5526;C1-R1;26.11.2025;48;26.11.2025 18:17;92.4;14.8;6.6;2.89;11719;1.06;249;16.9;5.8
10100.21;5514;5527;C1-R1;26.11.2025;48;26.11.2025 22:44;84.1;12.7;7.1;1.79;9048;0.73;193;15.2;5.4
10102.01;5515;5528;C1-R1;26.11.2025;48;26.11.2025 23:16;85.2;12.1;7.4;1.92;9334;0.70;199;16.5;5.3
10103.81;5516;5529;C1-R1;27.11.2025;48;27.11.2025 00:12;86.4;11.3;8.0;2.14;10552;0.84;225;19.8;5.4
10105.61;5517;5530;C1-R1;27.11.2025;48;27.11.2025 01:15;85.9;11.4;8.0;2.01;9489;0.68;202;17.7;5.5
10107.41;5518;5531;C1-R1;27.11.2025;48;27.11.2025 01:46;86.8;12.0;7.6;1.81;8332;0.55;177;14.8;5.4
10109.21;5519;5532;C1-R1;27.11.2025;48;27.11.2025 02:17;88.4;12.7;7.2;2.01;8870;0.70;189;14.8;5.5
10111.01;5520;5533;C1-R1;27.11.2025;48;27.11.2025 02:47;87.9;11.2;8.1;1.91;8973;0.80;191;17.0;5.4
10112.81;5521;5534;C1-R1;27.11.2025;48;27.11.2025 03:18;88.2;11.2;8.1;1.92;8912;0.72;190;16.9;5.5
10114.61;5522;5535;C1-R1;27.11.2025;48;27.11.2025 03:57;85.3;10.9;8.0;2.14;10322;0.68;220;20.2;5.2
10116.41;5523;5536;C1-R1;27.11.2025;48;27.11.2025 04:28;86.8;11.0;8.1;2.35;11428;0.63;243;22.1;5.4
10118.21;5524;5537;C1-R1;27.11.2025;48;27.11.2025 05:00;84.6;10.8;8.1;2.51;12422;0.71;264;24.6;5.2
10120.01;5525;5538;C1-R1;27.11.2025;48;27.11.2025 06:06;80.5;10.4;8.0;2.61;13231;0.78;282;27.2;5.0
10121.81;5526;5539;C2-R2;27.11.2025;48;27.11.2025 06:36;90.1;11.6;8.1;2.64;12377;1.10;263;22.8;5.6
10123.61;5527;5540;C2-R2;27.11.2025;48;27.11.2025 06:56;89.5;11.4;8.1;2.62;12174;1.29;259;22.8;5.5
10125.41;5528;5541;C2-R2;27.11.2025;48;27.11.2025 07:44;89.7;12.1;7.7;2.58;11562;1.02;246;20.3;5.6
10127.21;5529;5542;C1-R1;27.11.2025;48;27.11.2025 08:14;90.4;13.4;7.0;2.44;11193;0.91;238;17.8;5.6
10129.01;5530;5543;C2-R2;27.11.2025;48;27.11.2025 09:06;89.8;11.8;7.9;2.40;11171;1.05;238;20.2;5.5
10130.81;5531;5544;C2-R2;27.11.2025;48;27.11.2025 09:45;92.7;12.1;7.8;2.35;10309;1.00;219;18.1;5.7
10132.61;5532;5545;C1-R1;27.11.2025;48;27.11.2025 15:20;91.3;14.7;6.4;2.56;9983;0.85;212;14.5;5.7
10134.41;5533;5546;C1-R1;27.11.2025;48;27.11.2025 16:06;91.2;15.0;6.3;2.52;9814;0.85;209;13.9;5.7
10136.21;5534;5547;C2-R2;27.11.2025;48;27.11.2025 16:46;90.0;15.5;6.0;2.34;9490;0.76;202;13.1;5.6
10138.01;5535;5548;C1-R1;27.11.2025;48;27.11.2025 17:15;90.7;13.7;6.8;2.53;11254;0.89;239;17.5;5.6
10139.81;5536;5549;C1-R1;27.11.2025;48;27.11.2025 17:33;99.9;12.8;8.1;2.83;11613;1.23;247;19.3;6.2
10141.61;5537;5550;C1-R1;27.11.2025;48;27.11.2025 18:02;95.2;12.1;8.1;2.93;12430;1.31;264;21.9;5.9
10143.41;5538;5551;C1-R1;27.11.2025;48;27.11.2025 19:06;86.9;11.0;8.1;2.66;12786;1.20;272;24.8;5.4
10145.21;5539;5552;C1-R1;27.11.2025;48;27.11.2025 19:06;91.2;11.5;8.2;2.72;12942;1.23;275;23.9;5.6
10147.01;5540;5553;C2-R2;27.11.2025;48;27.11.2025 20:13;86.6;11.1;8.1;2.47;12244;1.24;261;23.4;5.4
10148.81;5541;5554;C2-R2;27.11.2025;48;27.11.2025 20:45;85.8;10.9;8.1;2.20;10220;1.08;217;19.9;5.3
10150.61;5542;5555;C1-R1;27.11.2025;48;27.11.2025 21:34;85.8;11.0;8.1;2.33;10347;1.17;220;20.1;5.3
10152.41;5543;5556;C1-R1;27.11.2025;48;27.11.2025 22:08;86.9;11.0;8.1;2.43;11786;1.17;251;22.8;5.4
10154.21;5544;5557;C1-R1;27.11.2025;48;27.11.2025 22:48;87.2;11.1;8.1;2.41;11012;1.24;234;21.1;5.4
10156.01;5545;5558;C1-R1;27.11.2025;48;27.11.2025 23:26;89.3;11.3;8.1;2.39;10620;1.24;226;20.0;5.5
10157.81;5546;5559;C2-R2;27.11.2025;48;27.11.2025 23:56;86.5;10.9;8.1;2.32;10497;1.21;223;20.5;5.3
10159.61;5547;5560;C1-R1;28.11.2025;48;28.11.2025 00:28;82.0;10.4;8.1;2.40;11545;1.24;246;23.6;5.1
10161.41;5548;5561;C2-R2b;28.11.2025;48;28.11.2025 01:10;81.8;10.5;8.0;2.47;12401;1.40;264;25.1;5.1
10163.21;5549;5562;C2-R2;28.11.2025;48;28.11.2025 14:29;93.5;12.0;8.0;2.83;12659;1.27;269;22.5;5.7
10165.01;5550;5563;C1-R1;28.11.2025;48;28.11.2025 15:39;96.3;12.2;8.1;2.92;12503;1.39;266;21.7;5.9
10166.81;5551;5564;C2-R2;28.11.2025;48;28.11.2025 16:08;96.0;12.2;8.1;2.92;12581;1.42;268;21.9;5.9
10168.61;5552;5565;C1-R1;28.11.2025;48;28.11.2025 17:38;94.9;12.0;8.1;2.89;12459;1.47;265;22.1;5.8
10170.41;5553;5566;C1-R1;28.11.2025;48;28.11.2025 18:07;89.5;11.4;8.1;2.74;12104;1.41;258;22.6;5.5
10172.21;5554;5567;C2-R2;28.11.2025;48;28.11.2025 18:41;83.6;10.7;8.1;2.67;12971;1.42;276;25.8;5.2
10174.01;5555;5568;C2-R2;28.11.2025;48;28.11.2025 19:14;85.8;10.9;8.1;2.66;12620;1.37;269;24.7;5.3
10175.81;5556;5569;C1-R1;28.11.2025;48;28.11.2025 19:45;83.8;10.6;8.1;2.43;11256;1.25;239;22.6;5.2
10177.61;5557;5570;C2-R2;28.11.2025;48;28.11.2025 20:17;84.3;10.6;8.1;2.60;11702;1.32;249;23.4;5.2
10179.41;5558;5571;C1-R1;28.11.2025;48;28.11.2025 21:17;60.9;7.9;8.2;2.13;11792;1.13;251;31.7;3.9
10181.21;5559;5572;C1-R1;28.11.2025;48;28.11.2025 22:08;77.8;9.9;8.1;2.66;12898;1.40;274;27.7;4.8
10183.01;5560;5573;C1-R1;28.11.2025;48;28.11.2025 22:57;82.0;10.4;8.1;2.78;13586;1.42;289;27.8;5.1
10184.81;5561;5574;C1-R1;28.11.2025;48;28.11.2025 23:29;79.9;10.1;8.1;2.69;13362;1.36;284;28.0;4.9
10186.61;5562;5575;C1-R1;29.11.2025;48;29.11.2025 00:02;85.1;10.9;8.1;2.71;13533;1.30;288;26.5;5.3
10188.41;5563;5576;C1-R1;29.11.2025;48;29.11.2025 00:33;79.9;10.4;8.0;2.58;12773;1.18;272;26.2;5.0
10190.21;5564;5577;C1-R1;29.11.2025;48;29.11.2025 00:52;82.3;10.5;8.1;2.70;13364;1.22;284;27.1;5.1
10192.01;5565;5578;C1-R1;29.11.2025;48;29.11.2025 11:09;87.5;11.1;8.1;2.86;13548;1.16;288;25.9;5.4
10193.81;5566;5579;C2-R2;29.11.2025;48;29.11.2025 11:39;84.4;10.8;7.9;2.83;13315;1.13;283;26.2;5.2
10195.61;5567;5580;C2-R2;29.11.2025;48;29.11.2025 12:18;83.6;10.6;8.1;2.74;13317;1.18;283;26.7;5.2
10197.41;5568;5581;C1-R1;29.11.2025;48;29.11.2025 12:51;87.1;11.1;8.0;2.65;12672;1.17;270;24.4;5.3
10199.21;5569;5582;C1-R1;29.11.2025;48;29.11.2025 13:50;93.6;11.8;8.1;2.56;11984;1.14;255;21.6;5.7
10201.01;5570;5583;C1-R1;29.11.2025;48;29.11.2025 14:21;93.3;11.8;8.1;2.60;11956;1.20;254;21.5;5.7
10202.81;5571;5584;C2-R2;29.11.2025;48;29.11.2025 14:50;89.0;11.3;8.1;2.63;12541;1.33;267;23.6;5.5
10204.61;5572;5585;C1-R1;29.11.2025;48;29.11.2025 15:23;79.8;10.2;8.1;2.58;12887;1.32;274;26.8;5.0
10206.41;5573;5586;C1-R1;29.11.2025;48;29.11.2025 16:08;78.7;9.9;8.1;2.57;13182;1.35;280;28.3;4.8
10208.21;5574;5587;C2-R2;29.11.2025;48;29.11.2025 17:54;86.4;11.0;8.1;2.72;13084;1.47;278;25.2;5.4
10210.01;5575;5588;C2-R2;29.11.2025;48;29.11.2025 18:26;88.7;11.3;8.1;2.52;11889;1.34;253;22.3;5.5
10211.81;5576;5589;C1-R1;29.11.2025;48;29.11.2025 19:16;82.9;10.6;8.1;2.27;11073;1.16;236;22.3;5.1
10213.61;5577;5590;C1-R1;29.11.2025;48;29.11.2025 19:47;81.4;12.1;7.5;2.14;10762;1.03;229;18.9;5.4
10215.41;5578;5591;C1-R1;01.12.2025;49;01.12.2025 10:35;85.9;10.9;8.1;2.72;12439;1.32;265;24.4;5.3
10217.21;5579;5592;C1-R1;01.12.2025;49;01.12.2025 11:00;83.0;10.6;8.1;2.65;12351;1.33;263;24.9;5.1
10219.01;5580;5593;C1-R1;01.12.2025;49;01.12.2025 11:33;81.6;10.3;8.2;2.60;12572;1.36;267;25.9;5.1
10220.81;5581;5594;C1-R1;01.12.2025;49;01.12.2025 12:21;83.4;10.6;8.1;2.66;13098;1.37;279;26.3;5.2
10222.61;5582;5595;C1-R1;01.12.2025;49;01.12.2025 12:53;85.5;10.9;8.1;2.67;13217;1.42;281;25.9;5.3
10224.41;5583;5596;C1-R1;01.12.2025;49;01.12.2025 13:24;86.2;11.0;8.1;2.61;13054;1.41;278;25.2;5.3
10226.21;5584;5597;C1-R1;01.12.2025;49;01.12.2025 14:36;84.0;10.8;8.1;2.53;12518;1.35;266;24.7;5.2
10228.01;5585;5598;C1-R1;01.12.2025;49;01.12.2025 15:48;89.7;11.6;8.0;2.75;12698;1.40;270;23.4;5.6
10229.81;5586;5599;C1-R1;01.12.2025;49;01.12.2025 16:41;86.2;10.9;8.1;2.56;13017;1.29;277;25.3;5.3
10231.61;5587;5600;C1-R1;01.12.2025;49;01.12.2025 17:16;86.4;11.0;8.1;2.64;12956;1.24;276;25.0;5.3
10233.41;5588;5601;C1-R1;01.12.2025;49;01.12.2025 18:40;87.9;11.2;8.1;2.50;12440;1.04;265;23.6;5.4
10235.21;5589;5602;C1-R1;01.12.2025;49;01.12.2025 19:27;92.0;11.7;8.1;2.36;11158;0.88;237;20.2;5.7
10237.01;5590;5603;C1-R1;01.12.2025;49;01.12.2025 20:28;86.2;11.2;8.1;2.27;11498;0.77;245;21.9;5.4
10238.81;5591;5604;C1-R1;01.12.2025;49;01.12.2025 20:58;95.4;12.2;8.1;2.53;11647;0.81;248;20.4;5.9
10240.61;5592;5605;C1-R1;02.12.2025;49;02.12.2025 01:12;84.7;10.9;8.0;2.29;10496;0.80;223;20.5;5.2
10242.41;5593;5606;C1-R1;02.12.2025;49;02.12.2025 01:44;89.7;11.5;8.0;2.39;11219;0.82;239;20.7;5.5
10244.21;5594;5607;C1-R1;02.12.2025;49;02.12.2025 02:15;89.9;11.6;8.0;2.26;10965;0.74;233;20.1;5.6
10246.01;5595;5608;C1-R1;02.12.2025;49;02.12.2025 02:46;91.2;11.7;8.0;2.18;10535;0.69;224;19.2;5.6
10247.81;5596;5609;C1-R1;02.12.2025;49;02.12.2025 03:18;89.6;11.6;8.0;2.23;10859;0.73;231;20.0;5.6
10249.61;5597;5610;C1-R1;02.12.2025;49;02.12.2025 03:49;93.4;12.0;8.0;2.20;10430;0.74;222;18.5;5.8
10251.41;5598;5611;C1-R1;02.12.2025;49;02.12.2025 05:10;90.0;11.7;8.0;2.11;10555;0.78;225;19.1;5.6
10253.21;5599;5612;C1-R1;02.12.2025;49;02.12.2025 05:40;90.9;11.7;8.0;2.20;10685;0.80;227;19.4;5.6
10255.01;5600;5613;C1-R1;02.12.2025;49;02.12.2025 06:34;89.7;11.6;8.0;2.28;10987;0.84;234;20.2;5.5
10256.81;5601;5614;C1-R1;02.12.2025;49;02.12.2025 07:08;90.3;12.5;7.5;2.23;10016;0.82;213;17.1;5.6
10258.61;5602;5615;C1-R1;02.12.2025;49;02.12.2025 07:51;89.0;12.3;7.4;2.40;10976;0.79;234;19.0;5.5
10260.41;5603;5616;C1-R1;02.12.2025;49;02.12.2025 08:11;90.9;12.4;7.6;2.36;11217;0.84;239;19.2;5.7
10262.21;5604;5617;C1-R1;02.12.2025;49;02.12.2025 09:08;92.0;12.5;7.6;2.39;11752;0.82;250;20.0;5.7
10264.01;5605;5618;C1-R1;02.12.2025;49;02.12.2025 09:38;90.9;12.4;7.6;2.55;12050;1.02;256;20.7;5.6
10265.81;5606;5619;C1-R1;02.12.2025;49;02.12.2025 10:09;91.2;12.5;7.6;2.42;11997;1.01;255;20.5;5.7
10267.61;5607;5620;C1-R1;02.12.2025;49;02.12.2025 11:33;88.9;12.2;7.4;2.45;11073;0.96;236;19.3;5.4
10269.41;5608;5621;C1-R1;02.12.2025;49;02.12.2025 11:54;85.7;11.7;7.6;2.19;10757;0.76;229;19.6;5.3
10271.21;5609;5622;C1-R1;02.12.2025;49;02.12.2025 19:30;81.1;10.6;8.0;2.04;10267;0.60;218;20.5;5.1
10273.01;5610;5623;C2-R2b;02.12.2025;49;02.12.2025 20:47;87.6;11.1;8.1;2.22;10798;0.71;230;20.6;5.4
10274.81;5611;5624;C1-R1;02.12.2025;49;02.12.2025 21:18;87.8;11.1;8.2;2.28;11140;0.68;237;21.4;5.4
10276.61;5612;5625;C1-R1;02.12.2025;49;02.12.2025 21:51;88.2;11.4;8.1;2.30;11259;0.72;240;21.0;5.6
10278.41;5613;5626;C1-R1;02.12.2025;49;02.12.2025 23:01;84.5;10.6;8.2;2.31;11832;0.76;252;23.6;5.2
10280.21;5614;5627;C1-R1;02.12.2025;49;02.12.2025 23:35;84.6;10.7;8.2;2.30;11497;0.76;245;22.9;5.2
10282.01;5615;5628;C1-R1;03.12.2025;49;03.12.2025 00:08;90.9;11.5;8.2;2.36;10860;0.79;231;20.2;5.6
10283.81;5616;5629;C1-R1;03.12.2025;49;03.12.2025 00:40;96.4;12.2;8.1;2.49;10764;0.83;229;18.8;5.9
10285.61;5617;5630;C1-R1;03.12.2025;49;03.12.2025 01:10;93.0;11.7;8.2;2.33;11055;0.79;235;20.0;5.8
10287.41;5618;5631;C1-R1;03.12.2025;49;03.12.2025 02:09;92.1;11.7;8.2;2.28;11267;0.82;240;20.5;5.7
10289.21;5619;5632;C1-R1;03.12.2025;49;03.12.2025 02:40;90.4;11.4;8.2;2.19;10857;0.83;231;20.3;5.6
10291.01;5620;5633;C1-R1;03.12.2025;49;03.12.2025 03:12;90.4;11.4;8.2;2.17;10412;0.88;222;19.4;5.6
10292.81;5621;5634;C1-R1;03.12.2025;49;03.12.2025 03:53;87.6;11.2;8.1;1.98;9762;0.84;208;18.5;5.5
10294.61;5622;5635;C1-R1;03.12.2025;49;03.12.2025 05:23;85.5;11.2;7.9;2.06;10484;0.87;223;19.9;5.3
10296.41;5623;5636;C1-R1;03.12.2025;49;03.12.2025 05:56;86.9;11.2;8.0;2.06;10272;0.85;219;19.4;5.4
10298.21;5624;5637;C1-R1;03.12.2025;49;03.12.2025 06:29;88.3;11.9;7.7;1.97;9609;0.83;204;17.2;5.5
10300.01;5625;5638;C1-R1;03.12.2025;49;03.12.2025 07:01;87.3;11.8;7.6;1.91;9713;0.79;207;17.5;5.4
10301.81;5626;5639;C2-R2b;08.12.2025;50;08.12.2025 07:48;78.2;10.7;7.6;1.93;8586;0.68;183;17.1;4.8
10303.61;5627;5640;C1-R1;08.12.2025;50;08.12.2025 08:29;89.9;12.0;7.7;2.15;9077;0.77;193;16.0;5.6
10305.41;5628;5641;C1-R1;08.12.2025;50;08.12.2025 08:54;85.3;11.4;7.8;1.96;9162;0.71;195;17.2;5.3
10307.21;5629;5642;C1-R1;08.12.2025;50;08.12.2025 10:08;83.0;11.0;7.8;2.00;9765;0.80;208;18.8;5.2
10309.01;5630;5643;C2-R3;08.12.2025;50;08.12.2025 10:43;87.1;11.3;8.0;2.21;11287;0.96;240;21.2;5.4
10310.81;5631;5644;C2-R3;08.12.2025;50;08.12.2025 11:18;80.1;10.9;7.9;1.94;9441;0.89;201;18.5;5.1
10312.61;5632;5645;C2-R3;08.12.2025;50;08.12.2025 12:50;91.6;11.9;7.9;1.73;7985;0.81;170;14.2;5.7
10314.41;5633;5646;C2-R3;08.12.2025;50;08.12.2025 13:20;89.8;12.5;7.5;1.24;6324;0.50;135;10.7;5.6
10316.21;5634;5647;C2-R3;08.12.2025;50;08.12.2025 13:51;91.1;12.9;7.4;1.13;5717;0.43;122;9.5;5.7
10318.01;5635;5648;C2-R3;08.12.2025;50;08.12.2025 14:52;90.8;12.4;7.6;1.24;6332;0.52;135;10.9;5.7
10319.81;5636;5649;C2-R3;08.12.2025;50;08.12.2025 15:30;93.7;12.6;7.7;1.15;5502;0.48;117;9.3;5.8
10321.61;5637;5650;C2-R3;08.12.2025;50;08.12.2025 16:01;90.2;12.1;7.7;1.09;5083;0.43;108;8.9;5.6
10323.41;5638;5651;C2-R3;08.12.2025;50;08.12.2025 16:32;91.0;12.3;7.7;1.15;5532;0.46;118;9.6;5.7
10325.21;5639;5652;C2-R3;08.12.2025;50;08.12.2025 17:10;90.5;12.1;7.7;1.10;5174;0.48;110;9.1;5.6
10327.01;5640;5653;C2-R3;08.12.2025;50;08.12.2025 17:40;90.9;12.2;7.7;1.29;5834;0.54;124;10.1;5.6
10328.81;5641;5654;C2-R3;08.12.2025;50;08.12.2025 18:12;85.2;11.9;7.4;1.67;7924;0.63;169;14.2;5.3
10330.61;5642;5655;C2-R3;09.12.2025;50;09.12.2025 01:29;84.3;12.4;7.2;2.11;9781;0.65;208;16.8;5.3
10332.41;5643;5656;C2-R3;;;;;;;;;;;;
10334.21;5644;5657;C2-R3;09.12.2025;50;09.12.2025 06:25;82.6;12.1;7.1;2.23;10514;0.74;224;18.5;5.2
10336.01;5645;5658;C2-R3;09.12.2025;50;09.12.2025 07:28;85.6;13.4;6.7;2.40;10484;0.73;223;16.7;5.3
10337.81;5646;5659;C2-R3;09.12.2025;50;09.12.2025 07:59;89.8;14.0;6.6;2.43;10031;0.74;213;15.2;5.5
10339.61;5647;5660;C1-R1;09.12.2025;50;09.12.2025 08:31;89.2;14.9;6.2;2.43;10023;0.74;213;14.3;5.5
10341.41;5648;5661;C1-R1;09.12.2025;50;09.12.2025 09:02;89.0;14.7;6.2;2.55;10610;0.79;226;15.3;5.5
10343.21;5649;5662;C1-R1;09.12.2025;50;09.12.2025 09:34;84.3;12.4;7.1;2.31;10936;0.85;233;18.7;5.3
10345.01;5650;5663;C1-R1;09.12.2025;50;09.12.2025 10:07;87.1;13.7;6.6;2.34;10039;0.84;214;15.6;5.4
10346.81;5651;5664;C1-R1;09.12.2025;50;09.12.2025 10:39;87.2;14.0;6.4;2.38;10154;0.86;216;15.4;5.4
10348.61;5652;5665;C1-R1;09.12.2025;50;09.12.2025 11:41;85.6;14.0;6.3;2.25;9912;0.80;211;15.1;5.3
10350.41;5653;5666;C1-R1;09.12.2025;50;09.12.2025 12:13;81.2;12.8;6.7;2.47;10747;1.03;229;17.8;5.1
10352.21;5654;5667;C1-R1;09.12.2025;50;09.12.2025 13:03;90.1;13.2;7.1;2.47;11049;1.08;235;17.8;5.6
10354.01;5655;5668;C1-R1;09.12.2025;50;09.12.2025 13:34;89.3;14.3;6.4;2.39;10255;0.89;218;15.2;5.5
10355.81;5656;5669;C1-R1;09.12.2025;50;09.12.2025 14:06;88.4;14.2;6.4;2.18;9901;0.78;211;14.9;5.5
10357.61;5657;5670;C1-R1;09.12.2025;50;09.12.2025 14:38;82.8;13.6;6.4;2.00;9675;0.71;206;15.1;5.3
10359.41;5658;5671;C1-R1;09.12.2025;50;09.12.2025 15:24;78.5;12.8;6.5;1.77;8505;0.68;181;14.1;5.0
10361.21;5659;5672;C2-R3;09.12.2025;50;09.12.2025 18:34;83.3;13.6;6.4;2.26;9312;0.84;198;14.5;5.2
10363.01;5660;5673;C2-R2b;09.12.2025;50;09.12.2025 19:12;90.3;14.0;6.7;2.60;10377;1.07;221;15.7;5.6
10364.81;5661;5674;C2-R3;09.12.2025;50;09.12.2025 19:45;78.3;12.9;6.6;1.78;7826;0.74;167;12.9;5.1
10366.61;5662;5675;C2-R3;09.12.2025;50;09.12.2025 20:43;91.2;15.6;6.1;1.61;6593;0.56;140;9.0;5.7
10368.41;5663;5676;C2-R3;09.12.2025;50;09.12.2025 22:05;90.0;15.6;6.0;2.28;9151;0.78;195;12.5;5.6
10370.21;5664;5677;C2-R3;09.12.2025;50;09.12.2025 22:37;87.8;14.7;6.2;2.46;10091;0.78;215;14.6;5.4
10372.01;5665;5678;C1-R1;09.12.2025;50;09.12.2025 23:17;91.6;15.2;6.2;2.51;10705;0.78;228;15.0;5.7
10373.81;5666;5679;C1-R1;09.12.2025;50;09.12.2025 23:50;95.5;15.9;6.2;2.50;10411;0.74;222;14.0;5.9
10375.61;5667;5680;C1-R1;10.12.2025;50;10.12.2025 00:21;91.8;15.0;6.4;2.18;9259;0.58;197;13.2;5.7
10377.41;5668;5681;C1-R1;10.12.2025;50;10.12.2025 01:05;92.6;15.9;6.1;2.07;7909;0.51;168;10.6;5.8
10379.21;5669;5682;C1-R1;10.12.2025;50;10.12.2025 02:32;88.1;15.6;5.9;2.24;9246;0.56;197;12.6;5.5
10381.01;5670;5683;C1-R1;10.12.2025;50;10.12.2025 03:15;90.9;15.6;6.1;2.06;8305;0.60;177;11.4;5.7
10382.81;5671;5684;C1-R1;10.12.2025;50;10.12.2025 03:47;91.1;15.4;6.1;2.13;8792;0.62;187;12.2;5.6
10384.61;5672;5685;C1-R1;10.12.2025;50;10.12.2025 04:19;89.2;14.7;6.3;2.17;9366;0.62;199;13.6;5.5
10386.41;5673;5686;C1-R1;10.12.2025;50;10.12.2025 04:58;96.3;15.9;6.3;2.23;8997;0.57;191;12.1;6.0
10388.21;5674;5687;C1-R1;10.12.2025;50;10.12.2025 05:29;95.7;15.7;6.3;1.96;8132;0.54;173;11.0;5.9
10390.01;5675;5688;C1-R1;10.12.2025;50;10.12.2025 06:38;101.4;15.1;6.9;1.91;7491;0.60;159;10.6;6.3
10391.81;5676;5689;C1-R1;;;;;;;;;;;;
10393.61;5677;5690;C1-R1;10.12.2025;50;10.12.2025 11:52;87.7;13.0;7.0;1.95;8158;0.73;174;13.4;5.5
10395.41;5678;5691;C1-R1;10.12.2025;50;10.12.2025 12:24;86.5;12.4;7.2;2.05;8866;0.91;189;15.2;5.4
10397.21;5679;5692;C1-R1;10.12.2025;50;10.12.2025 12:56;90.1;12.8;7.3;1.95;8604;0.81;183;14.3;5.6
10399.01;5680;5693;C1-R1;10.12.2025;50;10.12.2025 13:30;88.5;11.8;7.7;2.06;9869;0.94;210;17.7;5.5
10400.81;5681;5694;C1-R1;10.12.2025;50;10.12.2025 14:02;91.3;12.1;7.8;2.29;10441;1.14;222;18.4;5.7
10402.61;5682;5695;C1-R1;10.12.2025;50;10.12.2025 15:37;84.7;11.3;7.8;2.15;10134;1.12;216;19.1;5.3
10404.41;5683;5696;C1-R1;10.12.2025;50;10.12.2025 16:08;90.9;12.1;7.8;2.09;9550;1.07;203;16.8;5.6
10406.21;5684;5697;C1-R1;10.12.2025;50;10.12.2025 16:41;92.8;12.5;7.7;2.03;8566;1.03;182;14.6;5.8
10408.01;5685;5698;C1-R1;10.12.2025;50;10.12.2025 17:13;89.0;11.9;7.7;1.96;9121;0.98;194;16.3;5.5
10409.81;5686;5699;C1-R1;10.12.2025;50;10.12.2025 18:42;65.7;8.7;8.0;2.04;11266;0.97;240;27.5;4.2
10411.61;5687;5700;C1-R1;11.12.2025;50;11.12.2025 00:03;70.8;9.5;7.8;2.54;11440;1.17;243;25.5;4.5
10413.41;5688;5701;C1-R1;11.12.2025;50;11.12.2025 01:10;80.7;13.7;6.4;2.59;11296;1.16;240;17.6;5.2
10415.21;5689;5702;C1-R1;11.12.2025;50;11.12.2025 01:53;80.3;12.6;6.6;2.68;11601;1.23;247;19.6;5.0
10417.01;5690;5703;C1-R1;11.12.2025;50;11.12.2025 02:28;82.2;12.5;6.9;2.74;12265;1.33;261;20.9;5.1
10418.81;5691;5704;C1-R1;11.12.2025;50;11.12.2025 03:03;68.7;10.0;7.1;2.51;12044;1.35;256;25.5;4.3
10420.61;5692;5705;C1-R1;11.12.2025;50;11.12.2025 04:13;73.9;10.0;7.7;2.64;13339;1.61;284;28.5;4.6
10422.41;5693;5706;C1-R1;11.12.2025;50;11.12.2025 05:10;76.5;10.2;7.8;2.69;12973;1.65;276;27.1;4.7
10424.21;5694;5707;C1-R1;11.12.2025;50;11.12.2025 06:40;71.7;9.3;8.0;2.64;12635;1.66;269;28.9;4.4
10426.01;5695;5708;C1-R1;11.12.2025;50;11.12.2025 08:22;69.8;9.0;8.1;2.60;12955;1.83;276;30.5;4.4
10427.81;5696;5709;C1-R1;11.12.2025;50;11.12.2025 08:47;71.8;9.1;8.2;2.56;13223;1.89;281;31.0;4.5
10429.61;5697;5710;C1-R1;11.12.2025;50;11.12.2025 09:23;75.5;9.5;8.2;2.69;13370;1.98;284;29.9;4.7
10431.41;5698;5711;C1-R1;11.12.2025;50;11.12.2025 10:11;76.1;9.6;8.2;2.76;13681;2.04;291;30.3;4.7
10433.21;5699;5712;C1-R1;11.12.2025;50;11.12.2025 10:49;77.4;9.8;8.2;2.78;13504;2.02;287;29.4;4.8
10435.01;5700;5713;C2-R2b;11.12.2025;50;11.12.2025 11:42;75.5;9.7;8.2;2.71;13376;1.91;285;29.5;4.7
10436.81;5701;5714;C1-R1;11.12.2025;50;11.12.2025 12:16;82.5;10.4;8.2;2.82;13360;1.88;284;27.3;5.1
10438.61;5702;5715;C1-R1;11.12.2025;50;11.12.2025 12:49;82.0;10.3;8.2;2.66;13269;1.76;282;27.3;5.1
10440.41;5703;5716;C1-R1;11.12.2025;50;11.12.2025 15:19;62.9;8.9;6.7;1.90;9786;1.18;208;23.3;3.6
10442.21;5704;5717;C1-R1;11.12.2025;50;11.12.2025 16:28;68.6;9.1;8.0;2.24;11275;1.34;240;26.4;4.3
10444.01;5705;5718;C1-R1;11.12.2025;50;11.12.2025 18:22;61.7;9.9;6.7;2.32;11878;1.29;253;25.6;4.0
10445.81;5706;5719;C1-R1;11.12.2025;50;11.12.2025 20:40;59.2;8.8;7.3;2.19;11626;1.29;247;28.0;3.9
10447.61;5707;5720;C1-R1;11.12.2025;50;11.12.2025 23:33;49.7;6.9;7.8;1.71;10162;1.07;216;31.3;3.2
10449.41;5708;5721;C1-R1;12.12.2025;50;12.12.2025 01:23;74.9;9.9;7.9;2.44;12442;1.50;265;26.7;4.7
10451.21;5709;5722;C1-R1;12.12.2025;50;12.12.2025 09:05;66.1;9.5;6.7;1.96;9694;1.17;206;21.8;3.8
10453.01;5710;5723;C1-R1;12.12.2025;50;12.12.2025 10:37;60.5;8.2;7.6;1.83;10215;1.07;217;26.4;3.7
10454.81;5711;5724;C1-R1;12.12.2025;50;12.12.2025 10:59;81.7;10.6;8.0;2.42;11620;1.39;247;23.4;5.1
10456.61;5712;5725;C1-R1;12.12.2025;50;12.12.2025 11:31;84.5;10.9;8.0;2.59;12209;1.49;260;23.9;5.2
10458.41;5713;5726;C2-R3;12.12.2025;50;12.12.2025 12:26;86.7;11.0;8.1;2.67;12309;1.59;262;23.7;5.4
10460.21;5714;5727;C2-R3;12.12.2025;50;12.12.2025 12:49;76.5;9.7;8.2;2.39;12597;1.54;268;27.5;4.8
10462.01;5715;5728;C2-R3;12.12.2025;50;12.12.2025 18:10;55.2;7.7;7.1;1.60;9031;0.97;192;25.1;3.3
10463.81;5716;5729;C2-R3;12.12.2025;50;12.12.2025 18:31;49.6;6.5;7.9;1.40;9294;0.92;198;30.3;3.1
10465.61;5717;5730;C2-R3;12.12.2025;50;12.12.2025 20:11;83.6;11.1;7.9;2.52;11849;1.42;252;22.8;5.2
10467.41;5718;5731;C2-R3;12.12.2025;50;12.12.2025 20:45;81.6;11.4;7.5;2.59;12455;1.46;265;23.3;5.1
10469.21;5719;5732;C2-R3;12.12.2025;50;12.12.2025 21:50;87.8;12.0;7.5;2.62;12599;1.47;268;22.3;5.4
10471.01;5720;5733;C2-R3;12.12.2025;50;12.12.2025 22:10;90.6;12.4;7.5;2.57;12583;1.43;268;21.6;5.6
10472.81;5721;5734;C2-R3;12.12.2025;50;12.12.2025 22:41;91.7;12.6;7.5;2.64;12049;1.38;256;20.4;5.7
10474.61;5722;5735;C2-R3;12.12.2025;50;12.12.2025 23:30;81.4;11.1;7.6;2.71;12163;1.56;259;23.3;5.1
10476.41;5723;5736;C1-R1;13.12.2025;50;13.12.2025 00:03;86.1;11.5;7.8;2.84;13220;1.74;281;24.5;5.4
10478.21;5724;5737;C1-R1;13.12.2025;50;13.12.2025 01:40;78.5;10.7;7.6;2.68;13112;1.63;279;26.0;4.9
10480.01;5725;5738;C1-R1;13.12.2025;50;13.12.2025 02:16;76.3;10.5;7.7;2.56;13034;1.63;277;26.4;4.8
10481.81;5726;5739;C1-R1;13.12.2025;50;13.12.2025 03:21;71.3;9.7;7.6;2.29;11809;1.44;251;25.8;4.4
10483.61;5727;5740;C1-R1;13.12.2025;50;13.12.2025 04:08;81.0;10.9;7.7;2.59;12252;1.60;261;23.9;5.0
10485.41;5728;5741;C1-R1;13.12.2025;50;13.12.2025 04:28;89.3;12.1;7.7;2.58;12336;1.61;262;21.7;5.6
10487.21;5729;5742;C1-R1;13.12.2025;50;13.12.2025 05:02;85.5;11.6;7.7;2.57;11991;1.63;255;22.0;5.4
10489.01;5730;5743;C1-R1;13.12.2025;50;13.12.2025 05:55;73.5;10.6;7.3;2.39;11461;1.29;244;23.1;4.6
10490.81;5731;5744;C1-R1;13.12.2025;50;13.12.2025 06:31;73.9;10.1;7.5;2.69;12883;1.60;274;27.1;4.6
10492.61;5732;5745;C1-R1;13.12.2025;50;13.12.2025 09:39;72.6;10.5;7.0;2.25;11178;1.35;238;22.7;4.4
10494.41;5733;5746;C1-R1;13.12.2025;50;13.12.2025 10:13;79.9;10.4;7.9;2.66;11978;1.44;255;24.5;4.9
10496.21;5734;5747;C1-R1;13.12.2025;50;13.12.2025 10:45;88.4;11.5;7.9;2.75;12219;1.43;260;22.5;5.5
10498.01;5735;5748;C1-R1;13.12.2025;50;13.12.2025 11:32;86.2;11.2;7.9;2.66;12240;1.48;260;23.2;5.3
10499.81;5736;5749;C1-R1;13.12.2025;50;13.12.2025 11:56;82.2;10.9;7.8;2.46;11673;1.45;248;22.7;5.1
10501.61;5737;5750;C1-R1;13.12.2025;50;13.12.2025 12:49;85.9;12.2;7.5;2.47;11556;1.46;246;20.2;5.5
10503.41;5738;5751;C1-R1;13.12.2025;50;13.12.2025 13:21;85.0;11.4;7.8;2.26;10937;1.19;233;20.4;5.3
10505.21;5739;5752;C1-R1;13.12.2025;50;13.12.2025 14:21;78.4;11.9;6.9;2.01;9458;0.96;201;17.0;4.9
10507.01;5740;5753;C1-R1;13.12.2025;50;13.12.2025 14:56;74.9;9.9;7.9;2.03;10699;1.12;228;23.1;4.7
10508.81;5741;5754;C1-R1;13.12.2025;50;13.12.2025 15:47;77.4;10.0;8.0;2.18;11634;1.22;248;24.8;4.8
10510.61;5742;5755;C1-R1;13.12.2025;50;13.12.2025 16:09;84.7;11.4;7.8;2.16;11007;1.25;234;20.6;5.3
10512.41;5743;5756;C1-R1;13.12.2025;50;13.12.2025 16:42;83.0;11.3;7.6;2.26;11762;1.35;250;22.2;5.2
10514.21;5744;5757;C1-R1;13.12.2025;50;13.12.2025 17:26;85.2;11.6;7.6;1.94;9559;1.06;203;17.6;5.3
10516.01;5745;5758;C1-R1;13.12.2025;50;13.12.2025 17:59;85.5;12.3;7.2;2.14;9788;1.08;208;16.9;5.3
10517.81;5746;5759;C1-R1;13.12.2025;50;13.12.2025 19:35;76.7;11.7;6.8;2.55;11694;1.22;249;21.2;4.8
10519.61;5747;5760;C1-R1;13.12.2025;50;13.12.2025 19:57;79.4;11.6;7.1;2.56;12248;1.35;261;22.5;4.9
10521.41;5748;5761;C1-R1;15.12.2025;51;15.12.2025 10:04;74.5;11.2;6.9;2.04;9718;0.98;207;18.4;4.7
10523.21;5749;5762;C2-R2b;15.12.2025;51;15.12.2025 12:11;72.2;10.6;7.2;2.21;10045;1.12;214;20.2;4.6
10525.01;5750;5763;C1-R1;15.12.2025;51;15.12.2025 12:45;80.3;11.6;7.2;2.58;12367;1.31;263;22.6;5.0
10526.81;5751;5764;C1-R1;15.12.2025;51;15.12.2025 13:34;81.7;11.8;7.2;2.62;12428;1.34;264;22.4;5.1
10528.61;5752;5765;C1-R1;15.12.2025;51;15.12.2025 14:07;84.4;12.2;7.2;2.64;12405;1.39;264;21.7;5.3
10530.41;5753;5766;C1-R1;15.12.2025;51;15.12.2025 14:41;80.6;11.6;7.2;2.55;12353;1.36;263;22.7;5.0
10532.21;5754;5767;C1-R1;15.12.2025;51;15.12.2025 15:15;82.5;11.8;7.2;2.40;11644;1.21;248;20.9;5.1
10534.01;5755;5768;C1-R1;15.12.2025;51;15.12.2025 16:02;83.5;12.5;7.0;2.19;10297;1.01;219;17.6;5.2
10535.81;5756;5769;C1-R1;15.12.2025;51;15.12.2025 16:36;81.7;12.5;6.7;2.06;10110;0.99;215;17.2;5.1
10537.61;5757;5770;C1-R1;15.12.2025;51;15.12.2025 16:57;84.9;13.1;6.7;2.17;9121;0.99;194;14.8;5.3
10539.41;5758;5771;C1-R1;15.12.2025;51;15.12.2025 18:25;82.4;12.7;6.8;2.25;10315;1.00;219;17.3;5.1
10541.21;5759;5772;C1-R1;15.12.2025;51;15.12.2025 18:47;81.8;11.8;7.2;2.35;11489;1.10;244;20.7;5.1
10543.01;5760;5773;C1-R1;15.12.2025;51;15.12.2025 19:22;95.5;13.7;7.2;2.91;13237;1.41;282;20.5;5.9
10544.81;5761;5774;C1-R1;15.12.2025;51;15.12.2025 19:53;91.5;13.3;7.1;2.80;12798;1.32;272;20.5;5.7
10546.61;5762;5775;C1-R1;15.12.2025;51;15.12.2025 20:36;92.9;13.4;7.2;2.82;13049;1.39;278;20.8;5.7
10548.41;5763;5776;C1-R1;15.12.2025;51;15.12.2025 21:39;88.1;12.7;7.1;2.65;12634;1.27;269;21.2;5.4
10550.21;5764;5777;C1-R1;15.12.2025;51;15.12.2025 22:28;86.6;11.5;7.7;2.52;12626;1.40;269;23.3;5.3
10552.01;5765;5778;C1-R1;;;;;;;;;;;;
10553.81;5766;5779;C2-R2b;17.12.2025;51;17.12.2025 09:22;63.0;9.1;7.5;2.06;10433;1.03;222;24.3;4.1
10555.61;5767;5780;C1-R1;17.12.2025;51;17.12.2025 10:52;84.0;11.0;8.0;2.41;11786;1.24;251;22.8;5.3
10557.41;5768;5781;C1-R1;17.12.2025;51;17.12.2025 11:25;86.1;11.3;8.0;2.38;11289;1.23;240;21.3;5.4
10559.21;5769;5782;C1-R1;17.12.2025;51;17.12.2025 11:57;90.7;11.7;8.0;2.45;11613;1.25;247;21.2;5.6
10561.01;5770;5783;C1-R1;17.12.2025;51;17.12.2025 12:40;91.2;11.7;8.0;2.54;11603;1.32;247;21.1;5.6
10562.81;5771;5784;C1-R1;17.12.2025;51;17.12.2025 13:37;90.6;11.6;8.0;2.60;11643;1.39;248;21.3;5.6
10564.61;5772;5785;C1-R1;17.12.2025;51;17.12.2025 14:09;84.0;10.9;8.0;2.44;12058;1.37;257;23.5;5.3
10566.41;5773;5786;C1-R1;17.12.2025;51;17.12.2025 14:51;81.0;10.5;8.0;2.46;11929;1.45;254;24.1;5.1
10568.21;5774;5787;C1-R1;17.12.2025;51;17.12.2025 16:34;83.3;10.7;8.0;2.73;13084;1.60;278;25.9;5.2
10570.01;5775;5788;C1-R1;17.12.2025;51;17.12.2025 17:08;83.8;10.8;8.0;2.74;13173;1.58;280;26.0;5.2
10571.81;5776;5789;C1-R1;17.12.2025;51;17.12.2025 17:42;76.5;9.8;8.0;2.50;12736;1.41;271;27.6;4.7
10573.61;5777;5790;C1-R1;17.12.2025;51;17.12.2025 18:15;80.1;10.3;8.0;2.60;12986;1.51;276;26.8;5.0
10575.41;5778;5791;C1-R1;17.12.2025;51;17.12.2025 18:56;82.3;10.7;7.9;2.75;12922;1.58;275;25.7;5.1
10577.21;5779;5792;C1-R1;17.12.2025;51;17.12.2025 19:28;85.7;11.0;8.0;2.77;13179;1.59;280;25.4;5.3
10579.01;5780;5793;C1-R1;17.12.2025;51;17.12.2025 20:39;83.7;10.8;7.9;2.64;12852;1.52;273;25.3;5.1
10580.81;5781;5794;C1-R1;17.12.2025;51;17.12.2025 21:31;86.6;11.4;7.7;2.51;11823;1.29;252;22.0;5.3
10582.61;5782;5795;C1-R1;;;;#N/A;#N/A;#N/A;#N/A;#N/A;#N/A;;;
10584.41;5783;5796;C1-R1;18.12.2025;51;18.12.2025 03:23;89.4;11.8;7.8;2.62;11684;1.25;249;21.0;5.5
10586.21;5784;5797;C1-R1;18.12.2025;51;18.12.2025 04:12;94.3;12.3;7.9;2.84;13330;1.45;284;23.2;5.8
10588.01;5785;5798;C1-R1;18.12.2025;51;18.12.2025 05:12;86.1;11.5;7.6;2.74;12922;1.37;275;23.9;5.2
10589.81;5786;5799;C1-R1;18.12.2025;51;18.12.2025 07:10;85.0;11.2;7.9;2.59;12590;1.33;268;23.9;5.3
10591.61;5787;5800;C1-R1;18.12.2025;51;18.12.2025 07:43;84.5;11.1;7.9;2.62;12482;1.36;266;24.0;5.3
10593.41;5788;5801;C1-R1;18.12.2025;51;18.12.2025 08:26;79.9;10.4;8.0;2.57;12530;1.38;267;25.6;5.0
10595.21;5789;5802;C1-R1;18.12.2025;51;18.12.2025 08:59;84.9;11.0;8.0;2.66;12598;1.43;268;24.3;5.3
10597.01;5790;5803;C1-R1;18.12.2025;51;18.12.2025 10:49;79.0;10.3;8.0;2.31;11583;1.23;246;24.0;4.9
10598.81;5791;5804;C1-R1;18.12.2025;51;18.12.2025 11:09;87.9;11.4;8.0;2.30;10828;1.15;230;20.2;5.5
10600.61;5792;5805;C1-R1;18.12.2025;51;18.12.2025 11:41;91.2;11.7;8.1;2.19;10492;1.03;223;19.1;5.7
10602.41;5793;5806;C1-R1;18.12.2025;51;18.12.2025 12:58;89.1;11.4;8.1;2.20;11094;1.04;236;20.7;5.5
10604.21;5794;5807;C1-R1;18.12.2025;51;18.12.2025 13:18;89.9;11.6;8.1;2.25;11073;1.00;236;20.4;5.6
10606.01;5795;5808;C1-R1;18.12.2025;51;18.12.2025 13:54;91.3;11.7;8.1;2.31;10719;1.01;228;19.6;5.7
10607.81;5796;5809;C1-R1;18.12.2025;51;18.12.2025 14:30;94.8;12.2;8.0;2.35;11143;1.04;237;19.4;5.9
10609.61;5797;5810;C1-R1;18.12.2025;51;18.12.2025 15:01;95.7;12.3;8.0;2.38;10769;1.09;229;18.6;5.9
10611.41;5798;5811;C1-R1;18.12.2025;51;18.12.2025 21:03;83.6;13.9;6.8;1.77;8547;0.75;182;13.1;5.6
10613.21;5799;5812;C1-R1;18.12.2025;51;18.12.2025 21:38;84.3;11.8;7.5;2.04;9764;0.92;208;17.5;5.3
10615.01;5800;5813;C1-R1;18.12.2025;51;18.12.2025 22:20;87.2;13.1;7.0;2.11;9656;0.83;205;15.6;5.5
10616.81;5801;5814;C1-R1;18.12.2025;51;18.12.2025 22:52;90.0;14.4;6.4;2.14;9467;0.71;201;14.0;5.6
10618.61;5802;5815;C1-R1;18.12.2025;51;18.12.2025 23:12;88.2;13.6;6.7;2.06;9365;0.75;199;14.6;5.5
10620.41;5803;5816;C1-R1;18.12.2025;51;18.12.2025 23:48;83.9;14.3;6.2;2.11;8725;0.75;186;13.0;5.3
10622.21;5804;5817;C1-R1;19.12.2025;51;19.12.2025 00:43;81.4;13.5;6.3;2.05;8395;0.80;179;13.2;5.1
10624.01;5805;5818;C1-R1;19.12.2025;51;19.12.2025 01:19;82.1;13.5;6.3;2.25;8816;0.87;188;13.9;5.1
10625.81;5806;5819;C1-R1;19.12.2025;51;19.12.2025 01:50;90.4;13.5;6.9;2.37;10135;0.93;216;16.0;5.6
10627.61;5807;5820;C1-R1;19.12.2025;51;19.12.2025 02:40;90.2;13.3;7.0;2.41;10610;1.00;226;16.9;5.6
10629.41;5808;5821;C1-R1;19.12.2025;51;19.12.2025 04:21;93.7;12.1;7.9;2.63;12143;1.33;258;21.4;5.7
10631.21;5809;5822;C1-R1;19.12.2025;51;19.12.2025 04:59;92.4;11.8;8.0;2.68;12174;1.38;259;22.0;5.6
10633.01;5810;5823;C1-R1;19.12.2025;51;19.12.2025 05:17;93.3;11.8;8.1;2.79;12731;1.49;271;23.0;5.7
10634.81;5811;5824;C1-R1;19.12.2025;51;19.12.2025 06:07;90.9;11.5;8.1;2.64;12473;1.44;265;23.0;5.6
10636.61;5812;5825;C1-R1;19.12.2025;51;19.12.2025 06:37;86.0;10.9;8.1;2.49;11295;1.42;240;22.0;5.3
10638.41;5813;5826;C1-R1;19.12.2025;51;19.12.2025 08:26;75.4;10.0;7.8;2.31;11329;1.32;241;24.1;4.7
10640.21;5814;5827;C1-R1;19.12.2025;51;19.12.2025 09:01;76.9;10.1;7.9;2.18;10648;1.22;227;22.3;4.8
10642.01;5815;5828;C1-R1;19.12.2025;51;19.12.2025 10:24;74.7;11.4;7.0;2.08;8775;0.91;187;16.3;4.8
10643.81;5816;5829;C2-R2b;19.12.2025;51;19.12.2025 16:53;75.8;14.6;5.5;2.49;8975;0.88;191;13.1;4.8
10645.61;5817;5830;C2-R2;19.12.2025;51;19.12.2025 17:33;83.9;14.0;6.2;2.45;10159;0.98;216;15.4;5.2
10647.41;5818;5831;C2-R2;19.12.2025;51;19.12.2025 18:18;89.9;12.5;7.4;2.34;10028;1.07;213;17.0;5.6
10649.21;5819;5832;C2-R2;19.12.2025;51;19.12.2025 18:37;93.7;12.9;7.5;2.43;10101;1.08;215;16.7;5.8
10651.01;5820;5833;C1-R1;19.12.2025;51;19.12.2025 19:29;85.0;14.6;6.1;2.33;9428;0.81;201;13.7;5.3
10652.81;5821;5834;C1-R1;19.12.2025;51;19.12.2025 21:00;78.1;14.2;5.7;1.80;8499;0.60;181;12.7;4.9
10654.61;5822;5835;C2-R2;19.12.2025;51;19.12.2025 21:32;81.4;15.8;5.4;2.09;7844;0.66;167;10.6;5.1
10656.41;5823;5836;C2-R2;19.12.2025;51;19.12.2025 22:47;84.9;14.3;6.1;2.52;9795;0.94;208;14.6;5.2
10658.21;5824;5837;C1-R1;19.12.2025;51;19.12.2025 23:07;85.8;12.4;7.2;2.70;12007;1.27;255;20.7;5.3
10660.01;5825;5838;C2-R2;20.12.2025;51;20.12.2025 00:20;82.2;10.4;8.1;2.67;13025;1.46;277;26.6;5.1
10661.81;5826;5839;C1-R1;20.12.2025;51;20.12.2025 01:22;85.5;11.0;8.0;2.49;12503;1.33;266;24.3;5.3
10663.61;5827;5840;C1-R1;20.12.2025;51;20.12.2025 01:54;86.3;11.0;8.1;2.32;11297;1.12;240;21.8;5.3
10665.41;5828;5841;C1-R1;20.12.2025;51;20.12.2025 02:25;87.8;12.7;7.2;2.23;9132;0.92;194;15.3;5.4
10667.21;5829;5842;C2-R2;20.12.2025;51;20.12.2025 02:56;82.5;14.5;5.9;2.08;8572;0.72;182;12.6;5.1
10669.01;5830;5843;C1-R1;20.12.2025;51;20.12.2025 04:37;82.1;15.2;5.6;2.43;8981;0.85;191;12.6;5.1
10670.81;5831;5844;C2-R2;20.12.2025;51;20.12.2025 05:29;82.1;13.7;6.3;2.13;9658;0.81;205;15.0;5.1
10672.61;5832;5845;C2-R2;;;;;;;;;;;;
10674.41;5833;5846;C2-R2;06.01.2026;2;06.01.2026 02:47;87.5;11.0;8.1;2.07;9176;0.96;195;17.7;5.4
10676.21;5834;5847;C2-R2;06.01.2026;2;06.01.2026 03:06;90.8;11.4;8.2;2.04;9848;0.98;210;18.4;5.6
10678.01;5835;5848;C2-R2;06.01.2026;2;06.01.2026 03:40;90.4;11.4;8.1;2.22;10290;1.11;219;19.2;5.6
10679.81;5836;5849;C2-R2;06.01.2026;2;06.01.2026 04:11;88.9;11.2;8.2;2.37;10665;1.33;227;20.2;5.5
10681.61;5837;5850;C1-R1;06.01.2026;2;06.01.2026 04:48;86.6;10.9;8.2;2.50;11900;1.53;253;23.2;5.3
10683.41;5838;5851;C2-R2;06.01.2026;2;06.01.2026 05:25;85.9;11.0;8.1;2.56;12242;1.66;260;23.6;5.3
10685.21;5839;5852;C2-R2;06.01.2026;2;06.01.2026 05:57;84.5;10.6;8.2;2.53;11832;1.65;252;23.7;5.2
10687.01;5840;5853;C1-R1;06.01.2026;2;06.01.2026 06:31;82.4;10.5;8.2;2.58;12284;1.70;261;25.0;5.1
10688.81;5841;5854;C1-R1;06.01.2026;2;06.01.2026 08:05;86.7;11.0;8.1;2.65;12487;1.67;266;24.2;5.3
10690.61;5842;5855;C1-R1;06.01.2026;2;06.01.2026 09:02;89.9;11.5;8.0;2.75;12268;1.60;261;22.7;5.5
10692.41;5843;5856;C2-R2;06.01.2026;2;06.01.2026 09:57;91.2;11.6;8.1;2.77;12703;1.64;270;23.3;5.6
10694.21;5844;5857;C2-R2;06.01.2026;2;06.01.2026 11:04;90.0;11.4;8.1;2.80;12615;1.72;268;23.6;5.5
10696.01;5845;5858;C2-R2;06.01.2026;2;06.01.2026 11:37;87.5;11.1;8.1;2.68;12462;1.60;265;23.8;5.4
10697.81;5846;5859;C2-R2;06.01.2026;2;06.01.2026 12:40;90.9;11.5;8.0;2.73;12213;1.59;260;22.5;5.6
10699.61;5847;5860;C1-R1;06.01.2026;2;06.01.2026 12:58;94.5;11.9;8.1;2.65;12152;1.54;259;21.7;5.8
10701.41;5848;5861;C1-R1;06.01.2026;2;06.01.2026 13:40;81.8;10.7;8.1;2.51;11975;1.50;255;23.9;5.2
10703.21;5849;5862;C1-R1;06.01.2026;2;06.01.2026 18:26;82.8;10.5;8.1;2.75;12557;1.53;267;25.5;5.1
10705.01;5850;5863;C1-R1;06.01.2026;2;06.01.2026 20:49;84.6;10.7;8.1;2.86;12888;1.64;274;25.5;5.2
10706.81;5851;5864;C1-R1;06.01.2026;2;06.01.2026 21:21;80.0;10.2;8.1;2.75;13249;1.67;282;27.7;5.0
10708.61;5852;5865;C2-R3;06.01.2026;2;06.01.2026 22:14;87.2;11.0;8.2;2.83;13142;1.63;280;25.3;5.4
10710.41;5853;5866;C2-R3;06.01.2026;2;06.01.2026 22:45;82.1;10.4;8.2;2.52;11811;1.62;251;24.1;5.1
10712.21;5854;5867;C2-R3;06.01.2026;2;06.01.2026 23:28;90.7;11.5;8.1;2.67;12193;1.59;259;22.5;5.6
10714.01;5855;5868;C2-R3;06.01.2026;2;06.01.2026 23:58;81.3;10.4;8.1;2.61;12501;1.64;266;25.5;5.1
10715.81;5856;5869;C2-R3;07.01.2026;2;07.01.2026 00:31;66.7;8.6;8.1;2.58;13380;1.74;285;33.0;4.2
10717.61;5857;5870;C2-R3;07.01.2026;2;07.01.2026 01:50;73.5;9.7;8.0;2.63;12828;1.78;273;28.3;4.6
10719.41;5858;5871;C2-R3;07.01.2026;2;07.01.2026 02:42;79.6;10.2;8.1;2.87;13334;1.93;284;27.9;5.0
10721.21;5859;5872;C2-R3;07.01.2026;2;07.01.2026 03:15;65.6;8.4;8.1;2.51;13943;1.76;297;35.3;4.1
10723.01;5860;5873;C2-R3;07.01.2026;2;07.01.2026 03:56;75.3;9.6;8.1;2.61;13243;1.74;282;29.3;4.7
10724.81;5861;5874;C2-R3;07.01.2026;2;07.01.2026 04:30;84.2;10.7;8.1;2.82;13151;1.68;280;26.3;5.2
10726.61;5862;5875;C2-R3;07.01.2026;2;07.01.2026 05:02;89.7;11.3;8.2;2.12;10641;1.21;226;20.0;5.6
10728.41;5863;5876;C2-R3;07.01.2026;2;07.01.2026 05:33;85.8;11.2;8.1;2.34;11474;1.27;244;21.9;5.4
10730.21;5864;5877;C2-R3;07.01.2026;2;07.01.2026 06:55;92.3;11.7;8.1;2.34;10221;1.21;217;18.7;5.7
10732.01;5865;5878;C2-R3;07.01.2026;2;07.01.2026 14:05;84.9;12.1;7.6;2.13;10326;1.08;220;18.2;5.5
10733.81;5866;5879;C2-R3;07.01.2026;2;07.01.2026 14:41;80.4;10.7;7.7;2.26;10560;1.08;225;21.0;5.0
10735.61;5867;5880;C2-R3;07.01.2026;2;07.01.2026 15:12;86.7;11.7;7.7;2.43;11016;1.18;234;20.1;5.4
10737.41;5868;5881;C2-R3;07.01.2026;2;07.01.2026 15:52;87.6;11.7;7.6;2.45;10780;1.17;229;19.6;5.4
10739.21;5869;5882;C2-R3;07.01.2026;2;07.01.2026 16:25;90.9;12.3;7.6;2.49;10230;1.18;218;17.6;5.6
10741.01;5870;5883;C2-R3;07.01.2026;2;07.01.2026 17:20;90.3;12.2;7.6;2.38;10593;1.13;225;18.5;5.5
10742.81;5871;5884;C2-R3;07.01.2026;2;07.01.2026 18:09;94.9;12.6;7.7;2.50;11457;1.25;244;19.3;5.8
10744.61;5872;5885;C2-R3;07.01.2026;2;07.01.2026 19:22;89.9;11.5;8.1;1.95;9206;0.99;196;17.1;5.6
10746.41;5873;5886;C2-R3;07.01.2026;2;07.01.2026 20:16;87.5;11.1;8.1;1.82;8275;0.90;176;15.9;5.4
10748.21;5874;5887;C2-R3;07.01.2026;2;07.01.2026 20:36;89.7;11.4;8.2;1.96;9362;0.97;199;17.5;5.6
10750.01;5875;5888;C2-R3;07.01.2026;2;07.01.2026 22:00;92.0;11.6;8.2;1.63;8044;0.77;171;14.7;5.7
10751.81;5876;5889;C2-R3;07.01.2026;2;07.01.2026 22:41;89.2;11.4;8.1;1.50;7900;0.71;168;14.8;5.5
10753.61;5877;5890;C2-R3;07.01.2026;2;07.01.2026 23:01;90.5;15.2;6.4;0.80;5011;0.30;107;7.0;5.8
10755.41;5878;5891;C2-R3;08.01.2026;2;08.01.2026 00:01;84.5;16.0;5.5;1.15;5941;0.42;126;7.9;5.3
10757.21;5879;5892;C2-R3;08.01.2026;2;08.01.2026 00:32;89.4;13.4;6.9;1.90;8011;0.74;170;12.7;5.5
10759.01;5880;5893;C2-R3;08.01.2026;2;08.01.2026 00:52;92.4;11.7;8.1;1.96;9357;0.97;199;17.0;5.7
10760.81;5881;5894;C2-R3;08.01.2026;2;08.01.2026 02:24;84.5;10.8;8.1;2.28;10690;1.21;227;21.1;5.2
10762.61;5882;5895;C2-R3;08.01.2026;2;08.01.2026 04:51;83.5;11.0;8.0;2.28;11046;1.21;235;21.5;5.2
10764.41;5883;5896;C2-R3;08.01.2026;2;08.01.2026 05:51;85.9;10.9;8.1;2.31;10873;1.18;231;21.2;5.3
10766.21;5884;5897;C2-R2b;08.01.2026;2;08.01.2026 06:21;91.0;11.6;8.2;2.38;10642;1.21;226;19.6;5.7
10768.01;5885;5898;C2-R3;08.01.2026;2;08.01.2026 07:00;96.3;12.3;8.2;2.31;10398;1.12;221;18.0;6.0
10769.81;5886;5899;C2-R3;08.01.2026;2;08.01.2026 07:32;93.1;11.8;8.2;2.50;11053;1.22;235;19.9;5.8
10771.61;5887;5900;C2-R3;08.01.2026;2;08.01.2026 10:27;92.6;11.8;8.2;1.97;9661;0.90;206;17.5;5.8
10773.41;5888;5901;C2-R3;08.01.2026;2;08.01.2026 11:18;93.4;13.0;7.7;1.96;9496;0.84;202;15.6;6.0
10775.21;5889;5902;C2-R3;08.01.2026;2;08.01.2026 12:03;101.3;17.5;6.0;1.85;7510;0.52;160;9.2;6.3
10777.01;5890;5903;C2-R3;08.01.2026;2;08.01.2026 12:34;92.5;15.8;6.0;1.72;7361;0.48;157;9.9;5.7
10778.81;5891;5904;C2-R3;08.01.2026;2;08.01.2026 13:05;92.8;14.6;6.6;1.93;7472;0.60;159;10.9;5.7
10780.61;5892;5905;C2-R3;08.01.2026;2;08.01.2026 13:47;102.8;14.7;7.2;2.22;8550;0.71;182;12.4;6.3
10782.41;5893;5906;C2-R3;08.01.2026;2;08.01.2026 14:03;108.9;15.0;7.4;2.03;8263;0.72;176;11.7;6.7
10784.21;5894;5907;C2-R3;08.01.2026;2;08.01.2026 15:34;98.7;13.5;7.6;2.11;8580;0.93;183;13.6;6.1
10786.01;5895;5908;C2-R3;08.01.2026;2;08.01.2026 16:54;105.5;13.5;8.0;1.88;8239;0.80;175;13.0;6.5
10787.81;5896;5909;C2-R3;08.01.2026;2;08.01.2026 17:09;113.4;14.2;8.2;2.12;8709;0.92;185;13.0;7.0
10789.61;5897;5910;C2-R3;08.01.2026;2;08.01.2026 21:07;82.7;11.2;7.7;1.89;8684;0.82;185;16.6;5.1
10791.41;5898;5911;C2-R3;08.01.2026;2;08.01.2026 21:50;79.1;10.9;7.5;1.58;7373;0.63;157;14.3;4.9
10793.21;5899;5912;C2-R3;08.01.2026;2;08.01.2026 22:15;85.7;11.6;7.6;1.54;7518;0.52;160;13.8;5.3
10795.01;5900;5913;C2-R3;09.01.2026;2;09.01.2026 13:09;72.0;12.2;6.5;1.35;6353;0.36;135;11.1;4.7
10796.81;5901;5914;C2-R3;09.01.2026;2;09.01.2026 14:03;81.4;12.8;6.6;1.65;7548;0.45;161;12.5;5.1
10798.61;5902;5915;C2-R3;09.01.2026;2;09.01.2026 14:55;81.7;12.3;6.9;1.79;8610;0.58;183;14.9;5.1
10800.41;5903;5916;C2-R3;09.01.2026;2;09.01.2026 15:30;88.0;12.4;7.3;1.90;8635;0.74;184;14.8;5.4
10802.21;5904;5917;C2-R3;09.01.2026;2;09.01.2026 16:09;89.5;12.0;7.8;2.13;9486;0.96;202;16.9;5.6
10804.01;5905;5918;C2-R3;09.01.2026;2;09.01.2026 17:10;90.0;11.6;8.0;2.28;9981;1.19;212;18.2;5.6
10805.81;5906;5919;C2-R3;09.01.2026;2;09.01.2026 18:22;96.7;12.4;8.0;2.37;10697;1.10;228;18.4;5.9
10807.61;5907;5920;C2-R3;09.01.2026;2;09.01.2026 18:55;84.9;10.8;8.1;2.20;10936;1.00;233;21.5;5.2
10809.41;5908;5921;C2-R3;09.01.2026;2;09.01.2026 19:34;82.3;10.7;8.0;2.17;11295;0.95;240;22.4;5.1
10811.21;5909;5922;C2-R3;09.01.2026;2;09.01.2026 20:45;86.5;11.3;7.9;1.99;9742;0.86;207;18.3;5.3
10813.01;5910;5923;C2-R3;09.01.2026;2;09.01.2026 21:10;82.3;11.3;7.5;1.99;8509;0.94;181;16.0;5.1
10814.81;5911;5924;C2-R3;09.01.2026;2;09.01.2026 22:59;82.0;10.4;8.1;1.91;9235;0.91;196;18.9;5.0
10816.61;5912;5925;C2-R3;09.01.2026;2;09.01.2026 23:22;78.8;10.0;8.2;1.79;8917;0.91;190;18.9;4.9
10818.41;5913;5926;C2-R3;10.01.2026;2;10.01.2026 00:06;80.8;10.3;8.1;1.89;9736;1.00;207;20.2;5.0
10820.21;5914;5927;C2-R3;10.01.2026;2;10.01.2026 00:35;85.6;10.9;8.1;1.85;8681;0.92;185;16.9;5.3
10822.01;5915;5928;C2-R3;10.01.2026;2;10.01.2026 01:20;84.6;10.8;8.2;1.87;8318;0.98;177;16.5;5.3
10823.81;5916;5929;C2-R3;10.01.2026;2;10.01.2026 04:19;80.6;10.7;7.9;1.67;7897;0.80;168;15.6;5.1
10825.61;5917;5930;C2-R3;10.01.2026;2;10.01.2026 04:56;79.7;10.2;8.1;1.91;9165;0.86;195;19.1;5.0
10827.41;5918;5931;C2-R3;10.01.2026;2;10.01.2026 05:28;81.7;10.4;8.1;2.19;10966;1.02;233;22.5;5.1
10829.21;5919;5932;C2-R3;10.01.2026;2;10.01.2026 06:00;82.2;10.5;8.1;2.16;11006;1.01;234;22.4;5.1
10831.01;5920;5933;C2-R3;10.01.2026;2;10.01.2026 06:31;88.5;11.2;8.1;1.96;9338;0.90;199;17.8;5.5
10832.81;5921;5934;C2-R2;10.01.2026;2;10.01.2026 07:18;92.4;11.9;8.2;2.29;10692;1.04;227;19.2;5.8
10834.61;5922;5935;C2-R3;10.01.2026;2;10.01.2026 07:47;98.9;12.6;8.2;2.29;10630;1.04;226;18.0;6.1
10836.41;5923;5936;C2-R3;10.01.2026;2;10.01.2026 08:25;80.2;10.8;7.7;1.66;8957;0.71;191;17.7;4.9
10838.21;5924;5937;C2-R3;10.01.2026;2;10.01.2026 09:27;80.9;11.6;7.2;1.73;8566;0.67;182;15.7;5.0
10840.01;5925;5938;C2-R3;10.01.2026;2;10.01.2026 09:59;80.1;12.0;7.0;1.48;7492;0.54;159;13.3;5.0
10841.81;5926;5939;C2-R3;10.01.2026;2;10.01.2026 10:32;79.6;11.9;6.9;1.93;8442;0.70;180;15.1;5.0
10843.61;5927;5940;C2-R3;10.01.2026;2;10.01.2026 12:02;80.8;12.0;7.0;2.13;9730;0.79;207;17.3;5.0
10845.41;5928;5941;C2-R3;10.01.2026;2;10.01.2026 12:24;81.3;12.0;7.0;1.91;8565;0.72;182;15.1;5.1
10847.21;5929;5942;C2-R3;10.01.2026;2;10.01.2026 13:57;77.1;11.7;6.9;2.04;9055;0.81;193;16.5;4.8
10849.01;5930;5943;C2-R3;10.01.2026;2;10.01.2026 15:01;75.3;11.5;6.9;1.91;8478;0.78;180;15.6;4.8
10850.81;5931;5944;C2-R3;10.01.2026;2;10.01.2026 15:40;78.0;11.5;7.0;2.14;9702;0.96;206;18.0;4.8
10852.61;5932;5945;C2-R3;10.01.2026;2;10.01.2026 16:13;79.1;11.6;7.1;2.35;11188;1.06;238;20.6;4.9
10854.41;5933;5946;C2-R3;10.01.2026;2;10.01.2026 21:54;77.8;12.8;6.6;2.10;9880;0.97;210;16.5;5.0
10856.21;5934;5947;C2-R3;10.01.2026;2;10.01.2026 22:41;77.7;9.9;8.1;2.32;11830;1.18;252;25.4;4.8
10858.01;5935;5948;C2-R3;10.01.2026;2;10.01.2026 23:03;81.1;10.3;8.1;2.64;13180;1.42;280;27.1;5.0
10859.81;5936;5949;C2-R3;10.01.2026;2;10.01.2026 23:36;80.7;10.2;8.2;2.63;13576;1.47;289;28.3;5.0
10861.61;5937;5950;C2-R3;11.01.2026;2;11.01.2026 00:11;80.6;10.5;8.1;2.44;12934;1.42;275;26.2;5.1
10863.41;5938;5951;C1-R1;11.01.2026;2;11.01.2026 00:51;85.1;10.8;8.2;1.78;9688;1.07;206;19.1;5.3
10865.21;5939;5952;C2-R2;11.01.2026;2;11.01.2026 01:26;81.8;12.0;7.1;1.36;5764;0.60;123;10.2;5.1
10867.01;5940;5953;C2-R3;11.01.2026;2;11.01.2026 02:08;83.5;11.9;7.3;1.65;7900;0.69;168;14.1;5.2
10868.81;5941;5954;C2-R3;11.01.2026;2;11.01.2026 03:21;82.8;11.6;7.3;1.78;8544;0.76;182;15.7;5.0
10870.61;5942;5955;C2-R3;11.01.2026;2;11.01.2026 03:44;81.8;11.3;7.5;1.60;7861;0.62;167;14.8;5.1
10872.41;5943;5956;C2-R2;11.01.2026;2;11.01.2026 20:52;70.3;10.0;7.2;1.53;8655;0.64;184;18.3;4.3
10874.21;5944;5957;C2-R2;11.01.2026;2;11.01.2026 23:39;65.9;8.5;8.0;1.78;8641;0.75;184;21.7;4.1
10876.01;5945;5958;C2-R2;12.01.2026;3;12.01.2026 00:38;74.4;9.7;8.1;1.83;8929;0.83;190;19.6;4.7
10877.81;5946;5959;C2-R3;12.01.2026;3;12.01.2026 10:05;77.5;10.3;7.9;2.01;9823;0.91;209;20.4;4.9
10879.61;5947;5960;C2-R3;12.01.2026;3;12.01.2026 10:51;80.5;10.5;8.1;1.67;9064;0.72;193;18.4;5.1
10881.41;5948;5961;C2-R3;12.01.2026;3;12.01.2026 11:13;81.6;10.5;8.1;1.77;8886;0.85;189;18.1;5.1
10883.21;5949;5962;C2-R3;12.01.2026;3;12.01.2026 11:45;82.6;10.5;8.1;2.41;11532;1.17;245;23.4;5.1
10885.01;5950;5963;C2-R2;12.01.2026;3;12.01.2026 12:16;85.4;10.8;8.1;2.57;12049;1.29;256;23.6;5.3
10886.81;5951;5964;C1-R1;12.01.2026;3;12.01.2026 23:36;75.6;10.5;7.5;2.04;9255;0.96;197;18.7;4.8
10888.61;5952;5965;C2-R3;13.01.2026;3;13.01.2026 00:29;82.9;11.5;7.4;2.05;9463;0.93;201;17.5;5.1
10890.41;5953;5966;C2-R2;13.01.2026;3;13.01.2026 01:02;77.7;10.8;7.4;2.23;10091;1.05;215;19.9;4.8
10892.21;5954;5967;C2-R2;13.01.2026;3;13.01.2026 01:36;65.8;8.9;7.7;2.05;10603;1.14;226;25.5;4.1
10894.01;5955;5968;C2-R2;13.01.2026;3;13.01.2026 02:17;73.5;9.7;7.8;2.18;11088;1.16;236;24.2;4.6
10895.81;5956;5969;C2-R2;13.01.2026;3;13.01.2026 03:06;79.6;10.4;7.9;2.18;10725;1.08;228;21.9;4.9
10897.61;5957;5970;C2-R2;13.01.2026;3;13.01.2026 03:50;79.9;10.4;7.9;1.87;8978;0.93;191;18.3;5.0
10899.41;5958;5971;C2-R2;13.01.2026;3;13.01.2026 04:25;84.7;12.4;7.0;2.07;8498;0.88;181;14.5;5.2
10901.21;5959;5972;C1-R1;13.01.2026;3;13.01.2026 05:20;81.7;11.3;7.4;1.97;8914;0.87;190;16.7;5.0
10903.01;5960;5973;C2-R2;13.01.2026;3;13.01.2026 05:53;71.5;9.8;7.5;2.01;10139;0.94;216;21.9;4.4
10904.81;5961;5974;C2-R2;13.01.2026;3;13.01.2026 06:30;80.7;11.1;7.5;2.18;10462;0.98;223;20.1;5.0
10906.61;5962;5975;C2-R2;13.01.2026;3;13.01.2026 07:24;79.5;10.8;7.7;2.08;9930;0.92;211;19.6;5.0
10908.41;5963;5976;C2-R2;13.01.2026;3;13.01.2026 09:01;82.7;11.1;7.7;2.05;9306;0.90;198;17.8;5.1
10910.21;5964;5977;C2-R2;13.01.2026;3;13.01.2026 09:24;79.8;10.5;8.0;2.05;10672;0.95;227;21.6;5.0
10912.01;5965;5978;C2-R3;14.01.2026;3;14.01.2026 07:06;85.0;10.8;8.1;2.27;11171;0.92;238;21.9;5.3
10913.81;5966;5979;C2-R2;14.01.2026;3;14.01.2026 08:01;85.5;10.9;8.1;1.98;10389;0.80;221;20.3;5.3
10915.61;5967;5980;C2-R3;14.01.2026;3;14.01.2026 09:15;87.5;11.3;8.0;1.69;8355;0.69;178;15.7;5.4
10917.41;5968;5981;C1-R1;14.01.2026;3;14.01.2026 09:58;86.0;11.3;8.0;1.71;7780;0.68;166;14.7;5.4
10919.21;5969;5982;C2-R2;14.01.2026;3;14.01.2026 10:55;87.2;11.9;7.8;1.70;7308;0.72;155;13.1;5.5
10921.01;5970;5983;C2-R2;14.01.2026;3;14.01.2026 11:29;78.4;10.6;7.7;1.70;8919;0.79;190;18.0;4.9
10922.81;5971;5984;C2-R3;14.01.2026;3;14.01.2026 12:25;80.9;10.6;8.0;2.05;10146;0.98;216;20.4;5.1
10924.61;5972;5985;C2-R3;14.01.2026;3;14.01.2026 13:06;83.6;10.7;8.1;1.99;10640;0.99;226;21.2;5.2
10926.41;5973;5986;C2-R3;14.01.2026;3;14.01.2026 13:51;84.0;10.9;8.0;1.53;8673;0.64;185;16.9;5.3
10928.21;5974;5987;C2-R3;14.01.2026;3;14.01.2026 14:25;82.4;10.5;8.1;1.41;7257;0.54;154;14.7;5.1
10930.01;5975;5988;C2-R2;14.01.2026;3;14.01.2026 14:57;73.3;11.0;7.0;1.54;7026;0.53;149;13.6;4.6
10931.81;5976;5989;C2-R3;14.01.2026;3;14.01.2026 15:26;79.1;10.2;8.1;1.53;7929;0.58;169;16.5;4.9
10933.61;5977;5990;C2-R2;14.01.2026;3;14.01.2026 16:14;79.7;10.3;8.0;1.51;8448;0.54;180;17.4;5.0
10935.41;5978;5991;C2-R2;14.01.2026;3;14.01.2026 17:11;83.7;10.8;8.1;1.75;8623;0.68;183;17.0;5.3
10937.21;5979;5992;C2-R3;14.01.2026;3;14.01.2026 17:43;74.7;9.6;8.1;1.84;9632;0.81;205;21.3;4.7
10939.01;5980;5993;C2-R3;14.01.2026;3;14.01.2026 21:36;65.4;8.4;8.0;2.05;11466;0.97;244;28.9;4.1
10940.81;5981;5994;C2-R3;14.01.2026;3;14.01.2026 22:18;76.3;9.7;8.1;2.35;11706;1.22;249;25.7;4.7
10942.61;5982;5995;C2-R3;14.01.2026;3;14.01.2026 22:53;76.8;9.9;8.0;2.31;11461;1.18;244;24.6;4.8
10944.41;5983;5996;C2-R3;14.01.2026;3;14.01.2026 23:27;84.8;10.8;8.1;2.62;12314;1.28;262;24.3;5.3
10946.21;5984;5997;C2-R2b;14.01.2026;3;14.01.2026 23:59;79.9;10.3;8.0;2.54;11925;1.25;254;24.6;5.0
10948.01;5985;5998;C2-R3;15.01.2026;3;15.01.2026 00:33;77.7;9.8;8.2;2.50;12383;1.34;263;26.9;4.8
10949.81;5986;5999;C2-R3;15.01.2026;3;15.01.2026 01:10;83.3;10.7;8.0;2.55;11691;1.27;249;23.2;5.2
10951.61;5987;6000;C2-R3;15.01.2026;3;15.01.2026 01:45;68.0;8.7;8.1;2.29;12468;1.21;265;30.5;4.2
10953.41;5988;6001;C2-R3;15.01.2026;3;15.01.2026 02:51;69.1;8.7;8.2;2.46;13095;1.34;279;31.9;4.3
10955.21;5989;6002;C2-R3;15.01.2026;3;15.01.2026 03:28;80.7;10.2;8.2;2.83;13520;1.53;288;28.1;5.0
10957.01;5990;6003;C1-R1;15.01.2026;3;15.01.2026 04:15;83.5;10.6;8.1;2.72;12586;1.41;268;25.3;5.2
10958.81;5991;6004;C2-R3;15.01.2026;3;15.01.2026 04:47;83.2;10.5;8.2;2.65;12396;1.35;264;25.1;5.2
10960.61;5992;6005;C2-R3;15.01.2026;3;15.01.2026 05:20;78.1;9.9;8.2;2.71;13011;1.45;277;27.9;4.9
10962.41;5993;6006;C2-R3;15.01.2026;3;15.01.2026 06:32;80.3;10.1;8.2;2.83;13790;1.57;293;29.0;5.0
10964.21;5994;6007;C2-R2;15.01.2026;3;15.01.2026 07:28;77.7;9.9;8.1;2.69;13686;1.53;291;29.4;4.8
10966.01;5995;6008;C2-R3;15.01.2026;3;15.01.2026 08:02;77.4;9.9;8.1;2.60;13003;1.50;277;28.0;4.8
10967.81;5996;6009;C2-R3;15.01.2026;3;15.01.2026 09:03;79.0;10.0;8.7;2.34;11904;1.74;253;25.3;5.2
10969.61;5997;6010;C2-R2;15.01.2026;3;15.01.2026 09:25;80.4;10.2;8.1;2.52;12261;1.46;261;25.5;5.0
10971.41;5998;6011;C2-R2;15.01.2026;3;15.01.2026 10:27;81.7;10.4;8.1;2.43;11339;1.36;241;23.2;5.1
10973.21;5999;6012;C2-R2;15.01.2026;3;15.01.2026 14:26;81.9;11.1;7.8;2.26;10700;1.19;228;20.4;5.2
10975.01;6000;6013;C2-R3;15.01.2026;3;15.01.2026 14:42;72.3;9.7;8.1;2.04;10779;1.13;229;23.8;4.7
10976.81;6001;6014;C2-R2;15.01.2026;3;15.01.2026 15:24;61.2;8.0;8.2;1.94;11003;1.17;234;29.4;3.9
10978.61;6002;6015;C2-R2;15.01.2026;3;15.01.2026 16:10;86.3;11.1;8.1;2.32;10519;1.25;224;20.1;5.4
10980.41;6003;6016;C2-R2;15.01.2026;3;15.01.2026 16:46;69.1;8.9;8.1;2.18;11558;1.24;246;27.8;4.3
10982.21;6004;6017;C2-R2b;15.01.2026;3;15.01.2026 17:35;49.2;6.4;8.1;1.84;11875;1.19;253;39.6;3.1
10984.01;6005;6018;C2-R2;15.01.2026;3;15.01.2026 20:26;71.9;9.1;8.2;2.68;13296;1.63;283;31.0;4.5
10985.81;6006;6019;C2-R3;15.01.2026;3;15.01.2026 20:48;81.6;10.4;8.2;2.73;13252;1.58;282;27.2;5.1
10987.61;6007;6020;C2-R3;15.01.2026;3;15.01.2026 21:24;79.0;10.0;8.2;2.69;12760;1.58;271;27.1;4.9
10989.41;6008;6021;C2-R3;15.01.2026;3;15.01.2026 21:58;80.8;10.2;8.2;2.62;12642;1.43;269;26.4;5.0
10991.21;6009;6022;C2-R3;15.01.2026;3;15.01.2026 23:29;60.8;7.8;8.1;1.78;9934;0.90;211;27.1;3.8
10993.01;6010;6023;C2-R2;16.01.2026;3;16.01.2026 00:25;74.1;9.4;8.1;2.36;12272;1.22;261;27.7;4.6
10994.81;6011;6024;C2-R3;16.01.2026;3;16.01.2026 01:01;74.3;9.6;8.2;2.41;12304;1.37;262;27.4;4.7
10996.61;6012;6025;C2-R2;16.01.2026;3;16.01.2026 01:35;78.8;10.0;8.2;2.42;11731;1.39;250;25.1;4.9
10998.41;6013;6026;C2-R2;16.01.2026;3;16.01.2026 02:10;77.7;9.8;8.2;2.29;11563;1.28;246;25.0;4.8
11000.21;6014;6027;C2-R3;16.01.2026;3;16.01.2026 02:57;72.3;9.3;8.2;2.42;12448;1.33;265;28.6;4.5
11002.01;6015;6028;C2-R3;16.01.2026;3;16.01.2026 03:33;74.1;9.5;8.2;2.42;12189;1.33;259;27.3;4.7
11003.81;6016;6029;C2-R2;16.01.2026;3;16.01.2026 04:33;75.1;9.6;8.2;2.18;10837;1.23;231;23.9;4.7
11005.61;6017;6030;C2-R3;16.01.2026;3;16.01.2026 05:07;80.0;10.4;8.0;1.99;10039;1.24;214;20.5;5.0
11007.41;6018;6031;C2-R2;16.01.2026;3;16.01.2026 05:40;82.1;10.8;7.9;2.17;9851;1.31;210;19.5;5.1
11009.21;6019;6032;C2-R3;16.01.2026;3;16.01.2026 06:57;76.0;10.1;7.8;2.34;11769;1.35;250;24.8;4.7
11011.01;6020;6033;C2-R3;16.01.2026;3;16.01.2026 16:12;74.7;9.9;8.0;2.38;11225;1.41;239;24.2;4.7
11012.81;6021;6034;C2-R2;16.01.2026;3;16.01.2026 16:59;76.7;9.8;8.1;2.77;13100;1.64;279;28.4;4.8
11014.61;6022;6035;C2-R3;16.01.2026;3;16.01.2026 17:35;71.0;9.1;8.1;2.56;13019;1.52;277;30.6;4.4
11016.41;6023;6036;C2-R3;16.01.2026;3;16.01.2026 18:02;76.9;9.8;8.1;2.80;13529;1.69;288;29.5;4.8
11018.21;6024;6037;C2-R3;16.01.2026;3;16.01.2026 19:01;78.9;10.1;8.1;2.67;12749;1.51;271;27.0;4.9
11020.01;6025;6038;C2-R3;16.01.2026;3;16.01.2026 19:37;81.5;10.3;8.2;2.45;11388;1.35;242;23.5;5.1
11021.81;6026;6039;C2-R3;16.01.2026;3;16.01.2026 20:10;83.6;10.6;8.2;2.57;12005;1.36;255;24.1;5.2
11023.61;6027;6040;C2-R3;16.01.2026;3;16.01.2026 22:20;72.7;10.2;7.3;1.95;10155;0.89;216;21.1;4.4
11025.41;6028;6041;C2-R2b;16.01.2026;3;16.01.2026 23:07;74.2;9.4;8.2;2.19;11016;1.05;234;24.8;4.6
11027.21;6029;6042;C2-R3;17.01.2026;3;17.01.2026 00:11;63.2;9.2;7.1;2.09;11323;1.18;241;26.3;3.9
11029.01;6030;6043;C2-R3;17.01.2026;3;17.01.2026 00:50;60.6;7.7;8.2;2.43;13567;1.59;289;37.5;3.8
11030.81;6031;6044;C2-R3;17.01.2026;3;17.01.2026 01:31;62.9;8.0;8.2;2.61;13790;1.74;293;36.6;3.9
11032.61;6032;6045;C2-R3;17.01.2026;3;17.01.2026 02:34;60.1;8.4;7.5;2.25;12346;1.49;263;31.1;3.8
11034.41;6033;6046;C2-R3;17.01.2026;3;17.01.2026 03:25;69.2;8.8;8.2;2.53;12780;1.59;272;30.9;4.3
11036.21;6034;6047;C2-R3;17.01.2026;3;17.01.2026 03:57;85.8;11.0;8.2;2.37;10198;1.24;217;19.7;5.4
11038.01;6035;6048;C2-R3;17.01.2026;3;17.01.2026 04:39;80.7;10.2;8.2;2.41;11162;1.22;237;23.3;5.0
11039.81;6036;6049;C2-R3;17.01.2026;3;17.01.2026 05:38;68.9;8.7;8.2;2.52;12873;1.46;274;31.5;4.3
11041.61;6037;6050;C2-R3;17.01.2026;3;17.01.2026 06:51;63.2;9.2;7.7;2.15;11622;1.27;247;26.9;4.2
11043.41;6038;6051;C2-R2b;17.01.2026;3;17.01.2026 07:46;43.8;5.6;8.2;1.71;11857;1.12;252;44.8;2.8
11045.21;6039;6052;C2-R3;17.01.2026;3;17.01.2026 09:03;53.4;6.8;8.2;2.17;13320;1.37;283;41.6;3.3
11047.01;6040;6053;C2-R3;17.01.2026;3;17.01.2026 09:45;57.5;7.5;8.0;2.32;13435;1.44;286;38.2;3.6
11048.81;6041;6054;C2-R2b;17.01.2026;3;17.01.2026 11:00;63.8;8.3;8.0;2.31;13012;1.41;277;33.2;4.0
11050.61;6042;6055;C2-R2b;17.01.2026;3;17.01.2026 12:17;28.4;3.7;8.2;1.15;10255;0.81;218;59.0;1.8
11052.41;6043;6056;C2-R2b;17.01.2026;3;17.01.2026 15:15;28.0;3.6;8.1;1.11;9699;0.75;206;56.8;1.8
11054.21;6044;6057;C2-R2b;17.01.2026;3;17.01.2026 15:54;29.7;3.8;8.2;1.14;9652;0.73;205;53.8;1.9
11056.01;6045;6058;C2-R2b;17.01.2026;3;17.01.2026 17:40;20.6;4.1;6.1;0.93;8670;0.52;184;45.5;1.5
11057.81;6046;6059;C2-R3;22.01.2026;4;22.01.2026 19:49;14.2;3.9;4.0;0.85;8947;0.35;190;48.7;0.9
11059.61;6047;6060;C2-R3;22.01.2026;4;22.01.2026 20:47;72.9;23.6;3.3;0.57;3615;0.00;77;3.3;4.6
11061.41;6048;6061;C2-R3;22.01.2026;4;22.01.2026 21:00;76.3;26.4;3.1;0.56;3492;0.00;74;2.8;4.8
11063.21;6049;6062;C2-R3;22.01.2026;4;22.01.2026 21:11;77.1;25.1;3.2;0.52;3592;0.00;76;3.0;4.8
11065.01;6050;6063;C2-R3;22.01.2026;4;22.01.2026 21:54;73.7;21.6;3.7;0.47;3212;0.00;68;3.2;4.8
11066.81;6051;6064;C2-R2b;22.01.2026;4;22.01.2026 22:26;84.6;21.0;4.2;0.45;3420;0.00;73;3.5;5.3
11068.61;6052;6065;C2-R3;22.01.2026;4;22.01.2026 23:06;79.8;19.9;4.2;0.47;3572;0.00;76;3.8;5.0
11070.41;6053;6066;C2-R3;24.01.2026;4;24.01.2026 03:28;64.7;18.5;3.7;0.46;3545;0.00;75;4.1;4.1
11072.21;6054;6067;C2-R2b;24.01.2026;4;24.01.2026 03:35;71.8;23.4;3.3;0.53;3489;0.00;74;3.2;4.7
11074.01;6055;6068;C2-R2b;24.01.2026;4;24.01.2026 05:34;77.1;26.3;3.1;0.59;3528;0.00;75;2.9;4.8
11075.81;6056;6069;C2-R2b;24.01.2026;4;24.01.2026 07:39;45.2;14.2;3.4;0.37;3385;0.00;72;5.1;2.9
11077.61;6057;6070;C2-R2b;24.01.2026;4;24.01.2026 13:42;58.2;20.0;3.0;0.49;3692;0.00;79;3.9;3.6
11079.41;6058;6071;C2-R2b;24.01.2026;4;24.01.2026 20:03;56.4;19.3;3.0;0.51;4441;0.00;94;4.9;3.5
;;;;;;;;;;;;;;;
;;;;;;;;;;;;;;;
;;;;;;;;;;;;;;;
;;;;;;;;;;;;;;;
;;;;;;;;;;;;;;;
;;;;;;;;;;;;;;;
;;;;;;;;;;;;;;;
