chainage;advance;ring;easting;northing;tunnel_elev;surface_elev;soil_base_elev;soil_depth;lon;lat;tunnel_dir
175.01;0;13;119707.45;1214613.12;-1.62;95.18;79.06;16.16;10.852452570145;59.926141123204;305.42
176.81;1;14;119705.99;1214614.17;-1.62;95.17;78.46;16.68;10.852426350949;59.926150574563;305.42
178.61;2;15;119704.52;1214615.21;-1.61;95.15;77.29;17.76;10.852400129965;59.926160025922;305.42
180.41;3;16;119703.05;1214616.25;-1.61;95.08;76.68;18.32;10.852373910768;59.926169477281;305.42
182.21;4;17;119701.59;1214617.30;-1.61;95.05;75.52;19.48;10.852347691571;59.926178927735;305.42
184.01;5;18;119700.12;1214618.34;-1.61;94.99;74.89;20.11;10.852321470587;59.926188379094;305.42
185.81;6;19;119698.65;1214619.38;-1.61;94.91;73.50;21.47;10.852295251390;59.926197830453;305.42
187.61;7;20;119697.19;1214620.42;-1.60;94.78;72.90;22.02;10.852269032194;59.926207280906;305.42
189.41;8;21;119695.72;1214621.47;-1.60;94.68;71.79;23.09;10.852242811210;59.926216732265;305.42
191.21;9;22;119694.25;1214622.51;-1.60;94.60;71.20;23.63;10.852216592013;59.926226183624;305.42
193.01;10;23;119692.79;1214623.55;-1.60;94.57;70.08;24.71;10.852190372816;59.926235634077;305.42
194.81;11;24;119691.32;1214624.60;-1.60;94.54;69.48;25.26;10.852164153619;59.926245085436;305.42
196.61;12;25;119689.85;1214625.64;-1.60;94.52;68.88;25.81;10.852137932635;59.926254536795;305.42
198.41;13;26;119688.39;1214626.68;-1.59;94.47;67.84;26.80;10.852111713439;59.926263987248;305.42
200.21;14;27;119686.92;1214627.73;-1.59;94.44;67.37;27.22;10.852085494242;59.926273438607;305.42
202.01;15;28;119685.45;1214628.77;-1.59;94.33;66.36;28.19;10.852059273258;59.926282889966;305.42
203.81;16;29;119683.99;1214629.81;-1.59;94.34;65.84;28.66;10.852033054061;59.926292340419;305.42
205.61;17;30;119682.52;1214630.86;-1.59;94.30;64.81;29.64;10.852006834864;59.926301791778;305.42
207.41;18;31;119681.05;1214631.90;-1.58;94.26;64.29;30.11;10.851980613880;59.926311243137;305.42
209.21;19;32;119679.58;1214632.94;-1.58;94.23;63.29;31.05;10.851954394684;59.926320693590;305.42
211.01;20;33;119678.12;1214633.99;-1.58;94.17;62.78;31.52;10.851928175487;59.926330144949;305.42
212.81;21;34;119676.65;1214635.03;-1.58;94.15;61.74;32.50;10.851901956290;59.926339596309;305.42
214.61;22;35;119675.18;1214636.07;-1.58;94.09;61.27;32.93;10.851875735306;59.926349046762;305.42
216.41;23;36;119673.72;1214637.12;-1.57;94.06;60.32;33.82;10.851849516109;59.926358498121;305.42
218.21;24;37;119672.25;1214638.16;-1.57;94.06;59.94;34.15;10.851823296913;59.926367949480;305.42
220.01;25;38;119670.78;1214639.20;-1.57;94.02;59.36;34.68;10.851797075928;59.926377399933;305.42
221.81;26;39;119669.32;1214640.25;-1.57;94.00;58.96;35.04;10.851770856732;59.926386851292;305.42
223.61;27;40;119667.85;1214641.29;-1.57;93.95;58.53;35.44;10.851744637535;59.926396302651;305.42
225.41;28;41;119666.38;1214642.33;-1.57;93.92;57.67;36.24;10.851718416551;59.926405753104;305.42
227.21;29;42;119664.92;1214643.38;-1.56;93.90;57.23;36.62;10.851692197354;59.926415204463;305.42
229.01;30;43;119663.45;1214644.42;-1.56;93.87;56.48;37.32;10.851665978157;59.926424655822;305.42
230.81;31;44;119661.98;1214645.46;-1.56;93.83;56.09;37.64;10.851639758961;59.926434106275;305.42
232.61;32;45;119660.52;1214646.51;-1.56;93.81;55.35;38.34;10.851613537977;59.926443557634;305.42
234.41;33;46;119659.05;1214647.55;-1.56;93.79;54.90;38.73;10.851587318780;59.926453008993;305.42
236.21;34;47;119657.58;1214648.59;-1.55;93.76;54.03;39.55;10.851561099583;59.926462459446;305.42
238.01;35;48;119656.12;1214649.64;-1.55;93.72;53.57;39.96;10.851534878599;59.926471910805;305.42
239.81;36;49;119654.65;1214650.68;-1.55;93.65;52.69;40.79;10.851508659402;59.926481362164;305.42
241.61;37;50;119653.18;1214651.72;-1.55;93.65;52.24;41.20;10.851482440206;59.926490812618;305.42
243.41;38;51;119651.71;1214652.77;-1.55;93.64;51.39;41.99;10.851456219222;59.926500263977;305.42
245.21;39;52;119650.25;1214653.81;-1.54;93.63;51.06;42.27;10.851430000025;59.926509715336;305.42
247.01;40;53;119648.78;1214654.85;-1.54;93.63;50.17;43.11;10.851403780828;59.926519165789;305.42
248.81;41;54;119647.31;1214655.90;-1.54;93.59;49.68;43.54;10.851377561631;59.926528617148;305.42
250.61;42;55;119645.85;1214656.94;-1.54;93.53;49.21;43.96;10.851351340647;59.926538068507;305.42
252.41;43;56;119644.38;1214657.98;-1.54;93.51;48.25;44.87;10.851325121451;59.926547518960;305.42
254.21;44;57;119642.91;1214659.03;-1.54;93.49;47.77;45.30;10.851298902254;59.926556970319;305.42
256.01;45;58;119641.45;1214660.07;-1.53;93.45;46.85;46.16;10.851272668757;59.926566411713;305.38
257.81;46;59;119639.98;1214661.11;-1.53;93.42;46.37;46.63;10.851246401298;59.926575829553;305.28
259.61;47;60;119638.51;1214662.14;-1.53;93.43;45.27;47.73;10.851220101663;59.926585222934;305.17
261.41;48;61;119637.03;1214663.18;-1.53;93.41;44.72;48.28;10.851193769853;59.926594593667;305.08
263.21;49;62;119635.56;1214664.21;-1.52;93.40;43.52;49.48;10.851167404081;59.926603939941;304.97
265.01;50;63;119634.08;1214665.24;-1.52;93.38;42.78;50.22;10.851141004346;59.926613261754;304.87
266.81;51;64;119632.60;1214666.27;-1.51;93.35;41.35;51.65;10.851114572435;59.926622559109;304.76
268.61;52;65;119631.12;1214667.29;-1.51;93.31;40.65;52.35;10.851088106562;59.926631832004;304.66
270.41;53;66;119629.64;1214668.31;-1.50;93.26;39.16;53.84;10.851061608514;59.926641081345;304.56
272.21;54;67;119628.15;1214669.33;-1.49;93.23;38.30;54.70;10.851035080078;59.926650307132;304.46
274.01;55;68;119626.67;1214670.34;-1.48;93.17;36.63;56.37;10.851008515892;59.926659508460;304.35
275.81;56;69;119625.18;1214671.36;-1.48;93.13;35.79;57.21;10.850981919531;59.926668684422;304.25
277.61;57;70;119623.69;1214672.37;-1.47;93.11;35.01;57.99;10.850955290994;59.926677836831;304.14
279.41;58;71;119622.20;1214673.38;-1.46;93.06;33.74;59.26;10.850928630282;59.926686965686;304.04
281.21;59;72;119620.71;1214674.38;-1.45;93.05;33.10;59.90;10.850901937396;59.926696070082;303.94
283.01;60;73;119619.21;1214675.38;-1.45;93.02;31.54;61.47;10.850875210546;59.926705149112;303.83
284.81;61;74;119617.71;1214676.38;-1.44;93.00;23.02;69.98;10.850848451521;59.926714203682;303.73
286.61;62;75;119616.22;1214677.38;-1.43;92.98;16.37;76.63;10.850821662109;59.926723234699;303.63
288.41;63;76;119614.71;1214678.37;-1.42;92.98;14.65;78.35;10.850794840522;59.926732240350;303.52
290.21;64;77;119613.21;1214679.36;-1.42;92.97;12.19;80.81;10.850767986759;59.926741222448;303.42
292.01;65;78;119611.71;1214680.35;-1.41;93.01;12.16;80.91;10.850741100821;59.926750180086;303.32
293.81;66;79;119610.20;1214681.34;-1.40;93.06;12.11;81.05;10.850714182708;59.926759112359;303.22
295.61;67;80;119608.69;1214682.32;-1.40;93.00;12.07;81.17;10.850687232420;59.926768020172;303.11
297.41;68;81;119607.19;1214683.30;-1.39;92.99;12.03;81.29;10.850660251744;59.926776903525;303.01
299.21;69;82;119605.67;1214684.28;-1.38;92.99;12.65;80.75;10.850633240680;59.926785763325;302.91
301.01;70;83;119604.16;1214685.26;-1.37;92.98;13.34;80.14;10.850606195654;59.926794597759;302.80
302.81;71;84;119602.65;1214686.23;-1.37;93.08;13.64;79.93;10.850579120240;59.926803406828;302.70
304.61;72;85;119601.13;1214687.20;-1.36;93.14;14.90;78.75;10.850552014438;59.926812191437;302.60
306.41;73;86;119599.61;1214688.17;-1.35;93.18;15.89;77.85;10.850524876461;59.926820951587;302.49
308.21;74;87;119598.09;1214689.13;-1.34;93.36;18.20;75.63;10.850497708097;59.926829687277;302.39
310.01;75;88;119596.57;1214690.09;-1.34;93.43;21.28;72.64;10.850470509345;59.926838397602;302.29
311.81;76;89;119595.05;1214691.05;-1.33;93.77;24.61;69.38;10.850443278417;59.926847082561;302.18
313.61;77;90;119593.52;1214692.01;-1.32;93.91;24.34;69.86;10.850416015315;59.926855743966;302.08
315.41;78;91;119592.00;1214692.96;-1.31;94.34;23.77;70.70;10.850388723612;59.926864380006;301.98
317.21;79;92;119590.47;1214693.91;-1.31;94.48;23.51;71.18;10.850361401522;59.926872991587;301.88
319.01;80;93;119588.94;1214694.86;-1.30;94.91;23.29;71.64;10.850334049044;59.926881577802;301.77
320.81;81;94;119587.40;1214695.80;-1.29;94.97;22.76;72.24;10.850306664390;59.926890137746;301.67
322.61;82;95;119585.87;1214696.75;-1.28;95.09;21.69;73.31;10.850279251137;59.926898674135;301.57
324.41;83;96;119584.34;1214697.68;-1.28;95.02;21.20;73.80;10.850251805709;59.926907185160;301.46
326.21;84;97;119582.80;1214698.62;-1.27;94.95;20.13;74.78;10.850224331680;59.926915671725;301.36
328.01;85;98;119581.26;1214699.56;-1.26;94.77;19.86;74.95;10.850196827264;59.926924132924;301.26
329.81;86;99;119579.72;1214700.49;-1.25;94.64;19.28;75.42;10.850169292459;59.926932567852;301.15
331.61;87;100;119578.18;1214701.42;-1.25;94.48;19.15;75.45;10.850141727268;59.926940979227;301.05
333.41;88;101;119576.63;1214702.34;-1.24;94.38;18.95;75.54;10.850114133476;59.926949364330;300.95
335.21;89;102;119575.09;1214703.26;-1.23;94.26;18.85;75.53;10.850086509296;59.926957725879;300.85
337.01;90;103;119573.54;1214704.18;-1.23;94.17;18.64;75.62;10.850058856517;59.926966061157;300.74
338.81;91;104;119571.99;1214705.10;-1.22;94.18;18.55;75.61;10.850031171562;59.926974370163;300.63
340.61;92;105;119570.44;1214706.02;-1.21;94.15;18.34;75.71;10.850003459794;59.926982654710;300.54
342.41;93;106;119568.89;1214706.93;-1.20;94.06;18.30;75.70;10.849975717639;59.926990913892;300.43
344.21;94;107;119567.34;1214707.84;-1.20;93.98;18.64;75.36;10.849947946884;59.926999148614;300.33
346.01;95;108;119565.78;1214708.74;-1.19;93.87;19.43;74.57;10.849920145741;59.927007357970;300.23
347.81;96;109;119564.22;1214709.65;-1.18;93.81;19.81;74.19;10.849892315997;59.927015540149;300.12
349.61;97;110;119562.67;1214710.55;-1.17;93.58;20.61;73.39;10.849864455867;59.927023697869;300.02
351.41;98;111;119561.11;1214711.44;-1.17;93.52;21.08;72.92;10.849836568923;59.927031831129;299.92
353.21;99;112;119559.54;1214712.34;-1.16;93.48;22.76;71.24;10.849808653379;59.927039938117;299.81
355.01;100;113;119557.98;1214713.23;-1.15;93.45;23.85;70.15;10.849780707448;59.927048019740;299.71
356.81;101;114;119556.42;1214714.12;-1.14;93.39;27.37;66.63;10.849752732917;59.927056075998;299.61
358.61;102;115;119554.85;1214715.01;-1.14;93.40;30.06;63.94;10.849724731572;59.927064105984;299.50
360.41;103;116;119553.28;1214715.89;-1.13;93.39;36.43;57.57;10.849696699841;59.927072111511;299.40
362.21;104;117;119551.71;1214716.77;-1.12;93.38;38.67;55.33;10.849668641296;59.927080090766;299.30
364.01;105;118;119550.14;1214717.65;-1.11;93.36;42.08;51.92;10.849640554152;59.927088044656;299.20
365.81;106;119;119548.57;1214718.52;-1.11;93.36;45.05;48.95;10.849612436619;59.927095972274;299.09
367.61;107;120;119546.99;1214719.40;-1.10;93.36;46.33;47.67;10.849584292274;59.927103875433;298.99
369.41;108;121;119545.42;1214720.27;-1.09;93.37;48.93;45.07;10.849556121117;59.927111752321;298.89
371.21;109;122;119543.84;1214721.13;-1.08;93.37;50.11;43.89;10.849527921359;59.927119603843;298.78
373.01;110;123;119542.26;1214722.00;-1.08;93.36;52.39;41.61;10.849499693001;59.927127429093;298.68
374.81;111;124;119540.68;1214722.86;-1.07;93.39;53.50;40.50;10.849471437830;59.927135228072;298.57
376.61;112;125;119539.10;1214723.72;-1.06;93.39;55.45;38.55;10.849443154060;59.927143001686;298.47
378.41;113;126;119537.51;1214724.57;-1.05;93.30;57.19;36.81;10.849414843476;59.927150749934;298.37
380.21;114;127;119535.93;1214725.42;-1.05;93.26;57.93;36.07;10.849386506080;59.927158472817;298.27
382.01;115;128;119534.34;1214726.27;-1.04;93.26;59.08;34.92;10.849358140084;59.927166168523;298.16
383.81;116;129;119532.75;1214727.12;-1.03;93.64;59.63;34.37;10.849329747275;59.927173838862;298.06
385.61;117;130;119531.16;1214727.96;-1.03;93.88;60.68;33.32;10.849301327654;59.927181482931;297.96
387.41;118;131;119529.57;1214728.80;-1.02;94.17;61.23;32.77;10.849272879432;59.927189101634;297.85
389.21;119;132;119527.98;1214729.64;-1.01;94.25;62.29;31.71;10.849244406185;59.927196694972;297.75
391.01;120;133;119526.38;1214730.48;-1.00;94.33;62.93;31.07;10.849215904338;59.927204262038;297.65
392.81;121;134;119524.79;1214731.31;-1.00;94.35;63.28;30.72;10.849187377466;59.927211801927;297.54
394.61;122;135;119523.19;1214732.14;-0.99;94.19;63.89;30.11;10.849158821994;59.927219316450;297.44
396.41;123;136;119521.59;1214732.97;-0.98;94.15;64.22;29.78;10.849130241497;59.927226804702;297.34
398.21;124;137;119519.99;1214733.79;-0.97;94.10;65.02;28.98;10.849101632399;59.927234267589;297.24
400.01;125;138;119518.39;1214734.61;-0.97;94.12;65.44;28.60;10.849072998276;59.927241704204;297.13
401.81;126;139;119516.79;1214735.43;-0.96;94.17;66.26;27.87;10.849044337341;59.927249113642;297.03
403.61;127;140;119515.18;1214736.24;-0.95;94.28;67.10;27.10;10.849015651381;59.927256497715;296.93
405.41;128;141;119513.57;1214737.06;-0.94;95.14;67.48;26.81;10.848986936820;59.927263855516;296.82
407.21;129;142;119511.97;1214737.87;-0.94;94.83;68.31;26.06;10.848958199022;59.927271187951;296.72
409.01;130;143;119510.36;1214738.67;-0.93;94.29;68.73;25.73;10.848929434411;59.927278493209;296.62
410.81;131;144;119508.75;1214739.48;-0.92;94.09;69.47;25.08;10.848900641200;59.927285772196;296.51
412.61;132;145;119507.13;1214740.28;-0.91;94.09;70.18;24.45;10.848871824751;59.927293024912;296.41
414.41;133;146;119505.52;1214741.07;-0.91;94.14;70.52;24.21;10.848842983277;59.927300251356;296.31
416.21;134;147;119503.91;1214741.87;-0.90;94.13;71.32;23.51;10.848814114991;59.927307452434;296.21
418.01;135;148;119502.29;1214742.66;-0.89;94.10;71.69;23.23;10.848785219891;59.927314625430;296.10
419.81;136;149;119500.67;1214743.45;-0.88;94.66;72.40;22.59;10.848756301555;59.927321773060;296.00
421.61;137;150;119499.05;1214744.24;-0.88;95.26;72.94;22.06;10.848727356405;59.927328894418;295.89
423.41;138;151;119497.43;1214745.02;-0.87;95.28;73.24;21.76;10.848698386231;59.927335988599;295.79
425.21;139;152;119495.81;1214745.80;-0.86;95.33;73.45;21.55;10.848669392818;59.927343057415;295.69
427.01;140;153;119494.19;1214746.58;-0.86;95.27;73.54;21.46;10.848640372594;59.927350099053;295.58
428.81;141;154;119492.56;1214747.35;-0.85;95.26;73.76;21.24;10.848611327344;59.927357114421;295.48
430.61;142;155;119490.93;1214748.12;-0.84;95.29;73.96;21.04;10.848582257069;59.927364102610;295.38
432.41;143;156;119489.31;1214748.89;-0.83;95.32;74.07;20.93;10.848553161768;59.927371065435;295.28
434.21;144;157;119487.68;1214749.66;-0.83;95.29;74.25;20.75;10.848524043230;59.927378001987;295.18
436.01;145;158;119486.05;1214750.42;-0.82;95.31;74.19;20.81;10.848494899667;59.927384911363;295.07
437.81;146;159;119484.42;1214751.18;-0.81;95.26;74.01;20.99;10.848465731079;59.927391792655;294.96
439.61;147;160;119482.78;1214751.94;-0.80;95.27;73.83;21.17;10.848436537466;59.927398648582;294.86
441.41;148;161;119481.15;1214752.69;-0.80;95.26;73.77;21.23;10.848407320615;59.927405478238;294.76
443.21;149;162;119479.51;1214753.44;-0.79;95.27;73.72;21.29;10.848378080526;59.927412281622;294.66
445.01;150;163;119477.88;1214754.19;-0.78;95.25;73.70;21.30;10.848348815413;59.927419057829;294.55
446.81;151;164;119476.24;1214754.93;-0.77;95.23;73.75;21.25;10.848319525274;59.927425805952;294.45
448.61;152;165;119474.60;1214755.68;-0.77;95.24;73.86;21.14;10.848290213685;59.927432531428;294.36
450.41;153;166;119472.96;1214756.42;-0.76;95.24;73.91;21.09;10.848260894946;59.927439248751;294.33
452.21;154;167;119471.32;1214757.16;-0.75;95.21;74.02;20.98;10.848231577994;59.927445966073;294.33
454.01;155;168;119469.68;1214757.90;-0.74;95.21;73.96;21.04;10.848202259255;59.927452683396;294.33
455.81;156;169;119468.04;1214758.64;-0.74;95.19;73.91;21.09;10.848172942304;59.927459401625;294.33
457.61;157;170;119466.40;1214759.38;-0.73;95.15;73.53;21.47;10.848143623565;59.927466118947;294.33
459.41;158;171;119464.76;1214760.12;-0.72;95.13;73.10;21.90;10.848114306613;59.927472836270;294.33
461.21;159;172;119463.12;1214760.87;-0.71;95.11;72.92;22.08;10.848084987874;59.927479553592;294.33
463.01;160;173;119461.48;1214761.61;-0.71;95.11;72.41;22.59;10.848055670923;59.927486271821;294.33
464.81;161;174;119459.84;1214762.35;-0.70;95.12;72.19;22.81;10.848026353971;59.927492989144;294.33
466.61;162;175;119458.20;1214763.09;-0.69;95.10;71.70;23.30;10.847997035232;59.927499706466;294.33
468.41;163;176;119456.56;1214763.83;-0.69;95.11;71.21;23.79;10.847967718281;59.927506423789;294.33
470.21;164;177;119454.91;1214764.57;-0.68;95.09;70.99;24.01;10.847938399542;59.927513142018;294.33
472.01;165;178;119453.27;1214765.32;-0.67;95.13;70.50;24.50;10.847909082590;59.927519859340;294.33
473.81;166;179;119451.63;1214766.06;-0.66;95.14;69.98;25.02;10.847879763851;59.927526576663;294.33
475.61;167;180;119449.99;1214766.80;-0.66;95.08;69.73;25.27;10.847850446899;59.927533293985;294.33
477.41;168;181;119448.35;1214767.54;-0.65;95.05;69.18;25.82;10.847821128160;59.927540012214;294.33
479.21;169;182;119446.71;1214768.28;-0.64;95.06;68.54;26.46;10.847791811209;59.927546729537;294.33
481.01;170;183;119445.07;1214769.02;-0.63;95.02;67.78;27.23;10.847762492470;59.927553446859;294.33
482.81;171;184;119443.43;1214769.76;-0.63;95.01;67.19;27.81;10.847733175518;59.927560164182;294.33
484.61;172;185;119441.79;1214770.51;-0.62;95.01;67.03;27.97;10.847703856779;59.927566882411;294.33
486.41;173;186;119440.15;1214771.25;-0.61;95.02;66.71;28.29;10.847674539828;59.927573599733;294.33
488.21;174;187;119438.51;1214771.99;-0.60;95.03;66.36;28.60;10.847645221089;59.927580317056;294.33
490.01;175;188;119436.87;1214772.73;-0.60;95.04;66.20;28.68;10.847615904137;59.927587035284;294.33
491.81;176;189;119435.23;1214773.47;-0.59;95.08;65.92;28.88;10.847586585398;59.927593752607;294.33
493.61;177;190;119433.59;1214774.21;-0.58;95.10;65.64;29.09;10.847557268447;59.927600469930;294.33
495.41;178;191;119431.95;1214774.96;-0.57;95.25;65.49;29.32;10.847527949708;59.927607187252;294.33
497.21;179;192;119430.31;1214775.70;-0.57;95.29;65.21;29.56;10.847498632756;59.927613905481;294.33
499.01;180;193;119428.67;1214776.44;-0.56;95.30;64.92;29.80;10.847469314017;59.927620622804;294.33
500.81;181;194;119427.03;1214777.18;-0.55;95.18;64.82;29.86;10.847439997066;59.927627340126;294.33
502.61;182;195;119425.39;1214777.92;-0.54;95.06;64.64;30.01;10.847410678327;59.927634057449;294.33
504.41;183;196;119423.75;1214778.66;-0.54;94.94;64.45;30.18;10.847381361375;59.927640775677;294.33
506.21;184;197;119422.11;1214779.40;-0.53;94.84;64.34;30.28;10.847352044424;59.927647493000;294.33
508.01;185;198;119420.47;1214780.15;-0.52;94.72;64.06;30.48;10.847322725685;59.927654210323;294.33
509.81;186;199;119418.83;1214780.89;-0.51;94.65;63.91;30.43;10.847293408733;59.927660927645;294.33
511.61;187;200;119417.19;1214781.63;-0.51;94.56;63.64;30.51;10.847264089994;59.927667645874;294.33
513.41;188;201;119415.55;1214782.37;-0.50;94.41;63.36;30.60;10.847234773043;59.927674363197;294.33
515.21;189;202;119413.91;1214783.11;-0.49;94.31;63.21;30.55;10.847205454304;59.927681080519;294.33
517.01;190;203;119412.27;1214783.85;-0.49;94.25;62.93;30.64;10.847176137352;59.927687797842;294.33
518.81;191;204;119410.63;1214784.60;-0.48;94.27;62.65;30.87;10.847146818613;59.927694516070;294.33
520.61;192;205;119408.99;1214785.34;-0.47;94.44;62.51;31.00;10.847117501662;59.927701233393;294.33
522.41;193;206;119407.35;1214786.08;-0.46;94.44;62.23;31.26;10.847088182923;59.927707950716;294.33
524.21;194;207;119405.71;1214786.82;-0.46;94.42;61.94;31.56;10.847058865971;59.927714668038;294.33
526.01;195;208;119404.07;1214787.56;-0.45;94.29;61.79;31.72;10.847029547232;59.927721386267;294.33
527.81;196;209;119402.43;1214788.30;-0.44;94.27;61.51;32.01;10.847000230281;59.927728103590;294.33
529.61;197;210;119400.79;1214789.04;-0.43;94.18;61.37;32.16;10.846970911542;59.927734820912;294.33
531.41;198;211;119399.15;1214789.79;-0.43;94.20;61.11;32.43;10.846941594590;59.927741538235;294.33
533.21;199;212;119397.51;1214790.53;-0.42;94.24;60.89;32.65;10.846912275851;59.927748256463;294.33
535.01;200;213;119395.87;1214791.27;-0.41;94.23;60.79;32.76;10.846882958899;59.927754973786;294.33
536.81;201;214;119394.23;1214792.01;-0.40;94.26;60.55;33.01;10.846853640160;59.927761691109;294.33
538.61;202;215;119392.59;1214792.75;-0.40;94.23;60.30;33.30;10.846824323209;59.927768409337;294.33
540.41;203;216;119390.95;1214793.49;-0.39;94.42;60.19;33.48;10.846795004470;59.927775126660;294.33
542.21;204;217;119389.31;1214794.23;-0.38;94.26;59.94;33.80;10.846765687518;59.927781843983;294.33
544.01;205;218;119387.67;1214794.98;-0.37;94.07;59.75;34.05;10.846736370567;59.927788561305;294.33
545.81;206;219;119386.03;1214795.72;-0.37;94.07;59.69;34.18;10.846707051828;59.927795279534;294.33
547.61;207;220;119384.39;1214796.46;-0.36;94.06;59.58;34.37;10.846677734876;59.927801996856;294.33
549.41;208;221;119382.75;1214797.20;-0.35;94.04;59.46;34.55;10.846648416137;59.927808714179;294.33
551.21;209;222;119381.11;1214797.94;-0.34;94.00;59.40;34.62;10.846619099186;59.927815431502;294.33
553.01;210;223;119379.47;1214798.68;-0.34;94.02;59.23;34.78;10.846589780447;59.927822149730;294.33
554.81;211;224;119377.83;1214799.43;-0.33;94.00;59.15;34.87;10.846560463495;59.927828867053;294.33
556.61;212;225;119376.19;1214800.17;-0.32;94.01;59.01;35.01;10.846531144756;59.927835584376;294.33
558.41;213;226;119374.55;1214800.91;-0.32;94.03;58.86;35.15;10.846501827805;59.927842301698;294.33
560.21;214;227;119372.91;1214801.65;-0.31;94.07;58.79;35.21;10.846472509066;59.927849019927;294.33
562.01;215;228;119371.27;1214802.39;-0.30;94.10;58.65;35.35;10.846443192114;59.927855737250;294.33
563.81;216;229;119369.63;1214803.13;-0.29;94.23;58.51;35.49;10.846413873375;59.927862454572;294.33
565.61;217;230;119367.99;1214803.87;-0.29;94.18;58.44;35.56;10.846384556424;59.927869171895;294.33
567.41;218;231;119366.35;1214804.62;-0.28;94.20;58.42;35.58;10.846355237685;59.927875890123;294.33
569.21;219;232;119364.71;1214805.36;-0.27;94.18;58.40;35.60;10.846325920733;59.927882607446;294.33
571.01;220;233;119363.07;1214806.10;-0.26;94.16;58.40;35.60;10.846296601994;59.927889324769;294.33
572.81;221;234;119361.43;1214806.84;-0.26;94.13;58.39;35.61;10.846267285043;59.927896042091;294.33
574.61;222;235;119359.79;1214807.58;-0.25;94.09;58.38;35.62;10.846237966304;59.927902760320;294.33
576.41;223;236;119358.15;1214808.32;-0.24;94.08;58.47;35.53;10.846208649352;59.927909477643;294.33
578.21;224;237;119356.51;1214809.07;-0.23;94.04;58.70;35.30;10.846179330613;59.927916194965;294.33
580.01;225;238;119354.87;1214809.81;-0.23;94.03;58.88;35.12;10.846150013662;59.927922913194;294.33
581.81;226;239;119353.23;1214810.55;-0.22;93.99;59.21;34.79;10.846120694923;59.927929630516;294.33
583.61;227;240;119351.59;1214811.29;-0.21;93.94;59.55;34.45;10.846091377971;59.927936347839;294.33
585.41;228;241;119349.95;1214812.03;-0.20;93.93;59.72;34.28;10.846062061020;59.927943065162;294.33
587.21;229;242;119348.31;1214812.77;-0.20;93.94;60.11;33.89;10.846032742281;59.927949783390;294.33
589.01;230;243;119346.67;1214813.51;-0.19;94.03;60.54;33.46;10.846003425329;59.927956500713;294.33
590.81;231;244;119345.02;1214814.26;-0.18;94.06;60.74;33.26;10.845974106590;59.927963218036;294.33
592.61;232;245;119343.38;1214815.00;-0.17;94.04;61.17;32.83;10.845944789639;59.927969935358;294.33
594.41;233;246;119341.74;1214815.74;-0.17;93.99;61.62;32.38;10.845915470900;59.927976653587;294.33
596.21;234;247;119340.10;1214816.48;-0.16;93.96;61.85;32.15;10.845886153948;59.927983370909;294.33
598.01;235;248;119338.46;1214817.22;-0.15;93.95;62.29;31.71;10.845856835209;59.927990088232;294.33
599.81;236;249;119336.82;1214817.96;-0.15;93.95;62.50;31.50;10.845827518257;59.927996805555;294.33
601.61;237;250;119335.18;1214818.71;-0.14;94.00;63.01;30.99;10.845798199518;59.928003523783;294.33
603.41;238;251;119333.54;1214819.45;-0.13;94.06;63.42;30.58;10.845768882567;59.928010241106;294.33
605.21;239;252;119331.90;1214820.19;-0.12;94.05;63.62;30.38;10.845739563828;59.928016958429;294.33
607.01;240;253;119330.26;1214820.93;-0.12;94.06;64.03;29.98;10.845710246876;59.928023675751;294.33
608.81;241;254;119328.62;1214821.67;-0.11;93.86;64.43;29.57;10.845680928137;59.928030393980;294.33
610.61;242;255;119326.98;1214822.41;-0.10;93.81;64.64;29.36;10.845651611186;59.928037111302;294.33
612.41;243;256;119325.34;1214823.15;-0.09;93.78;64.90;29.10;10.845622292447;59.928043828625;294.33
614.21;244;257;119323.70;1214823.90;-0.09;93.82;65.17;28.83;10.845592975495;59.928050545948;294.33
616.01;245;258;119322.06;1214824.64;-0.08;93.76;65.29;28.61;10.845563656756;59.928057264176;294.33
617.81;246;259;119320.42;1214825.38;-0.07;93.71;65.56;28.21;10.845534339805;59.928063981499;294.33
619.61;247;260;119318.78;1214826.12;-0.06;93.66;65.71;27.91;10.845505022853;59.928070698822;294.33
621.41;248;261;119317.14;1214826.86;-0.06;93.57;66.01;27.46;10.845475704114;59.928077416144;294.33
623.21;249;262;119315.50;1214827.60;-0.05;93.50;66.15;27.18;10.845446387163;59.928084134373;294.33
625.01;250;263;119313.86;1214828.35;-0.04;93.33;66.25;26.96;10.845417068424;59.928090851695;294.33
626.81;251;264;119312.22;1214829.09;-0.03;93.04;66.47;26.57;10.845387751472;59.928097569018;294.33
628.61;252;265;119310.58;1214829.83;-0.03;92.86;66.68;26.01;10.845358432733;59.928104287247;294.33
630.41;253;266;119308.94;1214830.57;-0.02;92.43;66.80;25.50;10.845329115782;59.928111004569;294.33
632.21;254;267;119307.30;1214831.31;-0.01;92.18;67.01;24.89;10.845299797043;59.928117721892;294.33
634.01;255;268;119305.66;1214832.05;0.00;91.57;67.28;24.25;10.845270480091;59.928124439215;294.33
635.81;256;269;119304.02;1214832.79;0.00;91.12;67.40;23.74;10.845241161352;59.928131157443;294.33
637.61;257;270;119302.38;1214833.54;0.01;90.93;67.72;23.16;10.845211844401;59.928137874766;294.33
639.41;258;271;119300.74;1214834.28;0.02;90.62;68.08;22.65;10.845182525662;59.928144592088;294.33
641.21;259;272;119299.10;1214835.02;0.03;90.52;68.24;22.34;10.845153208710;59.928151309411;294.33
643.01;260;273;119297.46;1214835.76;0.03;90.40;68.59;21.87;10.845123889971;59.928158027640;294.33
644.81;261;274;119295.82;1214836.50;0.04;90.29;68.79;21.59;10.845094573020;59.928164744962;294.33
646.61;262;275;119294.18;1214837.24;0.05;90.27;69.19;21.11;10.845065254281;59.928171462285;294.33
648.41;263;276;119292.54;1214837.98;0.05;90.17;69.60;20.64;10.845035937329;59.928178179608;294.33
650.21;264;277;119290.90;1214838.73;0.06;90.13;69.81;20.37;10.845006618590;59.928184897836;294.33
652.01;265;278;119289.26;1214839.47;0.07;89.94;70.21;19.88;10.844977301639;59.928191615159;294.33
653.81;266;279;119287.62;1214840.21;0.08;89.87;70.62;19.36;10.844947982900;59.928198332481;294.33
655.61;267;280;119285.98;1214840.95;0.08;89.75;70.80;19.08;10.844918665948;59.928205049804;294.33
657.41;268;281;119284.34;1214841.69;0.09;89.61;71.19;18.57;10.844889347209;59.928211768033;294.33
659.21;269;282;119282.70;1214842.43;0.10;89.58;71.59;18.08;10.844860030257;59.928218485355;294.33
661.01;270;283;119281.06;1214843.18;0.11;89.48;71.77;17.81;10.844830713306;59.928225202678;294.33
662.81;271;284;119279.42;1214843.92;0.11;89.44;72.14;17.34;10.844801394567;59.928231920001;294.33
664.61;272;285;119277.78;1214844.66;0.12;89.36;72.29;17.08;10.844772077615;59.928238638229;294.33
666.41;273;286;119276.14;1214845.40;0.13;89.25;72.50;16.76;10.844742758876;59.928245355552;294.33
668.21;274;287;119274.50;1214846.14;0.14;89.20;72.64;16.51;10.844713441925;59.928252072875;294.33
670.01;275;288;119272.86;1214846.88;0.14;89.10;72.70;16.33;10.844684123186;59.928258790197;294.33
671.81;276;289;119271.22;1214847.62;0.15;89.04;72.83;16.17;10.844654806234;59.928265508426;294.33
673.61;277;290;119269.58;1214848.37;0.16;88.93;72.96;16.04;10.844625487495;59.928272225748;294.33
675.41;278;291;119267.94;1214849.11;0.17;88.83;73.03;15.89;10.844596170544;59.928278943071;294.33
677.21;279;292;119266.30;1214849.85;0.17;88.68;73.08;15.67;10.844566851805;59.928285661300;294.33
679.01;280;293;119264.66;1214850.59;0.18;88.53;73.07;15.51;10.844537534853;59.928292378622;294.33
680.81;281;294;119263.02;1214851.33;0.19;88.49;73.06;15.35;10.844508216114;59.928299095945;294.33
682.61;282;295;119261.38;1214852.07;0.20;88.39;73.08;15.16;10.844478899163;59.928305813268;294.33
684.41;283;296;119259.74;1214852.82;0.20;88.36;73.11;14.95;10.844449580424;59.928312531496;294.33
686.21;284;297;119258.10;1214853.56;0.21;87.89;73.13;14.86;10.844420263472;59.928319248819;294.33
688.01;285;298;119256.46;1214854.30;0.22;87.92;73.16;14.71;10.844390944733;59.928325966141;294.33
689.81;286;299;119254.82;1214855.04;0.22;87.95;73.17;14.57;10.844361627782;59.928332683464;294.33
691.61;287;300;119253.18;1214855.78;0.23;87.90;73.18;14.42;10.844332309043;59.928339401693;294.33
693.41;288;301;119251.54;1214856.52;0.24;87.89;73.20;14.27;10.844302992091;59.928346119015;294.33
695.21;289;302;119249.90;1214857.26;0.25;87.97;73.21;14.14;10.844273673352;59.928352836338;294.33
697.01;290;303;119248.26;1214858.01;0.25;87.88;73.22;14.03;10.844244356401;59.928359553661;294.33
698.81;291;304;119246.62;1214858.75;0.26;87.29;73.23;13.53;10.844215039449;59.928366271889;294.33
700.61;292;305;119244.98;1214859.49;0.27;86.17;73.26;12.82;10.844185720710;59.928372989212;294.33
702.41;293;306;119243.34;1214860.23;0.28;85.94;73.30;12.47;10.844156403759;59.928379706534;294.33
704.21;294;307;119241.70;1214860.97;0.28;85.73;73.36;12.22;10.844127085020;59.928386423857;294.33
706.01;295;308;119240.06;1214861.71;0.29;85.62;73.38;11.99;10.844097768068;59.928393142086;294.33
707.81;296;309;119238.42;1214862.46;0.30;85.37;73.43;11.74;10.844068449329;59.928399859408;294.33
709.61;297;310;119236.78;1214863.20;0.31;85.11;73.46;11.50;10.844039132378;59.928406576731;294.33
711.41;298;311;119235.14;1214863.94;0.31;84.98;73.48;11.28;10.844009813639;59.928413294054;294.33
713.21;299;312;119233.49;1214864.68;0.32;84.78;73.50;11.05;10.843980496687;59.928420012282;294.33
715.01;300;313;119231.85;1214865.42;0.33;84.69;73.52;10.92;10.843951177948;59.928426729605;294.33
716.81;301;314;119230.21;1214866.16;0.34;84.57;73.54;10.85;10.843921860997;59.928433446927;294.33
718.61;302;315;119228.57;1214866.90;0.34;84.46;73.56;10.79;10.843892542257;59.928440165156;294.33
720.41;303;316;119226.93;1214867.65;0.35;84.42;73.49;10.83;10.843863225306;59.928446882479;294.33
722.21;304;317;119225.29;1214868.39;0.36;84.36;73.28;11.01;10.843833906567;59.928453599801;294.33
724.01;305;318;119223.65;1214869.13;0.37;84.34;73.08;11.18;10.843804589615;59.928460317124;294.33
725.81;306;319;119222.01;1214869.87;0.37;84.32;72.98;11.25;10.843775270876;59.928467035353;294.33
727.61;307;320;119220.37;1214870.61;0.38;84.32;72.87;11.33;10.843745953925;59.928473752675;294.33
729.41;308;321;119218.73;1214871.35;0.39;84.33;72.81;11.36;10.843716635186;59.928480469998;294.33
731.21;309;322;119217.09;1214872.10;0.40;84.34;72.79;11.34;10.843687318234;59.928487187320;294.33
733.01;310;323;119215.45;1214872.84;0.40;84.34;72.77;11.34;10.843657999495;59.928493905549;294.33
734.81;311;324;119213.81;1214873.58;0.41;84.34;72.75;11.32;10.843628682544;59.928500622872;294.33
736.61;312;325;119212.17;1214874.32;0.42;84.34;72.41;11.65;10.843599363805;59.928507340194;294.33
738.41;313;326;119210.53;1214875.06;0.42;84.34;72.03;12.03;10.843570046853;59.928514057517;294.33
740.21;314;327;119208.89;1214875.80;0.43;84.33;71.86;12.19;10.843540729902;59.928520775746;294.33
742.01;315;328;119207.25;1214876.54;0.44;84.33;71.59;12.47;10.843511411163;59.928527493068;294.33
743.81;316;329;119205.61;1214877.29;0.45;84.32;71.42;12.63;10.843482094211;59.928534210391;294.33
745.61;317;330;119203.97;1214878.03;0.45;84.32;71.35;12.71;10.843452775472;59.928540927713;294.33
747.41;318;331;119202.33;1214878.77;0.46;84.31;71.19;12.87;10.843423458521;59.928547645942;294.33
749.21;319;332;119200.69;1214879.51;0.47;84.30;71.03;13.02;10.843394139782;59.928554363265;294.33
751.01;320;333;119199.05;1214880.25;0.48;84.29;71.02;13.03;10.843364822830;59.928561080587;294.33
752.81;321;334;119197.41;1214880.99;0.48;84.28;71.06;12.99;10.843335504091;59.928567797910;294.33
754.61;322;335;119195.77;1214881.74;0.49;84.27;71.06;12.99;10.843306187140;59.928574516139;294.33
756.41;323;336;119194.13;1214882.48;0.50;84.25;71.06;12.99;10.843276868401;59.928581233461;294.33
758.21;324;337;119192.49;1214883.22;0.51;84.24;71.06;12.99;10.843247551449;59.928587950784;294.33
760.01;325;338;119190.85;1214883.96;0.51;84.23;71.07;12.97;10.843218232710;59.928594669012;294.33
761.81;326;339;119189.21;1214884.70;0.52;84.21;71.10;12.93;10.843188915759;59.928601386335;294.33
763.61;327;340;119187.57;1214885.44;0.53;84.21;71.05;12.97;10.843159597020;59.928608103658;294.33
765.41;328;341;119185.93;1214886.18;0.54;84.19;70.94;13.06;10.843130280068;59.928614820980;294.33
767.21;329;342;119184.29;1214886.93;0.54;84.19;70.74;13.26;10.843100961329;59.928621539209;294.33
769.01;330;343;119182.65;1214887.67;0.55;84.17;70.55;13.45;10.843071644378;59.928628256532;294.33
770.81;331;344;119181.01;1214888.41;0.56;84.16;70.45;13.55;10.843042325639;59.928634973854;294.33
772.61;332;345;119179.37;1214889.15;0.57;84.16;70.31;13.69;10.843013008687;59.928641691177;294.33
774.41;333;346;119177.73;1214889.89;0.57;84.15;70.15;13.85;10.842983689948;59.928648409405;294.33
776.21;334;347;119176.09;1214890.63;0.58;84.15;70.05;13.95;10.842954372997;59.928655126728;294.33
778.01;335;348;119174.45;1214891.37;0.59;84.14;69.81;14.19;10.842925056045;59.928661844051;294.33
779.81;336;349;119172.81;1214892.12;0.59;84.13;69.67;14.34;10.842895737306;59.928668561373;294.33
781.61;337;350;119171.17;1214892.86;0.60;84.13;69.38;14.62;10.842866420354;59.928675279602;294.33
783.41;338;351;119169.53;1214893.60;0.61;84.13;69.10;14.90;10.842837101615;59.928681996925;294.33
785.21;339;352;119167.89;1214894.34;0.62;84.13;68.96;15.04;10.842807784664;59.928688714247;294.33
787.01;340;353;119166.25;1214895.08;0.62;84.12;68.93;15.07;10.842778465925;59.928695431570;294.33
788.81;341;354;119164.61;1214895.82;0.63;84.12;68.90;15.10;10.842749148973;59.928702149798;294.33
790.61;342;355;119162.97;1214896.57;0.64;84.12;68.89;15.11;10.842719830234;59.928708867121;294.33
792.41;343;356;119161.33;1214897.31;0.65;84.11;68.87;15.11;10.842690513283;59.928715584444;294.33
794.21;344;357;119159.69;1214898.05;0.65;84.11;68.85;15.10;10.842661194544;59.928722301766;294.33
796.01;345;358;119158.05;1214898.79;0.66;84.11;68.84;15.08;10.842631877592;59.928729019995;294.33
797.81;346;359;119156.41;1214899.53;0.67;84.11;68.87;15.02;10.842602558853;59.928735737318;294.33
799.61;347;360;119154.77;1214900.27;0.68;84.11;68.93;14.94;10.842573241902;59.928742454640;294.33
801.41;348;361;119153.13;1214901.01;0.68;84.09;68.96;14.88;10.842543923163;59.928749172869;294.33
803.21;349;362;119151.49;1214901.76;0.69;84.09;69.02;14.79;10.842514606211;59.928755890191;294.33
805.01;350;363;119149.85;1214902.50;0.70;84.09;69.05;14.73;10.842485287472;59.928762607514;294.33
806.81;351;364;119148.21;1214903.24;0.71;84.09;69.10;14.64;10.842455970521;59.928769324837;294.33
808.61;352;365;119146.57;1214903.98;0.71;84.08;69.17;14.54;10.842426651782;59.928776043065;294.33
810.41;353;366;119144.93;1214904.72;0.72;84.09;69.22;14.47;10.842397334830;59.928782760388;294.33
812.21;354;367;119143.29;1214905.46;0.73;84.08;69.30;14.37;10.842368016091;59.928789477711;294.33
814.01;355;368;119141.65;1214906.21;0.74;84.07;69.38;14.32;10.842338699140;59.928796195033;294.33
815.81;356;369;119140.01;1214906.95;0.74;84.07;69.43;14.31;10.842309382188;59.928802913262;294.33
817.61;357;370;119138.37;1214907.69;0.75;84.06;69.51;14.26;10.842280063449;59.928809630584;294.33
819.41;358;371;119136.73;1214908.43;0.76;84.03;69.56;14.24;10.842250746498;59.928816347907;294.33
821.21;359;372;119135.09;1214909.17;0.76;83.83;69.59;14.25;10.842221427759;59.928823065230;294.33
823.01;360;373;119133.45;1214909.91;0.77;83.66;69.64;14.10;10.842192110807;59.928829783458;294.33
824.81;361;374;119131.81;1214910.65;0.78;83.65;69.67;13.93;10.842162792068;59.928836500781;294.33
826.61;362;375;119130.17;1214911.40;0.79;83.65;69.73;13.72;10.842133475117;59.928843218104;294.33
828.41;363;376;119128.53;1214912.14;0.79;83.67;69.79;13.52;10.842104156378;59.928849935426;294.33
830.21;364;377;119126.89;1214912.88;0.80;83.66;69.83;13.37;10.842074839426;59.928856653655;294.33
832.01;365;378;119125.25;1214913.62;0.81;83.66;69.93;13.15;10.842045520687;59.928863370978;294.33
833.81;366;379;119123.61;1214914.36;0.82;83.15;70.03;12.53;10.842016203736;59.928870088300;294.33
835.61;367;380;119121.96;1214915.10;0.82;81.65;70.09;11.25;10.841986884997;59.928876805623;294.33
837.41;368;381;119120.32;1214915.85;0.83;81.50;70.09;11.12;10.841957568045;59.928883523851;294.33
839.21;369;382;119118.68;1214916.59;0.84;81.31;70.09;11.37;10.841928249306;59.928890241174;294.33
841.01;370;383;119117.04;1214917.33;0.85;81.22;70.08;11.61;10.841898932354;59.928896958497;294.33
842.81;371;384;119115.40;1214918.07;0.85;81.21;70.09;11.84;10.841869613615;59.928903676725;294.33
844.61;372;385;119113.76;1214918.81;0.86;81.95;70.10;12.12;10.841840296664;59.928910394048;294.33
846.41;373;386;119112.12;1214919.55;0.87;82.11;70.11;12.42;10.841810977925;59.928917111371;294.33
848.21;374;387;119110.48;1214920.29;0.88;82.43;70.11;12.73;10.841781660973;59.928923828693;294.33
850.01;375;388;119108.84;1214921.04;0.88;82.73;70.04;13.31;10.841752342234;59.928930546922;294.33
851.81;376;389;119107.20;1214921.78;0.89;83.59;69.84;14.26;10.841723025283;59.928937264244;294.33
853.61;377;390;119105.56;1214922.52;0.90;84.66;69.62;15.32;10.841693706544;59.928943981567;294.33
855.41;378;391;119103.92;1214923.26;0.91;85.33;69.50;16.20;10.841664389592;59.928950698890;294.33
857.21;379;392;119102.28;1214924.00;0.91;86.17;69.28;17.06;10.841635072641;59.928957417118;294.33
859.01;380;393;119100.64;1214924.74;0.92;86.51;69.13;17.77;10.841605753902;59.928964134441;294.33
860.81;381;394;119099.00;1214925.49;0.93;87.28;69.06;18.01;10.841576436950;59.928970851764;294.33
862.61;382;395;119097.36;1214926.23;0.94;87.44;68.94;18.23;10.841547118211;59.928977569086;294.33
864.41;383;396;119095.72;1214926.97;0.94;87.38;68.94;18.31;10.841517801260;59.928984287315;294.33
866.21;384;397;119094.08;1214927.71;0.95;87.39;68.95;18.40;10.841488482521;59.928991004637;294.33
868.01;385;398;119092.44;1214928.45;0.96;87.42;68.97;18.47;10.841459165569;59.928997721960;294.33
869.81;386;399;119090.80;1214929.19;0.96;87.42;68.98;18.55;10.841429846830;59.929004439283;294.33
871.61;387;400;119089.16;1214929.93;0.97;87.47;69.00;18.62;10.841400529879;59.929011157511;294.33
873.41;388;401;119087.52;1214930.68;0.98;87.62;68.99;18.73;10.841371211140;59.929017874834;294.33
875.21;389;402;119085.88;1214931.42;0.99;87.24;68.97;18.84;10.841341894188;59.929024592157;294.33
877.01;390;403;119084.24;1214932.16;0.99;87.02;68.94;18.96;10.841312575449;59.929031309479;294.33
878.81;391;404;119082.60;1214932.90;1.00;87.55;68.90;19.14;10.841283258498;59.929038027708;294.33
880.61;392;405;119080.96;1214933.64;1.01;88.10;68.89;19.88;10.841253939759;59.929044745030;294.33
882.41;393;406;119079.32;1214934.38;1.02;89.29;68.86;20.82;10.841224622807;59.929051462353;294.33
884.21;394;407;119077.68;1214935.12;1.02;90.38;68.70;21.90;10.841195304068;59.929058179676;294.33
886.01;395;408;119076.04;1214935.87;1.03;90.88;68.54;23.03;10.841165987117;59.929064897904;294.33
887.81;396;409;119074.40;1214936.61;1.04;91.99;68.14;24.31;10.841136668378;59.929071615227;294.33
889.61;397;410;119072.76;1214937.35;1.05;92.67;67.39;26.02;10.841107351426;59.929078332550;294.33
891.41;398;411;119071.12;1214938.09;1.05;93.93;67.05;26.99;10.841078032687;59.929085050778;294.33
893.21;399;412;119069.48;1214938.83;1.06;94.60;66.33;27.84;10.841048715736;59.929091768101;294.33
895.01;400;413;119067.84;1214939.57;1.07;94.86;65.97;28.32;10.841019398784;59.929098485423;294.33
896.81;401;414;119066.20;1214940.32;1.08;94.91;65.51;28.90;10.840990080045;59.929105202746;294.33
898.61;402;415;119064.56;1214941.06;1.08;94.91;65.09;29.45;10.840960763094;59.929111920975;294.33
900.41;403;416;119062.92;1214941.80;1.09;94.90;64.89;29.76;10.840931444354;59.929118638297;294.33
902.21;404;417;119061.28;1214942.54;1.10;94.91;64.46;30.31;10.840902127403;59.929125355620;294.33
904.01;405;418;119059.64;1214943.28;1.11;94.95;64.06;30.84;10.840872808664;59.929132072943;294.33
905.81;406;419;119058.00;1214944.02;1.11;94.99;63.85;31.14;10.840843491712;59.929138791171;294.33
907.61;407;420;119056.36;1214944.76;1.12;95.01;63.43;31.60;10.840814172973;59.929145508494;294.33
909.41;408;421;119054.72;1214945.51;1.13;95.08;63.02;32.06;10.840784856022;59.929152225816;294.33
911.21;409;422;119053.08;1214946.25;1.13;95.09;62.80;32.33;10.840755537283;59.929158943139;294.33
913.01;410;423;119051.44;1214946.99;1.14;95.16;62.32;32.87;10.840726220331;59.929165661368;294.33
914.81;411;424;119049.80;1214947.73;1.15;95.18;62.01;33.23;10.840696901592;59.929172378690;294.33
916.61;412;425;119048.16;1214948.47;1.16;95.21;61.78;33.51;10.840667584641;59.929179096013;294.33
918.41;413;426;119046.52;1214949.21;1.16;95.27;61.59;33.75;10.840638265902;59.929185813336;294.33
920.21;414;427;119044.88;1214949.96;1.17;95.31;61.49;33.90;10.840608948950;59.929192531564;294.33
922.01;415;428;119043.24;1214950.70;1.18;95.33;61.29;34.15;10.840579630211;59.929199248887;294.33
923.81;416;429;119041.60;1214951.44;1.19;95.40;61.08;34.42;10.840550313260;59.929205966209;294.33
925.61;417;430;119039.96;1214952.18;1.19;95.47;60.97;34.58;10.840520994521;59.929212683532;294.33
927.41;418;431;119038.32;1214952.92;1.20;95.54;60.74;34.87;10.840491677569;59.929219401761;294.33
929.21;419;432;119036.68;1214953.66;1.21;95.53;60.50;35.15;10.840462358830;59.929226119083;294.33
931.01;420;433;119035.04;1214954.40;1.22;95.58;60.38;35.33;10.840433041879;59.929232836406;294.33
932.81;421;434;119033.40;1214955.15;1.22;95.62;60.16;35.62;10.840403724927;59.929239554635;294.33
934.61;422;435;119031.76;1214955.89;1.23;95.70;59.92;35.92;10.840374406188;59.929246271957;294.33
936.41;423;436;119030.12;1214956.63;1.24;95.79;59.80;36.10;10.840345089237;59.929252989280;294.33
938.21;424;437;119028.48;1214957.37;1.25;95.85;59.57;36.39;10.840315770498;59.929259706603;294.33
940.01;425;438;119026.84;1214958.11;1.25;95.95;59.49;36.51;10.840286453546;59.929266424831;294.33
941.81;426;439;119025.20;1214958.85;1.26;96.00;59.32;36.68;10.840257134807;59.929273142154;294.33
943.61;427;440;119023.56;1214959.60;1.27;96.08;59.15;36.85;10.840227817856;59.929279859476;294.33
945.41;428;441;119021.92;1214960.34;1.28;96.12;59.08;36.92;10.840198499117;59.929286576799;294.33
947.21;429;442;119020.28;1214961.08;1.28;96.14;58.91;37.09;10.840169182165;59.929293295028;294.33
949.01;430;443;119018.64;1214961.82;1.29;96.15;58.74;37.26;10.840139863426;59.929300012350;294.33
950.81;431;444;119017.00;1214962.56;1.30;96.15;58.65;37.35;10.840110546475;59.929306729673;294.33
952.61;432;445;119015.36;1214963.30;1.30;96.15;58.49;37.51;10.840081227736;59.929313446996;294.33
954.41;433;446;119013.72;1214964.04;1.31;96.16;58.33;37.67;10.840051910784;59.929320165224;294.33
956.21;434;447;119012.07;1214964.79;1.32;96.16;58.25;37.75;10.840022592045;59.929326882547;294.33
958.01;435;448;119010.43;1214965.53;1.33;96.17;58.09;37.91;10.839993275094;59.929333599869;294.33
959.81;436;449;119008.79;1214966.27;1.33;96.17;58.01;37.99;10.839963956355;59.929340317192;294.33
961.61;437;450;119007.15;1214967.01;1.34;96.18;57.83;38.17;10.839934639403;59.929347035421;294.33
963.41;438;451;119005.51;1214967.75;1.35;96.18;57.61;38.39;10.839905320664;59.929353752743;294.33
965.21;439;452;119003.87;1214968.49;1.36;96.19;57.51;38.49;10.839876003712;59.929360470066;294.33
967.01;440;453;119002.23;1214969.24;1.36;96.19;57.30;38.70;10.839846684973;59.929367187389;294.33
968.81;441;454;119000.59;1214969.98;1.37;96.20;57.09;38.92;10.839817368022;59.929373905617;294.33
970.61;442;455;118998.95;1214970.72;1.38;96.20;56.98;39.02;10.839788051070;59.929380622940;294.33
972.41;443;456;118997.31;1214971.46;1.39;96.20;56.76;39.24;10.839758732331;59.929387340262;294.33
974.21;444;457;118995.67;1214972.20;1.39;96.21;56.53;39.47;10.839729415380;59.929394058491;294.33
976.01;445;458;118994.03;1214972.94;1.40;96.21;56.42;39.58;10.839700096641;59.929400775814;294.33
977.81;446;459;118992.39;1214973.68;1.41;96.22;56.20;39.80;10.839670779689;59.929407493136;294.33
979.61;447;460;118990.75;1214974.43;1.42;96.22;55.99;40.02;10.839641460950;59.929414210459;294.33
981.41;448;461;118989.11;1214975.17;1.42;96.22;55.87;40.13;10.839612143999;59.929420928687;294.33
983.21;449;462;118987.47;1214975.91;1.43;96.23;55.67;40.33;10.839582825260;59.929427646010;294.33
985.01;450;463;118985.83;1214976.65;1.44;96.22;55.56;40.44;10.839553508308;59.929434363333;294.33
986.81;451;464;118984.19;1214977.39;1.45;96.18;55.36;40.65;10.839524189569;59.929441080655;294.33
988.61;452;465;118982.55;1214978.13;1.45;96.08;55.15;40.86;10.839494872618;59.929447798884;294.33
990.41;453;466;118980.91;1214978.87;1.46;96.04;55.05;40.97;10.839465553879;59.929454516207;294.33
992.21;454;467;118979.27;1214979.62;1.47;96.03;54.87;41.16;10.839436236927;59.929461233529;294.33
994.01;455;468;118977.63;1214980.36;1.48;96.03;54.68;41.35;10.839406918188;59.929467950852;294.33
995.81;456;469;118975.99;1214981.10;1.48;96.01;54.58;41.46;10.839377601237;59.929474669080;294.33
997.61;457;470;118974.35;1214981.84;1.49;96.02;54.40;41.65;10.839348282498;59.929481386403;294.33
999.41;458;471;118972.71;1214982.58;1.50;96.04;54.21;41.84;10.839318965546;59.929488103726;294.33
1001.21;459;472;118971.07;1214983.32;1.50;96.07;54.12;41.94;10.839289646807;59.929494821048;294.33
1003.01;460;473;118969.43;1214984.07;1.51;96.09;53.93;42.14;10.839260329856;59.929501539277;294.33
1004.81;461;474;118967.79;1214984.81;1.52;96.17;53.83;42.25;10.839231011117;59.929508256600;294.33
1006.61;462;475;118966.15;1214985.55;1.53;96.23;53.65;42.45;10.839201694165;59.929514973922;294.33
1008.41;463;476;118964.51;1214986.29;1.53;96.41;53.46;42.65;10.839172375426;59.929521691245;294.33
1010.21;464;477;118962.87;1214987.03;1.54;96.55;53.37;42.76;10.839143058475;59.929528409474;294.33
1012.01;465;478;118961.23;1214987.77;1.55;96.62;53.18;42.96;10.839113741523;59.929535126796;294.33
1013.81;466;479;118959.59;1214988.51;1.56;96.59;53.03;43.14;10.839084422784;59.929541844119;294.33
1015.61;467;480;118957.95;1214989.26;1.56;96.54;52.95;43.24;10.839055105833;59.929548561441;294.33
1017.41;468;481;118956.31;1214990.00;1.57;96.54;52.82;43.40;10.839025787094;59.929555279670;294.33
1019.21;469;482;118954.67;1214990.74;1.58;96.57;52.68;43.56;10.838996470142;59.929561996993;294.33
1021.01;470;483;118953.03;1214991.48;1.59;96.61;52.61;43.65;10.838967151403;59.929568714315;294.33
1022.81;471;484;118951.48;1214992.18;1.59;96.63;52.48;43.79;10.838939462873;59.929575059309;294.33
1024.61;472;485;118949.75;1214992.96;1.60;96.65;52.34;43.94;10.838908515712;59.929582149867;294.33
1026.41;473;486;118948.11;1214993.71;1.61;96.70;52.26;44.03;10.838879198761;59.929588867189;294.33
1028.21;474;487;118946.47;1214994.45;1.62;96.74;52.24;44.07;10.838849880022;59.929595584512;294.33
1030.01;475;488;118944.92;1214995.15;1.62;96.77;52.26;44.07;10.838822191492;59.929601929505;294.33
1031.81;476;489;118943.19;1214995.93;1.63;96.81;52.29;44.05;10.838791244331;59.929609020063;294.33
1033.61;477;490;118941.55;1214996.67;1.64;96.82;52.32;44.05;10.838761927380;59.929615737386;294.33
1035.41;478;491;118939.91;1214997.41;1.65;96.83;52.33;44.06;10.838732608641;59.929622454708;294.33
1037.21;479;492;118938.27;1214998.15;1.65;96.84;52.36;44.06;10.838703291689;59.929629172937;294.33
1039.01;480;493;118936.72;1214998.85;1.66;96.86;52.47;43.99;10.838675603159;59.929635517025;294.33
1040.81;481;494;118934.99;1214999.64;1.67;96.88;52.56;43.92;10.838644655999;59.929642607582;294.33
1042.61;482;495;118933.35;1215000.38;1.67;96.88;52.76;43.75;10.838615337260;59.929649324905;294.33
1044.41;483;496;118931.71;1215001.12;1.68;96.86;52.98;43.55;10.838586020308;59.929656043133;294.33
1046.21;484;497;118930.07;1215001.86;1.69;96.84;53.09;43.46;10.838556701569;59.929662760456;294.33
1048.01;485;498;118928.52;1215002.56;1.70;96.83;53.30;43.27;10.838529013039;59.929669104544;294.33
1049.81;486;499;118926.79;1215003.35;1.70;96.84;53.42;43.17;10.838498067666;59.929676195101;294.33
1051.61;487;500;118925.15;1215004.09;1.71;96.76;53.67;42.95;10.838468748927;59.929682913330;294.33
1053.41;488;501;118923.51;1215004.83;1.72;96.72;53.93;42.70;10.838439431976;59.929689630653;294.33
1055.21;489;502;118921.87;1215005.57;1.73;96.73;54.06;42.59;10.838410113237;59.929696347975;294.33
1057.01;490;503;118920.32;1215006.27;1.73;96.71;54.31;42.36;10.838382424707;59.929702692063;294.33
1058.81;491;504;118918.59;1215007.05;1.74;96.66;54.56;42.13;10.838351477546;59.929709783526;294.33
1060.61;492;505;118916.95;1215007.79;1.75;96.67;54.69;42.02;10.838322160595;59.929716500849;294.33
1062.41;493;506;118915.31;1215008.54;1.76;96.53;54.95;41.78;10.838292841856;59.929723218172;294.33
1064.21;494;507;118913.67;1215009.28;1.76;96.54;55.20;41.55;10.838263524904;59.929729935494;294.33
1066.01;495;508;118912.12;1215009.98;1.77;96.57;55.33;41.44;10.838235834587;59.929736280488;294.33
1067.81;496;509;118910.39;1215010.76;1.78;96.57;55.58;41.24;10.838204889214;59.929743371046;294.33
1069.61;497;510;118908.75;1215011.50;1.79;97.62;55.70;41.28;10.838175570475;59.929750088368;294.33
1071.41;498;511;118907.11;1215012.24;1.79;97.91;55.96;41.20;10.838146253523;59.929756806597;294.33
1073.21;499;512;118905.47;1215012.99;1.80;97.92;56.25;41.00;10.838116934784;59.929763523919;294.33
1075.01;500;513;118903.92;1215013.69;1.81;97.92;56.40;40.90;10.838089246254;59.929769868007;294.33
1076.81;501;514;118902.19;1215014.47;1.82;97.92;56.68;40.67;10.838058299094;59.929776958565;294.33
1078.61;502;515;118900.54;1215015.21;1.82;97.88;56.95;40.45;10.838028982142;59.929783676793;294.33
1080.41;503;516;118898.90;1215015.95;1.83;97.86;57.10;40.36;10.837999663403;59.929790394116;294.33
1082.21;504;517;118897.26;1215016.69;1.84;97.89;57.37;40.14;10.837970346452;59.929797111439;294.33
1084.01;505;518;118895.72;1215017.39;1.84;97.93;57.64;39.92;10.837942657922;59.929803455526;294.33
1085.81;506;519;118893.98;1215018.18;1.85;97.92;57.79;39.82;10.837911710761;59.929810546990;294.33
1087.61;507;520;118892.34;1215018.92;1.86;97.87;58.08;39.58;10.837882393809;59.929817264312;294.33
1089.41;508;521;118890.70;1215019.66;1.87;97.86;58.44;39.28;10.837853075070;59.929823981635;294.33
1091.21;509;522;118889.06;1215020.40;1.87;97.90;58.62;39.15;10.837823758119;59.929830698958;294.33
1093.01;510;523;118887.51;1215021.10;1.88;97.86;58.99;38.83;10.837796067802;59.929837043951;294.33
1094.81;511;524;118885.78;1215021.88;1.89;97.83;59.09;38.78;10.837765122428;59.929844134509;294.33
1096.61;512;525;118884.14;1215022.62;1.90;97.86;59.30;38.63;10.837735803689;59.929850851832;294.33
1098.41;513;526;118882.50;1215023.37;1.90;97.88;59.50;38.47;10.837706486738;59.929857569154;294.33
1100.21;514;527;118880.86;1215024.11;1.91;97.90;59.61;38.39;10.837677167999;59.929864287383;294.33
1102.01;515;528;118879.31;1215024.81;1.92;97.88;59.80;38.20;10.837649479469;59.929870631471;294.33
1103.81;516;529;118877.58;1215025.59;1.93;97.86;60.01;37.99;10.837618532308;59.929877722028;294.33
1105.61;517;530;118875.94;1215026.33;1.93;97.91;60.05;37.95;10.837589215357;59.929884439351;294.33
1107.41;518;531;118874.30;1215027.07;1.94;97.92;60.08;37.92;10.837559896618;59.929891157579;294.33
1109.21;519;532;118872.66;1215027.82;1.95;97.95;60.11;37.89;10.837530579666;59.929897874902;294.33
1111.01;520;533;118871.11;1215028.52;1.96;97.95;60.12;37.88;10.837502889349;59.929904218990;294.33
1112.81;521;534;118869.38;1215029.30;1.96;97.92;60.15;37.86;10.837471943976;59.929911310453;294.33
1114.61;522;535;118867.74;1215030.04;1.97;97.96;60.16;37.84;10.837442625237;59.929918027776;294.33
1116.41;523;536;118866.10;1215030.78;1.98;97.93;60.20;37.80;10.837413308285;59.929924745099;294.33
1118.21;524;537;118864.46;1215031.52;1.99;97.99;60.26;37.74;10.837383989546;59.929931462421;294.33
1120.01;525;538;118862.91;1215032.22;1.99;98.00;60.29;37.71;10.837356301016;59.929937807415;294.33
1121.81;526;539;118861.18;1215033.01;2.00;97.93;60.35;37.65;10.837325353856;59.929944897972;294.33
1123.61;527;540;118859.54;1215033.75;2.01;97.94;60.41;37.59;10.837296036904;59.929951615295;294.33
1125.41;528;541;118857.90;1215034.49;2.02;97.97;60.44;37.56;10.837266719953;59.929958332618;294.33
1127.21;529;542;118856.26;1215035.23;2.02;98.00;60.50;37.50;10.837237401214;59.929965050846;294.33
1129.01;530;543;118854.71;1215035.93;2.03;97.95;60.56;37.44;10.837209712684;59.929971394934;294.33
1130.81;531;544;118852.98;1215036.71;2.04;98.05;60.59;37.41;10.837178765523;59.929978485492;294.33
1132.61;532;545;118851.34;1215037.46;2.04;98.04;60.65;37.35;10.837149448572;59.929985202814;294.33
1134.41;533;546;118849.70;1215038.20;2.05;97.98;60.71;37.29;10.837120129833;59.929991921043;294.33
1136.21;534;547;118848.06;1215038.94;2.06;97.92;60.74;37.26;10.837090812881;59.929998638365;294.33
1138.01;535;548;118846.51;1215039.64;2.07;97.93;60.81;37.19;10.837063122564;59.930004982453;294.33
1139.81;536;549;118844.78;1215040.42;2.07;97.99;60.86;37.14;10.837032177191;59.930012073011;294.33
1141.61;537;550;118843.14;1215041.16;2.08;97.98;60.94;37.06;10.837002858452;59.930018791239;294.33
1143.41;538;551;118841.50;1215041.90;2.09;97.95;61.03;36.98;10.836973541500;59.930025508562;294.33
1145.21;539;552;118839.86;1215042.65;2.10;97.91;61.06;36.94;10.836944222761;59.930032225885;294.33
1147.01;540;553;118838.31;1215043.35;2.10;97.91;61.14;36.86;10.836916534231;59.930038570878;294.33
1148.81;541;554;118836.58;1215044.13;2.11;97.92;61.22;36.78;10.836885587070;59.930045661436;294.33
1150.61;542;555;118834.94;1215044.87;2.12;97.91;61.26;36.75;10.836856270119;59.930052378758;294.33
1152.41;543;556;118833.30;1215045.61;2.13;97.97;61.33;36.67;10.836826951380;59.930059096081;294.33
1154.21;544;557;118831.66;1215046.35;2.13;97.97;61.42;36.58;10.836797634428;59.930065814310;294.33
1156.01;545;558;118830.11;1215047.05;2.14;98.01;61.47;36.53;10.836769945899;59.930072158397;294.33
1157.81;546;559;118828.38;1215047.84;2.15;98.03;61.57;36.43;10.836738998738;59.930079248955;294.33
1159.61;547;560;118826.74;1215048.58;2.16;98.05;61.62;36.38;10.836709679999;59.930085966278;294.33
1161.41;548;561;118825.10;1215049.32;2.16;97.97;61.73;36.27;10.836680363047;59.930092684506;294.33
1163.21;549;562;118823.46;1215050.06;2.17;97.96;61.83;36.17;10.836651044308;59.930099401829;294.33
1165.01;550;563;118821.91;1215050.76;2.18;97.96;61.89;36.11;10.836623355778;59.930105745917;294.33
1166.81;551;564;118820.18;1215051.54;2.19;98.00;61.99;36.01;10.836592410405;59.930112836474;294.33
1168.61;552;565;118818.54;1215052.29;2.19;98.03;62.10;35.90;10.836563091666;59.930119554703;294.33
1170.41;553;566;118816.90;1215053.03;2.20;97.93;62.16;35.84;10.836533774715;59.930126272025;294.33
1172.21;554;567;118815.26;1215053.77;2.21;97.95;62.26;35.74;10.836504455976;59.930132989348;294.33
1174.01;555;568;118813.71;1215054.47;2.21;97.95;62.37;35.63;10.836476767446;59.930139333436;294.33
1175.81;556;569;118811.98;1215055.25;2.22;97.92;62.42;35.58;10.836445820285;59.930146424899;294.33
1177.61;557;570;118810.34;1215055.99;2.23;97.94;62.53;35.47;10.836416503334;59.930153142222;294.33
1179.41;558;571;118808.70;1215056.74;2.24;97.95;62.63;35.37;10.836387184595;59.930159859544;294.33
1181.21;559;572;118807.06;1215057.48;2.24;97.91;62.69;35.31;10.836357867643;59.930166576867;294.33
1183.01;560;573;118805.51;1215058.18;2.25;97.98;62.79;35.21;10.836330177326;59.930172921861;294.33
1184.81;561;574;118803.78;1215058.96;2.26;97.98;62.85;35.16;10.836299231953;59.930180012418;294.33
1186.61;562;575;118802.14;1215059.70;2.27;98.01;62.95;35.05;10.836269913214;59.930186729741;294.33
1188.41;563;576;118800.50;1215060.44;2.27;98.10;63.05;34.95;10.836240596262;59.930193447064;294.33
1190.21;564;577;118798.86;1215061.18;2.28;98.12;63.10;34.90;10.836211277523;59.930200165292;294.33
1192.01;565;578;118797.31;1215061.88;2.29;98.12;63.21;34.79;10.836183588993;59.930206509380;294.33
1193.81;566;579;118795.58;1215062.67;2.30;98.10;63.32;34.69;10.836152641833;59.930213599937;294.33
1195.61;567;580;118793.94;1215063.41;2.30;98.04;63.37;34.63;10.836123324881;59.930220317260;294.33
1197.41;568;581;118792.30;1215064.15;2.31;97.96;63.47;34.53;10.836094006142;59.930227035489;294.33
1199.21;569;582;118790.66;1215064.89;2.32;98.00;63.58;34.43;10.836064689191;59.930233752811;294.33
1201.01;570;583;118789.11;1215065.59;2.33;97.95;63.63;34.37;10.836037000661;59.930240096899;294.33
1202.81;571;584;118787.37;1215066.38;2.33;97.97;63.74;34.27;10.836006053500;59.930247188363;294.33
1204.61;572;585;118785.73;1215067.12;2.34;98.00;63.79;34.21;10.835976736549;59.930253905685;294.33
1206.41;573;586;118784.09;1215067.86;2.35;98.02;63.90;34.10;10.835947417809;59.930260623008;294.33
1208.21;574;587;118782.45;1215068.60;2.36;98.04;64.02;33.98;10.835918100858;59.930267340330;294.33
1210.01;575;588;118780.91;1215069.30;2.36;98.10;64.08;33.92;10.835890410541;59.930273685324;294.33
1211.81;576;589;118779.17;1215070.08;2.37;98.12;64.19;33.81;10.835859465167;59.930280775882;294.33
1213.61;577;590;118777.53;1215070.82;2.38;98.14;64.31;33.69;10.835830146428;59.930287493204;294.33
1215.41;578;591;118775.89;1215071.57;2.38;98.11;64.37;33.63;10.835800829477;59.930294210527;294.33
1217.21;579;592;118774.25;1215072.31;2.39;98.10;64.49;33.52;10.835771510738;59.930300928756;294.33
1219.01;580;593;118772.70;1215073.01;2.40;98.12;64.60;33.40;10.835743822208;59.930307272843;294.33
1220.81;581;594;118770.97;1215073.79;2.41;98.06;64.66;33.34;10.835712875047;59.930314363401;294.33
1222.61;582;595;118769.33;1215074.53;2.41;98.15;64.78;33.22;10.835683558096;59.930321080724;294.33
1224.41;583;596;118767.69;1215075.27;2.42;98.17;64.91;33.09;10.835654239357;59.930327798952;294.33
1226.21;584;597;118766.05;1215076.01;2.43;98.10;64.97;33.03;10.835624922405;59.930334516275;294.33
1228.01;585;598;118764.50;1215076.72;2.44;98.12;65.10;32.90;10.835597233875;59.930340860362;294.33
1229.81;586;599;118762.77;1215077.50;2.44;98.11;65.16;32.84;10.835566286715;59.930347950920;294.33
1231.61;587;600;118761.13;1215078.24;2.45;98.14;65.29;32.71;10.835536967976;59.930354669149;294.33
1233.41;588;601;118759.49;1215078.98;2.46;98.19;65.42;32.58;10.835507651024;59.930361386471;294.33
1235.21;589;602;118757.85;1215079.72;2.47;98.08;65.48;32.52;10.835478332285;59.930368103794;294.33
1237.01;590;603;118756.30;1215080.42;2.47;98.11;65.60;32.40;10.835450643755;59.930374448788;294.33
1238.81;591;604;118754.57;1215081.21;2.48;98.12;65.73;32.27;10.835419696595;59.930381539345;294.33
1240.61;592;605;118752.93;1215081.95;2.49;98.10;65.79;32.21;10.835390379643;59.930388256668;294.33
1242.41;593;606;118751.29;1215082.69;2.50;98.11;65.91;32.10;10.835361060904;59.930394973990;294.33
1244.21;594;607;118749.65;1215083.43;2.50;98.08;66.03;31.98;10.835331743953;59.930401692219;294.33
1246.01;595;608;118748.10;1215084.13;2.51;98.16;66.08;31.92;10.835304055423;59.930408036307;294.33
1247.81;596;609;118746.37;1215084.91;2.52;98.16;66.20;31.80;10.835273108262;59.930415126864;294.33
1249.61;597;610;118744.73;1215085.65;2.53;98.14;66.26;31.74;10.835243791311;59.930421844187;294.33
1251.41;598;611;118743.09;1215086.40;2.53;98.22;66.38;31.62;10.835214472572;59.930428562415;294.33
1253.21;599;612;118741.45;1215087.14;2.54;98.22;66.49;31.51;10.835185155620;59.930435279738;294.33
1255.01;600;613;118739.90;1215087.84;2.55;98.29;66.55;31.45;10.835157465303;59.930441623826;294.33
1256.81;601;614;118738.17;1215088.62;2.56;98.21;66.66;31.34;10.835126519930;59.930448714383;294.33
1258.61;602;615;118736.53;1215089.36;2.56;98.24;66.78;31.22;10.835097201191;59.930455432612;294.33
1260.41;603;616;118734.89;1215090.10;2.57;98.24;66.83;31.17;10.835067884239;59.930462149935;294.33
1262.21;604;617;118733.25;1215090.85;2.58;98.25;66.95;31.05;10.835038565500;59.930468867257;294.33
1264.01;605;618;118731.70;1215091.55;2.58;98.23;67.06;30.94;10.835010876970;59.930475211345;294.33
1265.81;606;619;118729.97;1215092.33;2.59;98.23;67.12;30.88;10.834979929809;59.930482302808;294.33
1267.61;607;620;118728.33;1215093.07;2.60;98.28;67.24;30.76;10.834950612858;59.930489020131;294.33
1269.41;608;621;118726.69;1215093.81;2.61;98.19;67.35;30.65;10.834921294119;59.930495737454;294.33
1271.21;609;622;118725.05;1215094.55;2.61;98.20;67.41;30.59;10.834891977167;59.930502454776;294.33
1273.01;610;623;118723.50;1215095.25;2.62;98.20;67.53;30.47;10.834864288638;59.930508799770;294.33
1274.81;611;624;118721.77;1215096.04;2.63;98.23;67.58;30.42;10.834833341477;59.930515890328;294.33
1276.61;612;625;118720.13;1215096.78;2.64;98.23;67.70;30.31;10.834804022738;59.930522607650;294.33
1278.41;613;626;118718.49;1215097.52;2.64;98.26;67.81;30.19;10.834774705786;59.930529324973;294.33
1280.21;614;627;118716.85;1215098.26;2.65;98.25;67.87;30.14;10.834745387047;59.930536043202;294.33
1282.01;615;628;118715.30;1215098.96;2.66;98.22;67.99;30.03;10.834717698517;59.930542387289;294.33
1283.81;616;629;118713.57;1215099.74;2.67;98.30;68.11;29.92;10.834686753144;59.930549477847;294.33
1285.61;617;630;118711.93;1215100.49;2.67;98.28;68.17;29.87;10.834657434405;59.930556196075;294.33
1287.41;618;631;118710.29;1215101.23;2.68;98.27;68.30;29.76;10.834628117454;59.930562913398;294.33
1289.21;619;632;118708.65;1215101.97;2.69;98.30;68.42;29.64;10.834598798715;59.930569630721;294.33
1291.01;620;633;118707.10;1215102.67;2.70;98.28;68.49;29.59;10.834571110185;59.930575974808;294.33
1292.81;621;634;118705.37;1215103.45;2.70;98.28;68.64;29.45;10.834540163024;59.930583066272;294.33
1294.61;622;635;118703.73;1215104.19;2.71;98.24;68.72;29.38;10.834510846073;59.930589783595;294.33
1296.41;623;636;118702.09;1215104.93;2.72;98.20;68.85;29.27;10.834481527334;59.930596500917;294.33
1298.21;624;637;118700.45;1215105.68;2.73;98.23;68.97;29.17;10.834452210382;59.930603218240;294.33
1300.01;625;638;118698.90;1215106.38;2.73;98.23;69.03;29.12;10.834424520065;59.930609563233;294.33
1301.81;626;639;118697.17;1215107.16;2.74;98.25;69.15;29.01;10.834393574692;59.930616653791;294.33
1303.61;627;640;118695.53;1215107.90;2.75;98.27;69.28;28.89;10.834364255953;59.930623371114;294.33
1305.41;628;641;118693.89;1215108.64;2.75;98.35;69.34;28.85;10.834334939001;59.930630088436;294.33
1307.21;629;642;118692.25;1215109.38;2.76;98.44;69.46;28.74;10.834305620262;59.930636806665;294.33
1309.01;630;643;118690.70;1215110.08;2.77;98.36;69.58;28.62;10.834277931732;59.930643150753;294.33
1310.81;631;644;118688.97;1215110.87;2.78;98.37;69.64;28.58;10.834246984572;59.930650241310;294.33
1312.61;632;645;118687.33;1215111.61;2.78;98.46;69.77;28.48;10.834217667620;59.930656958633;294.33
1314.41;633;646;118685.69;1215112.35;2.79;98.24;69.89;28.39;10.834188348881;59.930663676861;294.33
1316.21;634;647;118684.05;1215113.09;2.80;98.33;69.95;28.38;10.834159031930;59.930670394184;294.33
1318.01;635;648;118682.50;1215113.79;2.81;98.45;70.07;28.33;10.834131343400;59.930676738272;294.33
1319.81;636;649;118680.77;1215114.57;2.81;98.55;70.20;28.28;10.834100396239;59.930683828829;294.33
1321.61;637;650;118679.13;1215115.32;2.82;98.60;70.26;28.30;10.834071079288;59.930690547058;294.33
1323.41;638;651;118677.48;1215116.06;2.83;98.69;70.38;28.26;10.834041760549;59.930697264381;294.33
1325.21;639;652;118675.84;1215116.80;2.84;98.61;70.45;28.30;10.834012443597;59.930703981703;294.33
1327.01;640;653;118674.30;1215117.50;2.84;98.23;70.57;28.29;10.833984753280;59.930710326697;294.33
1328.81;641;654;118672.56;1215118.28;2.85;98.33;70.69;28.28;10.833953807906;59.930717417254;294.33
1330.61;642;655;118670.92;1215119.02;2.86;99.40;70.75;28.75;10.833924489167;59.930724134577;294.33
1332.41;643;656;118669.28;1215119.76;2.87;100.15;70.87;29.13;10.833895172216;59.930730851900;294.33
1334.21;644;657;118667.64;1215120.51;2.87;100.29;71.00;29.00;10.833865853477;59.930737569222;294.33
1336.01;645;658;118666.09;1215121.21;2.88;100.25;71.09;28.92;10.833838164947;59.930743914216;294.33
1337.81;646;659;118664.36;1215121.99;2.89;100.25;71.25;28.75;10.833807217786;59.930751004774;294.33
1339.61;647;660;118662.72;1215122.73;2.90;100.25;71.33;28.76;10.833777900835;59.930757722096;294.33
1341.41;648;661;118661.08;1215123.47;2.90;100.33;71.49;29.23;10.833748582096;59.930764440325;294.33
1343.21;649;662;118659.44;1215124.21;2.91;101.20;71.65;29.84;10.833719265144;59.930771157647;294.33
1345.01;650;663;118657.89;1215124.91;2.92;102.17;71.73;30.60;10.833691576614;59.930777501735;294.33
1346.81;651;664;118656.16;1215125.70;2.92;102.62;71.89;31.45;10.833660629454;59.930784592293;294.33
1348.61;652;665;118654.52;1215126.44;2.93;103.97;72.05;32.47;10.833631310715;59.930791310521;294.33
1350.41;653;666;118652.88;1215127.18;2.94;104.80;72.13;33.56;10.833601993763;59.930798027844;294.33
1352.21;654;667;118651.24;1215127.92;2.95;106.10;72.29;33.78;10.833572675024;59.930804745167;294.33
1354.01;655;668;118649.69;1215128.62;2.95;106.21;72.45;33.70;10.833544986494;59.930811089254;294.33
1355.81;656;669;118647.96;1215129.40;2.96;106.06;72.53;33.71;10.833514039334;59.930818180718;294.33
1357.61;657;670;118646.32;1215130.15;2.97;106.12;72.76;33.57;10.833484722382;59.930824898040;294.33
1359.41;658;671;118644.68;1215130.89;2.98;106.13;73.07;33.35;10.833455403643;59.930831615363;294.33
1361.21;659;672;118643.04;1215131.63;2.98;106.24;73.22;33.29;10.833426086692;59.930838332686;294.33
1363.01;660;673;118641.49;1215132.33;2.99;106.34;73.52;33.07;10.833398398162;59.930844677679;294.33
1364.81;661;674;118639.76;1215133.11;3.00;106.52;73.83;32.84;10.833367451001;59.930851768237;294.33
1366.61;662;675;118638.12;1215133.85;3.01;106.67;73.98;32.76;10.833338134050;59.930858485560;294.33
1368.41;663;676;118636.48;1215134.60;3.01;106.72;74.33;32.48;10.833308815311;59.930865202882;294.33
1370.21;664;677;118634.84;1215135.34;3.02;106.79;74.51;32.35;10.833279498359;59.930871921111;294.33
1372.01;665;678;118633.29;1215136.04;3.03;106.82;74.85;32.05;10.833251808042;59.930878265199;294.33
1373.81;666;679;118631.56;1215136.82;3.04;106.86;75.22;31.69;10.833220862669;59.930885355756;294.33
1375.61;667;680;118629.92;1215137.56;3.04;106.81;75.38;31.51;10.833191543930;59.930892073079;294.33
1377.41;668;681;118628.28;1215138.30;3.05;106.74;75.69;31.19;10.833162226978;59.930898791307;294.33
1379.21;669;682;118626.64;1215139.04;3.06;106.70;76.16;30.72;10.833132908239;59.930905508630;294.33
1381.01;670;683;118625.09;1215139.74;3.07;106.65;76.48;30.41;10.833105219709;59.930911852718;294.33
1382.81;671;684;118623.36;1215140.53;3.07;106.65;77.07;29.84;10.833074272549;59.930918944181;294.33
1384.61;672;685;118621.72;1215141.27;3.08;106.83;77.38;29.55;10.833044955597;59.930925661504;294.33
1386.41;673;686;118620.08;1215142.01;3.09;106.87;78.00;28.95;10.833015636858;59.930932378827;294.33
1388.21;674;687;118618.44;1215142.75;3.10;106.93;78.62;28.38;10.832986319906;59.930939096149;294.33
1390.01;675;688;118616.89;1215143.45;3.10;106.93;78.92;28.08;10.832958631377;59.930945441143;294.33
1391.81;676;689;118615.16;1215144.24;3.11;106.95;79.88;27.18;10.832927684216;59.930952531700;294.33
1393.61;677;690;118613.52;1215144.98;3.12;106.98;80.83;26.30;10.832898365477;59.930959249023;294.33
1395.41;678;691;118611.88;1215145.72;3.12;107.06;81.31;25.89;10.832869048525;59.930965966346;294.33
1397.21;679;692;118610.24;1215146.46;3.13;107.11;82.47;24.80;10.832839729786;59.930972684574;294.33
1399.01;680;693;118608.69;1215147.16;3.14;107.17;83.61;23.73;10.832812041257;59.930979028662;294.33
1400.81;681;694;118606.96;1215147.94;3.15;107.23;84.17;23.24;10.832781095883;59.930986119220;294.33
1402.61;682;695;118605.32;1215148.68;3.15;107.27;85.33;22.15;10.832751777144;59.930992836542;294.33
1404.41;683;696;118603.68;1215149.43;3.16;107.30;86.51;21.05;10.832722460193;59.930999554771;294.33
1406.21;684;697;118602.04;1215150.17;3.17;107.40;87.11;20.51;10.832693141454;59.931006272093;294.33
1408.01;685;698;118600.49;1215150.87;3.18;107.44;88.29;19.41;10.832665452924;59.931012616181;294.33
1409.81;686;699;118598.76;1215151.65;3.18;107.52;89.45;18.31;10.832634505763;59.931019706739;294.33
1411.61;687;700;118597.12;1215152.39;3.19;107.61;90.05;17.79;10.832605188812;59.931026424967;294.33
1413.41;688;701;118595.48;1215153.13;3.20;107.76;90.76;17.17;10.832575870073;59.931033142290;294.33
1415.21;689;702;118593.84;1215153.88;3.21;107.84;91.03;16.97;10.832546553121;59.931039859613;294.33
1417.01;690;703;118592.29;1215154.58;3.21;108.00;91.56;16.65;10.832518862804;59.931046204606;294.33
1418.81;691;704;118590.56;1215155.36;3.22;108.16;92.11;16.32;10.832487917431;59.931053295164;294.33
1420.61;692;705;118588.92;1215156.10;3.23;108.33;92.38;16.26;10.832458598692;59.931060012486;294.33
1422.41;693;706;118587.28;1215156.84;3.24;108.67;92.93;15.93;10.832429281740;59.931066729809;294.33
1424.21;694;707;118585.64;1215157.58;3.24;108.86;93.25;15.82;10.832399963001;59.931073448038;294.33
1426.01;695;708;118584.09;1215158.28;3.25;109.21;93.41;15.88;10.832372274471;59.931079792125;294.33
1427.81;696;709;118582.36;1215159.07;3.26;109.56;93.73;15.78;10.832341327311;59.931086882683;294.33
1429.61;697;710;118580.72;1215159.81;3.27;109.75;93.89;15.83;10.832312010359;59.931093600006;294.33
1431.41;698;711;118579.08;1215160.55;3.27;110.08;94.25;15.66;10.832282691620;59.931100318234;294.33
1433.21;699;712;118577.44;1215161.29;3.28;110.27;94.58;15.50;10.832253374669;59.931107035557;294.33
1435.01;700;713;118575.89;1215161.99;3.29;110.54;94.76;15.50;10.832225686139;59.931113379645;294.33
1436.81;701;714;118574.16;1215162.77;3.29;110.70;95.08;15.26;10.832194738978;59.931120470202;294.33
1438.61;702;715;118572.52;1215163.51;3.30;110.51;95.34;14.95;10.832165422027;59.931127188431;294.33
1440.41;703;716;118570.88;1215164.26;3.31;110.35;95.49;14.78;10.832136103288;59.931133905753;294.33
1442.21;704;717;118569.24;1215165.00;3.32;110.24;95.75;14.52;10.832106786336;59.931140623076;294.33
1444.01;705;718;118567.69;1215165.70;3.32;110.31;96.01;14.31;10.832079096019;59.931146967164;294.33
1445.81;706;719;118565.95;1215166.48;3.33;110.27;96.04;14.35;10.832048150646;59.931154058627;294.33
1447.61;707;720;118564.31;1215167.22;3.34;110.39;95.97;14.49;10.832018831907;59.931160775950;294.33
1449.41;708;721;118562.67;1215167.96;3.35;111.90;95.89;14.64;10.831989514955;59.931167493272;294.33
1451.21;709;722;118561.03;1215168.71;3.35;112.24;95.85;14.74;10.831960196216;59.931174210595;294.33
1453.01;710;723;118559.49;1215169.41;3.36;112.37;95.85;14.80;10.831932507686;59.931180555589;294.33
1454.81;711;724;118557.75;1215170.19;3.37;112.40;95.87;14.84;10.831901560525;59.931187646146;294.33
1456.61;712;725;118556.11;1215170.93;3.38;112.45;95.87;14.88;10.831872243574;59.931194363469;294.33
1458.41;713;726;118554.47;1215171.67;3.38;112.50;95.89;14.92;10.831842924835;59.931201080792;294.33
1460.21;714;727;118552.83;1215172.41;3.39;112.52;95.90;14.97;10.831813607883;59.931207799020;294.33
1462.01;715;728;118551.28;1215173.11;3.40;112.53;95.92;15.01;10.831785919354;59.931214143108;294.33
1463.81;716;729;118549.55;1215173.90;3.41;112.47;96.01;14.98;10.831754972193;59.931221233665;294.33
1465.61;717;730;118547.91;1215174.64;3.41;112.20;96.12;14.96;10.831725653454;59.931227951894;294.33
1467.41;718;731;118546.27;1215175.38;3.42;112.30;96.18;15.00;10.831696336502;59.931234669217;294.33
1469.21;719;732;118544.63;1215176.12;3.43;112.16;96.13;15.15;10.831667017763;59.931241386539;294.33
1471.01;720;733;118543.08;1215176.82;3.43;112.33;96.11;15.20;10.831639329233;59.931247730627;294.33
1472.81;721;734;118541.35;1215177.60;3.44;111.65;95.92;15.40;10.831608382073;59.931254822091;294.33
1474.61;722;735;118539.71;1215178.35;3.45;111.44;95.81;15.51;10.831579065121;59.931261539413;294.33
1476.41;723;736;118538.07;1215179.09;3.46;110.64;95.59;15.73;10.831549746382;59.931268256736;294.33
1478.21;724;737;118536.43;1215179.83;3.46;110.35;95.35;15.98;10.831520429431;59.931274974058;294.33
1480.01;725;738;118534.88;1215180.53;3.47;112.20;95.24;16.12;10.831492740901;59.931281319052;294.33
1481.81;726;739;118533.15;1215181.31;3.48;111.67;95.00;16.41;10.831461793740;59.931288409610;294.33
1483.61;727;740;118531.51;1215182.05;3.49;112.61;94.75;16.72;10.831432476789;59.931295126932;294.33
1485.41;728;741;118529.87;1215182.79;3.49;112.72;94.63;16.90;10.831403158050;59.931301844255;294.33
1487.21;729;742;118528.23;1215183.54;3.50;112.73;94.31;17.28;10.831373841098;59.931308562484;294.33
1489.01;730;743;118526.68;1215184.24;3.51;112.71;93.99;17.65;10.831346150781;59.931314906571;294.33
1490.81;731;744;118524.95;1215185.02;3.52;112.68;93.85;17.85;10.831315205408;59.931321997129;294.33
1492.61;732;745;118523.31;1215185.76;3.52;112.65;93.55;18.21;10.831285886669;59.931328714452;294.33
1494.41;733;746;118521.67;1215186.50;3.53;112.65;93.26;18.55;10.831256569717;59.931335432680;294.33
1496.21;734;747;118520.03;1215187.24;3.54;112.67;93.12;18.75;10.831227250978;59.931342150003;294.33
1498.01;735;748;118518.48;1215187.94;3.55;112.67;92.83;19.10;10.831199562448;59.931348494090;294.33
1499.81;736;749;118516.75;1215188.73;3.55;112.67;92.47;19.51;10.831168615288;59.931355584648;294.33
1501.61;737;750;118515.11;1215189.47;3.56;112.68;92.32;19.72;10.831139298336;59.931362302877;294.33
1503.41;738;751;118513.47;1215190.21;3.57;112.68;92.08;20.02;10.831109979597;59.931369020199;294.33
1505.21;739;752;118511.83;1215190.95;3.58;112.67;91.95;20.20;10.831080662646;59.931375737522;294.33
1507.01;740;753;118510.28;1215191.65;3.58;112.67;91.70;20.48;10.831052974116;59.931382082516;294.33
1508.81;741;754;118508.55;1215192.43;3.59;112.66;91.45;20.73;10.831022026955;59.931389173073;294.33
1510.61;742;755;118506.91;1215193.18;3.60;112.64;91.30;20.89;10.830992708216;59.931395890396;294.33
1512.41;743;756;118505.27;1215193.92;3.61;112.63;91.04;21.18;10.830963391264;59.931402607718;294.33
1514.21;744;757;118503.63;1215194.66;3.61;112.62;90.78;21.48;10.830934072525;59.931409325947;294.33
1516.01;745;758;118502.08;1215195.36;3.62;112.62;90.64;21.65;10.830906383996;59.931415670035;294.33
1517.81;746;759;118500.35;1215196.14;3.63;112.62;90.38;21.97;10.830875438622;59.931422760592;294.33
1519.61;747;760;118498.71;1215196.88;3.64;112.63;90.24;22.15;10.830846119883;59.931429477915;294.33
1521.41;748;761;118497.07;1215197.63;3.64;112.65;89.93;22.52;10.830816802932;59.931436196143;294.33
1523.21;749;762;118495.43;1215198.37;3.65;112.57;89.59;22.91;10.830787484193;59.931442913466;294.33
1525.01;750;763;118493.88;1215199.07;3.66;112.59;89.42;23.14;10.830759795663;59.931449257554;294.33
1526.81;751;764;118492.15;1215199.85;3.66;112.57;89.07;23.55;10.830728848502;59.931456348111;294.33
1528.61;752;765;118490.51;1215200.59;3.67;112.57;88.72;23.95;10.830699531551;59.931463066340;294.33
1530.41;753;766;118488.87;1215201.33;3.68;112.61;88.55;24.17;10.830670212812;59.931469783663;294.33
1532.21;754;767;118487.23;1215202.07;3.69;112.67;88.21;24.56;10.830640895860;59.931476500985;294.33
1534.01;755;768;118485.68;1215202.77;3.69;112.63;87.87;24.96;10.830613205543;59.931482845073;294.33
1535.81;756;769;118483.95;1215203.56;3.70;112.60;87.69;25.20;10.830582260170;59.931489936536;294.33
1537.61;757;770;118482.31;1215204.30;3.71;112.60;87.34;25.60;10.830552941431;59.931496653859;294.33
1539.41;758;771;118480.67;1215205.04;3.72;112.58;87.10;25.89;10.830523624479;59.931503371182;294.33
1541.21;759;772;118479.03;1215205.78;3.72;112.57;87.08;25.92;10.830494305740;59.931510088504;294.33
1543.01;760;773;118477.48;1215206.48;3.73;112.58;87.05;25.95;10.830466617210;59.931516433498;294.33
1544.81;761;774;118475.75;1215207.26;3.74;112.63;87.02;25.98;10.830435670050;59.931523524056;294.33
1546.61;762;775;118474.11;1215208.01;3.75;112.67;87.00;26.00;10.830406353098;59.931530241378;294.33
1548.41;763;776;118472.47;1215208.75;3.75;112.71;86.87;26.13;10.830377034359;59.931536958701;294.33
1550.21;764;777;118470.83;1215209.49;3.76;112.74;86.74;26.26;10.830347717408;59.931543676929;294.33
1552.01;765;778;118469.28;1215210.19;3.77;112.76;86.48;26.52;10.830320028878;59.931550021017;294.33
1553.81;766;779;118467.55;1215210.97;3.78;112.78;86.34;26.66;10.830289081717;59.931557111575;294.33
1555.61;767;780;118465.91;1215211.71;3.78;112.81;86.45;26.55;10.830259764766;59.931563829803;294.33
1557.41;768;781;118464.27;1215212.46;3.79;112.85;86.67;26.33;10.830230446027;59.931570547126;294.33
1559.21;769;782;118462.63;1215213.20;3.80;112.88;86.90;26.10;10.830201129075;59.931577264449;294.33
1561.01;770;783;118461.08;1215213.90;3.80;113.00;87.01;25.99;10.830173438758;59.931583608536;294.33
1562.81;771;784;118459.35;1215214.68;3.81;113.21;87.25;25.78;10.830142493385;59.931590700000;294.33
1564.61;772;785;118457.71;1215215.42;3.82;113.24;87.36;25.75;10.830113174646;59.931597417323;294.33
1566.41;773;786;118456.06;1215216.16;3.83;113.17;87.62;25.58;10.830083857694;59.931604134645;294.33
1568.21;774;787;118454.42;1215216.90;3.83;113.07;88.02;25.27;10.830054538955;59.931610851968;294.33
1570.01;775;788;118452.88;1215217.61;3.84;113.10;88.22;25.16;10.830026850425;59.931617196961;294.33
1571.81;776;789;118451.14;1215218.39;3.85;113.11;88.60;24.87;10.829995903264;59.931624287519;294.33
1573.61;777;790;118449.50;1215219.13;3.86;113.16;88.98;24.58;10.829966586313;59.931631004842;294.33
1575.41;778;791;118447.86;1215219.87;3.86;113.15;89.17;24.47;10.829937267574;59.931637722164;294.33
1577.21;779;792;118446.22;1215220.61;3.87;113.17;89.51;24.21;10.829907950622;59.931644440393;294.33
1579.01;780;793;118444.68;1215221.31;3.88;113.24;89.83;23.98;10.829880262093;59.931650784481;294.33
1580.81;781;794;118442.94;1215222.10;3.89;113.45;89.97;23.91;10.829849314932;59.931657875038;294.33
1582.61;782;795;118441.30;1215222.84;3.89;113.82;90.29;23.64;10.829819996193;59.931664592361;294.33
1584.41;783;796;118439.66;1215223.58;3.90;113.91;90.60;23.40;10.829790679241;59.931671310589;294.33
1586.21;784;797;118438.02;1215224.32;3.91;113.96;90.75;23.28;10.829761360502;59.931678027912;294.33
1588.01;785;798;118436.47;1215225.02;3.92;113.87;91.09;22.97;10.829733671972;59.931684372000;294.33
1589.81;786;799;118434.74;1215225.80;3.92;113.90;91.45;22.62;10.829702724812;59.931691462557;294.33
1591.61;787;800;118433.10;1215226.54;3.93;113.87;91.63;22.43;10.829673407860;59.931698180786;294.33
1593.41;788;801;118431.46;1215227.29;3.94;113.54;92.00;22.06;10.829644089121;59.931704898109;294.33
1595.21;789;802;118429.82;1215228.03;3.95;113.39;92.17;21.88;10.829614772170;59.931711615431;294.33
1597.01;790;803;118428.27;1215228.73;3.95;113.33;92.55;21.50;10.829587083640;59.931717960425;294.33
1598.81;791;804;118426.54;1215229.51;3.96;113.35;92.88;21.16;10.829556136479;59.931725050982;294.33
1600.61;792;805;118424.90;1215230.25;3.97;113.35;93.04;20.99;10.829526819528;59.931731768305;294.33
1602.41;793;806;118423.26;1215230.99;3.98;113.35;93.29;20.74;10.829497500789;59.931738485628;294.33
1604.21;794;807;118421.62;1215231.74;3.98;113.36;93.55;20.47;10.829468183837;59.931745203856;294.33
1606.01;795;808;118420.07;1215232.44;3.99;113.47;93.68;20.34;10.829440493520;59.931751547944;294.33
1607.81;796;809;118418.34;1215233.22;4.00;113.56;93.92;20.08;10.829409548147;59.931758638502;294.33
1609.61;797;810;118416.70;1215233.96;4.00;113.61;94.00;19.99;10.829380229408;59.931765355824;294.33
1611.41;798;811;118415.06;1215234.70;4.01;113.50;94.14;19.85;10.829350912456;59.931772074053;294.33
1613.21;799;812;118413.42;1215235.44;4.02;113.66;94.31;19.69;10.829321593717;59.931778791375;294.33
1615.01;800;813;118411.87;1215236.14;4.03;114.02;94.40;19.60;10.829293905187;59.931785135463;294.33
1616.81;801;814;118410.14;1215236.93;4.03;114.05;94.57;19.43;10.829262958027;59.931792226021;294.33
1618.61;802;815;118408.50;1215237.67;4.04;114.01;94.75;19.25;10.829233641075;59.931798944249;294.33
1620.41;803;816;118406.86;1215238.41;4.05;114.00;94.84;19.16;10.829204322336;59.931805661572;294.33
1622.21;804;817;118405.22;1215239.15;4.06;114.00;94.89;19.11;10.829175005385;59.931812378895;294.33
1624.01;805;818;118403.67;1215239.85;4.06;114.02;94.94;19.06;10.829147316855;59.931818722982;294.33
1625.81;806;819;118401.94;1215240.63;4.07;114.28;94.97;19.03;10.829116369694;59.931825814446;294.33
1627.61;807;820;118400.30;1215241.38;4.08;114.33;95.03;18.97;10.829087050955;59.931832531768;294.33
1629.41;808;821;118398.66;1215242.12;4.09;114.27;95.06;18.94;10.829057734004;59.931839249091;294.33
1631.21;809;822;118397.02;1215242.86;4.09;114.37;95.04;18.96;10.829028415264;59.931845966414;294.33
1633.01;810;823;118395.47;1215243.56;4.10;114.33;95.00;19.00;10.829000726735;59.931852311407;294.33
1634.81;811;824;118393.74;1215244.34;4.11;114.24;94.95;19.05;10.828969781361;59.931859401965;294.33
1636.61;812;825;118392.10;1215245.08;4.12;114.14;94.93;19.07;10.828940462622;59.931866119288;294.33
1638.41;813;826;118390.46;1215245.82;4.12;114.10;94.90;19.10;10.828911145671;59.931872837516;294.33
1640.21;814;827;118388.82;1215246.57;4.13;113.98;94.89;19.11;10.828881826932;59.931879554839;294.33
1642.01;815;828;118387.27;1215247.27;4.14;113.96;94.84;19.16;10.828854138402;59.931885898927;294.33
1643.81;816;829;118385.54;1215248.05;4.15;113.94;94.74;19.26;10.828823191241;59.931892989484;294.33
1645.61;817;830;118383.90;1215248.79;4.15;113.93;94.70;19.31;10.828793874290;59.931899707713;294.33
1647.41;818;831;118382.26;1215249.53;4.16;113.91;94.60;19.40;10.828764555551;59.931906425035;294.33
1649.21;819;832;118380.62;1215250.27;4.17;113.88;94.50;19.50;10.828735238599;59.931913142358;294.33
1651.01;820;833;118379.07;1215250.97;4.17;113.86;94.46;19.55;10.828707548282;59.931919486446;294.33
1652.81;821;834;118377.34;1215251.76;4.18;113.83;94.36;19.64;10.828676602909;59.931926577909;294.33
1654.61;822;835;118375.70;1215252.50;4.19;113.81;94.32;19.68;10.828647284170;59.931933295232;294.33
1656.41;823;836;118374.06;1215253.24;4.20;113.80;94.25;19.75;10.828617967218;59.931940012554;294.33
1658.21;824;837;118372.42;1215253.98;4.20;113.84;94.18;19.82;10.828588648479;59.931946729877;294.33
1660.01;825;838;118370.87;1215254.68;4.21;113.87;94.15;19.85;10.828560959949;59.931953074871;294.33
1661.81;826;839;118369.14;1215255.46;4.22;113.91;94.10;19.90;10.828530012789;59.931960165428;294.33
1663.61;827;840;118367.50;1215256.21;4.23;113.91;94.07;19.93;10.828500695837;59.931966882751;294.33
1665.41;828;841;118365.86;1215256.95;4.23;113.94;94.13;19.87;10.828471377098;59.931973600074;294.33
1667.21;829;842;118364.22;1215257.69;4.24;113.95;93.99;20.03;10.828442060147;59.931980318302;294.33
1669.01;830;843;118362.67;1215258.39;4.25;113.95;93.89;20.24;10.828414371617;59.931986662390;294.33
1670.81;831;844;118360.94;1215259.17;4.26;114.12;93.85;20.42;10.828383424456;59.931993752948;294.33
1672.61;832;845;118359.30;1215259.91;4.26;114.39;93.77;20.61;10.828354107505;59.932000470270;294.33
1674.41;833;846;118357.66;1215260.65;4.27;114.40;93.82;20.66;10.828324788766;59.932007188499;294.33
1676.21;834;847;118356.02;1215261.40;4.28;114.60;93.90;20.73;10.828295471814;59.932013905821;294.33
1678.01;835;848;118354.47;1215262.10;4.29;114.79;94.25;20.54;10.828267781497;59.932020249909;294.33
1679.81;836;849;118352.74;1215262.88;4.29;114.92;94.84;20.10;10.828236836124;59.932027341373;294.33
1681.61;837;850;118351.10;1215263.62;4.30;114.99;95.19;19.81;10.828207517385;59.932034058695;294.33
1683.41;838;851;118349.46;1215264.36;4.31;115.03;95.89;19.11;10.828178200433;59.932040776018;294.33
1685.21;839;852;118347.82;1215265.10;4.32;114.99;96.33;18.67;10.828148881694;59.932047493341;294.33
1687.01;840;853;118346.27;1215265.80;4.32;115.01;97.42;17.59;10.828121193164;59.932053838334;294.33
1688.81;841;854;118344.53;1215266.59;4.33;115.00;98.68;16.32;10.828090246004;59.932060928892;294.33
1690.61;842;855;118342.89;1215267.33;4.34;114.93;99.38;15.62;10.828060929052;59.932067646214;294.33
1692.41;843;856;118341.25;1215268.07;4.35;114.89;100.63;14.37;10.828031610313;59.932074363537;294.33
1694.21;844;857;118339.61;1215268.81;4.35;114.82;101.83;13.17;10.828002293361;59.932081081766;294.33
1696.01;845;858;118338.07;1215269.51;4.36;114.83;102.42;12.58;10.827974603044;59.932087425853;294.33
1697.81;846;859;118336.33;1215270.29;4.37;114.89;103.26;11.74;10.827943657671;59.932094516411;294.33
1699.61;847;860;118334.69;1215271.04;4.37;114.88;103.51;11.49;10.827914338932;59.932101233734;294.33
1701.41;848;861;118333.05;1215271.78;4.38;114.89;104.04;10.96;10.827885021980;59.932107951962;294.33
1703.21;849;862;118331.41;1215272.52;4.39;114.85;104.70;10.31;10.827855703241;59.932114669285;294.33
1705.01;850;863;118329.86;1215273.22;4.40;114.85;105.10;9.90;10.827828014712;59.932121013372;294.33
1706.81;851;864;118328.13;1215274.00;4.40;114.86;105.92;9.08;10.827797067551;59.932128103930;294.33
1708.61;852;865;118326.49;1215274.74;4.41;114.86;106.51;8.49;10.827767750599;59.932134822159;294.33
1710.41;853;866;118324.85;1215275.49;4.42;114.90;106.71;8.29;10.827738433648;59.932141539481;294.33
1712.21;854;867;118323.21;1215276.23;4.43;114.90;107.12;7.89;10.827709114909;59.932148256804;294.33
1714.01;855;868;118321.66;1215276.93;4.43;114.93;107.59;7.41;10.827681426379;59.932154600892;294.33
1715.81;856;869;118319.93;1215277.71;4.44;114.98;107.88;7.20;10.827650479218;59.932161692355;294.33
1717.61;857;870;118318.29;1215278.45;4.45;115.01;108.46;6.74;10.827621162267;59.932168409678;294.33
1719.41;858;871;118316.65;1215279.19;4.46;115.08;108.86;6.43;10.827591843528;59.932175127000;294.33
1721.21;859;872;118315.01;1215279.93;4.46;115.13;108.99;6.36;10.827562526576;59.932181844323;294.33
1723.01;860;873;118313.46;1215280.63;4.47;115.17;109.21;6.18;10.827534836259;59.932188189317;294.33
1724.81;861;874;118311.73;1215281.42;4.48;115.20;109.41;6.05;10.827503890886;59.932195279874;294.33
1726.61;862;875;118310.09;1215282.16;4.49;115.26;109.51;6.00;10.827474572147;59.932201997197;294.33
1728.41;863;876;118308.45;1215282.90;4.49;115.32;109.71;5.79;10.827445255195;59.932208715426;294.33
1730.21;864;877;118306.81;1215283.64;4.50;115.40;109.80;5.71;10.827415936456;59.932215432748;294.33
1732.01;865;878;118305.26;1215284.34;4.51;115.46;110.13;5.38;10.827388247926;59.932221776836;294.33
1733.81;866;879;118303.53;1215285.13;4.52;115.44;110.48;5.01;10.827357300766;59.932228867393;294.33
1735.61;867;880;118301.89;1215285.87;4.52;115.53;110.64;4.83;10.827327983814;59.932235585622;294.33
1737.41;868;881;118300.25;1215286.61;4.53;115.67;110.98;4.48;10.827298665075;59.932242302945;294.33
1739.21;869;882;118298.61;1215287.35;4.54;115.69;111.32;4.17;10.827269348124;59.932249020267;294.33
1741.01;870;883;118297.06;1215288.05;4.54;115.50;111.44;4.07;10.827241659594;59.932255364355;294.33
1742.81;871;884;118295.33;1215288.83;4.55;115.46;111.78;3.76;10.827210712433;59.932262455819;294.33
1744.61;872;885;118293.69;1215289.57;4.56;115.70;111.91;3.65;10.827181393694;59.932269173141;294.33
1746.41;873;886;118292.05;1215290.32;4.57;115.76;112.20;3.40;10.827152076743;59.932275890464;294.33
1748.21;874;887;118290.41;1215291.06;4.57;115.80;112.47;3.21;10.827122758004;59.932282607786;294.33
1750.01;875;888;118288.86;1215291.76;4.58;115.67;112.61;3.16;10.827095069474;59.932288952780;294.33
1751.81;876;889;118287.13;1215292.54;4.59;115.77;112.88;2.98;10.827064124101;59.932296043338;294.33
1753.61;877;890;118285.49;1215293.28;4.60;115.86;113.03;2.91;10.827034805361;59.932302760660;294.33
1755.41;878;891;118283.85;1215294.02;4.60;115.88;113.11;2.90;10.827005488410;59.932309477983;294.33
1757.21;879;892;118282.21;1215294.77;4.61;115.92;113.25;2.75;10.826976169671;59.932316196212;294.33
1759.01;880;893;118280.66;1215295.47;4.62;115.94;113.39;2.61;10.826948481141;59.932322540299;294.33
1760.81;881;894;118278.93;1215296.25;4.63;115.95;113.47;2.53;10.826917533980;59.932329630857;294.33
1762.61;882;895;118277.29;1215296.99;4.63;115.89;113.54;2.46;10.826888217029;59.932336348179;294.33
1764.41;883;896;118275.65;1215297.73;4.64;115.96;113.57;2.43;10.826858898290;59.932343066408;294.33
1766.21;884;897;118274.01;1215298.47;4.65;116.06;113.59;2.41;10.826829581338;59.932349783731;294.33
1768.01;885;898;118272.46;1215299.17;4.66;116.05;113.64;2.38;10.826801891021;59.932356127818;294.33
1769.81;886;899;118270.73;1215299.96;4.66;116.06;113.69;2.36;10.826770945648;59.932363218376;294.33
1771.61;887;900;118269.09;1215300.70;4.67;116.07;113.72;2.39;10.826741626909;59.932369936605;294.33
1773.41;888;901;118267.45;1215301.44;4.68;116.02;113.76;2.46;10.826712309957;59.932376653927;294.33
1775.21;889;902;118265.81;1215302.18;4.69;116.15;113.75;2.59;10.826682991218;59.932383371250;294.33
1777.01;890;903;118264.26;1215302.88;4.69;116.21;113.73;2.86;10.826655302688;59.932389716244;294.33
1778.81;891;904;118262.53;1215303.66;4.70;116.61;113.71;3.15;10.826624355528;59.932396806801;294.33
1780.61;892;905;118260.89;1215304.40;4.71;116.99;113.68;3.35;10.826595038576;59.932403524124;294.33
1782.41;893;906;118259.25;1215305.15;4.71;117.04;113.63;3.47;10.826565719837;59.932410241446;294.33
1784.21;894;907;118257.61;1215305.89;4.72;117.11;113.56;3.46;10.826536402886;59.932416959675;294.33
1786.01;895;908;118256.06;1215306.59;4.73;117.06;113.51;3.43;10.826508714356;59.932423303763;294.33
1787.81;896;909;118254.33;1215307.37;4.74;117.12;113.43;3.43;10.826477767195;59.932430394320;294.33
1789.61;897;910;118252.69;1215308.11;4.74;117.25;113.38;3.40;10.826448450244;59.932437111643;294.33
1791.41;898;911;118251.05;1215308.85;4.75;117.35;113.29;3.42;10.826419131505;59.932443829871;294.33
1793.21;899;912;118249.41;1215309.60;4.76;117.35;113.19;3.44;10.826389814553;59.932450547194;294.33
1795.01;900;913;118247.86;1215310.30;4.77;117.35;113.08;3.47;10.826362124236;59.932456891282;294.33
1796.81;901;914;118246.13;1215311.08;4.77;117.36;113.02;3.46;10.826331178863;59.932463981839;294.33
1798.61;902;915;118244.49;1215311.82;4.78;117.37;112.88;3.52;10.826301860124;59.932470700068;294.33
1800.41;903;916;118242.85;1215312.56;4.79;117.42;112.81;3.51;10.826272543172;59.932477417391;294.33
1802.21;904;917;118241.21;1215313.30;4.80;117.46;112.68;3.57;10.826243224433;59.932484134713;294.33
1804.01;905;918;118239.66;1215314.00;4.80;117.47;112.55;3.61;10.826215535903;59.932490478801;294.33
1805.81;906;919;118237.93;1215314.79;4.81;117.47;112.49;3.60;10.826184588743;59.932497570264;294.33
1807.61;907;920;118236.29;1215315.53;4.82;117.45;112.35;3.66;10.826155271791;59.932504287587;294.33
1809.41;908;921;118234.64;1215316.27;4.83;117.44;112.22;3.72;10.826125953052;59.932511004910;294.33
1811.21;909;922;118233.00;1215317.01;4.83;117.43;112.16;3.70;10.826096636101;59.932517723138;294.33
1813.01;910;923;118231.46;1215317.71;4.84;117.41;112.02;3.76;10.826068945783;59.932524067226;294.33
1814.81;911;924;118229.72;1215318.49;4.85;117.40;111.89;3.81;10.826038000410;59.932531157784;294.33
1816.61;912;925;118228.08;1215319.24;4.86;117.41;111.83;3.80;10.826008681671;59.932537875106;294.33
1818.41;913;926;118226.44;1215319.98;4.86;117.41;111.70;3.85;10.825979364719;59.932544592429;294.33
1820.21;914;927;118224.80;1215320.72;4.87;117.41;111.63;3.84;10.825950045980;59.932551310657;294.33
1822.01;915;928;118223.26;1215321.42;4.88;117.41;111.51;3.89;10.825922357451;59.932557654745;294.33
1823.81;916;929;118221.52;1215322.20;4.89;117.41;111.38;3.94;10.825891410290;59.932564745303;294.33
1825.61;917;930;118219.88;1215322.94;4.89;117.41;111.31;3.92;10.825862093338;59.932571463531;294.33
1827.41;918;931;118218.24;1215323.68;4.90;117.41;111.19;3.97;10.825832776387;59.932578180854;294.33
1829.21;919;932;118216.60;1215324.43;4.91;117.39;111.06;4.01;10.825803457648;59.932584898177;294.33
1831.01;920;933;118215.05;1215325.13;4.91;117.30;111.00;3.99;10.825775769118;59.932591242264;294.33
1832.81;921;934;118213.32;1215325.91;4.92;117.28;110.87;4.04;10.825744821957;59.932598333728;294.33
1834.61;922;935;118211.68;1215326.65;4.93;117.33;110.81;4.01;10.825715505006;59.932605051051;294.33
1836.41;923;936;118210.04;1215327.39;4.94;117.23;110.68;4.05;10.825686186267;59.932611768373;294.33
1838.21;924;937;118208.40;1215328.13;4.94;115.52;110.57;4.09;10.825656869315;59.932618485696;294.33
1840.01;925;938;118206.85;1215328.83;4.95;114.90;110.47;4.33;10.825629178998;59.932624830689;294.33
1841.81;926;939;118205.12;1215329.62;4.96;114.82;110.41;4.60;10.825598233625;59.932631921247;294.33
1843.61;927;940;118203.48;1215330.36;4.97;116.35;110.29;4.95;10.825568914886;59.932638638570;294.33
1845.41;928;941;118201.84;1215331.10;4.97;117.14;110.23;5.17;10.825539597934;59.932645355892;294.33
1847.21;929;942;118200.20;1215331.84;4.98;117.11;110.11;5.45;10.825510279195;59.932652074121;294.33
1849.01;930;943;118198.65;1215332.54;4.99;117.09;109.99;5.72;10.825482590665;59.932658418209;294.33
1850.81;931;944;118196.92;1215333.32;5.00;117.09;109.93;5.94;10.825451643505;59.932665508766;294.33
1852.61;932;945;118195.28;1215334.07;5.00;117.14;109.81;6.20;10.825422326553;59.932672226089;294.33
1854.41;933;946;118193.64;1215334.81;5.01;117.17;109.69;6.48;10.825393007814;59.932678944317;294.33
1856.21;934;947;118192.00;1215335.55;5.02;117.20;109.63;6.69;10.825363690863;59.932685661640;294.33
1858.01;935;948;118190.45;1215336.25;5.03;117.22;109.51;6.96;10.825336002333;59.932692005728;294.33
1859.81;936;949;118188.72;1215337.03;5.03;117.28;109.39;7.23;10.825305055172;59.932699096285;294.33
1861.61;937;950;118187.08;1215337.77;5.04;117.30;109.34;7.42;10.825275736433;59.932705814514;294.33
1863.41;938;951;118185.44;1215338.52;5.05;117.31;109.22;7.66;10.825246419482;59.932712531837;294.33
1865.21;939;952;118183.80;1215339.26;5.06;117.28;109.17;7.84;10.825217102530;59.932719249159;294.33
1867.01;940;953;118182.25;1215339.96;5.06;117.31;109.05;8.08;10.825189412213;59.932725594153;294.33
1868.81;941;954;118180.52;1215340.74;5.07;117.30;108.94;8.31;10.825158466840;59.932732684710;294.33
1870.61;942;955;118178.88;1215341.48;5.08;117.30;108.89;8.49;10.825129148101;59.932739402033;294.33
1872.41;943;956;118177.24;1215342.22;5.08;117.30;108.77;8.73;10.825099831149;59.932746119356;294.33
1874.21;944;957;118175.60;1215342.96;5.09;117.31;108.66;8.96;10.825070512410;59.932752837584;294.33
1876.01;945;958;118174.05;1215343.66;5.10;117.28;108.61;9.06;10.825042823880;59.932759181672;294.33
1877.81;946;959;118172.32;1215344.45;5.11;117.29;108.51;9.18;10.825011876719;59.932766272230;294.33
1879.61;947;960;118170.68;1215345.19;5.11;117.28;108.46;9.26;10.824982559768;59.932772989552;294.33
1881.41;948;961;118169.04;1215345.93;5.12;117.27;108.37;9.39;10.824953241029;59.932779707781;294.33
1883.21;949;962;118167.40;1215346.67;5.13;117.25;108.27;9.52;10.824923924077;59.932786425103;294.33
1885.01;950;963;118165.85;1215347.37;5.14;117.29;108.16;9.65;10.824896233760;59.932792769191;294.33
1886.81;951;964;118164.12;1215348.15;5.14;117.32;108.11;9.73;10.824865288387;59.932799859749;294.33
1888.61;952;965;118162.48;1215348.90;5.15;117.48;108.00;9.87;10.824835969648;59.932806577977;294.33
1890.41;953;966;118160.84;1215349.64;5.16;117.85;107.95;9.95;10.824806652696;59.932813295300;294.33
1892.21;954;967;118159.20;1215350.38;5.17;117.98;107.84;10.09;10.824777333957;59.932820012623;294.33
1894.01;955;968;118157.65;1215351.08;5.17;117.85;107.75;10.21;10.824749645427;59.932826357616;294.33
1895.81;956;969;118155.92;1215351.86;5.18;117.91;107.70;10.29;10.824718698267;59.932833448174;294.33
1897.61;957;970;118154.28;1215352.60;5.19;117.89;107.61;10.40;10.824689381315;59.932840165496;294.33
1899.41;958;971;118152.64;1215353.35;5.20;118.05;107.50;10.50;10.824660062576;59.932846882819;294.33
1901.21;959;972;118151.00;1215354.09;5.20;118.00;107.45;10.55;10.824630745625;59.932853600142;294.33
1903.01;960;973;118149.45;1215354.79;5.21;117.98;107.36;10.64;10.824603057095;59.932859945135;294.33
1904.81;961;974;118147.72;1215355.57;5.22;118.04;107.29;10.71;10.824572109934;59.932867035693;294.33
1906.61;962;975;118146.08;1215356.31;5.23;117.90;107.25;10.75;10.824542792983;59.932873753016;294.33
1908.41;963;976;118144.44;1215357.05;5.23;118.24;107.18;11.45;10.824513474244;59.932880471244;294.33
1910.21;964;977;118142.80;1215357.79;5.24;119.07;107.15;11.88;10.824484157292;59.932887188567;294.33
1912.01;965;978;118141.25;1215358.50;5.25;119.53;107.08;12.00;10.824456466975;59.932893532655;294.33
1913.81;966;979;118139.52;1215359.28;5.26;119.67;107.01;12.12;10.824425521602;59.932900623212;294.33
1915.61;967;980;118137.88;1215360.02;5.26;119.53;106.99;12.20;10.824396202863;59.932907341441;294.33
1917.41;968;981;118136.24;1215360.76;5.27;119.52;106.93;12.31;10.824366885911;59.932914058763;294.33
1919.21;969;982;118134.60;1215361.50;5.28;119.55;106.87;12.42;10.824337567172;59.932920776086;294.33
1921.01;970;983;118133.05;1215362.20;5.28;119.58;106.84;12.50;10.824309878642;59.932927120174;294.33
1922.81;971;984;118131.32;1215362.99;5.29;119.56;106.79;12.60;10.824278931482;59.932934211637;294.33
1924.61;972;985;118129.68;1215363.73;5.30;119.55;106.74;12.69;10.824249614530;59.932940928960;294.33
1926.41;973;986;118128.04;1215364.47;5.31;119.60;106.71;12.76;10.824220295791;59.932947646282;294.33
1928.21;974;987;118126.40;1215365.21;5.31;119.64;106.65;12.82;10.824190978840;59.932954363605;294.33
1930.01;975;988;118124.85;1215365.91;5.32;119.46;106.59;12.89;10.824163290310;59.932960708599;294.33
1931.81;976;989;118123.11;1215366.69;5.33;119.54;106.55;12.92;10.824132343149;59.932967799156;294.33
1933.61;977;990;118121.47;1215367.43;5.34;119.51;106.49;12.98;10.824103024410;59.932974516479;294.33
1935.41;978;991;118119.83;1215368.18;5.34;119.47;106.46;13.01;10.824073707459;59.932981233802;294.33
1937.21;979;992;118118.19;1215368.92;5.35;119.36;106.41;13.05;10.824044388719;59.932987952030;294.33
1939.01;980;993;118116.65;1215369.62;5.36;119.42;106.36;13.10;10.824016700190;59.932994296118;294.33
1940.81;981;994;118114.91;1215370.40;5.37;119.42;106.34;13.12;10.823985753029;59.933001386676;294.33
1942.61;982;995;118113.27;1215371.14;5.37;119.44;106.29;13.17;10.823956436077;59.933008103998;294.33
1944.41;983;996;118111.63;1215371.88;5.38;119.44;106.24;13.22;10.823927117338;59.933014822227;294.33
1946.21;984;997;118109.99;1215372.63;5.39;119.46;106.21;13.24;10.823897800387;59.933021539549;294.33
1948.01;985;998;118108.44;1215373.33;5.40;119.42;106.17;13.26;10.823870111857;59.933027883637;294.33
1949.81;986;999;118106.71;1215374.11;5.40;119.40;106.10;13.30;10.823839164696;59.933034975101;294.33
1951.61;987;1000;118105.07;1215374.85;5.41;119.40;106.08;13.30;10.823809847745;59.933041692423;294.33
1953.41;988;1001;118103.43;1215375.59;5.42;119.42;106.03;13.34;10.823780529006;59.933048409746;294.33
1955.21;989;1002;118101.79;1215376.33;5.43;119.42;106.01;13.35;10.823751212054;59.933055127069;294.33
1957.01;990;1003;118100.24;1215377.03;5.43;119.38;105.96;13.39;10.823723521737;59.933061472062;294.33
1958.81;991;1004;118098.51;1215377.82;5.44;119.35;105.92;13.42;10.823692576364;59.933068562620;294.33
1960.61;992;1005;118096.87;1215378.56;5.45;119.37;105.90;13.43;10.823663257625;59.933075279942;294.33
1962.41;993;1006;118095.23;1215379.30;5.45;119.35;105.85;13.48;10.823633940673;59.933081997265;294.33
1964.21;994;1007;118093.59;1215380.04;5.46;119.38;105.80;13.53;10.823604621934;59.933088715494;294.33
1966.01;995;1008;118092.04;1215380.74;5.47;119.36;105.78;13.55;10.823576933404;59.933095059581;294.33
1967.81;996;1009;118090.31;1215381.52;5.48;119.27;105.74;13.60;10.823545986244;59.933102150139;294.33
1969.61;997;1010;118088.67;1215382.27;5.48;119.24;105.69;13.65;10.823516669292;59.933108867462;294.33
1971.41;998;1011;118087.03;1215383.01;5.49;119.17;105.67;13.65;10.823487350553;59.933115585690;294.33
1973.21;999;1012;118085.39;1215383.75;5.50;119.05;105.62;13.68;10.823458033602;59.933122303013;294.33
1975.01;1000;1013;118083.84;1215384.45;5.51;118.90;105.57;13.71;10.823430345072;59.933128647100;294.33
1976.81;1001;1014;118082.11;1215385.23;5.51;118.92;105.55;13.72;10.823399397911;59.933135737658;294.33
1978.61;1002;1015;118080.47;1215385.97;5.52;119.15;105.51;13.75;10.823370079172;59.933142455887;294.33
1980.41;1003;1016;118078.83;1215386.71;5.53;119.19;105.48;13.76;10.823340762221;59.933149173209;294.33
1982.21;1004;1017;118077.19;1215387.46;5.54;119.23;105.44;13.81;10.823311445269;59.933155890532;294.33
1984.01;1005;1018;118075.64;1215388.16;5.54;119.24;105.39;13.87;10.823283754952;59.933162235526;294.33
1985.81;1006;1019;118073.91;1215388.94;5.55;119.31;105.37;13.90;10.823252809579;59.933169326083;294.33
1987.61;1007;1020;118072.27;1215389.68;5.56;119.38;105.32;13.95;10.823223490840;59.933176043406;294.33
1989.41;1008;1021;118070.63;1215390.42;5.57;119.52;105.27;14.00;10.823194173888;59.933182760728;294.33
1991.21;1009;1022;118068.99;1215391.16;5.57;119.60;105.25;14.02;10.823164855149;59.933189478957;294.33
1993.01;1010;1023;118067.44;1215391.86;5.58;119.55;105.22;14.04;10.823137166619;59.933195823045;294.33
1994.81;1011;1024;118065.71;1215392.65;5.59;119.53;105.20;14.04;10.823106219459;59.933202913602;294.33
1996.61;1012;1025;118064.07;1215393.39;5.60;119.51;105.18;14.02;10.823076902507;59.933209630925;294.33
1998.41;1013;1026;118062.43;1215394.13;5.60;119.53;105.15;14.01;10.823047583768;59.933216349153;294.33
2000.21;1014;1027;118060.79;1215394.87;5.61;119.55;105.14;13.99;10.823018266816;59.933223066476;294.33
2002.01;1015;1028;118059.24;1215395.57;5.62;119.44;105.11;13.99;10.822990576499;59.933229410564;294.33
2003.81;1016;1029;118057.51;1215396.35;5.62;119.44;105.09;14.00;10.822959631126;59.933236501121;294.33
2005.61;1017;1030;118055.87;1215397.10;5.63;119.25;105.07;14.15;10.822930312387;59.933243219350;294.33
2007.41;1018;1031;118054.23;1215397.84;5.64;119.15;105.04;14.22;10.822900995435;59.933249936673;294.33
2009.21;1019;1032;118052.59;1215398.58;5.65;119.05;105.01;14.22;10.822871676696;59.933256653995;294.33
2011.01;1020;1033;118051.04;1215399.28;5.65;119.06;105.00;14.21;10.822843988166;59.933262998083;294.33
2012.81;1021;1034;118049.31;1215400.06;5.66;119.04;104.97;14.21;10.822813041006;59.933270089547;294.33
2014.61;1022;1035;118047.67;1215400.80;5.67;119.04;104.95;14.21;10.822783724054;59.933276806869;294.33
2016.41;1023;1036;118046.03;1215401.54;5.68;119.05;104.93;14.19;10.822754405315;59.933283524192;294.33
2018.21;1024;1037;118044.39;1215402.29;5.68;119.02;104.90;14.19;10.822725088364;59.933290241514;294.33
2020.01;1025;1038;118042.84;1215402.99;5.69;119.04;104.88;14.22;10.822697399834;59.933296586508;294.33
2021.81;1026;1039;118041.11;1215403.77;5.70;119.19;104.86;14.27;10.822666452673;59.933303677066;294.33
2023.61;1027;1040;118039.47;1215404.51;5.71;119.34;104.83;14.34;10.822637135722;59.933310394388;294.33
2025.41;1028;1041;118037.83;1215405.25;5.71;119.35;104.82;14.38;10.822607816983;59.933317111711;294.33
2027.21;1029;1042;118036.19;1215405.99;5.72;119.65;104.79;14.44;10.822578500031;59.933323829940;294.33
2029.01;1030;1043;118034.64;1215406.69;5.73;119.77;104.76;14.52;10.822550809714;59.933330174027;294.33
2030.81;1031;1044;118032.91;1215407.48;5.74;119.86;104.75;14.59;10.822519864341;59.933337264585;294.33
2032.61;1032;1045;118031.27;1215408.22;5.74;119.82;104.72;14.67;10.822490545602;59.933343982813;294.33
2034.41;1033;1046;118029.63;1215408.96;5.75;119.76;104.69;14.74;10.822461228650;59.933350700136;294.33
2036.21;1034;1047;118027.99;1215409.70;5.76;119.71;104.68;14.80;10.822431909911;59.933357417459;294.33
2038.01;1035;1048;118026.44;1215410.40;5.76;119.70;104.68;14.83;10.822404221381;59.933363761546;294.33
2039.81;1036;1049;118024.71;1215411.18;5.77;119.62;104.68;14.86;10.822373274221;59.933370853010;294.33
2041.61;1037;1050;118023.07;1215411.93;5.78;119.55;104.68;14.88;10.822343957269;59.933377570333;294.33
2043.41;1038;1051;118021.43;1215412.67;5.79;119.54;104.68;14.89;10.822314638530;59.933384287655;294.33
2045.21;1039;1052;118019.79;1215413.41;5.79;119.52;104.68;14.91;10.822285321579;59.933391004978;294.33
2047.01;1040;1053;118018.24;1215414.11;5.80;119.50;104.69;14.94;10.822257633049;59.933397349971;294.33
2048.81;1041;1054;118016.51;1215414.89;5.81;119.35;104.69;15.02;10.822226685888;59.933404440529;294.33
2050.61;1042;1055;118014.87;1215415.63;5.82;119.27;104.69;15.12;10.822197367149;59.933411157852;294.33
2052.41;1043;1056;118013.32;1215416.33;5.82;119.71;104.69;15.21;10.822169678619;59.933417501939;294.33
2054.21;1044;1057;118011.58;1215417.12;5.83;119.77;104.69;15.30;10.822138731459;59.933424593403;294.33
2056.01;1045;1058;118010.04;1215417.82;5.84;119.80;104.69;15.31;10.822111042929;59.933430937491;294.33
2057.81;1046;1059;118008.30;1215418.60;5.85;119.93;104.69;15.31;10.822080095768;59.933438028048;294.33
2059.61;1047;1060;118006.66;1215419.34;5.85;119.91;104.69;15.31;10.822050778816;59.933444745371;294.33
2061.41;1048;1061;118005.12;1215420.04;5.86;119.82;104.69;15.31;10.822023090287;59.933451090365;294.33
2063.21;1049;1062;118003.38;1215420.82;5.87;119.74;104.70;15.30;10.821992143126;59.933458180922;294.33
2065.01;1050;1063;118001.84;1215421.52;5.88;119.72;104.70;15.30;10.821964454596;59.933464525010;294.33
2066.81;1051;1064;118000.10;1215422.31;5.88;119.68;104.70;15.30;10.821933507435;59.933471615567;294.33
2068.61;1052;1065;117998.46;1215423.05;5.89;119.69;104.70;15.28;10.821904190484;59.933478333796;294.33
2070.41;1053;1066;117996.91;1215423.75;5.90;119.61;104.70;14.85;10.821876500167;59.933484677884;294.33
2072.21;1054;1067;117995.18;1215424.53;5.91;119.04;104.71;14.30;10.821845554793;59.933491768441;294.33
2074.01;1055;1068;117993.63;1215425.23;5.91;118.98;104.72;14.75;10.821817864476;59.933498112529;294.33
2075.81;1056;1069;117991.90;1215426.02;5.92;118.99;104.72;14.89;10.821786919103;59.933505203992;294.33
2077.61;1057;1070;117990.26;1215426.76;5.93;119.08;104.73;15.02;10.821757600364;59.933511921315;294.33
2079.41;1058;1071;117988.71;1215427.46;5.94;119.72;104.75;15.15;10.821729911834;59.933518265403;294.33
2081.21;1059;1072;117986.98;1215428.24;5.94;119.80;104.76;15.24;10.821698964673;59.933525356866;294.33
2083.01;1060;1073;117985.43;1215428.94;5.95;119.82;104.83;15.17;10.821671276143;59.933531700954;294.33
2084.81;1061;1074;117983.70;1215429.72;5.96;119.88;104.90;15.10;10.821640328983;59.933538791512;294.33
2086.61;1062;1075;117982.06;1215430.46;5.97;119.89;104.93;15.07;10.821611012031;59.933545508834;294.33
2088.41;1063;1076;117980.51;1215431.16;5.97;119.97;104.98;15.02;10.821583323501;59.933551853828;294.33
2090.21;1064;1077;117978.78;1215431.95;5.98;120.04;105.00;15.00;10.821552376341;59.933558944385;294.33
2092.01;1065;1078;117977.23;1215432.65;5.99;120.01;105.05;14.95;10.821524687811;59.933565288473;294.33
2093.81;1066;1079;117975.50;1215433.43;5.99;119.97;105.11;14.90;10.821493740650;59.933572379031;294.33
2095.61;1067;1080;117973.86;1215434.17;6.00;119.92;105.13;14.87;10.821464421911;59.933579097259;294.33
2097.41;1068;1081;117972.31;1215434.87;6.01;119.80;105.18;14.82;10.821436733381;59.933585441347;294.33
2099.21;1069;1082;117970.58;1215435.65;6.02;119.99;105.23;14.77;10.821405786221;59.933592531905;294.33
2101.01;1070;1083;117969.03;1215436.36;6.02;119.71;105.26;14.74;10.821378097691;59.933598875992;294.33
2102.81;1071;1084;117967.30;1215437.14;6.03;119.65;105.31;14.69;10.821347152318;59.933605967456;294.33
2104.61;1072;1085;117965.66;1215437.88;6.04;119.54;105.40;14.60;10.821317833579;59.933612684778;294.33
2106.41;1073;1086;117964.11;1215438.58;6.05;119.65;105.45;14.55;10.821290145049;59.933619028866;294.33
2108.21;1074;1087;117962.38;1215439.36;6.05;119.77;105.55;14.45;10.821259197888;59.933626119424;294.33
2110.01;1075;1088;117960.83;1215440.06;6.06;119.83;105.59;14.43;10.821231509358;59.933632464417;294.33
2111.81;1076;1089;117959.10;1215440.85;6.07;119.94;105.69;14.38;10.821200562198;59.933639554975;294.33
2113.61;1077;1090;117957.46;1215441.59;6.08;120.07;105.79;14.33;10.821171245246;59.933646272298;294.33
2115.41;1078;1091;117955.91;1215442.29;6.08;120.21;105.83;14.33;10.821143554929;59.933652616385;294.33
2117.21;1079;1092;117954.18;1215443.07;6.09;120.29;105.93;14.28;10.821112609556;59.933659707849;294.33
2119.01;1080;1093;117952.63;1215443.77;6.10;120.37;106.05;14.19;10.821084919238;59.933666051937;294.33
2120.81;1081;1094;117950.90;1215444.55;6.11;120.31;106.12;14.15;10.821053973865;59.933673142494;294.33
2122.61;1082;1095;117949.26;1215445.29;6.11;120.25;106.26;14.04;10.821024655126;59.933679860723;294.33
2124.41;1083;1096;117947.71;1215446.00;6.12;120.22;106.40;13.93;10.820996966596;59.933686204810;294.33
2126.21;1084;1097;117945.98;1215446.78;6.13;120.14;106.46;13.91;10.820966019435;59.933693295368;294.33
2128.01;1085;1098;117944.43;1215447.48;6.13;120.14;106.58;13.81;10.820938330906;59.933699639456;294.33
2129.81;1086;1099;117942.70;1215448.26;6.14;120.19;106.70;13.71;10.820907383745;59.933706730919;294.33
2131.61;1087;1100;117941.06;1215449.00;6.15;120.21;106.76;13.67;10.820878066793;59.933713448242;294.33
2133.41;1088;1101;117939.51;1215449.70;6.16;120.20;106.91;13.55;10.820850378263;59.933719792330;294.33
2135.21;1089;1102;117937.78;1215450.49;6.16;120.17;107.00;13.48;10.820819431103;59.933726882887;294.33
2137.01;1090;1103;117936.23;1215451.19;6.17;120.17;107.18;13.33;10.820791742573;59.933733227881;294.33
2138.81;1091;1104;117934.50;1215451.97;6.18;120.26;107.36;13.17;10.820760795412;59.933740318438;294.33
2140.61;1092;1105;117932.86;1215452.71;6.19;120.21;107.45;13.12;10.820731478461;59.933747035761;294.33
2142.41;1093;1106;117931.31;1215453.41;6.19;120.20;107.63;12.98;10.820703788143;59.933753379849;294.33
2144.21;1094;1107;117929.58;1215454.19;6.20;120.19;107.80;12.79;10.820672842770;59.933760471312;294.33
2146.01;1095;1108;117928.03;1215454.89;6.21;120.18;107.89;12.65;10.820645152453;59.933766815400;294.33
2147.81;1096;1109;117926.30;1215455.68;6.22;120.12;108.08;12.44;10.820614207080;59.933773905958;294.33
2149.61;1097;1110;117924.66;1215456.42;6.22;120.07;108.27;12.30;10.820584888341;59.933780623280;294.33
2151.41;1098;1111;117923.11;1215457.12;6.23;120.18;108.35;12.14;10.820557199811;59.933786968274;294.33
2153.21;1099;1112;117921.38;1215457.90;6.24;120.36;108.55;11.99;10.820526252650;59.933794058831;294.33
2155.01;1100;1113;117919.83;1215458.60;6.25;120.56;108.63;12.03;10.820498564120;59.933800402919;294.33
2156.81;1101;1114;117918.10;1215459.38;6.25;120.76;108.82;12.02;10.820467616960;59.933807493477;294.33
2158.61;1102;1115;117916.46;1215460.13;6.26;120.83;109.00;11.99;10.820438300008;59.933814211705;294.33
2160.41;1103;1116;117914.91;1215460.83;6.27;121.01;109.08;11.99;10.820410609691;59.933820555793;294.33
2162.21;1104;1117;117913.18;1215461.61;6.28;121.22;109.25;11.84;10.820379664318;59.933827646351;294.33
2164.01;1105;1118;117911.63;1215462.31;6.28;121.42;109.42;11.71;10.820351975788;59.933833991344;294.33
2165.81;1106;1119;117909.90;1215463.09;6.29;121.49;109.51;11.66;10.820321028627;59.933841081902;294.33
2167.61;1107;1120;117908.26;1215463.83;6.30;121.55;109.68;11.54;10.820291709888;59.933847799224;294.33
2169.41;1108;1121;117906.71;1215464.53;6.30;121.57;109.79;11.48;10.820264021358;59.933854143312;294.33
2171.21;1109;1122;117904.98;1215465.32;6.31;121.56;109.81;11.52;10.820233074198;59.933861233870;294.33
2173.01;1110;1123;117903.43;1215466.02;6.32;121.56;109.85;11.52;10.820205385668;59.933867578863;294.33
2174.81;1111;1124;117901.69;1215466.80;6.33;121.61;109.90;11.50;10.820174438507;59.933874669421;294.33
2176.61;1112;1125;117900.05;1215467.54;6.33;121.66;109.92;11.48;10.820145121556;59.933881386744;294.33
2178.41;1113;1126;117898.51;1215468.24;6.34;121.68;109.98;11.43;10.820117433026;59.933887731737;294.33
2180.21;1114;1127;117896.77;1215469.02;6.35;121.71;110.00;11.41;10.820086485865;59.933894822295;294.33
2182.01;1115;1128;117895.23;1215469.72;6.36;121.71;110.01;11.42;10.820058797335;59.933901166383;294.33
2183.81;1116;1129;117893.49;1215470.51;6.36;121.67;110.00;11.43;10.820027850174;59.933908256940;294.33
2185.61;1117;1130;117891.85;1215471.25;6.37;121.60;109.99;11.39;10.819998533223;59.933914975169;294.33
2187.41;1118;1131;117890.31;1215471.95;6.38;121.60;109.97;11.36;10.819970842906;59.933921319256;294.33
2189.21;1119;1132;117888.57;1215472.73;6.39;121.67;109.95;11.37;10.819939897532;59.933928409814;294.33
2191.01;1120;1133;117887.02;1215473.43;6.39;121.63;109.95;11.34;10.819912207215;59.933934753902;294.33
2192.81;1121;1134;117885.29;1215474.21;6.40;121.53;109.95;11.31;10.819881261842;59.933941845365;294.33
2194.61;1122;1135;117883.65;1215474.96;6.41;121.42;109.94;11.32;10.819851943103;59.933948562688;294.33
2196.41;1123;1136;117882.10;1215475.66;6.42;121.27;109.93;11.38;10.819824254573;59.933954906776;294.33
2198.21;1124;1137;117880.37;1215476.44;6.42;121.29;109.91;11.49;10.819793307412;59.933961997333;294.33
2200.01;1125;1138;117878.82;1215477.14;6.43;121.38;109.89;11.58;10.819765618882;59.933968342327;294.33
2201.81;1126;1139;117877.09;1215477.92;6.44;121.45;109.88;11.69;10.819734671722;59.933975432884;294.33
2203.61;1127;1140;117875.45;1215478.66;6.45;121.53;109.90;11.76;10.819705354770;59.933982150207;294.33
2205.41;1128;1141;117873.90;1215479.36;6.45;121.51;109.91;11.85;10.819677666240;59.933988495201;294.33
2207.21;1129;1142;117872.17;1215480.15;6.46;121.52;109.93;11.92;10.819646719080;59.933995585758;294.33
2209.01;1130;1143;117870.62;1215480.85;6.47;121.63;109.95;12.00;10.819619030550;59.934001929846;294.33
2210.81;1131;1144;117868.89;1215481.63;6.48;122.01;109.95;12.05;10.819588083389;59.934009020403;294.33
2212.61;1132;1145;117867.25;1215482.37;6.48;122.14;109.97;12.03;10.819558764650;59.934015737726;294.33
2214.41;1133;1146;117865.70;1215483.07;6.49;122.22;110.02;11.98;10.819531076120;59.934022082720;294.33
2216.21;1134;1147;117863.97;1215483.85;6.50;122.23;110.05;11.95;10.819500128960;59.934029173277;294.33
2218.01;1135;1148;117862.42;1215484.55;6.50;122.19;110.11;11.89;10.819472440430;59.934035517365;294.33
2219.81;1136;1149;117860.69;1215485.34;6.51;122.18;110.17;11.83;10.819441495057;59.934042608829;294.33
2221.61;1137;1150;117859.05;1215486.08;6.52;122.21;110.20;11.80;10.819412176318;59.934049326151;294.33
2223.41;1138;1151;117857.50;1215486.78;6.53;122.27;110.27;11.73;10.819384487788;59.934055670239;294.33
2225.21;1139;1152;117855.77;1215487.56;6.53;122.28;110.30;11.70;10.819353540627;59.934062760797;294.33
2227.01;1140;1153;117854.22;1215488.26;6.54;122.28;110.37;11.63;10.819325852097;59.934069105790;294.33
2228.81;1141;1154;117852.49;1215489.04;6.55;122.23;110.44;11.57;10.819294904937;59.934076196348;294.33
2230.61;1142;1155;117850.85;1215489.79;6.56;122.20;110.47;11.53;10.819265587985;59.934082913670;294.33
2232.41;1143;1156;117849.30;1215490.49;6.56;122.10;110.54;11.46;10.819237897668;59.934089257758;294.33
2234.21;1144;1157;117847.57;1215491.27;6.57;122.13;110.62;11.38;10.819206952295;59.934096349222;294.33
2236.01;1145;1158;117846.02;1215491.97;6.58;122.17;110.65;11.36;10.819179261977;59.934102693309;294.33
2237.81;1146;1159;117844.29;1215492.75;6.59;122.17;110.70;11.30;10.819148316604;59.934109783867;294.33
2239.61;1147;1160;117842.65;1215493.49;6.59;121.98;110.75;11.25;10.819118997865;59.934116501190;294.33
2241.41;1148;1161;117841.10;1215494.19;6.60;121.87;110.78;11.22;10.819091309335;59.934122846183;294.33
2243.21;1149;1162;117839.37;1215494.98;6.61;121.85;110.83;11.17;10.819060362174;59.934129936741;294.33
2245.01;1150;1163;117837.82;1215495.68;6.62;121.78;110.86;11.14;10.819032673645;59.934136280828;294.33
2246.81;1151;1164;117836.09;1215496.46;6.62;121.76;110.91;11.09;10.819001726484;59.934143371386;294.33
2248.61;1152;1165;117834.45;1215497.20;6.63;121.78;110.96;11.00;10.818972409532;59.934150089615;294.33
2250.41;1153;1166;117832.90;1215497.90;6.64;121.91;110.99;10.99;10.818944721003;59.934156433702;294.33
2252.21;1154;1167;117831.17;1215498.68;6.65;121.96;111.04;11.01;10.818913773842;59.934163524260;294.33
2254.01;1155;1168;117829.62;1215499.39;6.65;121.99;111.10;11.05;10.818886085312;59.934169869254;294.33
2255.81;1156;1169;117827.89;1215500.17;6.66;121.95;111.13;11.10;10.818855138151;59.934176959811;294.33
2257.61;1157;1170;117826.25;1215500.91;6.67;122.04;111.18;11.08;10.818825821200;59.934183677134;294.33
2259.41;1158;1171;117824.70;1215501.61;6.67;122.04;111.22;11.06;10.818798130882;59.934190021221;294.33
2261.21;1159;1172;117822.97;1215502.39;6.68;122.08;111.23;11.04;10.818767185509;59.934197112685;294.33
2263.01;1160;1173;117821.42;1215503.09;6.69;122.10;111.26;11.00;10.818739495192;59.934203456773;294.33
2264.81;1161;1174;117819.69;1215503.88;6.70;122.10;111.29;10.88;10.818708549819;59.934210547330;294.33
2266.61;1162;1175;117818.05;1215504.62;6.70;122.07;111.31;10.69;10.818679231080;59.934217264653;294.33
2268.41;1163;1176;117816.50;1215505.32;6.71;122.02;111.34;10.66;10.818651542550;59.934223609647;294.33
2270.21;1164;1177;117814.77;1215506.10;6.72;121.98;111.37;10.63;10.818620595389;59.934230700204;294.33
2272.01;1165;1178;117813.22;1215506.80;6.73;121.96;111.39;10.61;10.818592906859;59.934237044292;294.33
2273.81;1166;1179;117811.49;1215507.58;6.73;121.96;111.42;10.58;10.818561959699;59.934244134849;294.33
2275.61;1167;1180;117809.85;1215508.32;6.74;121.94;111.43;10.57;10.818532642747;59.934250853078;294.33
2277.41;1168;1181;117808.30;1215509.02;6.75;121.97;111.46;10.54;10.818504952430;59.934257197166;294.33
2279.21;1169;1182;117806.57;1215509.81;6.76;121.97;111.50;10.51;10.818474007057;59.934264287723;294.33
2281.01;1170;1183;117805.02;1215510.51;6.76;122.03;111.51;10.53;10.818446318527;59.934270631811;294.33
2282.81;1171;1184;117803.29;1215511.29;6.77;122.02;111.54;10.55;10.818415371366;59.934277723275;294.33
2284.61;1172;1185;117801.65;1215512.03;6.78;122.08;111.57;10.55;10.818386052627;59.934284440597;294.33
2286.41;1173;1186;117800.10;1215512.73;6.79;122.11;111.59;10.57;10.818358364097;59.934290784685;294.33
2288.21;1174;1187;117798.37;1215513.52;6.79;122.16;111.62;10.57;10.818327416937;59.934297875242;294.33
2290.01;1175;1188;117796.82;1215514.22;6.80;122.24;111.64;10.58;10.818299728407;59.934304220236;294.33
2291.81;1176;1189;117795.09;1215515.00;6.81;122.36;111.67;10.58;10.818268781246;59.934311310794;294.33
2293.61;1177;1190;117793.45;1215515.74;6.82;122.34;111.70;10.58;10.818239464295;59.934318028116;294.33
2295.41;1178;1191;117791.90;1215516.44;6.82;122.25;111.71;10.59;10.818211775765;59.934324373110;294.33
2297.21;1179;1192;117790.16;1215517.22;6.83;122.28;111.74;10.59;10.818180828604;59.934331463668;294.33
2299.01;1180;1193;117788.62;1215517.92;6.84;122.26;111.78;10.59;10.818153140074;59.934337807755;294.33
2300.81;1181;1194;117786.88;1215518.71;6.85;122.16;111.79;10.61;10.818122192914;59.934344898313;294.33
2302.61;1182;1195;117785.24;1215519.45;6.85;122.15;111.80;10.56;10.818092875962;59.934351616541;294.33
2304.41;1183;1196;117783.70;1215520.15;6.86;122.12;111.81;10.50;10.818065185645;59.934357960629;294.33
2306.21;1184;1197;117781.96;1215520.93;6.87;122.26;111.82;10.54;10.818034240271;59.934365051187;294.33
2308.01;1185;1198;117780.42;1215521.63;6.87;122.38;111.84;10.59;10.818006549954;59.934371395274;294.33
2309.81;1186;1199;117778.68;1215522.41;6.88;122.39;111.85;10.66;10.817975604581;59.934378486738;294.33
2311.61;1187;1200;117777.04;1215523.16;6.89;122.52;111.86;10.74;10.817946285842;59.934385204061;294.33
2313.41;1188;1201;117775.49;1215523.86;6.90;122.60;111.87;10.82;10.817918597312;59.934391548148;294.33
2315.21;1189;1202;117773.76;1215524.64;6.90;122.75;111.88;10.89;10.817887650151;59.934398638706;294.33
2317.01;1190;1203;117772.21;1215525.34;6.91;122.74;111.89;10.94;10.817859961621;59.934404983699;294.33
2318.81;1191;1204;117770.48;1215526.12;6.92;122.79;111.90;10.97;10.817829014461;59.934412074257;294.33
2320.61;1192;1205;117768.84;1215526.86;6.93;122.81;111.91;10.99;10.817799697509;59.934418791580;294.33
2322.41;1193;1206;117767.29;1215527.56;6.93;122.74;111.92;10.95;10.817772008979;59.934425135667;294.33
2324.21;1194;1207;117765.56;1215528.35;6.94;122.74;111.94;10.95;10.817741061819;59.934432227131;294.33
2326.01;1195;1208;117764.01;1215529.05;6.95;122.72;111.95;10.97;10.817713373289;59.934438571219;294.33
2327.81;1196;1209;117762.28;1215529.83;6.96;122.66;111.96;10.98;10.817682426128;59.934445661776;294.33
2329.61;1197;1210;117760.64;1215530.57;6.96;122.69;111.97;10.99;10.817653107389;59.934452379099;294.33
2331.41;1198;1211;117759.09;1215531.27;6.97;122.75;111.98;11.01;10.817625418859;59.934458724093;294.33
2333.21;1199;1212;117757.36;1215532.05;6.98;122.92;111.99;11.01;10.817594473486;59.934465814650;294.33
2335.01;1200;1213;117755.81;1215532.75;6.99;123.01;112.00;11.00;10.817566783169;59.934472158738;294.33
2336.81;1201;1214;117754.08;1215533.54;6.99;123.08;112.02;10.99;10.817535837796;59.934479249295;294.33
2338.61;1202;1215;117752.44;1215534.28;7.00;123.10;112.03;10.97;10.817506519057;59.934485967524;294.33
2340.41;1203;1216;117750.89;1215534.98;7.01;123.08;112.04;10.96;10.817478830527;59.934492311612;294.33
2342.21;1204;1217;117749.16;1215535.76;7.02;123.06;112.05;10.95;10.817447883366;59.934499402169;294.33
2344.01;1205;1218;117747.61;1215536.46;7.02;123.12;112.06;10.95;10.817420194836;59.934505747163;294.33
2345.81;1206;1219;117745.88;1215537.24;7.03;123.16;112.06;10.84;10.817389247676;59.934512837720;294.33
2347.61;1207;1220;117744.24;1215537.99;7.04;123.22;112.07;10.72;10.817359930724;59.934519555043;294.33
2349.41;1208;1221;117742.69;1215538.69;7.04;123.31;112.07;10.67;10.817332240407;59.934525899131;294.33
2351.21;1209;1222;117740.96;1215539.47;7.05;123.41;112.08;10.69;10.817301295034;59.934532990594;294.33
2353.01;1210;1223;117739.41;1215540.17;7.06;123.56;112.08;10.77;10.817273604716;59.934539334682;294.33
2354.81;1211;1224;117737.68;1215540.95;7.07;123.76;112.09;10.89;10.817242659343;59.934546425240;294.33
2356.61;1212;1225;117736.04;1215541.69;7.07;123.76;112.10;11.04;10.817213340604;59.934553142562;294.33
2358.41;1213;1226;117734.49;1215542.39;7.08;123.78;112.11;11.17;10.817185652074;59.934559487556;294.33
2360.21;1214;1227;117732.76;1215543.18;7.09;123.57;112.11;11.34;10.817154704914;59.934566578113;294.33
2362.01;1215;1228;117731.21;1215543.88;7.10;123.62;112.12;11.52;10.817127016384;59.934572922201;294.33
2363.81;1216;1229;117729.48;1215544.66;7.10;123.78;112.13;11.68;10.817096069223;59.934580012759;294.33
2365.61;1217;1230;117727.84;1215545.40;7.11;123.79;112.13;11.85;10.817066752271;59.934586730987;294.33
2367.41;1218;1231;117726.29;1215546.10;7.12;124.11;112.14;11.86;10.817039063742;59.934593075075;294.33
2369.21;1219;1232;117724.56;1215546.88;7.13;124.03;112.15;11.87;10.817008116581;59.934600165633;294.33
2371.01;1220;1233;117723.01;1215547.58;7.13;124.04;112.15;11.94;10.816980428051;59.934606509720;294.33
2372.81;1221;1234;117721.28;1215548.37;7.14;124.02;112.16;12.00;10.816949480890;59.934613601184;294.33
2374.61;1222;1235;117719.64;1215549.11;7.15;124.28;112.17;12.04;10.816920163939;59.934620318506;294.33
2376.41;1223;1236;117718.09;1215549.81;7.16;124.44;112.17;12.03;10.816892473622;59.934626662594;294.33
2378.21;1224;1237;117716.36;1215550.59;7.16;124.50;112.20;12.00;10.816861528248;59.934633753152;294.33
2380.01;1225;1238;117714.81;1215551.29;7.17;124.31;112.22;11.97;10.816833837931;59.934640098145;294.33
2381.81;1226;1239;117713.08;1215552.07;7.18;124.45;112.27;11.92;10.816802892558;59.934647188703;294.33
2383.61;1227;1240;117711.44;1215552.82;7.19;124.55;112.32;12.06;10.816773573819;59.934653906026;294.33
2385.41;1228;1241;117709.89;1215553.52;7.19;124.57;112.34;12.25;10.816745885289;59.934660251019;294.33
2387.21;1229;1242;117708.16;1215554.30;7.20;124.59;112.39;12.33;10.816714938128;59.934667341577;294.33
2389.01;1230;1243;117706.61;1215555.00;7.21;124.59;112.44;12.38;10.816687249598;59.934673685665;294.33
2390.81;1231;1244;117704.88;1215555.78;7.22;124.59;112.47;12.24;10.816656302438;59.934680776222;294.33
2392.61;1232;1245;117703.24;1215556.52;7.22;124.76;112.53;12.06;10.816626985486;59.934687494451;294.33
2394.41;1233;1246;117701.69;1215557.22;7.23;124.78;112.58;12.02;10.816599295169;59.934693838538;294.33
2396.21;1234;1247;117699.96;1215558.01;7.24;124.73;112.61;12.08;10.816568349796;59.934700929096;294.33
2398.01;1235;1248;117698.41;1215558.71;7.24;124.68;112.67;12.11;10.816540659478;59.934707273184;294.33
2399.81;1236;1249;117696.68;1215559.49;7.25;124.64;112.72;12.14;10.816509714105;59.934714364647;294.33
2401.61;1237;1250;117695.04;1215560.23;7.26;124.62;112.75;12.16;10.816480395366;59.934721081970;294.33
2403.41;1238;1251;117693.49;1215560.93;7.27;124.86;112.81;12.15;10.816452706836;59.934727426058;294.33
2405.21;1239;1252;117691.76;1215561.71;7.27;124.94;112.86;12.14;10.816421759676;59.934734516615;294.33
2407.01;1240;1253;117690.21;1215562.41;7.28;125.04;112.88;12.14;10.816394071146;59.934740861609;294.33
2408.81;1241;1254;117688.48;1215563.20;7.29;125.28;112.94;12.12;10.816363123985;59.934747952166;294.33
2410.61;1242;1255;117686.84;1215563.94;7.30;125.27;112.97;12.12;10.816333807034;59.934754669489;294.33
2412.41;1243;1256;117685.29;1215564.64;7.30;125.25;113.02;12.09;10.816306118504;59.934761013577;294.33
2414.21;1244;1257;117683.56;1215565.42;7.31;125.21;113.08;12.07;10.816275171343;59.934768105040;294.33
2416.01;1245;1258;117682.01;1215566.12;7.32;125.31;113.11;12.06;10.816247482813;59.934774449128;294.33
2417.81;1246;1259;117680.28;1215566.91;7.33;125.35;113.16;12.01;10.816216535653;59.934781539686;294.33
2419.61;1247;1260;117678.63;1215567.65;7.33;125.40;113.22;11.96;10.816187218701;59.934788257008;294.33
2421.41;1248;1261;117677.09;1215568.35;7.34;125.43;113.24;11.93;10.816159528384;59.934794602002;294.33
2423.21;1249;1262;117675.35;1215569.13;7.35;125.45;113.29;11.87;10.816128583011;59.934801692559;294.33
2425.01;1250;1263;117673.81;1215569.83;7.36;125.45;113.32;11.82;10.816100892693;59.934808036647;294.33
2426.81;1251;1264;117672.07;1215570.61;7.36;125.28;113.37;11.72;10.816069947320;59.934815127205;294.33
2428.61;1252;1265;117670.43;1215571.35;7.37;125.09;113.43;11.62;10.816040628581;59.934821845433;294.33
2430.41;1253;1266;117668.89;1215572.05;7.38;125.04;113.46;11.55;10.816012940051;59.934828189521;294.33
2432.21;1254;1267;117667.15;1215572.84;7.39;124.98;113.51;11.49;10.815981992890;59.934835280079;294.33
2434.01;1255;1268;117665.60;1215573.54;7.39;125.04;113.57;11.43;10.815954304361;59.934841625072;294.33
2435.81;1256;1269;117663.87;1215574.32;7.40;125.05;113.61;11.39;10.815923357200;59.934848715630;294.33
2437.61;1257;1270;117662.23;1215575.06;7.41;125.03;113.67;11.33;10.815894040248;59.934855432952;294.33
2439.41;1258;1271;117660.68;1215575.76;7.41;125.11;113.73;11.27;10.815866351718;59.934861777040;294.33
2441.21;1259;1272;117658.95;1215576.54;7.42;125.13;113.76;11.24;10.815835404558;59.934868868504;294.33
2443.01;1260;1273;117657.40;1215577.25;7.43;125.17;113.81;11.19;10.815807716028;59.934875212591;294.33
2444.81;1261;1274;117655.67;1215578.03;7.44;125.13;113.85;11.15;10.815776768867;59.934882303149;294.33
2446.61;1262;1275;117654.03;1215578.77;7.44;125.14;113.89;11.06;10.815747450128;59.934889020472;294.33
2448.41;1263;1276;117652.48;1215579.47;7.45;125.02;113.98;10.61;10.815719761598;59.934895365465;294.33
2450.21;1264;1277;117650.75;1215580.25;7.46;124.45;114.07;10.10;10.815688814438;59.934902456023;294.33
2452.01;1265;1278;117649.20;1215580.95;7.47;123.93;114.11;9.38;10.815661125908;59.934908800111;294.33
2453.81;1266;1279;117647.47;1215581.74;7.47;123.08;114.20;8.66;10.815630180535;59.934915890668;294.33
2455.61;1267;1280;117645.83;1215582.48;7.48;122.66;114.23;7.92;10.815600861796;59.934922608897;294.33
2457.41;1268;1281;117644.28;1215583.18;7.49;121.76;114.29;7.25;10.815573173266;59.934928952984;294.33
2459.21;1269;1282;117642.55;1215583.96;7.50;121.06;114.35;6.58;10.815542226105;59.934936043542;294.33
2461.01;1270;1283;117641.00;1215584.66;7.50;120.60;114.39;5.83;10.815514537575;59.934942387630;294.33
2462.81;1271;1284;117639.27;1215585.44;7.51;119.69;114.45;4.97;10.815483590415;59.934949479093;294.33
2464.61;1272;1285;117637.63;1215586.18;7.52;119.19;114.51;4.19;10.815454273463;59.934956196416;294.33
2466.41;1273;1286;117636.08;1215586.89;7.53;118.36;114.49;3.59;10.815426583146;59.934962540504;294.33
2468.21;1274;1287;117634.35;1215587.67;7.53;117.37;114.42;2.95;10.815395637773;59.934969631061;294.33
2470.01;1275;1288;117632.80;1215588.37;7.54;116.76;114.38;2.28;10.815367947455;59.934975976055;294.33
2471.81;1276;1289;117631.07;1215589.15;7.55;115.80;114.28;1.56;10.815337002082;59.934983066612;294.33
2473.61;1277;1290;117629.43;1215589.89;7.56;115.44;114.17;0.76;10.815307683343;59.934989783935;294.33
2475.41;1278;1291;117627.88;1215590.59;7.56;114.39;114.09;0.00;10.815279994813;59.934996128929;294.33
2477.21;1279;1292;117626.15;1215591.38;7.57;113.80;113.54;0.00;10.815249047653;59.935003219486;294.33
2479.01;1280;1293;117624.60;1215592.08;7.58;113.15;113.04;0.00;10.815221359123;59.935009563574;294.33
2480.81;1281;1294;117622.87;1215592.86;7.59;112.62;112.66;0.00;10.815190411962;59.935016654131;294.33
2482.61;1282;1295;117621.23;1215593.60;7.59;112.47;112.30;0.00;10.815161095011;59.935023372360;294.33
2484.41;1283;1296;117619.68;1215594.30;7.60;112.00;111.91;0.00;10.815133406481;59.935029716448;294.33
2486.21;1284;1297;117617.95;1215595.08;7.61;111.73;111.41;0.00;10.815102459320;59.935036807005;294.33
2488.01;1285;1298;117616.40;1215595.78;7.61;111.12;111.03;0.00;10.815074770790;59.935043151093;294.33
2489.81;1286;1299;117614.67;1215596.57;7.62;110.65;111.00;0.00;10.815043823629;59.935050242557;294.33
2491.61;1287;1300;117613.03;1215597.31;7.63;110.75;111.00;0.00;10.815014506678;59.935056959879;294.33
2493.41;1288;1301;117611.48;1215598.01;7.64;110.89;111.00;0.00;10.814986816361;59.935063303967;294.33
2495.21;1289;1302;117609.75;1215598.79;7.64;110.95;111.00;0.00;10.814955870987;59.935070394525;294.33
2497.01;1290;1303;117608.20;1215599.49;7.65;110.98;111.00;0.00;10.814928180670;59.935076739518;294.33
2498.81;1291;1304;117606.47;1215600.27;7.66;111.04;111.00;0.00;10.814897235297;59.935083830076;294.33
2500.61;1292;1305;117604.83;1215601.02;7.67;110.79;111.00;0.00;10.814867916558;59.935090547398;294.33
2502.41;1293;1306;117603.28;1215601.72;7.67;110.14;111.00;0.00;10.814840228028;59.935096891486;294.33
2504.21;1294;1307;117601.55;1215602.50;7.68;110.23;111.00;0.00;10.814809280867;59.935103982950;294.33
2506.01;1295;1308;117600.00;1215603.20;7.69;110.78;111.05;0.00;10.814781592337;59.935110327037;294.33
2507.81;1296;1309;117598.27;1215603.98;7.70;111.21;111.26;0.10;10.814750645177;59.935117417595;294.33
2509.61;1297;1310;117596.63;1215604.72;7.70;111.56;111.06;0.63;10.814721328225;59.935124134918;294.33
2511.41;1298;1311;117595.08;1215605.42;7.71;111.76;110.96;1.02;10.814693637908;59.935130479911;294.33
2513.21;1299;1312;117593.35;1215606.21;7.72;111.82;110.77;1.24;10.814662692535;59.935137570469;294.33
2515.01;1300;1313;117591.80;1215606.91;7.73;111.95;110.66;1.38;10.814635004005;59.935143914556;294.33
2516.81;1301;1314;117590.07;1215607.69;7.73;112.02;110.47;1.69;10.814604056844;59.935151006020;294.33
2518.61;1302;1315;117588.43;1215608.43;7.74;112.32;110.26;2.02;10.814574738105;59.935157723343;294.33
2520.41;1303;1316;117586.88;1215609.13;7.75;112.37;110.14;2.26;10.814547049575;59.935164067430;294.33
2522.21;1304;1317;117585.15;1215609.91;7.76;112.46;109.86;2.67;10.814516102415;59.935171157988;294.33
2524.01;1305;1318;117583.60;1215610.61;7.76;112.66;109.61;3.06;10.814488413885;59.935177502982;294.33
2525.81;1306;1319;117581.87;1215611.40;7.77;112.64;109.47;3.32;10.814457466724;59.935184593539;294.33
2527.61;1307;1320;117580.23;1215612.14;7.78;112.73;109.19;3.71;10.814428149773;59.935191310862;294.33
2529.41;1308;1321;117578.68;1215612.84;7.78;112.80;108.94;4.06;10.814400461243;59.935197654949;294.33
2531.21;1309;1322;117576.95;1215613.62;7.79;112.92;108.79;4.27;10.814369514082;59.935204746413;294.33
2533.01;1310;1323;117575.40;1215614.32;7.80;113.01;108.50;4.80;10.814341825552;59.935211090501;294.33
2534.81;1311;1324;117573.67;1215615.10;7.81;113.14;108.22;5.30;10.814310878392;59.935218181058;294.33
2536.61;1312;1325;117572.03;1215615.85;7.81;113.32;108.08;5.70;10.814281561440;59.935224898381;294.33
2538.41;1313;1326;117570.48;1215616.55;7.82;113.57;107.79;6.33;10.814253871123;59.935231243375;294.33
2540.21;1314;1327;117568.75;1215617.33;7.83;114.80;107.50;7.49;10.814222925750;59.935238333932;294.33
2542.01;1315;1328;117567.20;1215618.03;7.84;115.21;107.36;8.21;10.814195235432;59.935244678020;294.33
2543.81;1316;1329;117565.46;1215618.81;7.84;115.47;107.07;8.94;10.814164290059;59.935251768577;294.33
2545.61;1317;1330;117563.82;1215619.55;7.85;115.92;106.92;9.69;10.814134971320;59.935258486806;294.33
2547.41;1318;1331;117562.28;1215620.25;7.86;116.42;106.65;10.50;10.814107282790;59.935264830894;294.33
2549.21;1319;1332;117560.54;1215621.04;7.87;117.57;106.35;11.55;10.814076335629;59.935271921451;294.33
2551.01;1320;1333;117559.00;1215621.74;7.87;117.87;106.12;12.61;10.814048647100;59.935278265539;294.33
2552.81;1321;1334;117557.26;1215622.52;7.88;118.83;105.66;13.68;10.814017699939;59.935285357002;294.33
2554.61;1322;1335;117555.62;1215623.26;7.89;119.70;105.21;14.86;10.813988382987;59.935292074325;294.33
2556.41;1323;1336;117554.07;1215623.96;7.90;120.37;104.98;15.57;10.813960694458;59.935298418413;294.33
2558.21;1324;1337;117552.34;1215624.74;7.90;121.24;104.54;16.41;10.813929747297;59.935305509876;294.33
2560.01;1325;1338;117550.79;1215625.44;7.91;121.49;104.31;17.55;10.813902058767;59.935311853964;294.33
2561.81;1326;1339;117549.06;1215626.23;7.92;122.50;103.87;18.78;10.813871111606;59.935318944522;294.33
2563.61;1327;1340;117547.42;1215626.97;7.93;122.96;103.42;19.36;10.813841792867;59.935325661844;294.33
2565.41;1328;1341;117545.87;1215627.67;7.93;123.08;103.16;19.71;10.813814104337;59.935332006838;294.33
2567.21;1329;1342;117544.14;1215628.45;7.94;123.62;102.67;20.29;10.813783158964;59.935339097396;294.33
2569.01;1330;1343;117542.59;1215629.15;7.95;123.42;102.13;20.91;10.813755468647;59.935345441483;294.33
2570.81;1331;1344;117540.86;1215629.93;7.95;123.62;101.88;21.45;10.813724523274;59.935352532041;294.33
2572.61;1332;1345;117539.22;1215630.68;7.96;123.61;101.32;22.34;10.813695204535;59.935359250269;294.33
2574.41;1333;1346;117537.67;1215631.38;7.97;123.61;100.78;23.26;10.813667516005;59.935365594357;294.33
2576.21;1334;1347;117535.94;1215632.16;7.98;124.07;100.52;24.06;10.813636568844;59.935372684915;294.33
2578.01;1335;1348;117534.39;1215632.86;7.98;124.19;99.97;25.02;10.813608880314;59.935379029002;294.33
2579.81;1336;1349;117532.66;1215633.64;7.99;125.42;99.44;25.59;10.813577933154;59.935386120466;294.33
2581.61;1337;1350;117531.02;1215634.38;8.00;125.87;99.17;26.31;10.813548616202;59.935392837789;294.33
2583.41;1338;1351;117529.47;1215635.08;8.01;125.90;98.62;27.17;10.813520925885;59.935399181876;294.33
2585.21;1339;1352;117527.74;1215635.87;8.01;125.88;98.03;27.97;10.813489980512;59.935406272434;294.33
2587.01;1340;1353;117526.19;1215636.57;8.02;125.85;97.70;28.30;10.813462290194;59.935412617427;294.33
2588.81;1341;1354;117524.46;1215637.35;8.03;125.90;97.07;28.94;10.813431344821;59.935419707985;294.33
2590.61;1342;1355;117522.82;1215638.09;8.04;125.94;96.74;29.32;10.813402026082;59.935426425308;294.33
2592.41;1343;1356;117521.27;1215638.79;8.04;126.14;96.11;30.00;10.813374337552;59.935432769395;294.33
2594.21;1344;1357;117519.54;1215639.57;8.05;126.24;95.46;30.72;10.813343390392;59.935439860859;294.33
2596.01;1345;1358;117517.99;1215640.27;8.06;126.25;95.14;31.10;10.813315701862;59.935446204947;294.33
2597.81;1346;1359;117516.26;1215641.06;8.07;126.35;94.44;31.85;10.813284754701;59.935453295504;294.33
2599.61;1347;1360;117514.62;1215641.80;8.07;126.39;93.70;32.65;10.813255437750;59.935460012827;294.33
2601.41;1348;1361;117513.07;1215642.50;8.08;126.59;93.37;33.04;10.813227749220;59.935466357820;294.33
2603.21;1349;1362;117511.34;1215643.28;8.09;126.69;92.64;33.84;10.813196802059;59.935473448378;294.33
2605.01;1350;1363;117509.79;1215643.98;8.10;126.74;92.29;34.25;10.813169113529;59.935479792466;294.33
2606.81;1351;1364;117508.06;1215644.77;8.10;126.82;91.58;35.02;10.813138166369;59.935486883023;294.33
2608.61;1352;1365;117506.42;1215645.51;8.11;126.85;90.93;35.73;10.813108849417;59.935493601252;294.33
2610.41;1353;1366;117504.87;1215646.21;8.12;126.86;90.60;36.12;10.813081159100;59.935499945340;294.33
2612.21;1354;1367;117503.14;1215646.99;8.13;126.93;89.93;36.86;10.813050213726;59.935507035897;294.33
2614.01;1355;1368;117501.59;1215647.69;8.13;126.90;89.26;37.58;10.813022523409;59.935513380891;294.33
2615.81;1356;1369;117499.86;1215648.47;8.14;126.89;88.93;37.98;10.812991578036;59.935520471448;294.33
2617.61;1357;1370;117498.22;1215649.21;8.15;126.88;88.25;38.72;10.812962259297;59.935527188771;294.33
2619.41;1358;1371;117496.67;1215649.91;8.15;126.90;87.57;39.43;10.812934570767;59.935533532859;294.33
2621.21;1359;1372;117494.94;1215650.70;8.16;126.97;87.25;39.75;10.812903623606;59.935540624322;294.33
2623.01;1360;1373;117493.39;1215651.40;8.17;126.98;86.60;40.41;10.812875935076;59.935546968410;294.33
2624.81;1361;1374;117491.66;1215652.18;8.18;126.99;85.94;41.06;10.812844987916;59.935554058968;294.33
2626.61;1362;1375;117490.02;1215652.92;8.18;127.03;85.63;41.38;10.812815670964;59.935560776290;294.33
2628.41;1363;1376;117488.47;1215653.62;8.19;127.01;84.97;42.07;10.812787980647;59.935567121284;294.33
2630.21;1364;1377;117486.74;1215654.41;8.20;127.03;84.42;42.65;10.812757035274;59.935574211841;294.33
2632.01;1365;1378;117485.19;1215655.11;8.21;127.07;84.14;42.97;10.812729346744;59.935580555929;294.33
2633.81;1366;1379;117483.46;1215655.89;8.21;127.10;83.61;43.55;10.812698399583;59.935587646487;294.33
2635.61;1367;1380;117481.82;1215656.63;8.22;127.10;83.32;43.87;10.812669080844;59.935594364715;294.33
2637.41;1368;1381;117480.27;1215657.33;8.23;127.10;82.71;44.53;10.812641392314;59.935600708803;294.33
2639.21;1369;1382;117478.54;1215658.11;8.24;127.13;82.11;45.18;10.812610445154;59.935607799361;294.33
2641.01;1370;1383;117476.99;1215658.81;8.24;127.19;81.80;45.53;10.812582756624;59.935614143448;294.33
2642.81;1371;1384;117475.26;1215659.60;8.25;127.24;81.21;46.17;10.812551809463;59.935621234912;294.33
2644.61;1372;1385;117473.62;1215660.34;8.26;127.27;80.64;46.79;10.812522492512;59.935627952234;294.33
2646.41;1373;1386;117472.07;1215661.04;8.27;127.33;80.34;47.13;10.812494803982;59.935634296322;294.33
2648.21;1374;1387;117470.34;1215661.82;8.27;127.44;79.79;47.71;10.812463856821;59.935641386880;294.33
2650.01;1375;1388;117468.79;1215662.52;8.28;127.45;79.53;48.01;10.812436168291;59.935647731873;294.33
2651.81;1376;1389;117467.06;1215663.30;8.29;127.53;78.98;48.59;10.812405221131;59.935654822431;294.33
2653.61;1377;1390;117465.42;1215664.04;8.30;127.52;78.55;49.06;10.812375904179;59.935661539754;294.33
2655.41;1378;1391;117463.87;1215664.75;8.30;127.43;78.33;49.32;10.812348213862;59.935667884747;294.33
2657.21;1379;1392;117462.14;1215665.53;8.31;127.51;77.90;49.79;10.812317268489;59.935674975305;294.33
2659.01;1380;1393;117460.59;1215666.23;8.32;127.62;77.47;50.25;10.812289578171;59.935681319393;294.33
2660.81;1381;1394;117458.86;1215667.01;8.32;127.67;77.25;50.51;10.812258632798;59.935688409950;294.33
2662.61;1382;1395;117457.21;1215667.75;8.33;127.72;76.94;50.85;10.812229314059;59.935695128179;294.33
2664.41;1383;1396;117455.67;1215668.45;8.34;127.74;76.77;51.08;10.812201625529;59.935701472266;294.33
2666.21;1384;1397;117453.93;1215669.24;8.35;127.82;76.68;51.24;10.812170678369;59.935708562824;294.33
2668.01;1385;1398;117452.39;1215669.94;8.35;127.85;76.50;51.50;10.812142989839;59.935714906912;294.33
2669.81;1386;1399;117450.65;1215670.72;8.36;127.94;76.23;51.77;10.812112042678;59.935721998375;294.33
2671.61;1387;1400;117449.01;1215671.46;8.37;127.93;76.10;51.90;10.812082725726;59.935728715698;294.33
2673.41;1388;1401;117447.47;1215672.16;8.38;127.92;75.92;52.08;10.812055037197;59.935735059786;294.33
2675.21;1389;1402;117445.73;1215672.94;8.38;127.97;75.89;52.11;10.812024090036;59.935742150343;294.33
2677.01;1390;1403;117444.18;1215673.64;8.39;128.04;75.87;52.13;10.811996401506;59.935748495337;294.33
2678.81;1391;1404;117442.45;1215674.43;8.40;128.12;75.84;52.16;10.811965454345;59.935755585894;294.33
2680.61;1392;1405;117440.81;1215675.17;8.41;128.17;75.82;52.18;10.811936135606;59.935762303217;294.33
2682.41;1393;1406;117439.26;1215675.87;8.41;128.21;75.79;52.22;10.811908447076;59.935768647305;294.33
2684.21;1394;1407;117437.53;1215676.65;8.42;128.24;75.76;52.25;10.811877501703;59.935775738768;294.33
2686.01;1395;1408;117435.98;1215677.35;8.43;128.11;75.76;52.24;10.811849811386;59.935782082856;294.33
2687.81;1396;1409;117434.25;1215678.13;8.44;128.09;75.79;52.21;10.811818866013;59.935789173414;294.33
2689.61;1397;1410;117432.61;1215678.88;8.44;128.24;75.82;52.18;10.811789547274;59.935795890736;294.33
2691.41;1398;1411;117431.06;1215679.58;8.45;128.17;75.86;52.14;10.811761858744;59.935802235730;294.33
2693.21;1399;1412;117429.33;1215680.36;8.46;128.16;75.95;52.05;10.811730911583;59.935809326287;294.33
2695.01;1400;1413;117427.78;1215681.06;8.46;128.19;76.02;52.00;10.811703223053;59.935815670375;294.33
2696.81;1401;1414;117426.05;1215681.84;8.47;128.43;76.23;51.85;10.811672275893;59.935822761839;294.33
2698.61;1402;1415;117424.41;1215682.58;8.48;128.41;76.51;51.64;10.811642958941;59.935829479161;294.33
2700.41;1403;1416;117422.86;1215683.28;8.49;128.33;76.66;51.54;10.811615268624;59.935835823249;294.33
2702.21;1404;1417;117421.13;1215684.07;8.49;128.34;76.95;51.28;10.811584323251;59.935842913807;294.33
2704.01;1405;1418;117419.58;1215684.77;8.50;128.37;77.24;51.01;10.811556632933;59.935849258800;294.33
2705.81;1406;1419;117417.85;1215685.55;8.51;128.47;77.39;50.89;10.811525687560;59.935856349358;294.33
2707.61;1407;1420;117416.21;1215686.29;8.52;128.40;77.68;50.62;10.811496368821;59.935863066680;294.33
2709.41;1408;1421;117414.66;1215686.99;8.52;128.35;77.96;50.37;10.811468680291;59.935869410768;294.33
2711.21;1409;1422;117412.93;1215687.77;8.53;128.43;78.09;50.27;10.811437733131;59.935876502232;294.33
2713.01;1410;1423;117411.38;1215688.47;8.54;128.45;78.34;50.06;10.811410044601;59.935882846319;294.33
2714.81;1411;1424;117409.65;1215689.26;8.55;128.47;78.59;49.84;10.811379097440;59.935889936877;294.33
2716.61;1412;1425;117408.01;1215690.00;8.55;128.45;78.72;49.74;10.811349780489;59.935896654200;294.33
2718.41;1413;1426;117406.46;1215690.70;8.56;128.38;79.02;49.48;10.811322091959;59.935902999193;294.33
2720.21;1414;1427;117404.73;1215691.48;8.57;128.33;79.43;49.10;10.811291144798;59.935910089751;294.33
2722.01;1415;1428;117403.18;1215692.18;8.58;128.65;79.68;48.88;10.811263456268;59.935916433839;294.33
2723.81;1416;1429;117401.45;1215692.96;8.58;128.69;80.17;48.42;10.811232509108;59.935923524396;294.33
2725.61;1417;1430;117399.81;1215693.71;8.59;128.57;80.42;48.20;10.811203192156;59.935930242625;294.33
2727.41;1418;1431;117398.26;1215694.41;8.60;128.46;80.93;47.74;10.811175501839;59.935936586712;294.33
2729.21;1419;1432;117396.53;1215695.19;8.61;128.47;81.54;47.16;10.811144556466;59.935943677270;294.33
2731.01;1420;1433;117394.98;1215695.89;8.61;128.51;81.83;46.90;10.811116866148;59.935950022264;294.33
2732.81;1421;1434;117393.25;1215696.67;8.62;128.51;82.43;46.35;10.811085920775;59.935957112821;294.33
2734.61;1422;1435;117391.61;1215697.41;8.63;128.56;83.01;45.80;10.811056602036;59.935963830144;294.33
2736.41;1423;1436;117390.06;1215698.11;8.64;128.61;83.31;45.52;10.811028913506;59.935970174232;294.33
2738.21;1424;1437;117388.33;1215698.90;8.64;128.74;83.89;44.96;10.810997966345;59.935977264789;294.33
2740.01;1425;1438;117386.78;1215699.60;8.65;129.12;84.16;44.72;10.810970277816;59.935983609783;294.33
2741.81;1426;1439;117385.05;1215700.38;8.66;129.03;84.85;44.05;10.810939330655;59.935990700340;294.33
2743.61;1427;1440;117383.41;1215701.12;8.67;128.97;85.52;43.41;10.810910013703;59.935997417663;294.33
2745.41;1428;1441;117381.86;1215701.82;8.67;128.92;86.19;42.76;10.810882323386;59.936003762657;294.33
2747.21;1429;1442;117380.13;1215702.60;8.68;128.89;86.54;42.43;10.810851378013;59.936010853214;294.33
2749.01;1430;1443;117378.58;1215703.30;8.69;128.94;87.21;41.79;10.810823689483;59.936017197302;294.33
2750.81;1431;1444;117376.85;1215704.09;8.69;129.22;87.57;41.43;10.810792742322;59.936024287859;294.33
2752.61;1432;1445;117375.21;1215704.83;8.70;129.14;88.26;40.74;10.810763423583;59.936031006088;294.33
2754.41;1433;1446;117373.66;1215705.53;8.71;128.89;88.91;40.09;10.810735735053;59.936037350176;294.33
2756.21;1434;1447;117371.93;1215706.31;8.72;128.85;89.26;39.74;10.810704787893;59.936044440733;294.33
2758.01;1435;1448;117370.38;1215707.01;8.72;129.00;89.95;39.09;10.810677099363;59.936050784821;294.33
2759.81;1436;1449;117368.65;1215707.80;8.73;129.22;90.64;38.50;10.810646152202;59.936057876285;294.33
2761.61;1437;1450;117367.01;1215708.54;8.74;129.31;90.97;38.26;10.810616835251;59.936064593607;294.33
2763.41;1438;1451;117365.46;1215709.24;8.75;129.63;91.71;37.62;10.810589146721;59.936070937695;294.33
2765.21;1439;1452;117363.73;1215710.02;8.75;129.82;92.52;36.93;10.810558199560;59.936078028252;294.33
2767.01;1440;1453;117362.18;1215710.72;8.76;129.95;92.92;36.64;10.810530511030;59.936084373246;294.33
2768.81;1441;1454;117360.45;1215711.50;8.77;130.00;93.73;35.95;10.810499563870;59.936091463804;294.33
2770.61;1442;1455;117358.81;1215712.24;8.78;130.04;94.14;35.67;10.810470246918;59.936098181126;294.33
2772.41;1443;1456;117357.26;1215712.94;8.78;129.96;94.95;34.98;10.810442556601;59.936104525214;294.33
2774.21;1444;1457;117355.53;1215713.73;8.79;129.94;95.72;34.28;10.810411611228;59.936111616678;294.33
2776.01;1445;1458;117353.98;1215714.43;8.80;129.92;96.12;34.07;10.810383920910;59.936117960765;294.33
2777.81;1446;1459;117352.25;1215715.21;8.81;130.07;96.94;33.49;10.810352975537;59.936125051323;294.33
2779.61;1447;1460;117350.61;1215715.95;8.81;130.11;97.74;32.92;10.810323656798;59.936131768646;294.33
2781.41;1448;1461;117349.06;1215716.65;8.82;130.38;98.15;32.80;10.810295968268;59.936138113639;294.33
2783.21;1449;1462;117347.33;1215717.43;8.83;131.57;98.96;32.82;10.810265021108;59.936145204197;294.33
2785.01;1450;1463;117345.78;1215718.14;8.83;132.09;99.36;32.88;10.810237332578;59.936151548284;294.33
2786.81;1451;1464;117344.04;1215718.92;8.84;132.12;100.14;32.41;10.810206385417;59.936158639748;294.33
2788.61;1452;1465;117342.40;1215719.66;8.85;132.08;100.94;31.87;10.810177068466;59.936165357071;294.33
2790.41;1453;1466;117340.86;1215720.36;8.86;132.55;101.76;31.65;10.810149379936;59.936171701158;294.33
2792.21;1454;1467;117339.12;1215721.14;8.86;133.61;102.16;31.84;10.810118432775;59.936178791716;294.33
2794.01;1455;1468;117337.58;1215721.84;8.87;134.05;102.97;31.04;10.810090744245;59.936185136710;294.33
2795.81;1456;1469;117335.84;1215722.63;8.88;134.22;103.37;30.64;10.810059797084;59.936192227267;294.33
2797.61;1457;1470;117334.20;1215723.37;8.89;134.46;104.21;29.88;10.810030478345;59.936198944590;294.33
2799.41;1458;1471;117332.65;1215724.07;8.89;134.59;105.10;29.03;10.810002789816;59.936205288677;294.33
2801.21;1459;1472;117330.92;1215724.85;8.90;134.78;105.54;28.62;10.809971842655;59.936212380141;294.33
2803.01;1460;1473;117329.37;1215725.55;8.91;134.95;106.47;27.75;10.809944154125;59.936218724229;294.33
2804.81;1461;1474;117327.64;1215726.33;8.92;134.97;107.33;26.97;10.809913208752;59.936225814786;294.33
2806.61;1462;1475;117326.00;1215727.07;8.92;134.89;107.79;26.58;10.809883890013;59.936232532109;294.33
2808.41;1463;1476;117324.45;1215727.78;8.93;134.91;108.68;25.75;10.809856201483;59.936238877103;294.33
2810.21;1464;1477;117322.72;1215728.56;8.94;134.90;109.62;24.87;10.809825254322;59.936245967660;294.33
2812.01;1465;1478;117321.17;1215729.26;8.95;134.89;110.04;24.49;10.809797565792;59.936252311748;294.33
2813.81;1466;1479;117319.44;1215730.04;8.95;134.86;110.94;23.62;10.809766618632;59.936259402305;294.33
2815.61;1467;1480;117317.80;1215730.78;8.96;134.78;111.35;23.24;10.809737301680;59.936266120534;294.33
2817.41;1468;1481;117316.25;1215731.48;8.97;134.75;112.21;22.40;10.809709611363;59.936272464622;294.33
2819.21;1469;1482;117314.52;1215732.27;8.98;134.68;113.11;21.60;10.809678665990;59.936279555179;294.33
2821.01;1470;1483;117312.97;1215732.97;8.98;134.70;113.55;21.25;10.809650975672;59.936285899267;294.33
2822.81;1471;1484;117311.24;1215733.75;8.99;134.71;114.42;20.48;10.809620030299;59.936292990730;294.33
2824.61;1472;1485;117309.60;1215734.49;9.00;134.59;115.27;19.71;10.809590711560;59.936299708053;294.33
2826.41;1473;1486;117308.05;1215735.19;9.00;134.90;115.74;19.33;10.809563023030;59.936306052141;294.33
2828.21;1474;1487;117306.32;1215735.97;9.01;135.45;116.49;18.69;10.809532075870;59.936313143604;294.33
2830.01;1475;1488;117304.77;1215736.67;9.02;135.26;116.86;18.45;10.809504387340;59.936319487692;294.33
2831.81;1476;1489;117303.04;1215737.46;9.03;134.85;117.55;17.88;10.809473440179;59.936326578250;294.33
2833.61;1477;1490;117301.40;1215738.20;9.03;134.69;118.30;17.23;10.809444123228;59.936333295572;294.33
2835.41;1478;1491;117299.85;1215738.90;9.04;135.09;119.30;16.34;10.809416434698;59.936339640566;294.33
2837.21;1479;1492;117298.12;1215739.68;9.05;135.75;119.78;15.93;10.809385487537;59.936346731124;294.33
2839.01;1480;1493;117296.57;1215740.38;9.06;135.84;120.57;15.20;10.809357799007;59.936353075211;294.33
2840.81;1481;1494;117294.84;1215741.16;9.06;135.90;120.85;14.96;10.809326851847;59.936360165769;294.33
2842.61;1482;1495;117293.20;1215741.91;9.07;135.90;121.42;14.41;10.809297534895;59.936366883997;294.33
2844.41;1483;1496;117291.65;1215742.61;9.08;135.87;121.97;13.89;10.809269844578;59.936373228085;294.33
2846.21;1484;1497;117289.92;1215743.39;9.09;135.83;122.24;13.63;10.809238899205;59.936380318643;294.33
2848.01;1485;1498;117288.37;1215744.09;9.09;135.80;122.81;13.10;10.809211208887;59.936386662730;294.33
2849.81;1486;1499;117286.64;1215744.87;9.10;135.85;123.17;12.76;10.809180263514;59.936393754194;294.33
2851.61;1487;1500;117285.00;1215745.61;9.11;135.91;123.32;12.63;10.809150944775;59.936400471517;294.33
2853.41;1488;1501;117283.45;1215746.31;9.12;135.92;123.62;12.34;10.809123256245;59.936406815604;294.33
2855.21;1489;1502;117281.72;1215747.10;9.12;135.87;123.96;11.98;10.809092309084;59.936413906162;294.33
2857.01;1490;1503;117280.17;1215747.80;9.13;135.89;124.13;11.77;10.809064620555;59.936420251155;294.33
2858.81;1491;1504;117278.44;1215748.58;9.14;135.78;124.47;11.38;10.809033673394;59.936427341713;294.33
2860.61;1492;1505;117276.80;1215749.32;9.15;135.80;124.65;11.16;10.809004356442;59.936434059036;294.33
2862.41;1493;1506;117275.25;1215750.02;9.15;135.73;124.77;11.00;10.808976666125;59.936440403123;294.33
2864.21;1494;1507;117273.52;1215750.80;9.16;135.72;124.91;10.85;10.808945720752;59.936447494587;294.33
2866.01;1495;1508;117271.97;1215751.50;9.17;135.62;124.97;10.77;10.808918032222;59.936453838675;294.33
2867.81;1496;1509;117270.24;1215752.29;9.18;135.64;125.10;10.62;10.808887085061;59.936460929232;294.33
2869.61;1497;1510;117268.60;1215753.03;9.18;135.73;125.28;10.41;10.808857766322;59.936467647461;294.33
2871.41;1498;1511;117267.05;1215753.73;9.19;135.81;125.40;10.25;10.808830077792;59.936473991548;294.33
2873.21;1499;1512;117265.32;1215754.51;9.20;135.78;125.42;10.20;10.808799130632;59.936481082106;294.33
2875.01;1500;1513;117263.77;1215755.21;9.20;135.77;125.44;10.16;10.808771442102;59.936487426194;294.33
2876.81;1501;1514;117262.04;1215755.99;9.21;135.76;125.45;10.14;10.808740494941;59.936494516751;294.33
2878.61;1502;1515;117260.40;1215756.74;9.22;135.76;125.41;10.18;10.808711177990;59.936501234980;294.33
2880.41;1503;1516;117258.85;1215757.44;9.23;135.77;125.35;10.23;10.808683489460;59.936507579068;294.33
2882.21;1504;1517;117257.12;1215758.22;9.23;135.79;125.30;10.26;10.808652542299;59.936514669625;294.33
2884.01;1505;1518;117255.57;1215758.92;9.24;135.68;125.20;10.31;10.808624853769;59.936521014619;294.33
2885.81;1506;1519;117253.84;1215759.70;9.25;135.58;125.15;10.31;10.808593906609;59.936528105176;294.33
2887.61;1507;1520;117252.20;1215760.44;9.26;135.58;125.07;10.35;10.808564589657;59.936534822499;294.33
2889.41;1508;1521;117250.65;1215761.14;9.26;135.50;124.98;10.38;10.808536899340;59.936541166587;294.33
2891.21;1509;1522;117248.92;1215761.93;9.27;135.50;124.94;10.37;10.808505953967;59.936548258050;294.33
2893.01;1510;1523;117247.37;1215762.63;9.28;135.37;124.85;10.45;10.808478263649;59.936554602138;294.33
2894.81;1511;1524;117245.64;1215763.41;9.29;135.18;124.77;10.50;10.808447318276;59.936561692696;294.33
2896.61;1512;1525;117244.00;1215764.15;9.29;135.20;124.73;10.50;10.808417999537;59.936568410018;294.33
2898.41;1513;1526;117242.45;1215764.85;9.30;135.08;124.61;10.60;10.808390311007;59.936574755012;294.33
2900.21;1514;1527;117240.72;1215765.63;9.31;135.09;124.49;10.70;10.808359363847;59.936581845569;294.33
2902.01;1515;1528;117239.17;1215766.33;9.32;135.11;124.44;10.76;10.808331675317;59.936588189657;294.33
2903.81;1516;1529;117237.44;1215767.12;9.32;135.10;124.36;10.83;10.808300728156;59.936595280215;294.33
2905.61;1517;1530;117235.80;1215767.86;9.33;135.08;124.35;10.85;10.808271411205;59.936601998443;294.33
2907.41;1518;1531;117234.25;1215768.56;9.34;135.08;124.34;10.88;10.808243722675;59.936608342531;294.33
2909.21;1519;1532;117232.51;1215769.34;9.35;135.06;124.32;10.89;10.808212775514;59.936615433089;294.33
2911.01;1520;1533;117230.97;1215770.04;9.35;135.09;124.31;10.87;10.808185086984;59.936621778082;294.33
2912.81;1521;1534;117229.23;1215770.82;9.36;135.04;124.28;10.88;10.808154139823;59.936628868640;294.33
2914.61;1522;1535;117227.59;1215771.57;9.37;135.04;124.25;10.90;10.808124821084;59.936635585962;294.33
2916.41;1523;1536;117226.05;1215772.27;9.37;135.18;124.25;10.90;10.808097132555;59.936641930050;294.33
2918.21;1524;1537;117224.31;1215773.05;9.38;135.17;124.26;10.88;10.808066185394;59.936649020608;294.33
2920.01;1525;1538;117222.76;1215773.75;9.39;135.12;124.27;10.85;10.808038496864;59.936655365601;294.33
2921.81;1526;1539;117221.03;1215774.53;9.40;135.07;124.28;10.82;10.808007551491;59.936662456159;294.33
2923.61;1527;1540;117219.39;1215775.27;9.40;135.03;124.29;10.79;10.807978232752;59.936669173482;294.33
2925.41;1528;1541;117217.84;1215775.97;9.41;135.02;124.27;10.79;10.807950544222;59.936675518475;294.33
2927.21;1529;1542;117216.11;1215776.76;9.42;135.01;124.22;10.81;10.807919597061;59.936682609033;294.33
2929.01;1530;1543;117214.56;1215777.46;9.43;134.99;124.11;10.89;10.807891908531;59.936688953121;294.33
2930.81;1531;1544;117212.83;1215778.24;9.43;134.95;124.03;10.91;10.807860961371;59.936696043678;294.33
2932.61;1532;1545;117211.19;1215778.98;9.44;134.62;123.89;10.89;10.807831644419;59.936702761907;294.33
2934.41;1533;1546;117209.64;1215779.68;9.45;134.46;123.74;10.90;10.807803954102;59.936709105994;294.33
2936.21;1534;1547;117207.91;1215780.46;9.46;134.03;123.67;10.83;10.807773008729;59.936716196552;294.33
2938.01;1535;1548;117206.36;1215781.16;9.46;133.79;123.30;11.06;10.807745318411;59.936722540640;294.33
2939.81;1536;1549;117204.63;1215781.95;9.47;133.32;122.94;11.23;10.807714373038;59.936729632103;294.33
2941.61;1537;1550;117202.99;1215782.69;9.48;133.17;122.75;10.80;10.807685054299;59.936736349426;294.33
2943.41;1538;1551;117201.44;1215783.39;9.49;133.24;122.38;10.56;10.807657365769;59.936742693514;294.33
2945.21;1539;1552;117199.71;1215784.17;9.49;132.49;122.07;10.31;10.807626418609;59.936749784071;294.33
2947.01;1540;1553;117198.16;1215784.87;9.50;132.21;121.93;10.25;10.807598730079;59.936756129065;294.33
2948.81;1541;1554;117196.43;1215785.66;9.51;132.09;121.63;10.43;10.807567782918;59.936763219622;294.33
2950.61;1542;1555;117194.79;1215786.40;9.52;131.98;121.42;10.64;10.807538465967;59.936769936945;294.33
2952.41;1543;1556;117193.24;1215787.10;9.52;132.04;121.01;11.05;10.807510777437;59.936776281033;294.33
2954.21;1544;1557;117191.51;1215787.88;9.53;132.05;120.57;11.46;10.807479830276;59.936783372496;294.33
2956.01;1545;1558;117189.96;1215788.58;9.54;132.06;120.35;11.65;10.807452141746;59.936789716584;294.33
2957.81;1546;1559;117188.23;1215789.36;9.55;132.02;119.88;12.11;10.807421194586;59.936796807142;294.33
2959.61;1547;1560;117186.59;1215790.10;9.55;131.94;119.52;12.49;10.807391877634;59.936803524464;294.33
2961.41;1548;1561;117185.04;1215790.80;9.56;131.96;119.33;12.68;10.807364187317;59.936809869458;294.33
2963.21;1549;1562;117183.31;1215791.59;9.57;132.05;118.86;13.14;10.807333241944;59.936816960015;294.33
2965.01;1550;1563;117181.76;1215792.29;9.57;132.00;118.44;13.20;10.807305551626;59.936823304103;294.33
2966.81;1551;1564;117180.03;1215793.07;9.58;131.07;118.23;12.59;10.807274606253;59.936830395567;294.33
2968.61;1552;1565;117178.39;1215793.81;9.59;130.00;117.84;12.16;10.807245287514;59.936837112889;294.33
2970.41;1553;1566;117176.84;1215794.51;9.60;129.51;117.46;11.79;10.807217598984;59.936843456977;294.33
2972.21;1554;1567;117175.11;1215795.30;9.60;128.65;117.25;11.24;10.807186651824;59.936850547535;294.33
2974.01;1555;1568;117173.56;1215796.00;9.61;128.25;116.87;11.02;10.807158963294;59.936856892528;294.33
2975.81;1556;1569;117171.83;1215796.78;9.62;127.39;116.80;10.43;10.807128016133;59.936863983086;294.33
2977.61;1557;1570;117170.19;1215797.52;9.63;127.05;116.65;9.82;10.807098699181;59.936870700408;294.33
2979.41;1558;1571;117168.64;1215798.22;9.63;126.05;116.51;9.28;10.807071010652;59.936877044496;294.33
2981.21;1559;1572;117166.91;1215799.00;9.64;125.23;116.44;8.68;10.807040063491;59.936884135960;294.33
2983.01;1560;1573;117165.36;1215799.70;9.65;124.79;116.31;8.48;10.807012374961;59.936890480047;294.33
2984.81;1561;1574;117163.63;1215800.49;9.66;124.43;116.17;8.43;10.806981427800;59.936897570605;294.33
2986.61;1562;1575;117161.99;1215801.23;9.66;124.44;116.11;8.37;10.806952109061;59.936904287928;294.33
2988.41;1563;1576;117160.44;1215801.93;9.67;124.45;115.97;8.52;10.806924420531;59.936910632921;294.33
2990.21;1564;1577;117158.71;1215802.71;9.68;124.39;115.82;8.74;10.806893473371;59.936917723479;294.33
2992.01;1565;1578;117157.16;1215803.41;9.69;124.34;115.73;8.89;10.806865784841;59.936924067567;294.33
2993.81;1566;1579;117155.43;1215804.19;9.69;124.31;115.57;9.17;10.806834837680;59.936931158124;294.33
2995.61;1567;1580;117153.79;1215804.93;9.70;124.29;115.49;9.36;10.806805520729;59.936937876353;294.33
2997.41;1568;1581;117152.24;1215805.64;9.71;124.42;115.32;9.60;10.806777832199;59.936944220440;294.33
2999.21;1569;1582;117150.51;1215806.42;9.72;124.78;115.16;9.84;10.806746885038;59.936951310998;294.33
3001.01;1570;1583;117148.96;1215807.12;9.72;125.24;115.07;10.51;10.806719196508;59.936957655992;294.33
3002.81;1571;1584;117147.23;1215807.90;9.73;125.92;114.94;11.29;10.806688249348;59.936964746549;294.33
3004.61;1572;1585;117145.59;1215808.64;9.74;126.65;114.85;12.03;10.806658932396;59.936971463872;294.33
3006.41;1573;1586;117144.04;1215809.34;9.74;126.75;114.81;12.78;10.806631242079;59.936977807960;294.33
3008.21;1574;1587;117142.31;1215810.13;9.75;127.59;114.72;13.90;10.806600296706;59.936984899423;294.33
3010.01;1575;1588;117140.76;1215810.83;9.76;128.67;114.64;14.37;10.806572606388;59.936991243511;294.33
3011.81;1576;1589;117139.03;1215811.61;9.77;128.97;114.59;14.41;10.806541661015;59.936998334068;294.33
3013.61;1577;1590;117137.39;1215812.35;9.77;128.91;114.52;14.47;10.806512342276;59.937005051391;294.33
3015.41;1578;1591;117135.84;1215813.05;9.78;128.67;114.43;14.51;10.806484653746;59.937011396385;294.33
3017.21;1579;1592;117134.11;1215813.83;9.79;128.50;114.38;14.54;10.806453706586;59.937018486942;294.33
3019.01;1580;1593;117132.56;1215814.53;9.80;128.18;114.30;14.68;10.806426018056;59.937024831030;294.33
3020.81;1581;1594;117130.83;1215815.32;9.80;128.21;114.25;14.74;10.806395070895;59.937031921587;294.33
3022.61;1582;1595;117129.19;1215816.06;9.81;129.02;114.16;15.35;10.806365753944;59.937038639816;294.33
3024.41;1583;1596;117127.64;1215816.76;9.82;129.82;114.12;15.98;10.806338065414;59.937044983904;294.33
3026.21;1584;1597;117125.91;1215817.54;9.83;130.34;114.10;16.22;10.806307118253;59.937052074461;294.33
3028.01;1585;1598;117124.36;1215818.24;9.83;130.61;114.07;16.76;10.806279429723;59.937058418549;294.33
3029.81;1586;1599;117122.62;1215819.02;9.84;131.31;114.04;17.62;10.806248482563;59.937065510013;294.33
3031.61;1587;1600;117120.98;1215819.77;9.85;131.64;114.03;18.62;10.806219163824;59.937072227335;294.33
3033.41;1588;1601;117119.44;1215820.47;9.86;133.52;114.02;19.76;10.806191475294;59.937078571423;294.33
3035.21;1589;1602;117117.70;1215821.25;9.86;133.83;113.90;19.95;10.806160529920;59.937085661980;294.33
3037.01;1590;1603;117116.16;1215821.95;9.87;133.88;113.84;19.89;10.806132839603;59.937092006974;294.33
3038.81;1591;1604;117114.42;1215822.73;9.88;134.04;113.69;20.09;10.806101894230;59.937099097532;294.33
3040.61;1592;1605;117112.78;1215823.47;9.89;134.23;113.58;20.37;10.806072575491;59.937105814854;294.33
3042.41;1593;1606;117111.23;1215824.17;9.89;134.25;113.39;20.61;10.806044886961;59.937112159848;294.33
3044.21;1594;1607;117109.50;1215824.96;9.90;134.36;113.19;20.83;10.806013939800;59.937119250406;294.33
3046.01;1595;1608;117107.95;1215825.66;9.91;134.28;112.99;21.03;10.805986251271;59.937125594493;294.33
3047.81;1596;1609;117106.22;1215826.44;9.92;134.23;112.53;21.50;10.805955304110;59.937132685051;294.33
3049.61;1597;1610;117104.58;1215827.18;9.92;133.91;112.07;21.96;10.805925987158;59.937139403279;294.33
3051.41;1598;1611;117103.03;1215827.88;9.93;133.73;111.86;22.18;10.805898296841;59.937145747367;294.33
3053.21;1599;1612;117101.30;1215828.66;9.94;133.69;111.41;22.64;10.805867351468;59.937152837925;294.33
3055.01;1600;1613;117099.75;1215829.36;9.94;133.84;111.07;22.99;10.805839661150;59.937159182012;294.33
3056.81;1601;1614;117098.02;1215830.15;9.95;133.95;110.84;23.21;10.805808715777;59.937166273476;294.33
3058.61;1602;1615;117096.38;1215830.89;9.96;134.17;110.41;23.64;10.805779397038;59.937172990799;294.33
3060.41;1603;1616;117094.83;1215831.59;9.97;134.20;110.31;23.73;10.805751708508;59.937179334886;294.33
3062.21;1604;1617;117093.10;1215832.37;9.97;134.23;110.29;23.74;10.805720761348;59.937186425444;294.33
3064.01;1605;1618;117091.55;1215833.07;9.98;134.24;110.28;23.75;10.805693072818;59.937192770438;294.33
3065.81;1606;1619;117089.82;1215833.85;9.99;134.22;110.29;23.73;10.805662125657;59.937199860995;294.33
3067.61;1607;1620;117088.18;1215834.60;10.00;134.18;110.31;23.70;10.805632808706;59.937206578318;294.33
3069.41;1608;1621;117086.63;1215835.30;10.00;134.19;110.34;23.67;10.805605120176;59.937212922405;294.33
3071.21;1609;1622;117084.90;1215836.08;10.01;134.35;110.38;23.62;10.805574173015;59.937220013869;294.33
3073.01;1610;1623;117083.35;1215836.78;10.02;134.36;110.58;23.42;10.805546484485;59.937226357957;294.33
3074.81;1611;1624;117081.62;1215837.56;10.03;134.23;110.88;23.12;10.805515537325;59.937233448514;294.33
3076.61;1612;1625;117079.98;1215838.30;10.03;134.04;111.05;22.85;10.805486220373;59.937240165837;294.33
3078.41;1613;1626;117078.43;1215839.00;10.04;133.87;111.38;22.12;10.805458530056;59.937246510831;294.33
3080.21;1614;1627;117076.70;1215839.79;10.05;133.43;111.64;21.59;10.805427584683;59.937253601388;294.33
3082.01;1615;1628;117075.15;1215840.49;10.06;133.27;111.58;21.40;10.805399894365;59.937259945476;294.33
3083.81;1616;1629;117073.42;1215841.27;10.06;132.80;111.57;21.01;10.805368948992;59.937267036033;294.33
3085.61;1617;1630;117071.78;1215842.01;10.07;132.34;111.62;20.52;10.805339630253;59.937273754262;294.33
3087.41;1618;1631;117070.23;1215842.71;10.08;132.14;111.75;19.96;10.805311941723;59.937280098350;294.33
3089.21;1619;1632;117068.50;1215843.49;10.09;131.46;111.92;19.47;10.805280994563;59.937287188907;294.33
3091.01;1620;1633;117066.95;1215844.19;10.09;131.24;112.00;19.24;10.805253306033;59.937293532995;294.33
3092.81;1621;1634;117065.22;1215844.98;10.10;131.20;112.32;18.98;10.805222358872;59.937300624458;294.33
3094.61;1622;1635;117063.58;1215845.72;10.11;131.26;112.67;18.83;10.805193041921;59.937307341781;294.33
3096.41;1623;1636;117062.03;1215846.42;10.11;131.69;112.86;18.81;10.805165353391;59.937313685869;294.33
3098.21;1624;1637;117060.30;1215847.20;10.12;132.01;113.19;18.55;10.805134406230;59.937320777332;294.33
3100.01;1625;1638;117058.75;1215847.90;10.13;132.23;113.41;18.36;10.805106717700;59.937327121420;294.33
3101.81;1626;1639;117057.02;1215848.68;10.14;132.32;113.50;18.32;10.805075770539;59.937334211978;294.33
3103.61;1627;1640;117055.38;1215849.43;10.14;131.92;113.66;18.22;10.805046451800;59.937340929300;294.33
3105.41;1628;1641;117053.83;1215850.13;10.15;131.94;113.88;18.10;10.805018763271;59.937347274294;294.33
3107.21;1629;1642;117052.10;1215850.91;10.16;131.89;114.11;17.95;10.804987816110;59.937354364851;294.33
3109.01;1630;1643;117050.55;1215851.61;10.17;131.83;114.57;17.52;10.804960127580;59.937360708939;294.33
3110.81;1631;1644;117048.82;1215852.39;10.17;131.63;114.81;17.23;10.804929180419;59.937367799497;294.33
3112.61;1632;1645;117047.18;1215853.13;10.18;131.38;115.37;16.44;10.804899863468;59.937374517725;294.33
3114.41;1633;1646;117045.63;1215853.83;10.19;131.27;116.28;15.25;10.804872174938;59.937380861813;294.33
3116.21;1634;1647;117043.90;1215854.62;10.20;131.37;116.73;14.51;10.804841227777;59.937387952371;294.33
3118.01;1635;1648;117042.35;1215855.32;10.20;131.28;117.60;13.43;10.804813539247;59.937394296458;294.33
3119.81;1636;1649;117040.62;1215856.10;10.21;131.35;118.47;12.12;10.804782592087;59.937401387922;294.33
3121.61;1637;1650;117038.98;1215856.84;10.22;131.31;118.92;11.49;10.804753275135;59.937408105245;294.33
3123.41;1638;1651;117037.43;1215857.54;10.23;131.14;119.75;10.76;10.804725584818;59.937414449332;294.33
3125.21;1639;1652;117035.70;1215858.32;10.23;130.94;120.52;10.11;10.804694639445;59.937421539890;294.33
3127.01;1640;1653;117034.15;1215859.03;10.24;130.87;120.93;9.72;10.804666949127;59.937427884883;294.33
3128.81;1641;1654;117032.42;1215859.81;10.25;130.89;121.63;9.12;10.804636003754;59.937434975441;294.33
3130.61;1642;1655;117030.78;1215860.55;10.26;130.88;121.97;9.04;10.804606685015;59.937441692764;294.33
3132.41;1643;1656;117029.23;1215861.25;10.26;131.17;122.63;8.66;10.804578996485;59.937448037757;294.33
3134.21;1644;1657;117027.50;1215862.03;10.27;131.16;123.29;8.16;10.804548049325;59.937455128315;294.33
3136.01;1645;1658;117025.95;1215862.73;10.28;130.50;123.65;7.90;10.804520360795;59.937461472403;294.33
3137.81;1646;1659;117024.22;1215863.52;10.29;130.38;123.85;7.76;10.804489413634;59.937468562960;294.33
3139.61;1647;1660;117022.58;1215864.26;10.29;130.26;124.02;7.65;10.804460096683;59.937475281189;294.33
3141.41;1648;1661;117021.03;1215864.96;10.30;131.13;124.10;7.59;10.804432408153;59.937481625276;294.33
3143.21;1649;1662;117019.30;1215865.74;10.31;132.07;124.27;7.45;10.804401460992;59.937488715834;294.33
3145.01;1650;1663;117017.75;1215866.44;10.31;132.03;124.37;7.37;10.804373772462;59.937495059922;294.33
3146.81;1651;1664;117016.02;1215867.22;10.32;131.77;124.39;7.39;10.804342825302;59.937502151385;294.33
3148.61;1652;1665;117014.38;1215867.96;10.33;131.83;124.70;7.14;10.804313506563;59.937508868708;294.33
3150.41;1653;1666;117012.83;1215868.66;10.34;131.83;125.00;6.93;10.804285818033;59.937515212796;294.33
3152.21;1654;1667;117011.09;1215869.45;10.34;131.86;125.12;6.89;10.804254872660;59.937522303353;294.33
3154.01;1655;1668;117009.55;1215870.15;10.35;132.11;125.37;6.85;10.804227182342;59.937528648347;294.33
3155.81;1656;1669;117007.81;1215870.93;10.36;132.30;125.50;6.91;10.804196236969;59.937535738904;294.33
3157.61;1657;1670;117006.17;1215871.67;10.37;132.52;125.94;6.75;10.804166918230;59.937542456227;294.33
3159.41;1658;1671;117004.63;1215872.37;10.37;132.82;126.19;6.77;10.804139229700;59.937548800315;294.33
3161.21;1659;1672;117002.89;1215873.16;10.38;133.11;126.30;7.02;10.804108282539;59.937555891778;294.33
3163.01;1660;1673;117001.35;1215873.86;10.39;133.57;126.62;7.12;10.804080594010;59.937562235866;294.33
3164.81;1661;1674;116999.61;1215874.64;10.40;133.64;126.85;7.35;10.804049646849;59.937569326424;294.33
3166.61;1662;1675;116997.97;1215875.38;10.40;134.14;126.96;7.68;10.804020329897;59.937576043746;294.33
3168.41;1663;1676;116996.42;1215876.08;10.41;134.63;126.92;8.04;10.803992639580;59.937582388740;294.33
3170.21;1664;1677;116994.69;1215876.86;10.42;134.86;126.84;8.20;10.803961694207;59.937589479297;294.33
3172.01;1665;1678;116993.14;1215877.56;10.43;135.04;126.80;8.46;10.803934003889;59.937595823385;294.33
3173.81;1666;1679;116991.41;1215878.35;10.43;135.20;126.72;8.75;10.803903058516;59.937602913943;294.33
3175.61;1667;1680;116989.77;1215879.09;10.44;135.46;126.68;9.01;10.803873739777;59.937609632171;294.33
3177.41;1668;1681;116988.22;1215879.79;10.45;135.50;126.61;9.40;10.803846051247;59.937615976259;294.33
3179.21;1669;1682;116986.49;1215880.57;10.46;135.96;126.63;9.83;10.803815104087;59.937623066817;294.33
3181.01;1670;1683;116984.94;1215881.27;10.46;136.40;126.64;9.94;10.803787415557;59.937629411810;294.33
3182.81;1671;1684;116983.21;1215882.05;10.47;136.33;126.70;9.81;10.803756468396;59.937636502368;294.33
3184.61;1672;1685;116981.57;1215882.80;10.48;136.34;126.68;9.75;10.803727151445;59.937643219690;294.33
3186.41;1673;1686;116980.02;1215883.50;10.48;136.42;126.65;9.89;10.803699462915;59.937649563778;294.33
3188.21;1674;1687;116978.29;1215884.28;10.49;136.37;126.59;10.20;10.803668515754;59.937656655242;294.33
3190.01;1675;1688;116976.74;1215884.98;10.50;136.95;126.55;10.60;10.803640827224;59.937662999329;294.33
3191.81;1676;1689;116975.01;1215885.76;10.51;137.49;126.58;10.89;10.803609880064;59.937670089887;294.33
3193.61;1677;1690;116973.37;1215886.50;10.51;137.86;126.68;11.05;10.803580563112;59.937676807210;294.33
3195.41;1678;1691;116971.82;1215887.20;10.52;138.00;126.77;11.18;10.803552872795;59.937683152203;294.33
3197.21;1679;1692;116970.09;1215887.99;10.53;138.11;126.83;11.18;10.803521927422;59.937690242761;294.33
3199.01;1680;1693;116968.54;1215888.69;10.54;138.06;126.96;11.04;10.803494237104;59.937696586849;294.33
3200.81;1681;1694;116966.81;1215889.47;10.54;138.00;127.04;10.95;10.803463291731;59.937703677406;294.33
3202.61;1682;1695;116965.17;1215890.21;10.55;137.87;127.13;10.84;10.803433972992;59.937710395635;294.33
3204.41;1683;1696;116963.62;1215890.91;10.56;137.84;127.15;10.85;10.803406284462;59.937716739722;294.33
3206.21;1684;1697;116961.89;1215891.69;10.57;137.78;127.17;10.83;10.803375337302;59.937723830280;294.33
3208.01;1685;1698;116960.34;1215892.39;10.57;137.79;127.21;10.82;10.803347648772;59.937730174368;294.33
3209.81;1686;1699;116958.61;1215893.18;10.58;138.18;127.24;10.89;10.803316701611;59.937737265831;294.33
3211.61;1687;1700;116956.97;1215893.92;10.59;138.45;127.26;11.03;10.803287384660;59.937743983154;294.33
3213.41;1688;1701;116955.42;1215894.62;10.60;138.43;127.35;11.11;10.803259694342;59.937750327242;294.33
3215.21;1689;1702;116953.69;1215895.40;10.60;138.45;127.44;11.15;10.803228748969;59.937757417799;294.33
3217.01;1690;1703;116952.14;1215896.10;10.61;138.43;127.49;11.23;10.803201060439;59.937763762793;294.33
3218.81;1691;1704;116950.41;1215896.88;10.62;138.59;127.59;11.27;10.803170113278;59.937770853350;294.33
3220.61;1692;1705;116948.77;1215897.63;10.63;138.98;127.63;11.39;10.803140794539;59.937777570673;294.33
3222.41;1693;1706;116947.22;1215898.33;10.63;139.18;127.74;11.51;10.803113106010;59.937783914761;294.33
3224.21;1694;1707;116945.49;1215899.11;10.64;139.28;127.85;11.65;10.803082158849;59.937791006224;294.33
3226.01;1695;1708;116943.94;1215899.81;10.65;139.31;127.89;11.86;10.803054470319;59.937797350312;294.33
3227.81;1696;1709;116942.21;1215900.59;10.65;140.01;127.97;12.12;10.803023523158;59.937804440870;294.33
3229.61;1697;1710;116940.57;1215901.33;10.66;140.58;128.06;12.62;10.802994206207;59.937811158192;294.33
3231.41;1698;1711;116939.02;1215902.03;10.67;141.10;128.10;12.90;10.802966517677;59.937817503186;294.33
3233.21;1699;1712;116937.29;1215902.82;10.68;141.37;128.23;12.81;10.802935570516;59.937824593743;294.33
3235.01;1700;1713;116935.74;1215903.52;10.68;141.36;128.38;12.74;10.802907881986;59.937830937831;294.33
3236.81;1701;1714;116934.01;1215904.30;10.69;141.57;128.45;12.72;10.802876934826;59.937838029295;294.33
3238.61;1702;1715;116932.37;1215905.04;10.70;141.64;128.58;12.64;10.802847617874;59.937844746617;294.33
3240.41;1703;1716;116930.82;1215905.74;10.71;141.55;128.70;12.56;10.802819927557;59.937851090705;294.33
3242.21;1704;1717;116929.09;1215906.52;10.71;141.26;128.76;12.55;10.802788982184;59.937858181263;294.33
3244.01;1705;1718;116927.54;1215907.22;10.72;141.21;128.89;12.46;10.802761291866;59.937864526256;294.33
3245.81;1706;1719;116925.81;1215908.01;10.73;141.18;128.98;12.40;10.802730346493;59.937871616814;294.33
3247.61;1707;1720;116924.17;1215908.75;10.74;141.21;129.17;12.24;10.802701027754;59.937878334136;294.33
3249.41;1708;1721;116922.62;1215909.45;10.74;141.25;129.35;12.10;10.802673339224;59.937884678224;294.33
3251.21;1709;1722;116920.89;1215910.23;10.75;141.33;129.44;12.05;10.802642392064;59.937891769688;294.33
3253.01;1710;1723;116919.34;1215910.93;10.76;141.36;129.63;11.92;10.802614703534;59.937898113775;294.33
3254.81;1711;1724;116917.61;1215911.71;10.77;141.39;129.82;11.77;10.802583756373;59.937905204333;294.33
3256.61;1712;1725;116915.97;1215912.46;10.77;141.39;129.91;11.71;10.802554439422;59.937911921656;294.33
3258.41;1713;1726;116914.42;1215913.16;10.78;141.41;130.09;11.57;10.802526750892;59.937918266649;294.33
3260.21;1714;1727;116912.69;1215913.94;10.79;141.47;130.28;11.42;10.802495803731;59.937925357207;294.33
3262.01;1715;1728;116911.14;1215914.64;10.80;141.48;130.37;11.36;10.802468115201;59.937931701294;294.33
3263.81;1716;1729;116909.41;1215915.42;10.80;141.47;130.55;11.21;10.802437168041;59.937938791852;294.33
3265.61;1717;1730;116907.77;1215916.16;10.81;141.50;130.62;11.16;10.802407849302;59.937945510081;294.33
3267.41;1718;1731;116906.22;1215916.86;10.82;141.53;130.83;11.00;10.802380160772;59.937951854168;294.33
3269.21;1719;1732;116904.49;1215917.65;10.83;141.55;131.00;10.86;10.802349215399;59.937958944726;294.33
3271.01;1720;1733;116902.94;1215918.35;10.83;141.66;131.09;10.81;10.802321525081;59.937965289720;294.33
3272.81;1721;1734;116901.20;1215919.13;10.84;141.69;131.26;10.68;10.802290579708;59.937972380277;294.33
3274.61;1722;1735;116899.56;1215919.87;10.85;141.74;131.44;10.54;10.802261260969;59.937979097600;294.33
3276.41;1723;1736;116898.02;1215920.57;10.85;141.95;131.52;10.64;10.802233572439;59.937985441688;294.33
3278.21;1724;1737;116896.28;1215921.35;10.86;142.21;131.77;10.70;10.802202625278;59.937992533151;294.33
3280.01;1725;1738;116894.74;1215922.05;10.87;142.58;132.03;10.84;10.802174936749;59.937998877239;294.33
3281.81;1726;1739;116893.00;1215922.84;10.88;143.21;132.15;11.13;10.802143989588;59.938005967796;294.33
3283.61;1727;1740;116891.36;1215923.58;10.88;143.71;132.39;11.25;10.802114672636;59.938012685119;294.33
3285.41;1728;1741;116889.81;1215924.28;10.89;143.66;132.62;11.36;10.802086982319;59.938019030113;294.33
3287.21;1729;1742;116888.08;1215925.06;10.90;144.18;132.75;11.29;10.802056036946;59.938026120670;294.33
3289.01;1730;1743;116886.53;1215925.76;10.91;144.41;132.97;11.09;10.802028346629;59.938032464758;294.33
3290.81;1731;1744;116884.80;1215926.55;10.91;144.48;133.08;11.01;10.801997401255;59.938039555315;294.33
3292.61;1732;1745;116883.16;1215927.29;10.92;144.42;133.29;10.82;10.801968082516;59.938046273544;294.33
3294.41;1733;1746;116881.61;1215927.99;10.93;144.48;133.51;10.63;10.801940393986;59.938052617632;294.33
3296.21;1734;1747;116879.88;1215928.77;10.94;144.49;133.61;10.55;10.801909446826;59.938059708189;294.33
3298.01;1735;1748;116878.33;1215929.47;10.94;144.47;133.83;10.34;10.801881758296;59.938066052277;294.33
3299.81;1736;1749;116876.60;1215930.25;10.95;144.45;134.05;10.12;10.801850811135;59.938073143741;294.33
3301.61;1737;1750;116874.96;1215930.99;10.96;144.40;134.15;10.01;10.801821494184;59.938079861063;294.33
3303.41;1738;1751;116873.41;1215931.69;10.97;144.37;134.37;9.79;10.801793805654;59.938086205151;294.33
3305.21;1739;1752;116871.68;1215932.48;10.97;144.31;134.58;9.58;10.801762858493;59.938093295708;294.33
3307.01;1740;1753;116870.13;1215933.18;10.98;144.19;134.69;9.46;10.801735169963;59.938099640702;294.33
3308.81;1741;1754;116868.40;1215933.96;10.99;144.14;134.89;9.25;10.801704222803;59.938106731260;294.33
3310.61;1742;1755;116866.76;1215934.70;11.00;144.09;135.00;9.14;10.801674905851;59.938113448582;294.33
3312.41;1743;1756;116865.21;1215935.40;11.00;144.10;135.17;8.95;10.801647215534;59.938119793576;294.33
3314.21;1744;1757;116863.48;1215936.19;11.01;144.10;135.34;8.75;10.801616270161;59.938126884134;294.33
3316.01;1745;1758;116861.93;1215936.89;11.02;144.15;135.43;8.66;10.801588579843;59.938133228221;294.33
3317.81;1746;1759;116860.20;1215937.67;11.02;144.09;135.59;8.49;10.801557634470;59.938140318779;294.33
3319.61;1747;1760;116858.56;1215938.41;11.03;144.06;135.76;8.32;10.801528315731;59.938147037007;294.33
3321.41;1748;1761;116857.01;1215939.11;11.04;144.06;135.85;8.16;10.801500627201;59.938153381095;294.33
3323.21;1749;1762;116855.28;1215939.89;11.05;144.17;135.92;8.08;10.801469680041;59.938160471653;294.33
3325.01;1750;1763;116853.73;1215940.59;11.05;144.22;136.01;7.99;10.801441991511;59.938166815740;294.33
3326.81;1751;1764;116852.00;1215941.38;11.06;144.07;136.05;7.95;10.801411044350;59.938173907204;294.33
3328.61;1752;1765;116850.36;1215942.12;11.07;143.96;136.13;7.84;10.801381727399;59.938180624527;294.33
3330.41;1753;1766;116848.81;1215942.82;11.08;144.05;136.22;7.71;10.801354037081;59.938186968614;294.33
3332.21;1754;1767;116847.08;1215943.60;11.08;144.17;136.27;7.62;10.801323091708;59.938194059172;294.33
3334.01;1755;1768;116845.53;1215944.30;11.09;144.10;136.23;7.62;10.801295403178;59.938200404166;294.33
3335.81;1756;1769;116843.80;1215945.08;11.10;143.73;136.21;7.60;10.801264456018;59.938207494723;294.33
3337.61;1757;1770;116842.16;1215945.82;11.11;143.42;136.16;7.61;10.801235137279;59.938214212046;294.33
3339.41;1758;1771;116840.61;1215946.53;11.11;143.42;136.11;7.62;10.801207448749;59.938220556133;294.33
3341.21;1759;1772;116838.88;1215947.31;11.12;143.42;136.08;7.61;10.801176501588;59.938227647597;294.33
3343.01;1760;1773;116837.33;1215948.01;11.13;143.42;135.95;7.70;10.801148813058;59.938233991685;294.33
3344.81;1761;1774;116835.60;1215948.79;11.14;143.43;135.78;7.83;10.801117865897;59.938241082242;294.33
3346.61;1762;1775;116833.96;1215949.53;11.14;143.53;135.69;7.88;10.801088548946;59.938247799565;294.33
3348.41;1763;1776;116832.41;1215950.23;11.15;143.37;135.52;8.00;10.801060860416;59.938254144559;294.33
3350.21;1764;1777;116830.68;1215951.02;11.16;143.21;135.36;8.08;10.801029913255;59.938261235116;294.33
3352.01;1765;1778;116829.13;1215951.72;11.16;143.22;135.27;8.09;10.801002224725;59.938267579204;294.33
3353.81;1766;1779;116827.40;1215952.50;11.17;143.36;135.06;8.21;10.800971277565;59.938274670667;294.33
3355.61;1767;1780;116825.76;1215953.24;11.18;143.39;134.93;8.26;10.800941960613;59.938281387990;294.33
3357.41;1768;1781;116824.21;1215953.94;11.19;143.40;134.67;8.44;10.800914270296;59.938287732078;294.33
3359.21;1769;1782;116822.48;1215954.72;11.19;143.22;134.42;8.61;10.800883324923;59.938294822635;294.33
3361.01;1770;1783;116820.93;1215955.42;11.20;143.14;134.29;8.71;10.800855634605;59.938301167629;294.33
3362.81;1771;1784;116819.20;1215956.21;11.21;142.93;134.04;8.70;10.800824689232;59.938308258186;294.33
3364.61;1772;1785;116817.56;1215956.95;11.22;142.48;133.79;8.44;10.800795370493;59.938314975509;294.33
3366.41;1773;1786;116816.01;1215957.65;11.22;141.94;133.66;7.90;10.800767681963;59.938321319597;294.33
3368.21;1774;1787;116814.28;1215958.43;11.23;140.85;133.40;7.40;10.800736734803;59.938328411060;294.33
3370.01;1775;1788;116812.73;1215959.13;11.24;140.54;133.15;7.13;10.800709046273;59.938334755148;294.33
3371.81;1776;1789;116811.00;1215959.91;11.25;140.15;133.02;6.73;10.800678099112;59.938341845706;294.33
3373.61;1777;1790;116809.36;1215960.66;11.25;139.83;132.78;6.76;10.800648782161;59.938348563028;294.33
3375.41;1778;1791;116807.81;1215961.36;11.26;139.53;132.54;6.87;10.800621093631;59.938354908022;294.33
3377.21;1779;1792;116806.08;1215962.14;11.27;139.54;132.42;6.84;10.800590146470;59.938361998579;294.33
3379.01;1780;1793;116804.53;1215962.84;11.28;139.41;132.15;6.95;10.800562457940;59.938368342667;294.33
3380.81;1781;1794;116802.80;1215963.62;11.28;138.80;132.00;6.79;10.800531510780;59.938375433225;294.33
3382.61;1782;1795;116801.16;1215964.36;11.29;138.58;131.73;6.43;10.800502192041;59.938382151453;294.33
3384.41;1783;1796;116799.61;1215965.06;11.30;137.99;131.43;6.36;10.800474503511;59.938388495541;294.33
3386.21;1784;1797;116797.88;1215965.85;11.31;137.32;131.27;6.28;10.800443558138;59.938395586099;294.33
3388.01;1785;1798;116796.33;1215966.55;11.31;137.20;130.98;6.35;10.800415867820;59.938401930186;294.33
3389.81;1786;1799;116794.60;1215967.33;11.32;137.09;130.68;6.39;10.800384922447;59.938409021650;294.33
3391.61;1787;1800;116792.96;1215968.07;11.33;137.03;130.53;6.24;10.800355603708;59.938415738973;294.33
3393.41;1788;1801;116791.41;1215968.77;11.34;136.65;130.25;6.06;10.800327915178;59.938422083060;294.33
3395.21;1789;1802;116789.67;1215969.55;11.34;136.14;129.95;5.88;10.800296968018;59.938429173618;294.33
3397.01;1790;1803;116788.13;1215970.25;11.35;135.52;129.80;5.57;10.800269279488;59.938435518611;294.33
3398.81;1791;1804;116786.39;1215971.04;11.36;134.82;129.58;5.75;10.800238332327;59.938442609169;294.33
3400.61;1792;1805;116784.75;1215971.78;11.37;134.82;129.48;5.70;10.800209015375;59.938449326492;294.33
3402.41;1793;1806;116783.21;1215972.48;11.37;134.76;129.25;5.75;10.800181325058;59.938455671485;294.33
3404.21;1794;1807;116781.47;1215973.26;11.38;134.68;129.05;5.96;10.800150379685;59.938462762043;294.33
3406.01;1795;1808;116779.93;1215973.96;11.39;134.70;128.94;6.07;10.800122689368;59.938469106131;294.33
3407.81;1796;1809;116778.19;1215974.74;11.39;134.74;128.71;6.29;10.800091743994;59.938476196688;294.33
3409.61;1797;1810;116776.55;1215975.49;11.40;134.64;128.50;6.50;10.800062425255;59.938482914917;294.33
3411.41;1798;1811;116775.00;1215976.19;11.41;134.66;128.38;6.62;10.800034736726;59.938489259004;294.33
3413.21;1799;1812;116773.27;1215976.97;11.42;134.37;128.17;6.83;10.800003789565;59.938496349562;294.33
3415.01;1800;1813;116771.72;1215977.67;11.42;134.43;127.95;6.98;10.799976101035;59.938502693650;294.33
3416.81;1801;1814;116769.99;1215978.45;11.43;134.39;127.84;6.91;10.799945153874;59.938509785113;294.33
3418.61;1802;1815;116768.35;1215979.19;11.44;134.36;127.60;6.97;10.799915836923;59.938516502436;294.33
3420.41;1803;1816;116766.80;1215979.89;11.45;134.22;127.51;6.88;10.799888148393;59.938522846524;294.33
3422.21;1804;1817;116765.07;1215980.68;11.45;134.15;127.47;6.74;10.799857201232;59.938529937081;294.33
3424.01;1805;1818;116763.52;1215981.38;11.46;134.03;127.39;6.64;10.799829512702;59.938536282075;294.33
3425.81;1806;1819;116761.79;1215982.16;11.47;133.98;127.36;6.64;10.799798565542;59.938543372632;294.33
3427.61;1807;1820;116760.15;1215982.90;11.48;133.93;127.28;6.72;10.799769248590;59.938550089955;294.33
3429.41;1808;1821;116758.60;1215983.60;11.48;133.92;127.21;6.79;10.799741558273;59.938556434043;294.33
3431.21;1809;1822;116756.87;1215984.38;11.49;133.89;127.17;6.79;10.799710612900;59.938563525506;294.33
3433.01;1810;1823;116755.32;1215985.08;11.50;133.89;127.09;6.82;10.799682922582;59.938569869594;294.33
3434.81;1811;1824;116753.59;1215985.87;11.51;133.88;127.02;6.90;10.799651977209;59.938576960152;294.33
3436.61;1812;1825;116751.95;1215986.61;11.51;133.79;127.01;6.95;10.799622658470;59.938583677474;294.33
3438.41;1813;1826;116750.40;1215987.31;11.52;134.00;127.11;6.89;10.799594969940;59.938590022468;294.33
3440.21;1814;1827;116748.67;1215988.09;11.53;134.05;127.22;6.78;10.799564022780;59.938597113025;294.33
3442.01;1815;1828;116747.12;1215988.79;11.53;134.24;127.27;6.97;10.799536334250;59.938603457113;294.33
3443.81;1816;1829;116745.39;1215989.57;11.54;134.30;127.39;7.17;10.799505387089;59.938610547671;294.33
3445.61;1817;1830;116743.75;1215990.32;11.55;134.52;127.45;7.40;10.799476070138;59.938617265899;294.33
3447.41;1818;1831;116742.20;1215991.02;11.56;134.64;127.57;7.43;10.799448381608;59.938623609987;294.33
3449.21;1819;1832;116740.47;1215991.80;11.56;134.75;127.77;7.24;10.799417434447;59.938630700545;294.33
3451.01;1820;1833;116738.92;1215992.50;11.57;134.87;127.87;7.13;10.799389745917;59.938637045538;294.33
3452.81;1821;1834;116737.19;1215993.28;11.58;135.32;128.07;6.93;10.799358798757;59.938644136096;294.33
3454.61;1822;1835;116735.55;1215994.02;11.59;135.40;128.28;6.73;10.799329480018;59.938650853418;294.33
3456.41;1823;1836;116734.00;1215994.72;11.59;135.25;128.38;6.70;10.799301791488;59.938657197506;294.33
3458.21;1824;1837;116732.27;1215995.51;11.60;135.24;128.64;6.54;10.799270844327;59.938664288970;294.33
3460.01;1825;1838;116730.72;1215996.21;11.61;135.37;128.87;6.39;10.799243155797;59.938670633057;294.33
3461.81;1826;1839;116728.99;1215996.99;11.62;135.55;128.99;6.38;10.799212208636;59.938677723615;294.33
3463.61;1827;1840;116727.35;1215997.73;11.62;135.66;129.25;6.32;10.799182891685;59.938684440938;294.33
3465.41;1828;1841;116725.80;1215998.43;11.63;135.68;129.46;6.33;10.799155203155;59.938690785931;294.33
3467.21;1829;1842;116724.07;1215999.21;11.64;135.82;129.58;6.39;10.799124255994;59.938697876489;294.33
3469.01;1830;1843;116722.52;1215999.92;11.65;135.98;129.79;6.35;10.799096567465;59.938704220577;294.33
3470.81;1831;1844;116720.79;1216000.70;11.65;136.23;129.91;6.42;10.799065620304;59.938711311134;294.33
3472.61;1832;1845;116719.15;1216001.44;11.66;136.42;130.12;6.38;10.799036303352;59.938718029363;294.33
3474.41;1833;1846;116717.60;1216002.14;11.67;136.57;130.35;6.33;10.799008613035;59.938724373450;294.33
3476.21;1834;1847;116715.87;1216002.92;11.68;136.78;130.44;6.39;10.798977667662;59.938731464008;294.33
3478.01;1835;1848;116714.32;1216003.62;11.68;136.94;130.63;6.37;10.798949977344;59.938737808096;294.33
3479.81;1836;1849;116712.59;1216004.41;11.69;136.94;130.82;6.37;10.798919031971;59.938744899559;294.33
3481.61;1837;1850;116710.95;1216005.15;11.70;137.08;130.91;6.47;10.798889713232;59.938751616882;294.33
3483.41;1838;1851;116709.40;1216005.85;11.70;137.39;131.07;6.45;10.798862024702;59.938757960970;294.33
3485.21;1839;1852;116707.67;1216006.63;11.71;137.82;131.23;6.49;10.798831077542;59.938765051527;294.33
3487.01;1840;1853;116706.12;1216007.33;11.72;137.97;131.30;6.67;10.798803389012;59.938771396521;294.33
3488.81;1841;1854;116704.39;1216008.11;11.73;138.14;131.45;6.61;10.798772441851;59.938778487078;294.33
3490.61;1842;1855;116702.75;1216008.85;11.73;138.28;131.54;6.63;10.798743124900;59.938785204401;294.33
3492.41;1843;1856;116701.20;1216009.55;11.74;138.18;131.73;6.59;10.798715436370;59.938791549395;294.33
3494.21;1844;1857;116699.47;1216010.34;11.75;138.23;131.91;6.59;10.798684489209;59.938798639952;294.33
3496.01;1845;1858;116697.92;1216011.04;11.76;138.32;132.01;6.72;10.798656800679;59.938804984040;294.33
3497.81;1846;1859;116696.19;1216011.82;11.76;138.85;132.20;6.84;10.798625853519;59.938812074598;294.33
3499.61;1847;1860;116694.55;1216012.56;11.77;139.47;132.38;6.85;10.798596534780;59.938818792826;294.33
3501.41;1848;1861;116693.00;1216013.26;11.78;139.48;132.48;6.96;10.798568846250;59.938825136914;294.33
3503.21;1849;1862;116691.27;1216014.05;11.79;139.43;132.68;6.95;10.798537900877;59.938832227471;294.33
3505.01;1850;1863;116689.72;1216014.75;11.79;139.42;132.87;6.95;10.798510210559;59.938838571559;294.33
3506.81;1851;1864;116687.99;1216015.53;11.80;139.87;132.97;7.02;10.798479265186;59.938845663023;294.33
3508.61;1852;1865;116686.35;1216016.27;11.81;140.24;133.16;7.00;10.798449946447;59.938852380345;294.33
3510.41;1853;1866;116684.80;1216016.97;11.82;140.68;133.33;7.22;10.798422257917;59.938858724433;294.33
3512.21;1854;1867;116683.07;1216017.75;11.82;141.11;133.43;7.60;10.798391310757;59.938865814991;294.33
3514.01;1855;1868;116681.52;1216018.45;11.83;141.41;133.60;7.99;10.798363622227;59.938872159984;294.33
3515.81;1856;1869;116679.78;1216019.24;11.84;141.73;133.69;8.39;10.798332675066;59.938879250542;294.33
3517.61;1857;1870;116678.14;1216019.98;11.85;141.96;133.86;8.40;10.798303358115;59.938885967864;294.33
3519.41;1858;1871;116676.60;1216020.68;11.85;142.32;134.04;8.39;10.798275667797;59.938892311952;294.33
3521.21;1859;1872;116674.86;1216021.46;11.86;142.67;134.13;8.38;10.798244722424;59.938899403416;294.33
3523.01;1860;1873;116673.32;1216022.16;11.87;142.89;134.30;8.29;10.798217032107;59.938905747503;294.33
3524.81;1861;1874;116671.58;1216022.94;11.88;142.96;134.48;8.23;10.798186086733;59.938912838061;294.33
3526.61;1862;1875;116669.94;1216023.69;11.88;142.96;134.57;8.55;10.798156767994;59.938919555384;294.33
3528.41;1863;1876;116668.40;1216024.39;11.89;143.85;134.75;9.51;10.798129079465;59.938925900377;294.33
3530.21;1864;1877;116666.66;1216025.17;11.90;144.49;134.91;10.09;10.798098132304;59.938932990935;294.33
3532.01;1865;1878;116665.11;1216025.87;11.90;145.28;134.98;10.02;10.798070443774;59.938939335022;294.33
3533.81;1866;1879;116663.38;1216026.65;11.91;145.32;135.13;9.87;10.798039496613;59.938946425580;294.33
3535.61;1867;1880;116661.74;1216027.39;11.92;145.35;135.20;9.80;10.798010179662;59.938953143809;294.33
3537.41;1868;1881;116660.19;1216028.09;11.93;145.36;135.35;9.65;10.797982491132;59.938959487896;294.33
3539.21;1869;1882;116658.46;1216028.88;11.93;145.38;135.50;9.50;10.797951543971;59.938966578454;294.33
3541.01;1870;1883;116656.91;1216029.58;11.94;145.39;135.58;9.42;10.797923855441;59.938972923448;294.33
3542.81;1871;1884;116655.18;1216030.36;11.95;145.47;135.73;9.27;10.797892908281;59.938980014005;294.33
3544.61;1872;1885;116653.54;1216031.10;11.96;145.54;135.87;9.13;10.797863591329;59.938986731328;294.33
3546.41;1873;1886;116651.99;1216031.80;11.96;145.62;135.95;9.08;10.797835901012;59.938993075416;294.33
3548.21;1874;1887;116650.26;1216032.58;11.97;145.67;136.10;9.00;10.797804955639;59.939000166879;294.33
3550.01;1875;1888;116648.71;1216033.28;11.98;145.58;136.25;8.91;10.797777265321;59.939006510967;294.33
3551.81;1876;1889;116646.98;1216034.07;11.99;145.30;136.32;8.89;10.797746319948;59.939013601524;294.33
3553.61;1877;1890;116645.34;1216034.81;11.99;145.34;136.47;8.73;10.797717001209;59.939020318847;294.33
3555.41;1878;1891;116643.79;1216035.51;12.00;145.41;136.62;8.59;10.797689312679;59.939026663841;294.33
3557.21;1879;1892;116642.06;1216036.29;12.01;145.50;136.69;8.52;10.797658365519;59.939033754398;294.33
3559.01;1880;1893;116640.51;1216036.99;12.02;145.58;136.84;8.37;10.797630676989;59.939040098486;294.33
3560.81;1881;1894;116638.78;1216037.77;12.02;145.61;136.92;8.29;10.797599729828;59.939047189043;294.33
3562.61;1882;1895;116637.14;1216038.52;12.03;145.60;137.07;8.14;10.797570412877;59.939053907272;294.33
3564.41;1883;1896;116635.59;1216039.22;12.04;145.40;137.22;7.99;10.797542724347;59.939060251360;294.33
3566.21;1884;1897;116633.86;1216040.00;12.05;145.29;137.30;7.91;10.797511777186;59.939067341917;294.33
3568.01;1885;1898;116632.31;1216040.70;12.05;145.21;137.44;7.77;10.797484088656;59.939073686005;294.33
3569.81;1886;1899;116630.58;1216041.48;12.06;145.27;137.59;7.63;10.797453141496;59.939080777469;294.33
3571.61;1887;1900;116628.94;1216042.22;12.07;145.32;137.66;7.57;10.797423822757;59.939087494791;294.33
3573.41;1888;1901;116627.39;1216042.92;12.07;145.33;137.82;7.42;10.797396134227;59.939093838879;294.33
3575.21;1889;1902;116625.66;1216043.71;12.08;145.30;137.92;7.32;10.797365187066;59.939100929436;294.33
3577.01;1890;1903;116624.11;1216044.41;12.09;145.33;137.98;7.29;10.797337498536;59.939107274430;294.33
3578.81;1891;1904;116622.38;1216045.19;12.10;145.31;138.08;7.09;10.797306551376;59.939114364988;294.33
3580.61;1892;1905;116620.74;1216045.93;12.10;144.75;138.13;6.71;10.797277234424;59.939121082310;294.33
3582.41;1893;1906;116619.19;1216046.63;12.11;144.31;138.24;6.47;10.797249545894;59.939127427304;294.33
3584.21;1894;1907;116617.46;1216047.41;12.12;144.14;138.35;6.11;10.797218598733;59.939134517862;294.33
3586.01;1895;1908;116615.91;1216048.11;12.13;144.15;138.40;5.80;10.797190910204;59.939140861949;294.33
3587.81;1896;1909;116614.18;1216048.90;12.13;144.17;138.51;5.43;10.797159963043;59.939147952507;294.33
3589.61;1897;1910;116612.54;1216049.64;12.14;144.27;138.61;5.08;10.797130646091;59.939154670735;294.33
3591.41;1898;1911;116610.99;1216050.34;12.15;144.34;138.66;4.76;10.797102955774;59.939161014823;294.33
3593.21;1899;1912;116609.26;1216051.12;12.16;144.34;138.77;4.40;10.797072010401;59.939168105381;294.33
3595.01;1900;1913;116607.71;1216051.82;12.16;144.23;138.88;4.04;10.797044320083;59.939174449468;294.33
3596.81;1901;1914;116605.98;1216052.60;12.17;144.03;138.93;3.72;10.797013374710;59.939181540932;294.33
3598.61;1902;1915;116604.34;1216053.35;12.18;143.75;139.04;3.37;10.796984055971;59.939188258255;294.33
3600.41;1903;1916;116602.79;1216054.05;12.19;143.63;139.11;3.17;10.796956367441;59.939194602342;294.33
3602.21;1904;1917;116601.06;1216054.83;12.19;143.41;139.15;3.06;10.796925420281;59.939201692900;294.33
3604.01;1905;1918;116599.51;1216055.53;12.20;143.31;139.22;2.92;10.796897731751;59.939208037893;294.33
3605.81;1906;1919;116597.78;1216056.31;12.21;143.14;139.25;2.82;10.796866784590;59.939215128451;294.33
3607.61;1907;1920;116596.14;1216057.05;12.22;142.98;139.32;2.69;10.796837467639;59.939221845774;294.33
3609.41;1908;1921;116594.59;1216057.75;12.22;142.93;139.39;2.56;10.796809779109;59.939228190767;294.33
3611.21;1909;1922;116592.86;1216058.54;12.23;142.81;139.43;2.47;10.796778831948;59.939235281325;294.33
3613.01;1910;1923;116591.31;1216059.24;12.24;142.74;139.49;2.43;10.796751143418;59.939241625413;294.33
3614.81;1911;1924;116589.58;1216060.02;12.25;142.65;139.55;2.46;10.796720196258;59.939248715970;294.33
3616.61;1912;1925;116587.94;1216060.76;12.25;142.57;139.58;2.52;10.796690877519;59.939255433293;294.33
3618.41;1913;1926;116586.39;1216061.46;12.26;142.57;139.62;2.58;10.796663188989;59.939261778287;294.33
3620.21;1914;1927;116584.66;1216062.24;12.27;142.52;139.63;2.62;10.796632243616;59.939268868844;294.33
3622.01;1915;1928;116583.11;1216062.94;12.27;142.53;139.64;2.66;10.796604553298;59.939275212932;294.33
3623.81;1916;1929;116581.38;1216063.73;12.28;142.51;139.67;2.69;10.796573607925;59.939282304395;294.33
3625.61;1917;1930;116579.74;1216064.47;12.29;142.43;139.68;2.73;10.796544289186;59.939289021718;294.33
3627.41;1918;1931;116578.19;1216065.17;12.30;142.47;139.71;2.76;10.796516600656;59.939295365806;294.33
3629.21;1919;1932;116576.46;1216065.95;12.30;142.48;139.73;2.78;10.796485653496;59.939302456363;294.33
3631.01;1920;1933;116574.91;1216066.65;12.31;142.53;139.74;2.82;10.796457964966;59.939308801357;294.33
3632.81;1921;1934;116573.18;1216067.44;12.32;142.56;139.77;2.85;10.796427017805;59.939315891914;294.33
3634.61;1922;1935;116571.54;1216068.18;12.33;142.61;139.79;2.88;10.796397700854;59.939322609237;294.33
3636.41;1923;1936;116569.99;1216068.88;12.33;142.60;139.81;2.92;10.796370010536;59.939328953325;294.33
3638.21;1924;1937;116568.25;1216069.66;12.34;142.65;139.83;2.95;10.796339065163;59.939336044788;294.33
3640.01;1925;1938;116566.71;1216070.36;12.35;142.72;139.86;2.97;10.796311374846;59.939342388876;294.33
3641.81;1926;1939;116564.97;1216071.14;12.36;142.77;139.87;3.02;10.796280429473;59.939349479434;294.33
3643.61;1927;1940;116563.33;1216071.88;12.36;142.84;139.89;3.04;10.796251110733;59.939356196756;294.33
3645.41;1928;1941;116561.79;1216072.58;12.37;142.90;139.92;3.07;10.796223422204;59.939362541750;294.33
3647.21;1929;1942;116560.05;1216073.37;12.38;142.95;139.93;3.11;10.796192475043;59.939369632307;294.33
3649.01;1930;1943;116558.51;1216074.07;12.39;142.95;139.96;3.14;10.796164786513;59.939375976395;294.33
3650.81;1931;1944;116556.77;1216074.85;12.39;143.00;139.96;3.19;10.796133839352;59.939383066953;294.33
3652.61;1932;1945;116555.13;1216075.59;12.40;143.07;139.94;3.26;10.796104522401;59.939389785181;294.33
3654.41;1933;1946;116553.58;1216076.29;12.41;143.12;139.93;3.33;10.796076833871;59.939396129269;294.33
3656.21;1934;1947;116551.85;1216077.07;12.42;143.18;139.92;3.39;10.796045886710;59.939403219827;294.33
3658.01;1935;1948;116550.30;1216077.78;12.42;143.24;139.90;3.45;10.796018198180;59.939409563914;294.33
3659.81;1936;1949;116548.57;1216078.56;12.43;143.31;139.89;3.50;10.795987251020;59.939416655378;294.33
3661.61;1937;1950;116546.93;1216079.30;12.44;143.30;139.87;3.56;10.795957934068;59.939423372700;294.33
3663.41;1938;1951;116545.38;1216080.00;12.44;143.37;139.84;3.63;10.795930243751;59.939429716788;294.33
3665.21;1939;1952;116543.65;1216080.78;12.45;143.45;139.81;3.70;10.795899298378;59.939436807346;294.33
3667.01;1940;1953;116542.10;1216081.48;12.46;143.57;139.80;3.76;10.795871608060;59.939443152339;294.33
3668.81;1941;1954;116540.37;1216082.27;12.47;143.45;139.77;3.86;10.795840662687;59.939450242897;294.33
3670.61;1942;1955;116538.73;1216083.01;12.47;143.55;139.76;3.90;10.795811343948;59.939456960220;294.33
3672.41;1943;1956;116537.18;1216083.71;12.48;143.38;139.73;3.91;10.795783655418;59.939463305213;294.33
3674.21;1944;1957;116535.45;1216084.49;12.49;143.46;139.70;3.91;10.795752708258;59.939470395771;294.33
3676.01;1945;1958;116533.90;1216085.19;12.50;143.73;139.68;3.90;10.795725019728;59.939476739859;294.33
3677.81;1946;1959;116532.17;1216085.97;12.50;143.66;139.65;3.89;10.795694072567;59.939483830416;294.33
3679.61;1947;1960;116530.53;1216086.71;12.51;143.82;139.62;3.86;10.795664755616;59.939490548645;294.33
3681.41;1948;1961;116528.98;1216087.42;12.52;143.79;139.61;3.82;10.795637067086;59.939496892732;294.33
3683.21;1949;1962;116527.25;1216088.20;12.53;143.76;139.58;3.79;10.795606119925;59.939503983290;294.33
3685.01;1950;1963;116525.70;1216088.90;12.53;143.67;139.55;3.76;10.795578431395;59.939510327378;294.33
3686.81;1951;1964;116523.97;1216089.68;12.54;143.62;139.53;3.72;10.795547484235;59.939517418841;294.33
3688.61;1952;1965;116522.33;1216090.42;12.55;143.60;139.48;3.72;10.795518165496;59.939524136164;294.33
3690.41;1953;1966;116520.78;1216091.12;12.56;143.55;139.43;3.71;10.795490476966;59.939530480252;294.33
3692.21;1954;1967;116519.05;1216091.91;12.56;143.54;139.41;3.68;10.795459529805;59.939537570809;294.33
3694.01;1955;1968;116517.50;1216092.61;12.57;143.48;139.36;3.67;10.795431841275;59.939543915803;294.33
3695.81;1956;1969;116515.77;1216093.39;12.58;143.47;139.33;3.69;10.795400894115;59.939551006360;294.33
3697.61;1957;1970;116514.13;1216094.13;12.59;143.41;139.28;3.73;10.795371577163;59.939557723683;294.33
3699.41;1958;1971;116512.58;1216094.83;12.59;143.38;139.23;3.78;10.795343888633;59.939564067771;294.33
3701.21;1959;1972;116510.85;1216095.61;12.60;143.37;139.21;3.80;10.795312941473;59.939571159234;294.33
3703.01;1960;1973;116509.30;1216096.31;12.61;143.34;139.16;3.84;10.795285252943;59.939577503322;294.33
3704.81;1961;1974;116507.57;1216097.10;12.62;143.34;139.10;3.90;10.795254305782;59.939584593880;294.33
3706.61;1962;1975;116505.93;1216097.84;12.62;143.32;139.06;3.93;10.795224988830;59.939591312108;294.33
3708.41;1963;1976;116504.38;1216098.54;12.63;143.32;138.99;4.00;10.795197298513;59.939597656196;294.33
3710.21;1964;1977;116502.65;1216099.32;12.64;143.28;138.92;4.06;10.795166353140;59.939604746753;294.33
3712.01;1965;1978;116501.10;1216100.02;12.64;143.27;138.88;4.09;10.795138662823;59.939611090841;294.33
3713.81;1966;1979;116499.37;1216100.80;12.65;143.27;138.80;4.17;10.795107717449;59.939618182305;294.33
3715.61;1967;1980;116497.73;1216101.55;12.66;143.26;138.76;4.20;10.795078398710;59.939624899627;294.33
3717.41;1968;1981;116496.18;1216102.25;12.67;143.27;138.68;4.28;10.795050710180;59.939631243715;294.33
3719.21;1969;1982;116494.45;1216103.03;12.67;143.24;138.60;4.35;10.795019763020;59.939638334273;294.33
3721.01;1970;1983;116492.90;1216103.73;12.68;143.19;138.56;4.39;10.794992074490;59.939644679266;294.33
3722.81;1971;1984;116491.17;1216104.51;12.69;143.18;138.48;4.47;10.794961127329;59.939651769824;294.33
3724.61;1972;1985;116489.53;1216105.25;12.70;143.13;138.40;4.54;10.794931810378;59.939658487146;294.33
3726.41;1973;1986;116487.98;1216105.95;12.70;143.02;138.36;4.54;10.794904121848;59.939664831234;294.33
3728.21;1974;1987;116486.25;1216106.74;12.71;142.80;138.28;4.51;10.794873174687;59.939671922698;294.33
3730.01;1975;1988;116484.70;1216107.44;12.72;142.73;138.20;4.51;10.794845486157;59.939678266785;294.33
3731.81;1976;1989;116482.97;1216108.22;12.73;142.72;138.16;4.48;10.794814538997;59.939685357343;294.33
3733.61;1977;1990;116481.33;1216108.96;12.73;142.70;138.08;4.49;10.794785220258;59.939692074666;294.33
3735.41;1978;1991;116479.78;1216109.66;12.74;142.79;137.97;4.52;10.794757531728;59.939698419659;294.33
3737.21;1979;1992;116478.05;1216110.44;12.75;142.77;137.92;4.43;10.794726586355;59.939705510217;294.33
3739.01;1980;1993;116476.50;1216111.14;12.76;142.76;137.81;4.40;10.794698896037;59.939711854305;294.33
3740.81;1981;1994;116474.77;1216111.93;12.76;142.51;137.70;4.32;10.794667950664;59.939718944862;294.33
3742.61;1982;1995;116473.13;1216112.67;12.77;141.57;137.65;4.07;10.794638631925;59.939725663091;294.33
3744.41;1983;1996;116471.58;1216113.37;12.78;141.47;137.54;3.86;10.794610943395;59.939732007178;294.33
3746.21;1984;1997;116469.85;1216114.15;12.79;141.43;137.49;3.60;10.794579996235;59.939739097736;294.33
3748.01;1985;1998;116468.30;1216114.85;12.79;140.94;137.37;3.56;10.794552307705;59.939745442730;294.33
3749.81;1986;1999;116466.57;1216115.63;12.80;140.67;137.22;3.61;10.794521360544;59.939752533287;294.33
3751.61;1987;2000;116464.93;1216116.38;12.81;140.56;137.14;3.58;10.794492043593;59.939759250610;294.33
3753.41;1988;2001;116463.38;1216117.08;12.81;140.52;136.99;3.62;10.794464353275;59.939765594698;294.33
3755.21;1989;2002;116461.65;1216117.86;12.82;140.54;136.83;3.67;10.794433407902;59.939772685255;294.33
3757.01;1990;2003;116460.10;1216118.56;12.83;140.47;136.75;3.65;10.794405717585;59.939779030249;294.33
3758.81;1991;2004;116458.36;1216119.34;12.84;140.41;136.59;3.71;10.794374770424;59.939786119900;294.32
3760.61;1992;2005;116456.72;1216120.08;12.84;140.37;136.51;3.69;10.794345451685;59.939792836317;294.32
3762.41;1993;2006;116455.18;1216120.78;12.85;140.31;136.36;3.73;10.794317761368;59.939799178593;294.32
3764.21;1994;2007;116453.44;1216121.57;12.86;140.07;136.20;3.65;10.794286812419;59.939806266433;294.32
3766.01;1995;2008;116451.89;1216122.27;12.87;139.37;136.12;2.69;10.794259118527;59.939812605991;294.31
3767.81;1996;2009;116450.16;1216123.05;12.87;138.08;135.96;1.93;10.794228166004;59.939819690207;294.30
3769.61;1997;2010;116448.52;1216123.79;12.88;137.23;135.79;1.13;10.794198841902;59.939826399377;294.30
3771.41;1998;2011;116446.97;1216124.49;12.89;136.85;135.66;0.93;10.794171142647;59.939832733499;294.29
3773.21;1999;2012;116445.24;1216125.27;12.90;136.57;135.42;0.78;10.794140184762;59.939839810468;294.28
3775.01;2000;2013;116443.69;1216125.97;12.90;136.30;135.17;0.83;10.794112481932;59.939846140062;294.27
3776.81;2001;2014;116441.96;1216126.75;12.91;135.80;135.04;0.89;10.794081516896;59.939853210689;294.25
3778.61;2002;2015;116440.32;1216127.49;12.92;135.81;134.80;1.00;10.794052180282;59.939859905364;294.24
3780.41;2003;2016;116438.77;1216128.18;12.93;135.77;134.55;1.10;10.794024468514;59.939866225898;294.23
3782.21;2004;2017;116437.03;1216128.96;12.93;135.63;134.44;1.07;10.793993494541;59.939873284749;294.21
3784.01;2005;2018;116435.48;1216129.66;12.94;135.57;134.20;1.16;10.793965777411;59.939879597130;294.20
3785.81;2006;2019;116433.75;1216130.44;12.95;135.35;133.97;1.27;10.793934794500;59.939886647827;294.18
3787.61;2007;2020;116432.11;1216131.18;12.96;135.24;133.84;1.30;10.793905438223;59.939893322572;294.16
3789.41;2008;2021;116430.56;1216131.87;12.96;135.12;133.61;1.47;10.793877708581;59.939899621364;294.14
3791.21;2009;2022;116428.82;1216132.65;12.97;135.06;133.49;1.51;10.793846713157;59.939906655755;294.12
3793.01;2010;2023;116427.27;1216133.34;12.98;135.08;133.20;1.83;10.793818974577;59.939912945489;294.10
3794.81;2011;2024;116425.54;1216134.12;12.99;135.03;132.80;2.26;10.793787968429;59.939919968103;294.08
3796.61;2012;2025;116423.89;1216134.85;12.99;135.04;132.61;2.50;10.793758587127;59.939926614765;294.05
3798.41;2013;2026;116422.34;1216135.54;13.00;135.03;132.23;2.86;10.793730834247;59.939932887285;294.04
3800.21;2014;2027;116420.61;1216136.32;13.01;135.05;131.84;3.19;10.793699810223;59.939939890876;294.01
3802.01;2015;2028;116419.05;1216137.01;13.01;135.02;131.64;3.36;10.793672046618;59.939946149808;293.98
3803.81;2016;2029;116417.32;1216137.78;13.02;135.00;131.26;3.74;10.793641008294;59.939953137998;293.95
3805.61;2017;2030;116415.67;1216138.51;13.03;134.97;131.08;3.92;10.793611598392;59.939959751141;293.93
3807.41;2018;2031;116414.12;1216139.20;13.04;134.95;130.70;4.26;10.793583816912;59.939965990143;293.90
3809.21;2019;2032;116412.38;1216139.97;13.04;134.96;130.32;4.57;10.793552758925;59.939972953873;293.87
3811.01;2020;2033;116410.82;1216140.65;13.05;134.73;130.12;4.70;10.793524963145;59.939979177475;293.84
3812.81;2021;2034;116409.09;1216141.42;13.06;134.66;129.73;5.02;10.793493889071;59.939986123992;293.80
3814.61;2022;2035;116407.44;1216142.15;13.07;134.61;129.28;5.40;10.793464443419;59.939992696370;293.77
3816.41;2023;2036;116405.88;1216142.83;13.07;134.56;128.98;5.63;10.793436626188;59.939998895512;293.74
3818.21;2024;2037;116404.14;1216143.59;13.08;134.49;128.41;6.13;10.793405528877;59.940005813946;293.70
3820.01;2025;2038;116402.58;1216144.28;13.09;134.52;127.82;6.65;10.793377695559;59.940011994970;293.66
3821.81;2026;2039;116400.84;1216145.04;13.10;134.56;127.57;6.84;10.793346580372;59.940018892569;293.63
3823.61;2027;2040;116399.19;1216145.76;13.10;134.34;127.18;7.19;10.793317091819;59.940025416933;293.58
3825.41;2028;2041;116397.64;1216146.44;13.11;134.31;126.80;7.51;10.793289235264;59.940031569874;293.55
3827.21;2029;2042;116395.89;1216147.19;13.12;134.28;126.61;7.60;10.793258091477;59.940038434860;293.51
3829.01;2030;2043;116394.33;1216147.87;13.13;134.26;126.33;7.77;10.793230217046;59.940044566964;293.46
3830.81;2031;2044;116392.59;1216148.63;13.13;134.21;126.23;7.78;10.793199053597;59.940051409303;293.42
3832.61;2032;2045;116390.94;1216149.34;13.14;134.15;126.18;7.82;10.793169520356;59.940057879312;293.38
3834.41;2033;2046;116389.38;1216150.01;13.15;134.04;126.28;7.72;10.793141617325;59.940063978804;293.33
3836.21;2034;2047;116387.63;1216150.76;13.16;133.99;126.53;7.47;10.793110421701;59.940070784000;293.29
3838.01;2035;2048;116386.07;1216151.44;13.16;133.89;126.62;7.38;10.793082500795;59.940076860844;293.24
3839.81;2036;2049;116384.32;1216152.18;13.17;133.97;126.77;7.23;10.793051283720;59.940083639769;293.19
3841.61;2037;2050;116382.67;1216152.89;13.18;134.01;126.68;7.31;10.793021696854;59.940090048176;293.14
3843.41;2038;2051;116381.11;1216153.56;13.18;133.76;126.37;7.36;10.792993745561;59.940096089690;293.10
3845.21;2039;2052;116379.36;1216154.30;13.19;133.47;126.04;7.27;10.792962492736;59.940102826942;293.04
3847.01;2040;2053;116377.79;1216154.97;13.20;133.26;125.87;7.03;10.792934519992;59.940108842185;292.99
3848.81;2041;2054;116376.04;1216155.71;13.21;132.94;125.67;6.82;10.792903242142;59.940115550448;292.94
3850.61;2042;2055;116374.38;1216156.41;13.21;132.46;125.44;6.57;10.792873599863;59.940121890912;292.88
3852.41;2043;2056;116372.82;1216157.07;13.22;131.85;125.32;6.27;10.792845593157;59.940127866295;292.83
3854.21;2044;2057;116371.07;1216157.80;13.23;131.29;125.09;6.10;10.792814277769;59.940134529263;292.77
3856.01;2045;2058;116369.50;1216158.46;13.24;131.06;124.91;5.85;10.792786247825;59.940140476562;292.72
3857.81;2046;2059;116367.74;1216159.19;13.24;130.56;124.83;5.53;10.792754907412;59.940147106917;292.66
3859.61;2047;2060;116366.08;1216159.88;13.25;130.17;124.52;5.44;10.792725202571;59.940153374003;292.60
3861.41;2048;2061;116364.51;1216160.53;13.26;129.68;124.18;5.40;10.792697138664;59.940159278724;292.55
3863.21;2049;2062;116362.76;1216161.26;13.27;129.17;123.98;5.22;10.792665757138;59.940165861972;292.49
3865.01;2050;2063;116361.19;1216161.91;13.27;128.89;123.60;5.27;10.792637669994;59.940171737704;292.43
3866.81;2051;2064;116359.43;1216162.63;13.28;128.68;123.21;5.40;10.792606263443;59.940178289245;292.37
3868.61;2052;2065;116357.76;1216163.32;13.29;128.40;123.01;5.34;10.792576497826;59.940184480234;292.31
3870.41;2053;2066;116356.19;1216163.96;13.30;128.07;122.79;5.33;10.792548374931;59.940190313389;292.26
3872.21;2054;2067;116354.43;1216164.68;13.30;127.83;122.57;5.43;10.792516930843;59.940196817823;292.20
3874.01;2055;2068;116352.86;1216165.32;13.31;127.76;122.47;5.53;10.792488782923;59.940202621988;292.14
3875.81;2056;2069;116351.10;1216166.03;13.32;127.62;122.24;5.76;10.792457313810;59.940209093809;292.09
3877.61;2057;2070;116349.43;1216166.71;13.33;127.54;122.13;5.87;10.792427487418;59.940215209607;292.03
3879.41;2058;2071;116347.85;1216167.34;13.33;127.47;121.87;6.13;10.792399307323;59.940220971195;291.97
3881.21;2059;2072;116346.09;1216168.05;13.34;127.33;121.90;6.10;10.792367798884;59.940227395909;291.92
3883.01;2060;2073;116344.51;1216168.69;13.35;127.31;121.95;6.05;10.792339595551;59.940233128507;291.85
3884.81;2061;2074;116342.75;1216169.39;13.35;127.35;122.01;5.99;10.792308062087;59.940239520608;291.80
3886.61;2062;2075;116341.07;1216170.06;13.36;127.45;122.07;5.93;10.792278174920;59.940245560310;291.74
3888.41;2063;2076;116339.49;1216170.69;13.37;127.44;122.13;5.87;10.792249939412;59.940251251237;291.69
3890.21;2064;2077;116337.73;1216171.39;13.38;127.43;122.17;5.83;10.792218368410;59.940257595324;291.63
3892.01;2065;2078;116336.15;1216172.01;13.38;127.55;122.24;5.76;10.792190107877;59.940263257262;291.57
3893.81;2066;2079;116334.38;1216172.71;13.39;128.07;122.32;5.87;10.792158511850;59.940269568737;291.51
3895.61;2067;2080;116332.70;1216173.37;13.40;128.43;122.40;6.01;10.792128565695;59.940275533248;291.46
3897.41;2068;2081;116331.12;1216173.99;13.41;128.70;122.55;6.07;10.792100272987;59.940281152608;291.40
3899.21;2069;2082;116329.35;1216174.68;13.41;128.81;122.72;6.11;10.792068639423;59.940287416070;291.34
3901.01;2070;2083;116327.77;1216175.30;13.42;128.88;122.79;6.22;10.792040325264;59.940293006440;291.29
3902.81;2071;2084;116326.00;1216175.98;13.43;129.00;122.91;6.20;10.792008666675;59.940299238195;291.23
3904.61;2072;2085;116324.32;1216176.63;13.44;129.08;122.95;6.25;10.791978663319;59.940305125704;291.17
3906.41;2073;2086;116322.73;1216177.25;13.44;129.09;123.03;6.25;10.791950315198;59.940310673497;291.11
3908.21;2074;2087;116320.96;1216177.93;13.45;129.15;123.11;6.24;10.791918620858;59.940316857239;291.06
3910.01;2075;2088;116319.37;1216178.54;13.46;129.19;123.15;6.31;10.791890251287;59.940322375137;291.00
3911.81;2076;2089;116317.60;1216179.22;13.47;129.29;123.24;6.39;10.791858531922;59.940328527172;290.94
3913.61;2077;2090;116315.92;1216179.86;13.47;129.35;123.32;6.47;10.791828469579;59.940334338584;290.88
3915.41;2078;2091;116314.33;1216180.46;13.48;129.63;123.41;6.54;10.791800067833;59.940339814810;290.83
3917.21;2079;2092;116312.55;1216181.14;13.49;129.83;123.45;6.67;10.791768312718;59.940345917926;290.77
3919.01;2080;2093;116310.96;1216181.74;13.50;130.09;123.54;6.74;10.791739887734;59.940351364257;290.71
3920.81;2081;2094;116309.18;1216182.41;13.50;130.23;123.62;6.79;10.791708109381;59.940357434760;290.65
3922.61;2082;2095;116307.50;1216183.04;13.51;130.39;123.66;6.82;10.791677989837;59.940363170982;290.60
3924.41;2083;2096;116305.91;1216183.64;13.52;130.58;123.73;6.82;10.791649534466;59.940368573829;290.54
3926.21;2084;2097;116304.13;1216184.30;13.53;130.67;123.84;6.77;10.791617720363;59.940374597225;290.48
3928.01;2085;2098;116302.53;1216184.89;13.53;130.76;123.89;6.77;10.791589241753;59.940379971083;290.42
3929.81;2086;2099;116300.75;1216185.56;13.54;131.03;124.01;6.72;10.791557402625;59.940385961866;290.37
3931.61;2087;2100;116299.06;1216186.18;13.55;131.04;124.12;6.65;10.791527227669;59.940391621085;290.31
3933.41;2088;2101;116297.47;1216186.77;13.55;131.04;124.18;6.63;10.791498720459;59.940396952366;290.25
3935.21;2089;2102;116295.68;1216187.43;13.56;130.99;124.36;6.49;10.791466845581;59.940402894229;290.19
3937.01;2090;2103;116294.09;1216188.01;13.57;130.88;124.52;6.35;10.791438315134;59.940408196521;290.14
3938.81;2091;2104;116292.30;1216188.66;13.58;130.85;124.59;6.30;10.791406417018;59.940414105772;290.08
3940.61;2092;2105;116290.61;1216189.28;13.58;130.92;124.73;6.16;10.791376186649;59.940419688895;290.02
3942.41;2093;2106;116289.02;1216189.86;13.59;130.94;124.87;6.08;10.791347625814;59.940424947702;289.97
3944.21;2094;2107;116287.23;1216190.51;13.60;130.95;124.94;6.06;10.791315693735;59.940430808940;289.91
3946.01;2095;2108;116285.63;1216191.08;13.61;130.96;125.07;5.94;10.791287111451;59.940436038759;289.85
3947.81;2096;2109;116283.84;1216191.73;13.61;131.01;125.17;5.83;10.791255156134;59.940441867383;289.79
3949.61;2097;2110;116282.15;1216192.34;13.62;130.85;125.22;5.35;10.791224872140;59.940447373504;289.74
3951.41;2098;2111;116280.55;1216192.91;13.63;130.59;125.32;4.68;10.791196259467;59.940452559839;289.68
3953.21;2099;2112;116278.76;1216193.55;13.64;129.59;125.42;4.51;10.791164268401;59.940458340451;289.62
3955.01;2100;2113;116277.16;1216194.12;13.64;129.20;125.47;4.34;10.791135636066;59.940463497797;289.57
3956.81;2101;2114;116275.36;1216194.75;13.65;129.34;125.58;4.20;10.791103623549;59.940469244890;289.51
3958.61;2102;2115;116273.67;1216195.35;13.66;129.38;125.68;4.13;10.791073284142;59.940474674008;289.45
3960.41;2103;2116;116272.06;1216195.91;13.67;129.22;125.78;4.23;10.791044621419;59.940479788776;289.40
3962.21;2104;2117;116270.27;1216196.54;13.67;129.40;125.83;4.23;10.791012574940;59.940485487856;289.34
3964.01;2105;2118;116268.67;1216197.10;13.68;129.86;125.93;4.16;10.790983890767;59.940490571823;289.28
3965.81;2106;2119;116266.87;1216197.73;13.69;130.16;126.02;4.14;10.790951821050;59.940496238290;289.22
3967.61;2107;2120;116265.17;1216198.32;13.70;130.30;126.00;4.48;10.790921429805;59.940501591312;289.16
3969.41;2108;2121;116263.57;1216198.88;13.70;130.39;125.96;4.91;10.790892717032;59.940506631795;289.11
3971.21;2109;2122;116261.77;1216199.50;13.71;130.27;125.94;5.22;10.790860613352;59.940512250249;289.05
3973.01;2110;2123;116260.16;1216200.05;13.72;130.29;125.92;5.31;10.790831880916;59.940517261743;288.99
3974.81;2111;2124;116258.37;1216200.67;13.72;130.71;125.89;5.42;10.790799755787;59.940522846678;288.93
3976.61;2112;2125;116256.66;1216201.25;13.73;131.49;125.86;5.86;10.790769310916;59.940528122698;288.88
3978.41;2113;2126;116255.05;1216201.80;13.74;132.01;125.83;6.17;10.790740548093;59.940533090709;288.82
3980.21;2114;2127;116253.25;1216202.41;13.75;131.89;125.82;6.18;10.790708390788;59.940538627631;288.76
3982.01;2115;2128;116251.64;1216202.95;13.75;132.12;125.79;6.21;10.790679608302;59.940543565746;288.70
3983.81;2116;2129;116249.84;1216203.56;13.76;132.24;125.71;6.29;10.790647429547;59.940549070055;288.65
3985.61;2117;2130;116248.14;1216204.13;13.77;132.29;125.64;6.36;10.790616932839;59.940554268167;288.59
3987.41;2118;2131;116246.53;1216204.68;13.78;132.29;125.49;6.51;10.790588121753;59.940559163704;288.54
3989.21;2119;2132;116244.72;1216205.28;13.78;132.28;125.34;6.66;10.790555910822;59.940564618188;288.48
3991.01;2120;2133;116243.11;1216205.81;13.79;132.32;125.26;6.74;10.790527080074;59.940569483831;288.42
3992.81;2121;2134;116241.31;1216206.41;13.80;132.33;125.11;6.89;10.790494845906;59.940574906608;288.36
3994.61;2122;2135;116239.60;1216206.98;13.81;132.31;124.96;7.04;10.790464299147;59.940580026812;288.30
3996.41;2123;2136;116237.98;1216207.51;13.81;132.00;124.82;6.55;10.790435439798;59.940584849877;288.25
3998.21;2124;2137;116236.18;1216208.10;13.82;129.06;124.74;5.03;10.790403175243;59.940590222829;288.19
4000.01;2125;2138;116234.56;1216208.63;13.83;128.58;124.59;3.50;10.790374296231;59.940595015093;288.13
4001.81;2126;2139;116232.76;1216209.22;13.84;127.64;124.45;2.66;10.790342010226;59.940600355432;288.08
4003.61;2127;2140;116231.05;1216209.78;13.84;127.37;124.38;2.47;10.790311413417;59.940605398633;288.02
4005.41;2128;2141;116229.43;1216210.30;13.85;127.31;124.24;2.46;10.790282505805;59.940610148319;287.96
4007.21;2129;2142;116227.62;1216210.89;13.86;127.04;124.11;2.45;10.790250189412;59.940615439739;287.90
4009.01;2130;2143;116226.00;1216211.41;13.86;126.51;124.04;2.36;10.790221263925;59.940620159531;287.85
4010.81;2131;2144;116224.19;1216211.99;13.87;126.20;123.88;2.35;10.790188924294;59.940625417432;287.79
4012.61;2132;2145;116222.48;1216212.54;13.88;125.70;123.73;2.36;10.790158277435;59.940630383631;287.73
4014.41;2133;2146;116220.86;1216213.05;13.89;125.29;123.56;2.35;10.790129325136;59.940635059032;287.67
4016.21;2134;2147;116219.05;1216213.63;13.89;125.42;123.48;2.27;10.790096955117;59.940640268921;287.62
4018.01;2135;2148;116217.43;1216214.14;13.90;125.47;123.31;2.47;10.790067984943;59.940644914427;287.56
4019.81;2136;2149;116215.62;1216214.71;13.91;125.49;123.15;2.97;10.790035593474;59.940650091703;287.50
4021.61;2137;2150;116213.90;1216215.25;13.92;125.32;123.06;3.39;10.790004898352;59.940654979087;287.44
4023.41;2138;2151;116212.28;1216215.76;13.92;125.25;122.91;3.89;10.789975899578;59.940659582016;287.39
4025.21;2139;2152;116210.46;1216216.33;13.93;125.40;122.74;4.40;10.789943479509;59.940664709467;287.33
4027.01;2140;2153;116208.84;1216216.83;13.94;125.49;122.57;4.91;10.789914462859;59.940669281594;287.27
4028.81;2141;2154;116207.02;1216217.39;13.95;125.54;122.48;5.33;10.789882021340;59.940674376432;287.22
4030.61;2142;2155;116205.30;1216217.92;13.95;125.58;122.29;5.77;10.789851277955;59.940679185908;287.15
4032.41;2143;2156;116203.68;1216218.42;13.96;125.60;122.09;6.08;10.789822234493;59.940683715458;287.10
4034.21;2144;2157;116201.86;1216218.98;13.97;125.64;121.98;6.20;10.789789764374;59.940688760471;287.04
4036.01;2145;2158;116200.24;1216219.48;13.98;125.82;121.79;6.29;10.789760703036;59.940693259220;286.99
4037.81;2146;2159;116198.42;1216220.03;13.98;126.70;121.61;6.37;10.789728211467;59.940698271620;286.93
4039.61;2147;2160;116196.70;1216220.55;13.99;126.72;121.44;6.53;10.789697421607;59.940703004094;286.87
4041.41;2148;2161;116195.07;1216221.05;14.00;127.52;121.35;6.70;10.789668333457;59.940707459360;286.82
4043.21;2149;2162;116193.25;1216221.59;14.01;127.66;121.17;6.92;10.789635813288;59.940712421935;286.76
4045.01;2150;2163;116191.62;1216222.08;14.01;128.16;121.00;7.15;10.789606707262;59.940716847305;286.70
4046.81;2151;2164;116189.80;1216222.63;14.02;128.21;120.82;7.34;10.789574167430;59.940721776361;286.64
4048.61;2152;2165;116188.08;1216223.14;14.03;128.19;120.73;7.44;10.789543331095;59.940726430927;286.59
4050.41;2153;2166;116186.45;1216223.62;14.04;128.12;120.55;7.57;10.789514200045;59.940730812813;286.53
4052.21;2154;2167;116184.62;1216224.16;14.04;128.09;120.39;7.67;10.789481631612;59.940735692951;286.47
4054.01;2155;2168;116182.99;1216224.64;14.05;128.02;120.27;7.69;10.789452482687;59.940740044036;286.41
4055.81;2156;2169;116181.17;1216225.18;14.06;127.85;120.00;7.67;10.789419894592;59.940744891561;286.36
4057.61;2157;2170;116179.44;1216225.68;14.07;127.46;119.74;7.45;10.789389011782;59.940749467312;286.30
4059.41;2158;2171;116177.81;1216226.16;14.07;126.78;119.47;7.07;10.789359837831;59.940753774914;286.24
4061.21;2159;2172;116175.99;1216226.69;14.08;126.41;119.33;7.17;10.789327221136;59.940758572614;286.18
4063.01;2160;2173;116174.35;1216227.16;14.09;126.32;119.09;7.41;10.789298029310;59.940762850321;286.13
4064.81;2161;2174;116172.53;1216227.69;14.09;126.54;118.84;7.70;10.789265394740;59.940767615407;286.07
4066.61;2162;2175;116170.80;1216228.18;14.10;126.72;118.69;7.98;10.789234467242;59.940772112344;286.01
4068.41;2163;2176;116169.16;1216228.65;14.11;126.72;118.40;8.29;10.789205252179;59.940776346568;285.96
4070.21;2164;2177;116167.34;1216229.17;14.12;126.74;118.11;8.57;10.789172587221;59.940781061829;285.90
4072.01;2165;2178;116165.70;1216229.63;14.12;126.72;117.82;8.90;10.789143354283;59.940785265252;285.84
4073.81;2166;2179;116163.87;1216230.15;14.13;126.77;117.66;9.14;10.789110673237;59.940789946995;285.78
4075.61;2167;2180;116162.14;1216230.64;14.14;126.88;117.35;9.53;10.789079701051;59.940794366024;285.72
4077.41;2168;2181;116160.50;1216231.10;14.15;126.92;117.04;9.94;10.789050443088;59.940798525962;285.67
4079.21;2169;2182;116158.67;1216231.61;14.15;127.02;116.73;10.28;10.789017735230;59.940803157880;285.61
4081.01;2170;2183;116157.03;1216232.06;14.16;127.01;116.58;10.44;10.788988459391;59.940807287018;285.55
4082.81;2171;2184;116155.20;1216232.57;14.17;127.04;116.26;10.74;10.788955731870;59.940811886323;285.50
4084.61;2172;2185;116153.47;1216233.05;14.18;126.96;115.94;11.03;10.788924718572;59.940816226538;285.44
4086.41;2173;2186;116151.83;1216233.50;14.18;126.92;115.80;11.13;10.788895419496;59.940820312192;285.38
4088.21;2174;2187;116150.00;1216234.00;14.19;126.95;115.48;11.19;10.788862665162;59.940824861672;285.33
4090.01;2175;2188;116148.36;1216234.45;14.20;126.81;115.18;11.21;10.788833349998;59.940828916525;285.27
4091.81;2176;2189;116146.52;1216234.95;14.21;126.66;114.90;11.22;10.788800577790;59.940833432486;285.21
4093.61;2177;2190;116144.79;1216235.42;14.21;126.38;114.77;11.07;10.788769521591;59.940837694793;285.15
4095.41;2178;2191;116143.14;1216235.86;14.22;126.14;114.53;11.05;10.788740181402;59.940841706162;285.10
4097.21;2179;2192;116141.31;1216236.36;14.23;126.01;114.28;11.06;10.788707382381;59.940846172299;285.04
4099.01;2180;2193;116139.57;1216236.82;14.24;125.80;114.16;11.05;10.788676301157;59.940850386592;284.98
4100.81;2181;2194;116137.83;1216237.29;14.24;125.59;113.91;11.17;10.788645210996;59.940854585485;284.92
4102.61;2182;2195;116136.09;1216237.75;14.25;125.41;113.67;11.23;10.788614113684;59.940858768977;284.87
4104.41;2183;2196;116134.45;1216238.18;14.26;125.30;113.45;11.25;10.788584735957;59.940862706062;284.81
4106.21;2184;2197;116132.61;1216238.67;14.26;125.12;113.23;11.29;10.788551892249;59.940867088855;284.75
4108.01;2185;2198;116130.87;1216239.12;14.27;124.96;113.12;11.22;10.788520769912;59.940871224334;284.69
4109.81;2186;2199;116129.13;1216239.58;14.28;124.88;112.89;11.26;10.788489640425;59.940875345318;284.64
4111.61;2187;2200;116127.39;1216240.03;14.29;124.72;112.67;11.29;10.788458500214;59.940879449091;284.58
4113.41;2188;2201;116125.74;1216240.46;14.29;124.56;112.63;11.21;10.788429084949;59.940883311891;284.53
4115.21;2189;2202;116123.90;1216240.93;14.30;124.47;112.55;11.26;10.788396198340;59.940887612246;284.47
4117.01;2190;2203;116122.16;1216241.38;14.31;124.27;112.47;11.31;10.788365036678;59.940891671628;284.42
4118.81;2191;2204;116120.41;1216241.83;14.32;124.10;112.39;11.36;10.788333867866;59.940895715611;284.36
4120.61;2192;2205;116118.67;1216242.27;14.32;123.99;112.35;11.52;10.788302690117;59.940899745098;284.31
4122.41;2193;2206;116117.02;1216242.69;14.33;124.01;112.27;11.57;10.788273239102;59.940903538144;284.26
4124.21;2194;2207;116115.18;1216243.16;14.34;123.85;112.20;11.60;10.788240314956;59.940907763308;284.21
4126.01;2195;2208;116113.44;1216243.60;14.35;123.82;112.12;11.60;10.788209117544;59.940911751124;284.16
4127.81;2196;2209;116111.69;1216244.03;14.35;123.77;112.09;11.58;10.788177912981;59.940915726257;284.11
4129.61;2197;2210;116109.94;1216244.47;14.36;123.69;112.01;11.60;10.788146703057;59.940919687801;284.06
4131.41;2198;2211;116108.29;1216244.88;14.37;123.70;111.95;11.62;10.788117219867;59.940923418339;284.02
4133.21;2199;2212;116106.45;1216245.34;14.38;123.78;111.94;11.57;10.788084263545;59.940927574654;283.97
4135.01;2200;2213;116104.70;1216245.78;14.38;123.87;111.94;11.52;10.788053033958;59.940931499962;283.93
4136.81;2201;2214;116102.96;1216246.21;14.39;123.95;111.90;11.39;10.788021799008;59.940935412587;283.88
4138.61;2202;2215;116101.21;1216246.64;14.40;124.08;111.87;11.48;10.787990558696;59.940939314341;283.84
4140.41;2203;2216;116099.56;1216247.04;14.40;124.06;111.84;11.53;10.787961048693;59.940942988712;283.80
4142.21;2204;2217;116097.71;1216247.50;14.41;123.98;111.82;11.49;10.787928061984;59.940947084331;283.77
4144.01;2205;2218;116095.96;1216247.92;14.42;123.83;111.78;11.48;10.787896805584;59.940950952567;283.72
4145.81;2206;2219;116094.21;1216248.35;14.43;123.71;111.75;11.46;10.787865543821;59.940954809932;283.68
4147.61;2207;2220;116092.47;1216248.77;14.43;123.62;111.72;11.45;10.787834278484;59.940958658238;283.65
4149.41;2208;2221;116090.81;1216249.17;14.44;123.49;111.70;11.42;10.787804745244;59.940962283689;283.62
4151.21;2209;2222;116088.97;1216249.62;14.45;123.31;111.66;11.40;10.787771731722;59.940966324954;283.58
4153.01;2210;2223;116087.22;1216250.04;14.46;123.18;111.63;11.39;10.787740452084;59.940970144270;283.55
4154.81;2211;2224;116085.47;1216250.46;14.46;122.90;111.49;11.32;10.787709167084;59.940973953622;283.51
4156.61;2212;2225;116083.72;1216250.88;14.47;122.54;111.42;11.07;10.787677878509;59.940977755726;283.48
4158.41;2213;2226;116082.06;1216251.28;14.48;122.13;111.28;10.85;10.787648325606;59.940981337694;283.45
4160.21;2214;2227;116080.21;1216251.72;14.49;121.91;111.13;10.68;10.787615290634;59.940985333663;283.42
4162.01;2215;2228;116078.46;1216252.14;14.49;121.58;111.06;10.49;10.787583991334;59.940989110402;283.39
4163.81;2216;2229;116076.71;1216252.55;14.50;121.25;110.91;10.37;10.787552686671;59.940992879894;283.37
4165.61;2217;2230;116074.96;1216252.97;14.51;121.01;110.77;10.31;10.787521380221;59.940996642138;283.34
4167.41;2218;2231;116073.31;1216253.36;14.52;120.89;110.62;10.36;10.787491809443;59.941000188776;283.31
4169.21;2219;2232;116071.46;1216253.80;14.52;120.90;110.47;10.53;10.787458756596;59.941004144885;283.29
4171.01;2220;2233;116069.71;1216254.21;14.53;120.89;110.46;10.61;10.787427441208;59.941007887199;283.27
4172.81;2221;2234;116067.95;1216254.62;14.54;121.05;110.54;10.61;10.787396120458;59.941011623172;283.24
4174.61;2222;2235;116066.20;1216255.03;14.55;121.08;110.62;10.62;10.787364799708;59.941015352803;283.22
4176.41;2223;2236;116064.55;1216255.42;14.55;121.21;110.81;10.53;10.787335214630;59.941018870452;283.20
4178.21;2224;2237;116062.70;1216255.85;14.56;121.40;110.92;10.52;10.787302147482;59.941022795760;283.18
4180.01;2225;2238;116060.94;1216256.26;14.57;121.42;111.09;10.47;10.787270817794;59.941026509991;283.17
4181.81;2226;2239;116059.19;1216256.67;14.58;121.58;111.17;10.50;10.787239486319;59.941030218786;283.15
4183.61;2227;2240;116057.44;1216257.08;14.58;121.68;111.26;10.54;10.787208153056;59.941033923958;283.13
4185.41;2228;2241;116055.78;1216257.47;14.59;121.82;111.30;10.62;10.787178559041;59.941037418959;283.12
4187.21;2229;2242;116053.93;1216257.90;14.60;121.90;111.79;10.22;10.787145481168;59.941041320713;283.10
4189.01;2230;2243;116052.18;1216258.31;14.61;122.02;112.32;9.72;10.787114142543;59.941045014108;283.09
4190.81;2231;2244;116050.42;1216258.71;14.61;121.99;112.78;9.30;10.787082802130;59.941048703880;283.08
4192.61;2232;2245;116048.67;1216259.12;14.62;122.09;113.00;9.07;10.787051459930;59.941052390028;283.06
4194.41;2233;2246;116047.02;1216259.50;14.63;122.04;113.43;8.63;10.787021858764;59.941055869628;283.06
4196.21;2234;2247;116045.16;1216259.93;14.63;122.00;113.88;8.13;10.786988773742;59.941059755982;283.05
4198.01;2235;2248;116043.41;1216260.34;14.64;121.94;114.03;7.86;10.786957427966;59.941063434882;283.04
4199.81;2236;2249;116041.66;1216260.75;14.65;121.78;114.33;7.42;10.786926082191;59.941067112877;283.04
4201.61;2237;2250;116039.90;1216261.15;14.66;121.59;114.62;6.99;10.786894734628;59.941070789060;283.03
4203.41;2238;2251;116038.25;1216261.53;14.66;121.50;114.93;6.56;10.786865129887;59.941074258695;283.02
4205.21;2239;2252;116036.40;1216261.96;14.67;121.46;115.23;6.10;10.786832039502;59.941078136896;283.02
4207.01;2240;2253;116034.64;1216262.37;14.68;121.38;115.37;5.78;10.786800691939;59.941081809455;283.02
4208.81;2241;2254;116032.89;1216262.77;14.69;121.12;115.40;5.54;10.786769344376;59.941085482014;283.02
4210.61;2242;2255;116031.14;1216263.18;14.69;120.72;115.40;5.27;10.786737995026;59.941089154573;283.02
4212.41;2243;2256;116029.48;1216263.56;14.70;120.52;115.37;4.96;10.786708388498;59.941092622397;283.01
4214.21;2244;2257;116027.63;1216263.99;14.71;120.13;115.36;4.61;10.786675298113;59.941096498785;283.02
4216.01;2245;2258;116025.87;1216264.39;14.72;119.75;115.20;4.43;10.786643950550;59.941100170439;283.01
4217.81;2246;2259;116024.12;1216264.80;14.72;119.58;115.04;4.48;10.786612601200;59.941103842998;283.02
4219.61;2247;2260;116022.37;1216265.21;14.73;119.48;114.88;4.60;10.786581253637;59.941107515557;283.02
4221.41;2248;2261;116020.71;1216265.59;14.74;119.31;114.81;4.58;10.786551647109;59.941110983380;283.01
4223.21;2249;2262;116018.86;1216266.02;14.75;119.22;114.65;4.63;10.786518556723;59.941114859769;283.02
4225.01;2250;2263;116017.11;1216266.42;14.75;119.19;114.50;4.67;10.786487207373;59.941118531423;283.01
4226.81;2251;2264;116015.35;1216266.83;14.76;119.08;114.33;4.73;10.786455859810;59.941122203982;283.02
4228.61;2252;2265;116013.60;1216267.23;14.76;118.98;114.24;4.72;10.786424510460;59.941125876541;283.02
4230.41;2253;2266;116011.94;1216267.62;14.76;118.92;114.07;4.79;10.786394903932;59.941129344364;283.01
4232.21;2254;2267;116010.09;1216268.04;14.76;118.86;113.89;4.88;10.786361813547;59.941133220753;283.02
4234.01;2255;2268;116008.34;1216268.45;14.76;118.81;113.69;4.99;10.786330464196;59.941136893312;283.02
4235.81;2256;2269;116006.58;1216268.85;14.76;118.74;113.58;5.00;10.786299116633;59.941140564966;283.01
4237.61;2257;2270;116004.83;1216269.26;14.76;118.62;113.40;5.03;10.786267767283;59.941144237525;283.02
4239.41;2258;2271;116003.17;1216269.64;14.76;118.29;113.23;4.85;10.786238160755;59.941147705348;283.01
4241.21;2259;2272;116001.32;1216270.07;14.76;117.75;113.05;4.57;10.786205070370;59.941151581737;283.02
4243.01;2260;2273;115999.57;1216270.48;14.76;117.23;112.96;4.13;10.786173721019;59.941155254296;283.02
4244.81;2261;2274;115997.81;1216270.88;14.76;116.81;112.69;3.93;10.786142373456;59.941158925949;283.01
4246.61;2262;2275;115996.06;1216271.29;14.76;116.38;112.41;3.87;10.786111024106;59.941162598509;283.02
4248.41;2263;2276;115994.40;1216271.67;14.76;115.99;112.16;3.84;10.786081417578;59.941166066332;283.01
4250.21;2264;2277;115992.55;1216272.10;14.76;115.80;112.03;3.74;10.786048327193;59.941169942721;283.02
4252.01;2265;2278;115990.80;1216272.50;14.76;115.55;111.80;3.75;10.786016977842;59.941173615280;283.02
4253.81;2266;2279;115989.04;1216272.91;14.76;115.36;111.63;3.85;10.785985628492;59.941177286933;283.01
4255.61;2267;2280;115987.29;1216273.31;14.76;115.24;111.47;3.92;10.785954280929;59.941180959492;283.02
4257.41;2268;2281;115985.63;1216273.70;14.76;115.32;111.31;4.07;10.785924674401;59.941184428222;283.02
4259.21;2269;2282;115983.78;1216274.12;14.76;115.27;110.97;4.45;10.785891584016;59.941188303705;283.01
4261.01;2270;2283;115982.03;1216274.53;14.76;115.45;110.62;4.88;10.785860234666;59.941191976264;283.02
4262.81;2271;2284;115980.28;1216274.93;14.76;115.47;110.27;5.35;10.785828885315;59.941195648823;283.02
4264.61;2272;2285;115978.52;1216275.34;14.76;115.73;110.09;5.69;10.785797537752;59.941199320476;283.01
4266.41;2273;2286;115976.87;1216275.72;14.76;115.75;109.75;6.19;10.785767929437;59.941202789206;283.02
4268.21;2274;2287;115975.01;1216276.15;14.76;116.00;109.21;6.83;10.785734840839;59.941206665595;283.02
4270.01;2275;2288;115973.26;1216276.56;14.76;115.96;108.64;7.46;10.785703491489;59.941210337248;283.01
4271.81;2276;2289;115971.51;1216276.96;14.76;116.13;108.36;7.79;10.785672142138;59.941214009807;283.02
4273.61;2277;2290;115969.75;1216277.37;14.76;116.04;107.80;8.45;10.785640794575;59.941217681460;283.01
4275.41;2278;2291;115968.10;1216277.75;14.76;116.30;107.32;9.10;10.785611186260;59.941221150190;283.02
4277.21;2279;2292;115966.25;1216278.18;14.76;116.35;106.86;9.71;10.785578095875;59.941225026578;283.02
4279.01;2280;2293;115964.49;1216278.58;14.76;116.61;106.60;10.09;10.785546748312;59.941228698232;283.01
4280.81;2281;2294;115962.74;1216278.99;14.76;116.63;106.14;10.65;10.785515398961;59.941232370791;283.02
4282.61;2282;2295;115960.98;1216279.39;14.76;116.83;105.70;11.17;10.785484051399;59.941236043350;283.02
4284.41;2283;2296;115959.33;1216279.78;14.76;116.82;105.19;11.74;10.785454443083;59.941239511173;283.01
4286.21;2284;2297;115957.48;1216280.20;14.76;116.95;104.93;12.09;10.785421352698;59.941243387562;283.02
4288.01;2285;2298;115955.72;1216280.61;14.76;117.05;104.51;12.52;10.785390005135;59.941247059216;283.01
4289.81;2286;2299;115953.97;1216281.01;14.76;117.04;104.17;12.88;10.785358655785;59.941250731775;283.02
4291.61;2287;2300;115952.22;1216281.42;14.76;117.09;103.84;13.23;10.785327306434;59.941254404334;283.02
4293.41;2288;2301;115950.56;1216281.80;14.76;117.03;103.68;13.40;10.785297699906;59.941257872157;283.01
4295.21;2289;2302;115948.71;1216282.23;14.76;117.27;103.35;13.71;10.785264609521;59.941261748546;283.02
4297.01;2290;2303;115946.95;1216282.64;14.76;117.24;102.91;14.17;10.785233261958;59.941265421105;283.02
4298.81;2291;2304;115945.20;1216283.04;14.76;117.19;102.82;14.27;10.785201912608;59.941269092759;283.01
4300.61;2292;2305;115943.45;1216283.45;14.76;117.15;102.77;14.29;10.785170563257;59.941272765318;283.02
4302.41;2293;2306;115941.79;1216283.83;14.76;117.18;102.69;14.36;10.785140956729;59.941276233141;283.01
4304.21;2294;2307;115939.94;1216284.26;14.76;117.19;102.65;14.39;10.785107866344;59.941280109530;283.02
4306.01;2295;2308;115938.19;1216284.66;14.76;117.14;102.63;14.39;10.785076516994;59.941283782089;283.02
4307.81;2296;2309;115936.43;1216285.07;14.76;117.03;102.62;14.38;10.785045169431;59.941287453742;283.01
4309.61;2297;2310;115934.68;1216285.47;14.76;116.97;102.69;14.32;10.785013820080;59.941291126302;283.02
4311.41;2298;2311;115933.02;1216285.86;14.76;116.84;102.83;14.17;10.784984213552;59.941294594125;283.01
4313.21;2299;2312;115931.17;1216286.28;14.76;116.81;102.97;14.03;10.784951123167;59.941298470514;283.02
4315.01;2300;2313;115929.42;1216286.69;14.76;116.78;103.04;13.96;10.784919773817;59.941302143073;283.02
4316.81;2301;2314;115927.66;1216287.10;14.76;116.85;103.19;13.86;10.784888426254;59.941305815632;283.02
4318.61;2302;2315;115925.91;1216287.50;14.76;116.99;103.33;13.85;10.784857076903;59.941309487286;283.01
4320.41;2303;2316;115924.25;1216287.88;14.76;117.22;103.54;13.79;10.784827470375;59.941312956015;283.02
4322.21;2304;2317;115922.40;1216288.31;14.76;117.28;103.75;13.74;10.784794379990;59.941316831498;283.01
4324.01;2305;2318;115920.65;1216288.72;14.76;117.58;103.86;13.73;10.784763030640;59.941320504057;283.02
4325.81;2306;2319;115918.89;1216289.12;14.76;117.50;104.07;13.56;10.784731683077;59.941324176616;283.02
4327.61;2307;2320;115917.14;1216289.53;14.76;117.62;104.29;13.37;10.784700333727;59.941327848269;283.01
4329.41;2308;2321;115915.48;1216289.91;14.76;117.68;104.50;13.21;10.784670727198;59.941331316999;283.02
4331.21;2309;2322;115913.63;1216290.34;14.76;117.66;104.61;13.17;10.784637636813;59.941335193388;283.02
4333.01;2310;2323;115911.88;1216290.74;14.76;117.74;104.81;13.02;10.784606287463;59.941338865041;283.01
4334.81;2311;2324;115910.13;1216291.15;14.76;117.75;105.03;12.88;10.784574939900;59.941342537600;283.02
4336.61;2312;2325;115908.37;1216291.55;14.76;117.89;105.25;12.73;10.784543590550;59.941346209253;283.01
4338.41;2313;2326;115906.72;1216291.94;14.76;117.99;105.35;12.65;10.784513984022;59.941349677983;283.02
4340.21;2314;2327;115904.86;1216292.37;14.76;118.21;105.60;12.40;10.784480893636;59.941353554372;283.02
4342.01;2315;2328;115903.11;1216292.77;14.76;118.18;105.87;12.13;10.784449544286;59.941357226025;283.01
4343.81;2316;2329;115901.36;1216293.18;14.76;118.15;106.15;11.85;10.784418194936;59.941360898584;283.02
4345.61;2317;2330;115899.60;1216293.58;14.76;118.11;106.30;11.70;10.784386847373;59.941364570237;283.01
4347.41;2318;2331;115897.95;1216293.96;14.77;118.10;106.58;11.42;10.784357239057;59.941368037155;283.01
4349.21;2319;2332;115896.10;1216294.39;14.77;118.07;106.87;11.13;10.784324148672;59.941371910826;283.01
4351.01;2320;2333;115894.34;1216294.80;14.78;118.05;107.01;10.96;10.784292799322;59.941375580667;283.01
4352.81;2321;2334;115892.59;1216295.20;14.79;118.03;107.30;10.64;10.784261448184;59.941379248697;283.00
4354.61;2322;2335;115890.83;1216295.61;14.79;118.02;107.58;10.33;10.784230097046;59.941382915821;283.00
4356.41;2323;2336;115889.18;1216295.99;14.80;118.00;107.88;10.05;10.784200486943;59.941386377303;282.99
4358.21;2324;2337;115887.33;1216296.42;14.80;117.94;108.16;9.82;10.784167392983;59.941390244632;282.98
4360.01;2325;2338;115885.57;1216296.82;14.81;117.98;108.31;9.69;10.784136040057;59.941393906321;282.98
4361.81;2326;2339;115883.82;1216297.22;14.81;118.05;108.58;9.71;10.784104685344;59.941397566197;282.97
4363.61;2327;2340;115882.06;1216297.63;14.82;118.73;108.87;9.77;10.784073330631;59.941401223356;282.96
4365.41;2328;2341;115880.41;1216298.01;14.82;118.89;109.15;9.68;10.784043715166;59.941404675779;282.95
4367.21;2329;2342;115878.56;1216298.43;14.83;118.96;109.29;9.69;10.784010615843;59.941408531332;282.94
4369.01;2330;2343;115876.80;1216298.84;14.83;119.00;109.55;9.28;10.783979257555;59.941412180337;282.93
4370.81;2331;2344;115875.05;1216299.24;14.84;119.45;109.83;8.89;10.783947897480;59.941415827531;282.92
4372.61;2332;2345;115873.29;1216299.64;14.84;119.42;110.10;8.51;10.783916535617;59.941419470195;282.91
4374.41;2333;2346;115871.64;1216300.02;14.85;119.30;110.24;8.28;10.783886914789;59.941422908123;282.90
4376.21;2334;2347;115869.78;1216300.44;14.85;119.03;110.49;7.88;10.783853808316;59.941426747370;282.89
4378.01;2335;2348;115868.03;1216300.85;14.86;118.90;110.72;7.56;10.783822441090;59.941430380069;282.87
4379.81;2336;2349;115866.27;1216301.25;14.86;118.80;110.96;7.36;10.783791073865;59.941434008239;282.86
4381.61;2337;2350;115864.52;1216301.65;14.87;118.72;111.04;7.31;10.783759703064;59.941437632785;282.84
4383.41;2338;2351;115862.86;1216302.02;14.87;118.53;111.20;7.18;10.783730073299;59.941441052595;282.83
4385.21;2339;2352;115861.01;1216302.44;14.88;118.45;111.36;7.05;10.783696957888;59.941444869194;282.81
4387.01;2340;2353;115859.25;1216302.84;14.89;118.37;111.53;6.87;10.783665579938;59.941448480151;282.79
4388.81;2341;2354;115857.50;1216303.24;14.89;118.32;111.60;6.77;10.783634201987;59.941452086579;282.78
4390.61;2342;2355;115855.74;1216303.64;14.90;118.18;111.77;6.54;10.783602822249;59.941455687571;282.76
4392.41;2343;2356;115854.08;1216304.01;14.90;118.30;111.93;6.18;10.783573181758;59.941459083827;282.74
4394.21;2344;2357;115852.23;1216304.43;14.91;118.01;112.10;5.90;10.783540053836;59.941462874155;282.72
4396.01;2345;2358;115850.47;1216304.83;14.91;117.88;112.17;5.79;10.783508665160;59.941466458841;282.70
4397.81;2346;2359;115848.72;1216305.22;14.92;117.76;112.35;5.58;10.783477274697;59.941470038091;282.68
4399.61;2347;2360;115846.96;1216305.62;14.92;117.78;112.56;5.34;10.783445882446;59.941473611000;282.66
4401.41;2348;2361;115845.30;1216305.99;14.93;117.73;112.71;5.15;10.783416231230;59.941476980079;282.64
4403.21;2349;2362;115843.45;1216306.40;14.93;117.69;112.77;5.06;10.783383087220;59.941480737794;282.61
4405.01;2350;2363;115841.69;1216306.80;14.94;117.65;112.88;4.89;10.783351686032;59.941484291679;282.59
4406.81;2351;2364;115839.94;1216307.19;14.94;117.66;112.99;4.72;10.783320281269;59.941487839223;282.57
4408.61;2352;2365;115838.18;1216307.58;14.95;117.63;113.10;4.57;10.783288872930;59.941491379519;282.54
4410.41;2353;2366;115836.52;1216307.95;14.95;117.56;113.16;4.44;10.783259207414;59.941494715985;282.51
4412.21;2354;2367;115834.66;1216308.36;14.96;117.49;113.26;4.26;10.783226049104;59.941498438370;282.49
4414.01;2355;2368;115832.91;1216308.75;14.96;117.47;113.35;4.14;10.783194631828;59.941501956018;282.46
4415.81;2356;2369;115831.15;1216309.13;14.97;117.40;113.44;4.00;10.783163210977;59.941505466419;282.43
4417.61;2357;2370;115829.39;1216309.52;14.98;117.31;113.53;3.88;10.783131786552;59.941508969573;282.41
4419.41;2358;2371;115827.73;1216309.89;14.98;117.26;113.57;3.80;10.783102104948;59.941512269804;282.37
4421.21;2359;2372;115825.87;1216310.29;14.99;117.19;113.67;3.68;10.783068928762;59.941515950516;282.35
4423.01;2360;2373;115824.12;1216310.68;14.99;117.17;113.71;3.56;10.783037493612;59.941519428304;282.31
4424.81;2361;2374;115822.36;1216311.06;15.00;117.09;113.77;3.41;10.783006054886;59.941522897034;282.28
4426.61;2362;2375;115820.60;1216311.44;15.00;117.07;113.80;3.27;10.782974612585;59.941526357610;282.25
4428.41;2363;2376;115818.94;1216311.80;15.01;116.96;113.88;3.10;10.782944914894;59.941529617074;282.22
4430.21;2364;2377;115817.08;1216312.20;15.01;116.89;113.95;2.93;10.782911717258;59.941533250679;282.19
4432.01;2365;2378;115815.32;1216312.58;15.02;116.81;113.99;2.80;10.782880262444;59.941536683172;282.15
4433.81;2366;2379;115813.56;1216312.96;15.02;116.76;114.06;2.63;10.782848804056;59.941540106606;282.12
4435.61;2367;2380;115811.80;1216313.33;15.03;116.66;114.14;2.46;10.782817342092;59.941543520075;282.08
4437.41;2368;2381;115810.14;1216313.69;15.03;116.60;114.21;2.29;10.782787624739;59.941546734244;282.05
4439.21;2369;2382;115808.28;1216314.08;15.04;116.45;114.28;2.20;10.782754405653;59.941550316212;282.01
4441.01;2370;2383;115806.52;1216314.46;15.04;116.34;114.32;2.06;10.782722931177;59.941553699786;281.98
4442.81;2371;2384;115804.76;1216314.83;15.05;116.24;114.39;1.90;10.782691451338;59.941557071583;281.93
4444.61;2372;2385;115803.00;1216315.20;15.05;116.25;114.44;1.74;10.782659967925;59.941560433415;281.90
4446.41;2373;2386;115801.33;1216315.55;15.06;116.13;114.50;1.58;10.782630227333;59.941563597758;281.86
4448.21;2374;2387;115799.47;1216315.94;15.07;116.06;114.53;1.47;10.782596985010;59.941567123560;281.82
4450.01;2375;2388;115797.71;1216316.31;15.07;115.91;114.58;1.42;10.782565487296;59.941570451873;281.78
4451.81;2376;2389;115795.95;1216316.67;15.08;115.79;114.63;1.31;10.782533986007;59.941573768410;281.74
4453.61;2377;2390;115794.18;1216317.04;15.08;115.69;114.65;1.15;10.782502477568;59.941577074075;281.70
4455.41;2378;2391;115792.52;1216317.38;15.09;115.60;114.66;1.00;10.782472717314;59.941580184970;281.65
4457.21;2379;2392;115790.66;1216317.76;15.09;115.59;114.68;0.89;10.782439449966;59.941583648264;281.61
4459.01;2380;2393;115788.89;1216318.13;15.10;115.53;114.70;0.85;10.782407927227;59.941586917693;281.57
4460.81;2381;2394;115787.13;1216318.48;15.10;115.55;114.72;0.79;10.782376400913;59.941590173534;281.52
4462.61;2382;2395;115785.37;1216318.84;15.11;115.44;114.72;0.73;10.782344869237;59.941593417598;281.48
4464.41;2383;2396;115783.70;1216319.18;15.11;115.39;114.70;0.74;10.782315083958;59.941596469608;281.43
4466.21;2384;2397;115781.84;1216319.55;15.12;115.37;114.69;0.77;10.782281789796;59.941599867677;281.39
4468.01;2385;2398;115780.07;1216319.91;15.12;115.49;114.67;0.83;10.782250242032;59.941603071881;281.33
4469.81;2386;2399;115778.31;1216320.26;15.13;115.63;114.65;0.80;10.782218688906;59.941606263402;281.29
4471.61;2387;2400;115776.54;1216320.61;15.13;115.37;114.64;0.71;10.782187132204;59.941609441334;281.24
4473.41;2388;2401;115774.88;1216320.94;15.14;115.31;114.62;0.63;10.782157321900;59.941612430837;281.19
4475.21;2389;2402;115773.01;1216321.31;15.14;115.25;114.60;0.58;10.782123999139;59.941615756432;281.14
4477.01;2390;2403;115771.24;1216321.65;15.15;115.20;114.59;0.54;10.782092424562;59.941618892693;281.09
4478.81;2391;2404;115769.48;1216322.00;15.16;115.13;114.58;0.54;10.782060844623;59.941622014459;281.04
4480.61;2392;2405;115767.71;1216322.34;15.16;115.16;114.56;0.53;10.782029259321;59.941625120824;280.98
4482.41;2393;2406;115766.04;1216322.66;15.17;115.04;114.54;0.52;10.781999423992;59.941628042384;280.94
4484.21;2394;2407;115764.18;1216323.02;15.17;115.33;114.43;0.58;10.781966070843;59.941631291883;280.88
4486.01;2395;2408;115762.41;1216323.36;15.18;114.98;114.38;0.36;10.781934469453;59.941634353859;280.82
4487.81;2396;2409;115760.64;1216323.70;15.18;114.77;114.28;0.18;10.781902860914;59.941637401340;280.77
4489.61;2397;2410;115758.87;1216324.03;15.19;114.44;114.17;0.01;10.781871247012;59.941640432515;280.71
4491.41;2398;2411;115757.20;1216324.35;15.19;114.12;113.89;0.00;10.781841383083;59.941643281602;280.66
4493.21;2399;2412;115755.33;1216324.70;15.20;113.78;113.61;0.00;10.781808001333;59.941646449569;280.61
4495.01;2400;2413;115753.56;1216325.03;15.20;113.64;113.33;0.00;10.781776369556;59.941649433637;280.54
4496.81;2401;2414;115751.79;1216325.35;15.21;113.33;113.05;0.00;10.781744732417;59.941652401398;280.49
4498.61;2402;2415;115750.02;1216325.68;15.21;112.99;112.70;0.00;10.781713088127;59.941655352853;280.43
4500.41;2403;2416;115748.35;1216325.99;15.22;112.91;112.34;0.00;10.781683197385;59.941658124937;280.37
4502.21;2404;2417;115746.48;1216326.33;15.22;112.86;111.99;0.00;10.781649783461;59.941661205937;280.31
4504.01;2405;2418;115744.71;1216326.65;15.23;112.79;111.64;0.00;10.781618121296;59.941664106661;280.25
4505.81;2406;2419;115742.94;1216326.96;15.23;112.81;111.19;0.00;10.781586453769;59.941666990172;280.19
4507.61;2407;2420;115741.17;1216327.28;15.24;112.79;110.73;0.00;10.781554779092;59.941669856472;280.12
4509.41;2408;2421;115739.49;1216327.58;15.24;112.79;110.27;0.00;10.781524859749;59.941672547930;280.07
4511.21;2409;2422;115737.62;1216327.91;15.25;112.82;109.83;0.00;10.781491411862;59.941675536527;280.00
4513.01;2410;2423;115735.85;1216328.22;15.26;112.17;109.13;0.00;10.781459719310;59.941678349378;279.93
4514.81;2411;2424;115734.08;1216328.53;15.26;109.47;109.07;0.00;10.781428021395;59.941681144110;279.87
4516.61;2412;2425;115732.30;1216328.83;15.27;109.45;109.49;0.00;10.781396316330;59.941683919819;279.80
4518.41;2413;2426;115730.63;1216329.12;15.27;109.46;110.19;0.00;10.781366366600;59.941686525216;279.74
4520.21;2414;2427;115728.75;1216329.44;15.28;112.92;110.88;0.00;10.781332886538;59.941689417786;279.67
4522.01;2415;2428;115726.98;1216329.74;15.28;113.02;111.05;0.22;10.781301161810;59.941692137328;279.60
4523.81;2416;2429;115725.20;1216330.04;15.29;113.01;110.72;1.06;10.781269431720;59.941694837846;279.53
4525.61;2417;2430;115723.43;1216330.33;15.29;113.10;110.54;1.51;10.781237694480;59.941697520245;279.47
4527.41;2418;2431;115721.75;1216330.61;15.30;113.16;110.20;2.09;10.781207714363;59.941700035052;279.40
4529.21;2419;2432;115719.88;1216330.92;15.30;113.21;109.86;2.68;10.781174202125;59.941702825254;279.33
4531.01;2420;2433;115718.10;1216331.21;15.31;113.25;109.69;2.71;10.781142445222;59.941705446958;279.25
4532.81;2421;2434;115716.32;1216331.50;15.31;113.23;109.34;3.15;10.781110682957;59.941708049637;279.18
4534.61;2422;2435;115714.54;1216331.78;15.32;113.15;109.35;3.23;10.781078913542;59.941710631481;279.11
4536.41;2423;2436;115712.87;1216332.05;15.32;113.11;109.40;3.08;10.781048903037;59.941713051166;279.04
4538.21;2424;2437;115710.99;1216332.34;15.33;113.05;109.45;3.08;10.781015355049;59.941715734472;278.97
4540.01;2425;2438;115709.21;1216332.62;15.33;112.99;109.47;3.09;10.780983567759;59.941718254713;278.89
4541.81;2426;2439;115707.43;1216332.90;15.34;112.92;109.52;2.39;10.780951771531;59.941720753213;278.81
4543.61;2427;2440;115705.65;1216333.17;15.35;112.76;109.57;1.19;10.780919969940;59.941723230877;278.74
4545.41;2428;2441;115703.97;1216333.43;15.35;111.33;109.55;0.24;10.780889930835;59.941725550913;278.66
4547.21;2429;2442;115702.09;1216333.71;15.36;109.60;109.61;0.18;10.780856348884;59.941728121885;278.59
4549.01;2430;2443;115700.31;1216333.98;15.36;109.61;109.66;0.17;10.780824527631;59.941730534323;278.51
4550.81;2431;2444;115698.53;1216334.24;15.37;109.57;109.75;0.10;10.780792701016;59.941732925020;278.43
4552.61;2432;2445;115696.75;1216334.50;15.37;109.57;109.84;0.04;10.780760865463;59.941735293069;278.35
4554.41;2433;2446;115695.07;1216334.75;15.38;109.59;109.82;0.09;10.780730795970;59.941737509830;278.28
4556.21;2434;2447;115693.19;1216335.02;15.38;109.66;109.78;0.15;10.780697180056;59.941739963035;278.19
4558.01;2435;2448;115691.41;1216335.27;15.39;109.78;109.71;0.26;10.780665326628;59.941742263140;278.11
4559.81;2436;2449;115689.62;1216335.52;15.39;109.82;109.68;0.31;10.780633466050;59.941744539692;278.03
4561.61;2437;2450;115687.84;1216335.77;15.40;109.83;109.66;0.34;10.780601600109;59.941746794502;277.95
4563.41;2438;2451;115686.16;1216336.01;15.40;109.95;109.56;0.44;10.780571498441;59.941748902555;277.87
4565.21;2439;2452;115684.28;1216336.26;15.41;110.02;109.44;0.56;10.780537848565;59.941751232555;277.78
4567.01;2440;2453;115682.49;1216336.50;15.41;110.03;109.20;0.80;10.780505962962;59.941753415798;277.69
4568.81;2441;2454;115680.71;1216336.74;15.42;110.01;108.97;0.98;10.780474071996;59.941755575488;277.61
4570.61;2442;2455;115678.92;1216336.98;15.42;110.01;108.74;1.15;10.780442173880;59.941757710718;277.52
4572.41;2443;2456;115677.24;1216337.20;15.43;110.02;108.63;1.19;10.780412041824;59.941759704625;277.44
4574.21;2444;2457;115675.35;1216337.44;15.44;110.02;108.42;1.34;10.780378359773;59.941761907799;277.35
4576.01;2445;2458;115673.57;1216337.67;15.44;110.01;108.21;1.49;10.780346441994;59.941763969650;277.26
4577.81;2446;2459;115671.78;1216337.89;15.45;110.00;108.00;1.64;10.780314518853;59.941766005230;277.17
4579.61;2447;2460;115670.00;1216338.12;15.45;109.98;107.79;1.78;10.780282590350;59.941768016350;277.08
4581.41;2448;2461;115668.31;1216338.32;15.46;109.97;107.68;1.83;10.780252427906;59.941769893395;277.00
4583.21;2449;2462;115666.42;1216338.55;15.46;109.46;107.47;2.01;10.780218711892;59.941771963400;276.91
4585.01;2450;2463;115664.63;1216338.77;15.47;109.21;107.32;2.12;10.780186765514;59.941773898423;276.82
4586.81;2451;2464;115662.85;1216338.98;15.47;109.63;107.17;2.24;10.780154810197;59.941775806270;276.72
4588.61;2452;2465;115661.06;1216339.18;15.48;109.50;107.09;2.29;10.780122851306;59.941777688751;276.63
4590.41;2453;2466;115659.37;1216339.38;15.48;109.26;106.93;2.42;10.780092660262;59.941779442593;276.54
4592.21;2454;2467;115657.48;1216339.59;15.49;109.27;106.78;2.54;10.780058913861;59.941781374899;276.45
4594.01;2455;2468;115655.69;1216339.79;15.49;109.33;106.70;2.61;10.780026935307;59.941783178565;276.35
4595.81;2456;2469;115653.90;1216339.99;15.50;109.30;106.60;2.70;10.779994951390;59.941784954149;276.25
4597.61;2457;2470;115652.11;1216340.18;15.50;109.35;106.55;2.75;10.779962962111;59.941786704367;276.16
4599.41;2458;2471;115650.42;1216340.36;15.51;109.28;106.45;2.84;10.779932746042;59.941788333193;276.07
4601.21;2459;2472;115648.53;1216340.56;15.51;109.24;106.37;2.94;10.779898967466;59.941790125989;275.98
4603.01;2460;2473;115646.74;1216340.74;15.52;109.24;106.33;3.00;10.779866962099;59.941791796487;275.88
4604.81;2461;2474;115644.95;1216340.92;15.53;109.26;106.26;3.08;10.779834951370;59.941793439808;275.78
4606.61;2462;2475;115643.16;1216341.10;15.53;109.26;106.22;3.14;10.779802933491;59.941795056857;275.69
4608.41;2463;2476;115641.47;1216341.27;15.54;109.30;106.15;3.23;10.779772692397;59.941796560668;275.60
4610.21;2464;2477;115639.58;1216341.45;15.54;109.30;106.08;3.33;10.779738887008;59.941798213048;275.51
4612.01;2465;2478;115637.79;1216341.62;15.55;109.20;106.01;3.42;10.779706854829;59.941799750377;275.41
4613.81;2466;2479;115635.99;1216341.79;15.55;109.25;105.94;3.51;10.779674817287;59.941801261435;275.32
4615.61;2467;2480;115634.20;1216341.95;15.56;109.30;105.90;3.57;10.779642776170;59.941802745315;275.22
4617.41;2468;2481;115632.51;1216342.10;15.56;109.32;105.83;3.67;10.779612510051;59.941804124111;275.14
4619.21;2469;2482;115630.62;1216342.27;15.57;109.32;105.77;3.75;10.779578679637;59.941805636074;275.04
4621.01;2470;2483;115628.82;1216342.42;15.57;109.40;105.72;3.82;10.779546624220;59.941807040235;274.94
4622.81;2471;2484;115627.03;1216342.58;15.58;109.33;105.70;3.86;10.779514563440;59.941808418124;274.85
4624.61;2472;2485;115625.24;1216342.72;15.58;109.23;105.63;3.96;10.779482499086;59.941809769742;274.75
4626.41;2473;2486;115623.54;1216342.86;15.59;109.17;105.53;4.08;10.779452213304;59.941811022615;274.67
4628.21;2474;2487;115621.65;1216343.01;15.59;109.26;105.46;4.17;10.779418357865;59.941812394163;274.57
4630.01;2475;2488;115619.85;1216343.16;15.60;109.30;105.39;4.26;10.779386280998;59.941813666061;274.47
4631.81;2476;2489;115618.06;1216343.29;15.60;109.32;105.36;4.32;10.779354200556;59.941814910781;274.38
4633.61;2477;2490;115616.26;1216343.43;15.61;109.36;105.29;4.41;10.779322114751;59.941816129230;274.29
4635.41;2478;2491;115614.57;1216343.55;15.61;109.41;105.14;4.58;10.779291809307;59.941817256182;274.20
4637.21;2479;2492;115612.67;1216343.69;15.62;109.45;105.00;4.74;10.779257934205;59.941818488219;274.10
4639.01;2480;2493;115610.88;1216343.81;15.63;109.47;104.96;4.80;10.779225837675;59.941819626948;274.00
4640.81;2481;2494;115609.08;1216343.94;15.63;109.51;104.89;4.90;10.779193737571;59.941820738500;273.91
4642.61;2482;2495;115607.29;1216344.06;15.64;109.57;104.81;4.99;10.779161633891;59.941821823780;273.82
4644.41;2483;2496;115605.59;1216344.17;15.64;109.61;104.69;5.14;10.779131310571;59.941822824811;273.73
4646.21;2484;2497;115603.69;1216344.29;15.65;109.65;104.50;5.36;10.779097415807;59.941823916432;273.64
4648.01;2485;2498;115601.90;1216344.40;15.65;109.66;104.39;5.48;10.779065301402;59.941824921086;273.53
4649.81;2486;2499;115600.10;1216344.51;15.66;109.68;104.25;5.64;10.779033185210;59.941825900375;273.44
4651.61;2487;2500;115598.30;1216344.61;15.66;109.66;104.12;5.80;10.779001065443;59.941826852487;273.35
4653.41;2488;2501;115596.61;1216344.71;15.67;109.74;104.00;5.95;10.778970726036;59.941827728501;273.26
4655.21;2489;2502;115594.71;1216344.81;15.67;109.84;103.82;6.14;10.778936815183;59.941828678801;273.16
4657.01;2490;2503;115592.91;1216344.91;15.68;109.79;103.73;6.25;10.778904686479;59.941829550286;273.06
4658.81;2491;2504;115591.11;1216345.00;15.68;109.81;103.56;6.44;10.778872555986;59.941830396406;272.97
4660.61;2492;2505;115589.32;1216345.09;15.69;109.79;103.38;6.63;10.778840420132;59.941831215349;272.88
4662.41;2493;2506;115587.62;1216345.18;15.69;109.78;103.20;6.80;10.778810069999;59.941831965443;272.79
4664.21;2494;2507;115585.72;1216345.26;15.70;109.76;102.99;7.01;10.778776144847;59.941832774420;272.69
4666.01;2495;2508;115583.92;1216345.35;15.70;109.76;102.86;7.14;10.778744001842;59.941833513643;272.60
4667.81;2496;2509;115582.12;1216345.42;15.71;109.83;102.59;7.41;10.778711858837;59.941834225688;272.50
4669.61;2497;2510;115580.32;1216345.50;15.72;109.86;102.32;7.66;10.778679712258;59.941834911462;272.41
4671.41;2498;2511;115578.63;1216345.57;15.72;109.83;102.05;7.90;10.778649349613;59.941835535634;272.32
4673.21;2499;2512;115576.73;1216345.64;15.73;109.82;101.78;8.14;10.778615411948;59.941836204195;272.23
4675.01;2500;2513;115574.93;1216345.71;15.73;109.81;101.64;8.26;10.778583258218;59.941836810249;272.13
4676.81;2501;2514;115573.13;1216345.77;15.74;109.80;101.37;8.50;10.778551104488;59.941837389126;272.03
4678.61;2502;2515;115571.33;1216345.83;15.74;109.78;101.09;8.73;10.778518947183;59.941837941731;271.94
4680.41;2503;2516;115569.63;1216345.89;15.75;109.78;100.80;8.64;10.778488575601;59.941838439981;271.85
4682.21;2504;2517;115567.73;1216345.95;15.75;109.79;100.51;8.46;10.778454628998;59.941838968127;271.76
4684.01;2505;2518;115565.93;1216346.00;15.76;109.78;100.30;8.30;10.778422468118;59.941839440106;271.66
4685.81;2506;2519;115564.13;1216346.05;15.76;109.78;99.52;9.01;10.778390305451;59.941839885814;271.57
4687.61;2507;2520;115562.33;1216346.10;15.77;109.74;98.65;9.83;10.778358140996;59.941840305250;271.47
4689.41;2508;2521;115560.64;1216346.14;15.77;109.77;97.74;10.66;10.778327762264;59.941840676673;271.38
4691.21;2509;2522;115558.74;1216346.18;15.78;109.82;96.87;11.46;10.778293808511;59.941841064403;271.29
4693.01;2510;2523;115556.94;1216346.22;15.78;109.84;96.41;11.84;10.778261640481;59.941841403213;271.19
4694.81;2511;2524;115555.14;1216346.25;15.79;109.86;95.68;12.49;10.778229470664;59.941841715752;271.10
4696.61;2512;2525;115553.34;1216346.28;15.79;109.80;94.93;13.17;10.778197300846;59.941842001114;271.00
4698.41;2513;2526;115551.64;1216346.31;15.80;109.79;94.13;13.90;10.778166916751;59.941842247521;270.92
4700.21;2514;2527;115549.74;1216346.34;15.81;109.75;93.38;14.61;10.778132957636;59.941842493929;270.82
4702.01;2515;2528;115547.94;1216346.36;15.81;109.69;93.03;14.92;10.778100786031;59.941842699570;270.72
4703.81;2516;2529;115546.14;1216346.38;15.82;109.77;92.39;15.51;10.778068612639;59.941842878034;270.63
4705.61;2517;2530;115544.34;1216346.40;15.82;108.69;92.35;15.43;10.778036439246;59.941843031133;270.54
4707.41;2518;2531;115542.64;1216346.41;15.83;108.05;92.32;14.80;10.778006051576;59.941843150713;270.44
4709.21;2519;2532;115540.74;1216346.42;15.83;108.09;92.29;14.16;10.777972090674;59.941843256705;270.35
4711.01;2520;2533;115538.94;1216346.43;15.84;107.26;92.28;12.57;10.777939915494;59.941843328272;270.25
4712.81;2521;2534;115537.14;1216346.43;15.84;105.46;92.35;10.59;10.777907740314;59.941843374473;270.16
4714.61;2522;2535;115535.34;1216346.44;15.85;102.72;92.66;9.98;10.777875565134;59.941843392591;270.06
4716.41;2523;2536;115533.64;1216346.44;15.85;102.75;92.94;9.64;10.777845177464;59.941843387156;269.98
4718.21;2524;2537;115531.74;1216346.43;15.86;102.80;93.22;9.32;10.777811214774;59.941843351825;269.88
4720.01;2525;2538;115529.94;1216346.43;15.86;102.79;93.36;9.16;10.777779041381;59.941843291129;269.79
4721.81;2526;2539;115528.14;1216346.42;15.87;102.74;93.65;8.63;10.777746866201;59.941843202350;269.69
4723.61;2527;2540;115526.34;1216346.40;15.87;102.39;93.93;7.57;10.777714692809;59.941843088206;269.60
4725.41;2528;2541;115524.64;1216346.39;15.88;101.92;94.09;6.90;10.777684305139;59.941842955943;269.51
4727.21;2529;2542;115522.74;1216346.37;15.88;101.47;94.11;6.84;10.777650344236;59.941842780196;269.41
4729.01;2530;2543;115520.94;1216346.35;15.89;100.95;94.11;6.80;10.777618172631;59.941842585425;269.32
4730.81;2531;2544;115519.14;1216346.32;15.90;100.91;94.13;6.76;10.777585999239;59.941842364383;269.22
4732.61;2532;2545;115517.34;1216346.30;15.90;100.87;94.09;6.78;10.777553829421;59.941842116164;269.13
4734.41;2533;2546;115515.64;1216346.27;15.91;100.85;93.97;6.87;10.777523445326;59.941841858886;269.04
4736.21;2534;2547;115513.74;1216346.23;15.91;100.85;93.91;6.89;10.777489487999;59.941841541817;268.94
4738.01;2535;2548;115511.94;1216346.20;15.92;100.78;93.88;6.88;10.777457319969;59.941841213878;268.85
4739.81;2536;2549;115510.14;1216346.16;15.92;100.73;93.82;6.93;10.777425151939;59.941840858761;268.75
4741.61;2537;2550;115508.34;1216346.11;15.93;100.81;93.77;6.98;10.777392985697;59.941840477373;268.66
4743.41;2538;2551;115506.64;1216346.07;15.93;100.78;93.73;7.02;10.777362608752;59.941840094173;268.57
4745.21;2539;2552;115504.74;1216346.02;15.94;100.66;93.57;7.16;10.777328658574;59.941839636688;268.48
4747.01;2540;2553;115502.94;1216345.97;15.94;100.63;93.47;7.23;10.777296495907;59.941839174674;268.38
4748.81;2541;2554;115501.14;1216345.92;15.95;100.58;93.40;7.26;10.777264335027;59.941838686389;268.28
4750.61;2542;2555;115499.34;1216345.86;15.95;100.55;93.33;7.29;10.777232175934;59.941838171832;268.19
4752.41;2543;2556;115497.64;1216345.80;15.96;100.54;93.27;7.31;10.777201804352;59.941837662711;268.11
4754.21;2544;2557;115495.75;1216345.74;15.96;100.50;93.15;7.39;10.777167863112;59.941837063904;268.01
4756.01;2545;2558;115493.95;1216345.67;15.97;100.45;93.05;7.47;10.777135709382;59.941836469627;267.91
4757.81;2546;2559;115492.15;1216345.60;15.97;100.44;92.88;7.68;10.777103557440;59.941835848173;267.82
4759.61;2547;2560;115490.35;1216345.53;15.98;100.58;92.77;7.83;10.777071409073;59.941835199541;267.72
4761.41;2548;2561;115488.65;1216345.46;15.98;100.67;92.67;8.00;10.777041046428;59.941834564498;267.64
4763.21;2549;2562;115486.75;1216345.38;15.99;100.72;92.56;8.19;10.777007115913;59.941833825276;267.54
4765.01;2550;2563;115484.96;1216345.30;16.00;100.74;92.48;8.34;10.776974972908;59.941833096924;267.44
4766.81;2551;2564;115483.16;1216345.22;16.00;100.76;92.33;8.55;10.776942831691;59.941832342301;267.35
4768.61;2552;2565;115481.36;1216345.13;16.01;100.87;92.25;8.70;10.776910694048;59.941831561407;267.26
4770.41;2553;2566;115479.66;1216345.05;16.01;100.96;92.16;8.77;10.776880343916;59.941830799536;267.16
4772.21;2554;2567;115477.76;1216344.95;16.02;101.01;92.08;8.77;10.776846425914;59.941829919898;267.07
4774.01;2555;2568;115475.97;1216344.85;16.02;100.86;92.04;8.70;10.776814295422;59.941829058377;266.97
4775.81;2556;2569;115474.17;1216344.76;16.03;100.71;92.00;8.61;10.776782168504;59.941828170586;266.88
4777.61;2557;2570;115472.37;1216344.66;16.03;100.56;91.99;8.49;10.776750043375;59.941827255616;266.78
4779.41;2558;2571;115470.67;1216344.56;16.04;100.49;91.98;8.37;10.776719705755;59.941826368731;266.70
4781.21;2559;2572;115468.78;1216344.44;16.04;100.36;91.97;8.28;10.776685803840;59.941825347770;266.60
4783.01;2560;2573;115466.98;1216344.33;16.05;100.24;91.97;8.17;10.776653687648;59.941824353987;266.51
4784.81;2561;2574;115465.18;1216344.22;16.05;100.12;91.93;8.11;10.776621576819;59.941823332120;266.41
4786.61;2562;2575;115463.39;1216344.11;16.06;100.01;91.85;8.10;10.776589467776;59.941822284888;266.32
4788.41;2563;2576;115461.69;1216343.99;16.06;99.96;91.80;8.16;10.776559146244;59.941821271175;266.23
4790.21;2564;2577;115459.80;1216343.87;16.07;99.98;91.73;8.20;10.776525260417;59.941820110704;266.13
4792.01;2565;2578;115458.00;1216343.74;16.07;100.04;91.70;8.29;10.776493163888;59.941818982846;266.03
4793.81;2566;2579;115456.21;1216343.61;16.08;100.28;91.64;8.39;10.776461069146;59.941817828717;265.94
4795.61;2567;2580;115454.41;1216343.48;16.09;100.34;91.55;8.54;10.776428977979;59.941816648316;265.85
4797.41;2568;2581;115452.71;1216343.36;16.09;100.37;91.41;8.70;10.776398674322;59.941815508681;265.76
4799.21;2569;2582;115450.82;1216343.21;16.10;100.36;91.28;8.88;10.776364808157;59.941814207795;265.67
4801.01;2570;2583;115449.03;1216343.08;16.10;100.33;91.21;8.99;10.776332729503;59.941812946768;265.56
4802.81;2571;2584;115447.23;1216342.93;16.11;100.33;91.07;9.17;10.776300654423;59.941811659470;265.47
4804.61;2572;2585;115445.44;1216342.79;16.11;100.33;91.00;9.28;10.776268584706;59.941810345900;265.38
4806.41;2573;2586;115443.74;1216342.65;16.12;100.33;90.98;9.29;10.776238300712;59.941809081250;265.29
4808.21;2574;2587;115441.85;1216342.49;16.12;100.28;90.94;9.31;10.776204455997;59.941807639947;265.20
4810.01;2575;2588;115440.06;1216342.34;16.13;100.22;90.93;9.31;10.776172398793;59.941806245752;265.10
4811.81;2576;2589;115438.26;1216342.18;16.13;100.19;90.90;9.32;10.776140346951;59.941804825285;265.00
4813.61;2577;2590;115436.47;1216342.02;16.14;100.15;90.86;9.31;10.776108298685;59.941803378547;264.91
4815.41;2578;2591;115434.78;1216341.87;16.14;100.12;90.87;9.25;10.776078034353;59.941801988881;264.82
4817.21;2579;2592;115432.89;1216341.69;16.15;100.09;90.90;9.18;10.776044216451;59.941800407162;264.73
4819.01;2580;2593;115431.09;1216341.52;16.15;100.06;90.91;9.11;10.776012182484;59.941798880703;264.63
4820.81;2581;2594;115429.30;1216341.35;16.16;100.00;90.93;9.07;10.775980153880;59.941797327068;264.53
4822.61;2582;2595;115427.51;1216341.18;16.16;99.88;90.95;9.05;10.775948130639;59.941795748067;264.44
4824.41;2583;2596;115425.82;1216341.01;16.17;99.82;90.98;9.02;10.775917889544;59.941794232479;264.35
4826.21;2584;2597;115423.93;1216340.82;16.18;99.78;91.01;8.99;10.775884098455;59.941792510344;264.26
4828.01;2585;2598;115422.14;1216340.64;16.18;99.80;91.03;8.97;10.775852089514;59.941790850717;264.16
4829.81;2586;2599;115420.35;1216340.45;16.19;99.82;91.06;8.94;10.775820087722;59.941789164819;264.07
4831.61;2587;2600;115418.56;1216340.26;16.19;99.85;91.10;8.90;10.775788089506;59.941787452649;263.97
4833.41;2588;2601;115416.87;1216340.08;16.20;99.84;91.10;8.90;10.775757875224;59.941785811140;263.88
4835.21;2589;2602;115414.98;1216339.87;16.20;99.86;91.06;8.94;10.775724112735;59.941783949495;263.79
4837.01;2590;2603;115413.19;1216339.68;16.21;99.88;91.03;8.95;10.775692132394;59.941782157605;263.69
4838.81;2591;2604;115411.40;1216339.48;16.21;99.90;90.98;8.99;10.775660157415;59.941780338538;263.60
4840.61;2592;2605;115409.61;1216339.27;16.22;99.91;90.93;9.03;10.775628189586;59.941778494105;263.51
4842.41;2593;2606;115407.92;1216339.08;16.22;99.91;90.86;9.08;10.775598002117;59.941776727580;263.41
4844.21;2594;2607;115406.04;1216338.86;16.23;99.82;90.83;9.06;10.775564270016;59.941774725519;263.32
4846.01;2595;2608;115404.25;1216338.64;16.23;99.82;90.65;9.15;10.775532320062;59.941772801366;263.22
4847.81;2596;2609;115402.46;1216338.43;16.24;99.77;90.47;9.26;10.775500375471;59.941770850036;263.13
4849.61;2597;2610;115400.67;1216338.21;16.24;99.67;90.28;9.36;10.775468438030;59.941768872435;263.03
4851.41;2598;2611;115398.99;1216338.00;16.25;99.61;90.11;9.43;10.775438280949;59.941766981801;262.95
4853.21;2599;2612;115397.10;1216337.77;16.25;99.51;90.02;9.48;10.775404582810;59.941764839323;262.85
4855.01;2600;2613;115395.32;1216337.54;16.26;99.42;89.90;9.60;10.775372665032;59.941762782908;262.75
4856.81;2601;2614;115393.53;1216337.31;16.27;99.39;89.84;9.66;10.775340752616;59.941760699315;262.66
4858.61;2602;2615;115391.75;1216337.08;16.27;99.33;89.78;9.72;10.775308849137;59.941758589450;262.57
4860.41;2603;2616;115390.06;1216336.85;16.28;99.31;89.66;9.84;10.775278722444;59.941756572895;262.48
4862.21;2604;2617;115388.18;1216336.60;16.28;99.30;89.60;9.90;10.775245060055;59.941754291813;262.38
4864.01;2605;2618;115386.39;1216336.36;16.29;99.26;89.46;9.98;10.775213176239;59.941752102229;262.28
4865.81;2606;2619;115384.61;1216336.11;16.29;99.29;89.56;9.84;10.775181299574;59.941749886373;262.19
4867.61;2607;2620;115382.83;1216335.87;16.30;99.34;89.79;9.59;10.775149430058;59.941747644246;262.10
4869.41;2608;2621;115381.14;1216335.63;16.30;99.34;90.07;9.32;10.775119337327;59.941745503580;262.01
4871.21;2609;2622;115379.26;1216335.36;16.31;99.33;90.24;9.11;10.775085712476;59.941743082083;261.91
4873.01;2610;2623;115377.48;1216335.11;16.31;99.28;90.55;8.74;10.775053866198;59.941740761141;261.82
4874.81;2611;2624;115375.70;1216334.85;16.32;99.30;90.88;8.34;10.775022025283;59.941738413023;261.72
4876.61;2612;2625;115373.92;1216334.59;16.32;99.21;91.27;7.86;10.774990193304;59.941736039539;261.63
4878.41;2613;2626;115372.24;1216334.34;16.33;99.16;91.46;7.59;10.774960136324;59.941733773858;261.54
4880.21;2614;2627;115370.36;1216334.05;16.33;99.09;91.85;7.11;10.774926552586;59.941731212850;261.44
4882.01;2615;2628;115368.58;1216333.78;16.34;99.02;92.25;6.63;10.774894743845;59.941728759646;261.35
4883.81;2616;2629;115366.80;1216333.51;16.34;98.96;92.62;6.17;10.774862942255;59.941726280170;261.25
4885.61;2617;2630;115365.02;1216333.23;16.35;98.90;92.90;5.82;10.774831149602;59.941723774423;261.16
4887.41;2618;2631;115363.34;1216332.97;16.35;98.87;93.00;5.66;10.774801130159;59.941721383727;261.07
4889.21;2619;2632;115361.47;1216332.67;16.36;98.83;93.20;5.31;10.774767587534;59.941718684115;260.98
4891.01;2620;2633;115359.69;1216332.38;16.37;98.75;93.41;4.81;10.774735819906;59.941716098648;260.88
4892.81;2621;2634;115357.91;1216332.10;16.37;98.66;93.60;4.32;10.774704059429;59.941713486909;260.78
4894.61;2622;2635;115356.14;1216331.81;16.38;98.52;93.80;3.88;10.774672309676;59.941710849805;260.69
4896.41;2623;2636;115354.46;1216331.53;16.38;98.45;93.85;3.81;10.774642329558;59.941708334999;260.60
4898.21;2624;2637;115352.58;1216331.21;16.39;98.33;93.94;3.76;10.774608831621;59.941705496783;260.51
4900.01;2625;2638;115350.81;1216330.91;16.39;98.21;94.03;3.70;10.774577106893;59.941702779959;260.41
4901.81;2626;2639;115349.04;1216330.61;16.40;98.10;94.13;3.65;10.774545389316;59.941700035957;260.31
4903.61;2627;2640;115347.26;1216330.31;16.40;98.05;94.17;3.64;10.774513682464;59.941697267496;260.22
4905.41;2628;2641;115345.59;1216330.01;16.41;98.00;94.26;3.59;10.774483743459;59.941694628581;260.13
4907.21;2629;2642;115343.72;1216329.69;16.41;98.02;94.25;3.65;10.774450293784;59.941691650854;260.04
4909.01;2630;2643;115341.94;1216329.37;16.42;98.07;94.24;3.55;10.774418613744;59.941688802673;259.94
4910.81;2631;2644;115340.17;1216329.05;16.42;98.08;94.22;3.04;10.774386942642;59.941685928221;259.85
4912.61;2632;2645;115338.40;1216328.73;16.43;97.99;94.22;2.45;10.774355280478;59.941683027497;259.75
4914.41;2633;2646;115336.73;1216328.43;16.43;96.91;94.20;2.67;10.774325386160;59.941680264472;259.66
4916.21;2634;2647;115334.86;1216328.09;16.44;96.54;94.19;2.58;10.774291984748;59.941677148141;259.57
4918.01;2635;2648;115333.09;1216327.76;16.44;96.52;94.18;2.49;10.774260351184;59.941674168603;259.47
4919.81;2636;2649;115331.32;1216327.42;16.45;96.52;94.17;2.43;10.774228726557;59.941671162794;259.38
4921.61;2637;2650;115329.55;1216327.09;16.46;96.50;94.16;2.36;10.774197112655;59.941668131619;259.29
4923.41;2638;2651;115327.88;1216326.77;16.46;96.49;94.15;2.26;10.774167264813;59.941665244484;259.19
4925.21;2639;2652;115326.02;1216326.41;16.47;96.45;94.10;2.23;10.774133915239;59.941661989549;259.10
4927.01;2640;2653;115324.25;1216326.07;16.47;96.45;94.06;2.19;10.774102329937;59.941658879560;259.01
4928.81;2641;2654;115322.48;1216325.72;16.48;96.47;93.97;2.21;10.774070755361;59.941655742394;258.91
4930.61;2642;2655;115320.72;1216325.37;16.48;96.48;93.88;2.21;10.774039191509;59.941652579862;258.82
4932.41;2643;2656;115319.05;1216325.04;16.49;96.49;93.75;2.19;10.774009390142;59.941649569523;258.73
4934.21;2644;2657;115317.19;1216324.67;16.49;96.21;93.57;2.20;10.773976094194;59.941646176890;258.63
4936.01;2645;2658;115315.42;1216324.31;16.50;95.80;93.50;2.10;10.773944560730;59.941642935544;258.53
4937.81;2646;2659;115313.66;1216323.95;16.50;95.48;93.30;2.13;10.773913039778;59.941639667021;258.44
4939.61;2647;2660;115311.90;1216323.58;16.51;95.25;93.04;2.24;10.773881527765;59.941636374038;258.35
4941.41;2648;2661;115310.23;1216323.24;16.51;95.17;92.79;2.39;10.773851776448;59.941633239589;258.26
4943.21;2649;2662;115308.37;1216322.85;16.52;95.12;92.65;2.46;10.773818535912;59.941629709258;258.16
4945.01;2650;2663;115306.61;1216322.48;16.52;95.17;92.39;2.62;10.773787056074;59.941626337461;258.07
4946.81;2651;2664;115304.85;1216322.10;16.53;95.15;91.99;3.02;10.773755586960;59.941622939393;257.97
4948.61;2652;2665;115303.09;1216321.72;16.53;95.01;91.58;3.42;10.773724130359;59.941619515053;257.88
4950.41;2653;2666;115301.43;1216321.36;16.54;94.85;91.19;3.81;10.773694429093;59.941616257401;257.79
4952.21;2654;2667;115299.57;1216320.96;16.55;94.86;90.97;4.00;10.773661247545;59.941612589371;257.70
4954.01;2655;2668;115297.81;1216320.57;16.55;94.85;90.65;4.24;10.773629823119;59.941609087123;257.60
4955.81;2656;2669;115296.06;1216320.18;16.56;94.88;90.40;4.38;10.773598411206;59.941605558604;257.50
4957.61;2657;2670;115294.30;1216319.79;16.56;94.80;90.03;4.64;10.773567008230;59.941602003813;257.41
4959.41;2658;2671;115292.64;1216319.42;16.57;94.66;89.85;4.73;10.773537362377;59.941598623862;257.32
4961.21;2659;2672;115290.79;1216319.00;16.57;94.47;89.50;5.00;10.773504239816;59.941594818135;257.23
4963.01;2660;2673;115289.03;1216318.60;16.58;94.41;89.44;5.01;10.773472874379;59.941591185435;257.13
4964.81;2661;2674;115287.28;1216318.19;16.58;94.27;89.51;4.81;10.773441519666;59.941587526465;257.03
4966.61;2662;2675;115285.53;1216317.79;16.59;94.16;89.54;4.64;10.773410177465;59.941583842129;256.94
4968.41;2663;2676;115283.87;1216317.40;16.59;94.03;89.97;4.09;10.773380585237;59.941580338975;256.85
4970.21;2664;2677;115282.02;1216316.96;16.60;93.98;90.38;3.62;10.773347527027;59.941576395549;256.76
4972.01;2665;2678;115280.27;1216316.55;16.60;93.88;90.52;3.41;10.773316218790;59.941572633305;256.66
4973.81;2666;2679;115278.52;1216316.13;16.61;93.79;90.56;3.30;10.773284924852;59.941568844789;256.57
4975.61;2667;2680;115276.77;1216315.71;16.61;93.78;90.64;3.13;10.773253643427;59.941565030002;256.47
4977.41;2668;2681;115275.12;1216315.31;16.62;93.74;90.77;2.91;10.773224108399;59.941561404550;256.38
4979.21;2669;2682;115273.27;1216314.86;16.62;93.68;90.88;2.70;10.773191114540;59.941557324331;256.29
4981.01;2670;2683;115271.52;1216314.43;16.63;93.49;90.89;2.62;10.773159868865;59.941553432542;256.19
4982.81;2671;2684;115269.78;1216314.00;16.64;93.19;90.90;2.53;10.773128637490;59.941549514481;256.10
4984.61;2672;2685;115268.03;1216313.56;16.64;93.11;90.91;2.43;10.773097416841;59.941545570149;256.00
4986.41;2673;2686;115266.38;1216313.15;16.65;93.18;90.90;2.37;10.773067944376;59.941541822400;255.91
4988.21;2674;2687;115264.54;1216312.68;16.65;93.30;90.88;2.53;10.773035016654;59.941537605389;255.82
4990.01;2675;2688;115262.79;1216312.24;16.66;93.35;90.84;2.74;10.773003835330;59.941533584054;255.72
4991.81;2676;2689;115261.05;1216311.79;16.66;93.52;90.80;2.95;10.772972666518;59.941529536448;255.63
4993.61;2677;2690;115259.31;1216311.34;16.67;93.70;90.76;3.15;10.772941512006;59.941525462571;255.53
4995.41;2678;2691;115257.66;1216310.91;16.67;93.70;90.74;3.28;10.772912100316;59.941521592523;255.45
4997.21;2679;2692;115255.82;1216310.43;16.68;93.89;90.66;3.48;10.772879240520;59.941517239626;255.35
4999.01;2680;2693;115254.08;1216309.98;16.68;94.09;90.54;3.73;10.772848125333;59.941513088746;255.25
5000.81;2681;2694;115252.34;1216309.51;16.69;94.20;90.42;3.97;10.772817024447;59.941508912501;255.16
5002.61;2682;2695;115250.60;1216309.05;16.69;94.30;90.36;4.13;10.772785936073;59.941504709985;255.07
5004.41;2683;2696;115248.96;1216308.61;16.70;94.50;90.24;4.27;10.772756586946;59.941500717639;254.98
5006.21;2684;2697;115247.13;1216308.11;16.70;94.62;90.10;4.42;10.772723800438;59.941496228855;254.88
5008.01;2685;2698;115245.39;1216307.64;16.71;94.53;89.91;4.62;10.772692753177;59.941491949336;254.78
5009.81;2686;2699;115243.66;1216307.17;16.71;94.55;89.82;4.71;10.772661720216;59.941487643546;254.69
5011.61;2687;2700;115241.92;1216306.69;16.72;94.53;89.64;4.90;10.772630699767;59.941483312390;254.60
5013.41;2688;2701;115240.28;1216306.23;16.72;94.50;89.45;5.10;10.772601416778;59.941479198653;254.51
5015.21;2689;2702;115238.45;1216305.72;16.73;94.52;89.28;5.27;10.772568703558;59.941474573983;254.41
5017.01;2690;2703;115236.72;1216305.24;16.74;94.53;89.18;5.35;10.772537726009;59.941470165824;254.32
5018.81;2691;2704;115234.99;1216304.75;16.74;94.49;88.97;5.56;10.772506764549;59.941465731395;254.22
5020.61;2692;2705;115233.26;1216304.26;16.75;94.47;88.74;5.80;10.772475815601;59.941461271600;254.13
5022.41;2693;2706;115231.62;1216303.79;16.75;94.51;88.51;6.03;10.772446598750;59.941457037377;254.04
5024.21;2694;2707;115229.80;1216303.26;16.76;93.59;88.39;5.91;10.772413960605;59.941452276820;253.94
5026.01;2695;2708;115228.07;1216302.76;16.76;93.10;88.16;5.13;10.772383056344;59.941447740022;253.85
5027.81;2696;2709;115226.34;1216302.26;16.77;92.07;87.92;4.31;10.772352166384;59.941443177860;253.75
5029.61;2697;2710;115224.61;1216301.75;16.77;91.10;87.67;3.82;10.772321290724;59.941438590331;253.66
5031.41;2698;2711;115222.98;1216301.27;16.78;91.01;87.54;3.46;10.772292145373;59.941434234716;253.57
5033.21;2699;2712;115221.16;1216300.73;16.78;90.85;87.30;3.70;10.772259584091;59.941429339179;253.48
5035.01;2700;2713;115219.43;1216300.22;16.79;90.86;87.09;3.90;10.772228754906;59.941424673742;253.37
5036.81;2701;2714;115217.71;1216299.70;16.79;90.78;86.92;4.02;10.772197938234;59.941419983846;253.29
5038.61;2702;2715;115215.99;1216299.18;16.80;90.68;86.85;4.05;10.772167139436;59.941415268584;253.19
5040.41;2703;2716;115214.36;1216298.68;16.80;90.70;86.68;4.18;10.772138063799;59.941410791577;253.10
5042.21;2704;2717;115212.54;1216298.13;16.81;90.73;86.49;4.31;10.772105582954;59.941405761059;253.01
5044.01;2705;2718;115210.82;1216297.60;16.81;90.74;86.39;4.36;10.772074828845;59.941400969701;252.91
5045.81;2706;2719;115209.10;1216297.07;16.82;90.75;86.21;4.51;10.772044089035;59.941396153883;252.82
5047.61;2707;2720;115207.38;1216296.53;16.83;90.71;86.02;4.68;10.772013363526;59.941391316324;252.74
5049.41;2708;2721;115205.76;1216296.03;16.83;90.59;86.00;4.68;10.771984355814;59.941386726984;252.66
5051.21;2709;2722;115203.95;1216295.46;16.84;90.76;86.00;4.67;10.771951950045;59.941381575074;252.58
5053.01;2710;2723;115202.23;1216294.92;16.84;90.86;85.97;4.69;10.771921263861;59.941376673195;252.51
5054.81;2711;2724;115200.52;1216294.37;16.85;90.88;85.87;4.78;10.771890588402;59.941371752292;252.44
5056.61;2712;2725;115198.80;1216293.83;16.85;90.90;85.76;4.87;10.771859925455;59.941366812364;252.37
5058.41;2713;2726;115197.18;1216293.31;16.86;90.93;85.70;4.91;10.771830974943;59.941362131527;252.31
5060.21;2714;2727;115195.37;1216292.73;16.86;90.92;85.72;4.88;10.771798629950;59.941356882685;252.24
5062.01;2715;2728;115193.66;1216292.18;16.87;90.92;85.78;4.81;10.771767997391;59.941351893839;252.19
5063.81;2716;2729;115191.94;1216291.63;16.87;90.88;85.81;4.77;10.771737375557;59.941346890498;252.13
5065.61;2717;2730;115190.23;1216291.08;16.88;90.84;85.88;4.69;10.771706760873;59.941341872662;252.08
5067.41;2718;2731;115188.61;1216290.55;16.88;90.82;86.12;4.44;10.771677855049;59.941337122976;252.04
5069.21;2719;2732;115186.81;1216289.96;16.89;90.76;86.36;4.19;10.771645556531;59.941331800755;251.99
5071.01;2720;2733;115185.10;1216289.41;16.89;90.70;86.38;4.16;10.771614965085;59.941326747589;251.95
5072.81;2721;2734;115183.39;1216288.85;16.90;90.64;86.39;4.14;10.771584380789;59.941321684458;251.91
5074.61;2722;2735;115181.67;1216288.29;16.90;90.59;86.42;4.10;10.771553801855;59.941316612268;251.88
5076.41;2723;2736;115180.06;1216287.76;16.91;90.57;86.42;4.09;10.771524928206;59.941311814568;251.85
5078.21;2724;2737;115178.25;1216287.16;16.92;90.54;86.39;4.11;10.771492660075;59.941306443428;251.82
5080.01;2725;2738;115176.54;1216286.60;16.92;90.47;85.97;4.53;10.771462095442;59.941301349496;251.80
5081.81;2726;2739;115174.83;1216286.04;16.93;90.40;85.06;5.42;10.771431534383;59.941296249223;251.77
5083.61;2727;2740;115173.12;1216285.48;16.93;90.39;84.61;5.83;10.771400976900;59.941291144420;251.76
5085.41;2728;2741;115171.51;1216284.94;16.94;90.26;83.63;6.76;10.771372119339;59.941286320449;251.75
5087.21;2729;2742;115169.71;1216284.35;16.94;90.19;82.69;7.65;10.771339867296;59.941280925755;251.73
5089.01;2730;2743;115168.00;1216283.78;16.95;90.16;82.18;8.11;10.771309315175;59.941275812799;251.73
5090.81;2731;2744;115166.29;1216283.22;16.95;90.16;81.38;8.88;10.771278763054;59.941270698937;251.72
5092.61;2732;2745;115164.58;1216282.65;16.96;90.18;80.69;9.53;10.771248212720;59.941265584169;251.72
5094.41;2733;2746;115162.96;1216282.12;16.96;90.13;80.13;10.05;10.771219356946;59.941260754763;251.72
5096.21;2734;2747;115161.16;1216281.53;16.97;90.17;80.08;10.06;10.771187108479;59.941255356445;251.72
5098.01;2735;2748;115159.45;1216280.96;16.97;90.16;79.97;10.14;10.771156556358;59.941250242583;251.72
5099.81;2736;2749;115157.74;1216280.40;16.98;90.13;79.87;10.20;10.771126006024;59.941245127815;251.72
5101.61;2737;2750;115156.03;1216279.83;16.98;90.09;79.86;10.18;10.771095453903;59.941240013954;251.72
5103.41;2738;2751;115154.42;1216279.30;16.99;90.07;80.23;9.77;10.771066599917;59.941235184547;251.72
5105.21;2739;2752;115152.61;1216278.70;16.99;90.07;80.57;9.43;10.771034349661;59.941229786230;251.72
5107.01;2740;2753;115150.91;1216278.14;17.00;90.04;80.75;9.25;10.771003797541;59.941224671462;251.72
5108.81;2741;2754;115149.20;1216277.57;17.01;89.98;81.18;8.82;10.770973247207;59.941219557600;251.72
5110.61;2742;2755;115147.49;1216277.01;17.01;89.96;81.79;8.22;10.770942695086;59.941214443738;251.72
5112.41;2743;2756;115145.87;1216276.48;17.02;89.98;82.11;7.89;10.770913841100;59.941209613426;251.72
5114.21;2744;2757;115144.07;1216275.88;17.02;90.06;82.25;7.76;10.770881590844;59.941204216014;251.73
5116.01;2745;2758;115142.36;1216275.32;17.03;90.01;82.51;7.49;10.770851040511;59.941199101246;251.72
5117.81;2746;2759;115140.65;1216274.75;17.03;89.96;82.77;7.23;10.770820488390;59.941193987384;251.72
5119.61;2747;2760;115138.94;1216274.19;17.04;89.93;82.97;7.03;10.770789936269;59.941188873522;251.72
5121.41;2748;2761;115137.33;1216273.65;17.04;89.90;83.07;6.93;10.770761082283;59.941184043210;251.72
5123.21;2749;2762;115135.52;1216273.06;17.05;89.94;83.22;6.78;10.770728833815;59.941178644892;251.72
5125.01;2750;2763;115133.81;1216272.49;17.05;90.09;83.30;6.70;10.770698281694;59.941173531030;251.72
5126.81;2751;2764;115132.10;1216271.93;17.06;90.11;83.27;6.71;10.770667729573;59.941168417168;251.72
5128.61;2752;2765;115130.40;1216271.36;17.06;90.19;83.23;6.75;10.770637177452;59.941163303307;251.72
5130.41;2753;2766;115128.78;1216270.83;17.07;90.10;83.18;6.80;10.770608323466;59.941158472994;251.72
5132.21;2754;2767;115126.98;1216270.23;17.07;90.09;83.16;6.82;10.770576074998;59.941153074677;251.72
5134.01;2755;2768;115125.27;1216269.67;17.08;90.05;82.98;7.00;10.770545522877;59.941147960815;251.72
5135.81;2756;2769;115123.56;1216269.11;17.08;90.01;82.78;7.20;10.770514970756;59.941142846953;251.72
5137.61;2757;2770;115121.85;1216268.54;17.09;89.98;82.58;7.38;10.770484418635;59.941137732185;251.72
5139.41;2758;2771;115120.24;1216268.01;17.09;89.95;82.48;7.46;10.770455566436;59.941132900967;251.72
5141.21;2759;2772;115118.43;1216267.41;17.10;89.98;82.27;7.65;10.770423321543;59.941127496308;251.70
5143.01;2760;2773;115116.72;1216266.85;17.11;89.85;82.02;7.87;10.770392780147;59.941122367045;251.67
5144.81;2761;2774;115115.01;1216266.28;17.11;89.80;81.89;7.97;10.770362245901;59.941117226006;251.62
5146.61;2762;2775;115113.31;1216265.71;17.12;89.77;81.63;8.20;10.770331720593;59.941112071378;251.57
5148.41;2763;2776;115111.69;1216265.17;17.12;89.71;81.37;8.45;10.770302902357;59.941107185806;251.50
5150.21;2764;2777;115109.89;1216264.56;17.13;89.82;81.10;8.68;10.770270707514;59.941101704144;251.43
5152.01;2765;2778;115108.19;1216263.99;17.13;89.93;80.98;8.78;10.770240225106;59.941096485197;251.33
5153.81;2766;2779;115106.48;1216263.41;17.14;89.96;80.69;9.04;10.770209762361;59.941091237260;251.23
5155.61;2767;2780;115104.78;1216262.83;17.14;89.95;80.41;9.30;10.770179319278;59.941085959428;251.12
5157.41;2768;2781;115103.17;1216262.27;17.15;89.94;80.26;9.43;10.770150588630;59.941080943405;250.99
5159.21;2769;2782;115101.38;1216261.65;17.15;89.94;79.99;9.69;10.770118504613;59.941075297774;250.85
5161.01;2770;2783;115099.68;1216261.05;17.16;89.93;79.69;9.96;10.770088140181;59.941069906703;250.69
5162.81;2771;2784;115097.98;1216260.45;17.16;89.93;79.41;10.22;10.770057804348;59.941064470337;250.53
5164.61;2772;2785;115096.29;1216259.85;17.17;89.93;79.26;10.35;10.770027502479;59.941058987770;250.35
5166.41;2773;2786;115094.69;1216259.27;17.17;89.94;78.97;10.62;10.769998916619;59.941053764293;250.17
5168.21;2774;2787;115092.90;1216258.62;17.18;89.93;78.65;10.92;10.769967007778;59.941047869537;249.97
5170.01;2775;2788;115091.21;1216258.00;17.18;89.78;78.47;11.08;10.769936822097;59.941042225717;249.75
5171.81;2776;2789;115089.53;1216257.37;17.19;89.64;78.12;11.41;10.769906681103;59.941036520296;249.52
5173.61;2777;2790;115087.84;1216256.73;17.20;89.60;77.75;11.76;10.769876584797;59.941030753273;249.29
5175.41;2778;2791;115086.26;1216256.12;17.20;89.47;77.63;11.84;10.769848206288;59.941025246246;249.05
5177.21;2779;2792;115084.49;1216255.44;17.21;89.36;77.37;12.00;10.769816545911;59.941019018115;248.79
5179.01;2780;2793;115082.81;1216254.78;17.21;89.26;77.13;12.14;10.769786610481;59.941013041827;248.50
5180.81;2781;2794;115081.14;1216254.11;17.22;89.20;76.88;12.29;10.769756734039;59.941006988536;248.21
5182.61;2782;2795;115079.47;1216253.43;17.22;89.07;76.75;12.32;10.769726920160;59.941000858243;247.92
5184.41;2783;2796;115077.90;1216252.78;17.23;88.95;76.43;12.57;10.769698820503;59.940994994288;247.62
5186.21;2784;2797;115076.15;1216252.05;17.23;88.92;76.12;12.89;10.769667489027;59.940988351250;247.30
5188.01;2785;2798;115074.49;1216251.35;17.24;88.87;75.97;13.03;10.769637864624;59.940981988138;247.03
5189.81;2786;2799;115072.83;1216250.65;17.24;88.80;75.65;13.35;10.769608243796;59.940975621402;247.02
5191.61;2787;2800;115071.18;1216249.94;17.25;88.77;75.33;13.67;10.769578622968;59.940969253761;247.01
5193.41;2788;2801;115069.61;1216249.28;17.25;88.75;75.18;13.82;10.769550648436;59.940963240330;247.02
5195.21;2789;2802;115067.86;1216248.54;17.26;88.81;74.86;13.84;10.769519383099;59.940956519384;247.02
5197.01;2790;2803;115066.20;1216247.83;17.26;88.43;74.71;13.38;10.769489762270;59.940950151743;247.01
5198.81;2791;2804;115064.55;1216247.13;17.27;88.10;74.65;12.84;10.769460141442;59.940943785007;247.02
5200.61;2792;2805;115062.89;1216246.43;17.27;87.25;74.52;12.37;10.769430520614;59.940937417366;247.01
5202.41;2793;2806;115061.33;1216245.77;17.28;86.59;74.38;11.91;10.769402544295;59.940931403935;247.02
5204.21;2794;2807;115059.58;1216245.02;17.29;86.04;74.32;11.29;10.769371278958;59.940924682989;247.02
5206.01;2795;2808;115057.92;1216244.32;17.29;85.17;74.18;11.16;10.769341658129;59.940918315348;247.01
5207.81;2796;2809;115056.26;1216243.62;17.30;84.89;74.05;11.31;10.769312037301;59.940911948612;247.02
5209.61;2797;2810;115054.60;1216242.91;17.30;84.97;73.98;11.19;10.769282416473;59.940905580971;247.01
5211.41;2798;2811;115053.04;1216242.25;17.31;83.47;73.92;10.97;10.769254441942;59.940899567540;247.02
5213.21;2799;2812;115051.29;1216241.51;17.31;81.05;73.98;10.62;10.769223174817;59.940892846594;247.02
5215.01;2800;2813;115049.63;1216240.81;17.32;80.87;74.02;10.31;10.769193553988;59.940886478952;247.01
5216.81;2801;2814;115047.98;1216240.10;17.32;80.87;74.08;10.08;10.769163933160;59.940880112217;247.02
5218.61;2802;2815;115046.32;1216239.40;17.33;80.89;74.14;9.79;10.769134312332;59.940873744576;247.01
5220.41;2803;2816;115044.75;1216238.74;17.33;80.87;74.17;9.52;10.769106337800;59.940867731145;247.02
5222.21;2804;2817;115043.01;1216237.99;17.34;80.87;74.23;9.22;10.769075070676;59.940861010199;247.02
5224.01;2805;2818;115041.35;1216237.29;17.34;80.87;74.44;8.76;10.769045449847;59.940854642557;247.01
5225.81;2806;2819;115039.69;1216236.59;17.35;80.84;74.56;8.40;10.769015830807;59.940848275822;247.02
5227.61;2807;2820;115038.03;1216235.89;17.35;80.96;74.78;7.93;10.768986209978;59.940841908180;247.01
5229.41;2808;2821;115036.47;1216235.22;17.36;81.70;75.02;7.49;10.768958233659;59.940835894750;247.02
5231.21;2809;2822;115034.72;1216234.48;17.36;82.43;75.14;7.39;10.768926968322;59.940829173804;247.02
5233.01;2810;2823;115033.06;1216233.78;17.37;82.52;75.36;7.22;10.768897347494;59.940822807068;247.02
5234.81;2811;2824;115031.41;1216233.07;17.38;82.57;75.60;7.11;10.768867726666;59.940816439427;247.01
5236.61;2812;2825;115029.75;1216232.37;17.38;82.72;75.71;7.13;10.768838105837;59.940810071785;247.01
5238.41;2813;2826;115028.18;1216231.71;17.39;82.89;75.94;7.19;10.768810131306;59.940804058355;247.02
5240.21;2814;2827;115026.43;1216230.97;17.39;83.83;76.20;7.78;10.768778864181;59.940797337408;247.02
5242.01;2815;2828;115024.78;1216230.26;17.40;84.12;76.35;7.85;10.768749243353;59.940790969767;247.01
5243.81;2816;2829;115023.12;1216229.56;17.40;84.45;76.66;7.82;10.768719622525;59.940784603032;247.02
5245.61;2817;2830;115021.46;1216228.86;17.41;84.77;76.95;7.63;10.768690001696;59.940778235390;247.01
5247.41;2818;2831;115019.90;1216228.19;17.41;84.81;77.11;7.51;10.768662027165;59.940772221960;247.02
5249.21;2819;2832;115018.15;1216227.45;17.42;84.86;77.41;7.25;10.768630760040;59.940765501013;247.02
5251.01;2820;2833;115016.49;1216226.75;17.42;84.87;77.57;7.13;10.768601139212;59.940759134278;247.02
5252.81;2821;2834;115014.83;1216226.05;17.43;84.88;77.87;6.86;10.768571518383;59.940752766636;247.01
5254.61;2822;2835;115013.18;1216225.34;17.43;84.95;78.13;6.61;10.768541897555;59.940746398995;247.01
5256.41;2823;2836;115011.61;1216224.68;17.44;85.03;78.37;6.52;10.768513923024;59.940740385564;247.02
5258.21;2824;2837;115009.86;1216223.94;17.44;85.08;78.50;6.50;10.768482657686;59.940733664618;247.02
5260.01;2825;2838;115008.21;1216223.23;17.45;85.12;78.74;6.34;10.768453036858;59.940727297883;247.02
5261.81;2826;2839;115006.55;1216222.53;17.45;85.18;78.95;6.22;10.768423416030;59.940720930241;247.01
5263.61;2827;2840;115004.89;1216221.83;17.46;85.26;79.04;6.21;10.768393795202;59.940714562600;247.01
5265.41;2828;2841;115003.33;1216221.17;17.46;85.31;79.24;6.10;10.768365818883;59.940708549169;247.02
5267.21;2829;2842;115001.58;1216220.42;17.47;85.40;79.33;6.08;10.768334553545;59.940701828223;247.02
5269.01;2830;2843;114999.92;1216219.72;17.48;85.52;79.48;6.02;10.768304932717;59.940695461488;247.02
5270.81;2831;2844;114998.26;1216219.02;17.48;85.56;79.56;6.02;10.768275311889;59.940689093846;247.01
5272.61;2832;2845;114996.61;1216218.31;17.49;85.68;79.60;6.03;10.768245691061;59.940682726205;247.01
5274.41;2833;2846;114995.04;1216217.65;17.49;85.77;79.73;5.95;10.768217716529;59.940676712774;247.02
5276.21;2834;2847;114993.29;1216216.91;17.50;85.79;79.64;6.09;10.768186449404;59.940669991828;247.02
5278.01;2835;2848;114991.64;1216216.21;17.50;85.92;79.59;6.16;10.768156828576;59.940663625092;247.02
5279.81;2836;2849;114989.98;1216215.50;17.51;85.95;79.49;6.24;10.768127207748;59.940657257451;247.01
5281.61;2837;2850;114988.32;1216214.80;17.51;86.00;79.50;6.21;10.768097586920;59.940650889810;247.01
5283.41;2838;2851;114986.76;1216214.14;17.52;85.94;79.50;6.23;10.768069612388;59.940644876379;247.02
5285.21;2839;2852;114985.01;1216213.39;17.52;86.02;79.56;6.22;10.768038345263;59.940638155433;247.02
5287.01;2840;2853;114983.35;1216212.69;17.53;86.20;79.62;6.21;10.768008726223;59.940631788697;247.02
5288.81;2841;2854;114981.69;1216211.99;17.53;86.21;79.65;6.23;10.767979105394;59.940625421056;247.01
5290.61;2842;2855;114980.04;1216211.29;17.54;86.31;79.75;6.18;10.767949484566;59.940619054320;247.02
5292.41;2843;2856;114978.47;1216210.62;17.54;86.37;79.88;6.10;10.767921508247;59.940613039984;247.01
5294.21;2844;2857;114976.72;1216209.88;17.55;86.38;79.91;6.12;10.767890242910;59.940606319038;247.02
5296.01;2845;2858;114975.06;1216209.18;17.55;86.44;79.83;6.23;10.767860622081;59.940599952302;247.02
5297.81;2846;2859;114973.41;1216208.47;17.56;86.49;79.75;6.35;10.767831001253;59.940593584661;247.01
5299.61;2847;2860;114971.75;1216207.77;17.57;86.55;79.71;6.43;10.767801380425;59.940587217925;247.02
5301.41;2848;2861;114970.19;1216207.11;17.57;86.55;79.69;6.50;10.767773405894;59.940581203589;247.01
5303.21;2849;2862;114968.44;1216206.37;17.58;86.60;79.68;6.55;10.767742138769;59.940574482642;247.02
5305.01;2850;2863;114966.78;1216205.66;17.58;86.62;79.68;6.57;10.767712517940;59.940568115907;247.02
5306.81;2851;2864;114965.12;1216204.96;17.59;86.62;79.84;6.43;10.767682897112;59.940561748266;247.01
5308.61;2852;2865;114963.46;1216204.26;17.59;86.70;80.01;6.29;10.767653276284;59.940555381530;247.02
5310.41;2853;2866;114961.90;1216203.59;17.60;86.76;80.10;6.22;10.767625301752;59.940549368100;247.02
5312.21;2854;2867;114960.15;1216202.85;17.60;86.80;80.06;6.26;10.767594034628;59.940542646247;247.01
5314.01;2855;2868;114958.49;1216202.15;17.61;86.83;80.04;6.27;10.767564413799;59.940536279512;247.02
5315.81;2856;2869;114956.84;1216201.45;17.61;86.55;80.02;6.30;10.767534792971;59.940529911870;247.01
5317.61;2857;2870;114955.18;1216200.74;17.62;86.50;80.11;6.20;10.767505173930;59.940523545135;247.02
5319.41;2858;2871;114953.61;1216200.08;17.62;86.41;80.21;6.13;10.767477197611;59.940517531704;247.02
5321.21;2859;2872;114951.86;1216199.34;17.63;86.41;80.25;6.14;10.767445932274;59.940510809852;247.01
5323.01;2860;2873;114950.21;1216198.63;17.63;86.44;80.26;6.21;10.767416311446;59.940504443117;247.02
5324.81;2861;2874;114948.55;1216197.93;17.64;86.41;80.27;6.26;10.767386690618;59.940498075475;247.01
5326.61;2862;2875;114946.89;1216197.23;17.64;86.54;80.27;6.37;10.767357069789;59.940491708740;247.02
5328.41;2863;2876;114945.33;1216196.57;17.65;86.61;80.29;6.47;10.767329095258;59.940485695309;247.02
5330.21;2864;2877;114943.58;1216195.82;17.66;86.60;80.34;6.56;10.767297828133;59.940478974363;247.02
5332.01;2865;2878;114941.92;1216195.12;17.66;86.82;80.43;6.56;10.767268207305;59.940472606722;247.01
5333.81;2866;2879;114940.27;1216194.42;17.67;86.82;80.52;6.44;10.767238586477;59.940466239080;247.01
5335.61;2867;2880;114938.61;1216193.71;17.67;86.75;80.56;6.38;10.767208965648;59.940459872345;247.02
5337.41;2868;2881;114937.04;1216193.05;17.68;86.76;80.64;6.36;10.767180991117;59.940453858914;247.02
5339.21;2869;2882;114935.29;1216192.31;17.68;86.78;80.73;6.27;10.767149723992;59.940447137968;247.02
5341.01;2870;2883;114933.64;1216191.61;17.69;86.93;80.77;6.05;10.767120103164;59.940440770326;247.01
5342.81;2871;2884;114931.98;1216190.90;17.69;86.98;80.86;5.88;10.767090482336;59.940434402685;247.01
5344.61;2872;2885;114930.32;1216190.20;17.70;87.02;80.94;5.72;10.767060861507;59.940428035950;247.02
5346.41;2873;2886;114928.76;1216189.54;17.70;86.94;80.98;5.60;10.767032886976;59.940422022519;247.02
5348.21;2874;2887;114927.01;1216188.79;17.71;86.89;81.07;5.44;10.767001621638;59.940415301573;247.02
5350.01;2875;2888;114925.35;1216188.09;17.71;86.78;81.16;5.28;10.766972000810;59.940408933931;247.01
5351.81;2876;2889;114923.69;1216187.39;17.72;86.57;81.20;5.22;10.766942379982;59.940402566290;247.01
5353.61;2877;2890;114922.04;1216186.69;17.72;86.56;81.30;5.13;10.766912759154;59.940396199554;247.02
5355.41;2878;2891;114920.47;1216186.02;17.73;86.58;81.40;5.02;10.766884782835;59.940390186124;247.02
5357.21;2879;2892;114918.72;1216185.28;17.73;86.54;81.44;4.97;10.766853517497;59.940383465178;247.02
5359.01;2880;2893;114917.07;1216184.58;17.74;86.52;81.47;4.95;10.766823896669;59.940377097536;247.01
5360.81;2881;2894;114915.41;1216183.87;17.75;86.49;81.39;5.04;10.766794275841;59.940370729895;247.01
5362.61;2882;2895;114913.75;1216183.17;17.75;86.50;81.36;5.07;10.766764655013;59.940364363159;247.02
5364.41;2883;2896;114912.19;1216182.51;17.76;86.44;81.31;5.14;10.766736680481;59.940358349729;247.02
5366.21;2884;2897;114910.44;1216181.77;17.76;86.41;81.25;5.20;10.766705413356;59.940351628782;247.02
5368.01;2885;2898;114908.78;1216181.06;17.77;86.45;81.23;5.23;10.766675792528;59.940345261141;247.01
5369.81;2886;2899;114907.12;1216180.36;17.77;86.37;81.01;5.45;10.766646171700;59.940338894406;247.02
5371.61;2887;2900;114905.47;1216179.66;17.78;86.37;80.59;5.88;10.766616550872;59.940332526764;247.01
5373.41;2888;2901;114903.90;1216178.99;17.78;86.39;80.37;6.10;10.766588576340;59.940326513334;247.02
5375.21;2889;2902;114902.15;1216178.25;17.79;86.39;80.18;6.32;10.766557309215;59.940319792387;247.02
5377.01;2890;2903;114900.49;1216177.55;17.79;86.36;80.09;6.37;10.766527688387;59.940313424746;247.01
5378.81;2891;2904;114898.84;1216176.85;17.80;86.36;79.90;6.52;10.766498069346;59.940307058010;247.02
5380.61;2892;2905;114897.18;1216176.14;17.80;86.37;79.59;6.79;10.766468448518;59.940300690369;247.01
5382.41;2893;2906;114895.62;1216175.48;17.81;86.38;79.12;7.23;10.766440472199;59.940294676938;247.02
5384.21;2894;2907;114893.87;1216174.74;17.81;86.36;78.87;7.44;10.766409206862;59.940287955992;247.02
5386.01;2895;2908;114892.21;1216174.03;17.82;86.34;78.40;7.88;10.766379586033;59.940281588351;247.01
5387.81;2896;2909;114890.55;1216173.33;17.82;86.38;77.96;8.28;10.766349965205;59.940275221615;247.02
5389.61;2897;2910;114888.90;1216172.63;17.83;86.39;77.76;8.47;10.766320344377;59.940268853974;247.01
5391.41;2898;2911;114887.33;1216171.97;17.83;86.37;77.36;8.86;10.766292369846;59.940262840543;247.02
5393.21;2899;2912;114885.58;1216171.22;17.84;86.30;77.17;9.04;10.766261102721;59.940256119597;247.02
5395.01;2900;2913;114883.92;1216170.52;17.85;86.25;76.76;9.44;10.766231481892;59.940249751956;247.01
5396.81;2901;2914;114882.27;1216169.82;17.85;86.27;76.36;9.83;10.766201861064;59.940243385220;247.02
5398.61;2902;2915;114880.61;1216169.11;17.86;86.26;76.18;10.00;10.766172240236;59.940237017579;247.01
5400.41;2903;2916;114879.04;1216168.45;17.86;86.20;75.77;10.39;10.766144265705;59.940231004148;247.02
5402.21;2904;2917;114877.30;1216167.71;17.87;86.20;75.34;10.81;10.766112998580;59.940224283202;247.02
5404.01;2905;2918;114875.64;1216167.01;17.87;86.17;75.14;11.01;10.766083377751;59.940217915561;247.01
5405.81;2906;2919;114873.98;1216166.30;17.88;86.16;74.69;11.44;10.766053756923;59.940211548825;247.02
5407.61;2907;2920;114872.32;1216165.60;17.88;86.18;74.30;11.82;10.766024136095;59.940205181184;247.01
5409.41;2908;2921;114870.76;1216164.94;17.89;86.19;74.11;12.00;10.765996161563;59.940199167753;247.02
5411.21;2909;2922;114869.01;1216164.19;17.89;86.25;73.78;12.32;10.765964896226;59.940192446807;247.02
5413.01;2910;2923;114867.35;1216163.49;17.90;86.31;73.46;12.66;10.765935275398;59.940186079165;247.01
5414.81;2911;2924;114865.70;1216162.79;17.90;86.30;73.28;12.87;10.765905654570;59.940179712430;247.02
5416.61;2912;2925;114864.04;1216162.09;17.91;86.31;72.92;12.73;10.765876033741;59.940173344789;247.01
5418.41;2913;2926;114862.47;1216161.42;17.91;86.36;72.58;12.21;10.765848057422;59.940167331358;247.02
5420.21;2914;2927;114860.72;1216160.68;17.92;86.39;72.41;12.11;10.765816792085;59.940160610412;247.02
5422.01;2915;2928;114859.07;1216159.98;17.92;86.42;72.06;12.30;10.765787171257;59.940154242770;247.01
5423.81;2916;2929;114857.41;1216159.27;17.93;86.41;71.67;12.53;10.765757550429;59.940147876035;247.02
5425.61;2917;2930;114855.75;1216158.57;17.94;86.44;71.48;12.19;10.765727929600;59.940141508393;247.01
5427.41;2918;2931;114854.19;1216157.91;17.94;86.45;71.06;12.51;10.765699955069;59.940135494963;247.02
5429.21;2919;2932;114852.44;1216157.17;17.95;86.46;70.69;12.98;10.765668687944;59.940128774017;247.02
5431.01;2920;2933;114850.78;1216156.46;17.95;86.48;70.53;13.23;10.765639067116;59.940122406375;247.01
5432.81;2921;2934;114849.13;1216155.76;17.96;86.44;70.17;13.74;10.765609446288;59.940116039640;247.02
5434.61;2922;2935;114847.47;1216155.06;17.96;86.37;69.77;14.41;10.765579825459;59.940109671998;247.01
5436.41;2923;2936;114845.90;1216154.39;17.97;86.30;69.55;15.40;10.765551850928;59.940103658568;247.02
5438.21;2924;2937;114844.15;1216153.65;17.97;86.29;69.21;16.55;10.765520583803;59.940096937621;247.02
5440.01;2925;2938;114842.50;1216152.95;17.98;86.27;69.03;17.19;10.765490964762;59.940090569980;247.01
5441.81;2926;2939;114840.84;1216152.25;17.98;86.27;68.70;17.49;10.765461343934;59.940084203245;247.02
5443.61;2927;2940;114839.18;1216151.54;17.99;86.28;68.32;17.84;10.765431723106;59.940077835603;247.01
5445.41;2928;2941;114837.62;1216150.88;17.99;86.23;67.97;18.18;10.765403746787;59.940071822173;247.02
5447.21;2929;2942;114835.87;1216150.14;18.00;86.21;67.83;18.34;10.765372481449;59.940065101226;247.02
5449.01;2930;2943;114834.21;1216149.43;18.00;86.34;67.47;18.85;10.765342860621;59.940058733585;247.01
5450.81;2931;2944;114832.55;1216148.73;18.01;86.34;67.12;19.30;10.765313239793;59.940052366849;247.02
5452.61;2932;2945;114830.90;1216148.03;18.01;86.43;66.94;19.56;10.765283618965;59.940045999208;247.01
5454.41;2933;2946;114829.33;1216147.37;18.02;86.57;66.58;19.91;10.765255644433;59.940039985777;247.02
5456.21;2934;2947;114827.58;1216146.62;18.03;86.35;66.40;19.92;10.765224377308;59.940033264831;247.02
5458.01;2935;2948;114825.93;1216145.92;18.03;86.22;65.95;20.16;10.765194756480;59.940026898096;247.02
5459.81;2936;2949;114824.27;1216145.22;18.04;85.90;65.50;20.54;10.765165135652;59.940020530454;247.01
5461.61;2937;2950;114822.61;1216144.51;18.04;85.97;65.29;20.56;10.765135514824;59.940014162813;247.01
5463.41;2938;2951;114821.05;1216143.85;18.05;85.79;64.95;20.71;10.765107540292;59.940008149382;247.02
5465.21;2939;2952;114819.30;1216143.11;18.05;85.80;64.63;20.83;10.765076273167;59.940001428436;247.02
5467.01;2940;2953;114817.64;1216142.41;18.06;85.71;64.47;20.78;10.765046652339;59.939995061701;247.02
5468.81;2941;2954;114815.98;1216141.70;18.06;85.59;63.81;21.41;10.765017031511;59.939988694059;247.01
5470.61;2942;2955;114814.33;1216141.00;18.07;85.71;63.20;22.03;10.764987412470;59.939982326418;247.01
5472.41;2943;2956;114812.76;1216140.34;18.07;85.66;62.92;22.32;10.764959436151;59.939976312987;247.02
5474.21;2944;2957;114811.01;1216139.59;18.08;85.73;62.38;22.82;10.764928170814;59.939969592041;247.02
5476.01;2945;2958;114809.35;1216138.89;18.08;85.57;61.83;23.29;10.764898549986;59.939963225305;247.02
5477.81;2946;2959;114807.70;1216138.19;18.09;85.40;61.55;23.49;10.764868929157;59.939956857664;247.01
5479.61;2947;2960;114806.04;1216137.49;18.09;85.37;60.68;24.26;10.764839308329;59.939950490023;247.01
5481.41;2948;2961;114804.48;1216136.82;18.10;85.17;59.78;25.00;10.764811332010;59.939944476592;247.02
5483.21;2949;2962;114802.73;1216136.08;18.10;85.10;59.37;25.22;10.764780066673;59.939937755646;247.02
5485.01;2950;2963;114801.07;1216135.38;18.11;84.83;58.66;25.74;10.764750445844;59.939931388910;247.02
5486.81;2951;2964;114799.41;1216134.67;18.12;84.54;57.95;26.25;10.764720825016;59.939925021269;247.01
5488.61;2952;2965;114797.76;1216133.97;18.12;84.47;57.68;26.42;10.764691204188;59.939918653628;247.01
5490.41;2953;2966;114796.19;1216133.31;18.13;84.14;56.67;27.27;10.764663229657;59.939912640197;247.02
5492.21;2954;2967;114794.44;1216132.57;18.13;83.95;55.87;27.76;10.764631962532;59.939905919251;247.02
5494.01;2955;2968;114792.78;1216131.86;18.14;83.68;55.50;27.83;10.764602341703;59.939899552515;247.02
5495.81;2956;2969;114791.13;1216131.16;18.14;83.40;54.78;28.24;10.764572720875;59.939893184874;247.01
5497.61;2957;2970;114789.47;1216130.46;18.15;83.01;54.09;28.85;10.764543100047;59.939886817232;247.01
5499.41;2958;2971;114787.90;1216129.79;18.15;82.93;53.78;29.12;10.764515125516;59.939880803802;247.02
5501.21;2959;2972;114786.16;1216129.05;18.16;82.87;53.41;29.45;10.764483860178;59.939874082856;247.02
5503.01;2960;2973;114784.50;1216128.35;18.16;83.02;53.17;29.66;10.764454239350;59.939867716120;247.02
5504.81;2961;2974;114782.84;1216127.65;18.17;83.35;52.81;29.99;10.764424618522;59.939861348479;247.01
5506.61;2962;2975;114781.18;1216126.94;18.17;83.36;52.46;30.40;10.764394997693;59.939854980837;247.01
5508.41;2963;2976;114779.62;1216126.28;18.18;83.45;52.11;30.85;10.764367021374;59.939848967407;247.02
5510.21;2964;2977;114777.87;1216125.54;18.18;83.66;51.93;31.13;10.764335756037;59.939842246460;247.02
5512.01;2965;2978;114776.21;1216124.83;18.19;83.59;51.95;31.23;10.764306135209;59.939835879725;247.02
5513.81;2966;2979;114774.56;1216124.13;18.19;83.79;52.02;31.27;10.764276514381;59.939829512084;247.01
5515.61;2967;2980;114772.90;1216123.43;18.20;83.76;51.98;31.42;10.764246893552;59.939823145348;247.02
5517.41;2968;2981;114771.33;1216122.77;18.20;83.86;51.74;31.75;10.764218919021;59.939817131012;247.01
5519.21;2969;2982;114769.58;1216122.02;18.21;83.75;51.62;31.56;10.764187651896;59.939810410065;247.02
5521.01;2970;2983;114767.93;1216121.32;18.22;83.57;51.37;31.14;10.764158031068;59.939804043330;247.02
5522.81;2971;2984;114766.27;1216120.62;18.22;83.80;51.50;30.79;10.764128410240;59.939797675688;247.01
5524.61;2972;2985;114764.61;1216119.91;18.23;82.39;51.50;30.62;10.764098789411;59.939791308953;247.02
5526.41;2973;2986;114763.05;1216119.25;18.23;82.25;51.74;30.71;10.764070814880;59.939785294616;247.01
5528.21;2974;2987;114761.30;1216118.51;18.24;81.53;51.99;30.02;10.764039547755;59.939778573670;247.02
5530.01;2975;2988;114759.64;1216117.81;18.24;81.80;52.12;29.81;10.764009926927;59.939772206935;247.02
5531.81;2976;2989;114757.98;1216117.10;18.25;81.85;52.06;29.77;10.763980307886;59.939765839293;247.01
5533.61;2977;2990;114756.33;1216116.40;18.25;81.80;51.98;29.76;10.763950687058;59.939759472558;247.02
5535.41;2978;2991;114754.76;1216115.74;18.26;81.85;51.94;29.71;10.763922710739;59.939753458221;247.01
5537.21;2979;2992;114753.01;1216114.99;18.26;81.75;51.91;29.65;10.763891445401;59.939746737275;247.02
5539.01;2980;2993;114751.36;1216114.29;18.27;81.53;51.94;29.50;10.763861824573;59.939740370540;247.02
5540.81;2981;2994;114749.70;1216113.59;18.27;81.30;51.95;29.31;10.763832203745;59.939734002898;247.01
5542.61;2982;2995;114748.04;1216112.89;18.28;81.08;51.99;29.10;10.763802582917;59.939727636163;247.02
5544.41;2983;2996;114746.48;1216112.22;18.28;80.86;52.09;28.64;10.763774608385;59.939721622732;247.02
5546.21;2984;2997;114744.73;1216111.48;18.29;80.76;52.25;28.32;10.763743341260;59.939714900880;247.01
5548.01;2985;2998;114743.07;1216110.78;18.29;80.52;52.55;27.84;10.763713720432;59.939708534144;247.02
5549.81;2986;2999;114741.41;1216110.07;18.30;80.27;52.87;27.20;10.763684099604;59.939702166503;247.01
5551.61;2987;3000;114739.76;1216109.37;18.31;79.93;53.02;26.92;10.763654478776;59.939695799768;247.02
5553.41;2988;3001;114738.19;1216108.71;18.31;79.93;53.16;26.72;10.763626504244;59.939689786337;247.02
5555.21;2989;3002;114736.44;1216107.97;18.32;79.88;53.35;26.46;10.763595237119;59.939683065391;247.02
5557.01;2990;3003;114734.79;1216107.26;18.32;79.84;53.46;26.29;10.763565616291;59.939676697749;247.01
5558.81;2991;3004;114733.13;1216106.56;18.33;79.79;53.66;26.03;10.763535995463;59.939670330108;247.01
5560.61;2992;3005;114731.47;1216105.86;18.33;79.76;53.75;25.90;10.763506374635;59.939663963372;247.02
5562.41;2993;3006;114729.91;1216105.19;18.34;79.77;53.78;25.80;10.763478400103;59.939657949942;247.02
5564.21;2994;3007;114728.16;1216104.45;18.34;79.74;53.87;25.70;10.763447134766;59.939651228996;247.02
5566.01;2995;3008;114726.50;1216103.75;18.35;79.73;53.93;25.63;10.763417513938;59.939644861354;247.01
5567.81;2996;3009;114724.84;1216103.05;18.35;79.74;54.12;25.42;10.763387893109;59.939638493713;247.01
5569.61;2997;3010;114723.19;1216102.34;18.36;79.70;54.32;25.20;10.763358272281;59.939632126977;247.02
5571.41;2998;3011;114721.62;1216101.68;18.36;79.73;54.50;25.00;10.763330295962;59.939626113547;247.02
5573.21;2999;3012;114719.87;1216100.94;18.37;79.73;54.60;24.90;10.763299030625;59.939619392600;247.02
5575.01;3000;3013;114718.21;1216100.23;18.37;79.71;54.81;24.69;10.763269409797;59.939613024959;247.01
5576.81;3001;3014;114716.56;1216099.53;18.38;79.66;54.90;24.60;10.763239788968;59.939606657318;247.01
5578.61;3002;3015;114714.90;1216098.83;18.38;79.62;54.89;24.61;10.763210168140;59.939600290582;247.02
5580.41;3003;3016;114713.34;1216098.17;18.39;79.57;54.88;24.61;10.763182193609;59.939594277152;247.02
5582.21;3004;3017;114711.59;1216097.42;18.40;79.50;54.87;24.54;10.763150926484;59.939587556205;247.02
5584.01;3005;3018;114709.93;1216096.72;18.40;79.46;54.85;24.48;10.763121305655;59.939581188564;247.01
5585.81;3006;3019;114708.27;1216096.02;18.41;79.39;54.90;24.35;10.763091684827;59.939574820922;247.01
5587.61;3007;3020;114706.61;1216095.31;18.41;79.35;54.97;24.20;10.763062063999;59.939568454187;247.02
5589.41;3008;3021;114705.05;1216094.65;18.42;79.29;55.17;23.93;10.763034089468;59.939562440756;247.02
5591.21;3009;3022;114703.30;1216093.91;18.42;79.21;55.32;23.73;10.763002822343;59.939555719810;247.02
5593.01;3010;3023;114701.64;1216093.21;18.43;79.15;55.37;23.65;10.762973201514;59.939549352169;247.01
5594.81;3011;3024;114699.99;1216092.50;18.43;79.10;55.48;23.53;10.762943582474;59.939542984527;247.01
5596.61;3012;3025;114698.33;1216091.80;18.44;79.09;55.58;23.42;10.762913961645;59.939536617792;247.02
5598.41;3013;3026;114696.76;1216091.14;18.44;79.04;55.64;23.36;10.762885985326;59.939530604361;247.02
5600.21;3014;3027;114695.02;1216090.39;18.45;79.01;55.63;23.37;10.762854719989;59.939523883415;247.02
5602.01;3015;3028;114693.36;1216089.69;18.45;78.97;55.62;23.38;10.762825099161;59.939517515774;247.01
5603.81;3016;3029;114691.70;1216088.99;18.46;79.02;55.61;23.39;10.762795478333;59.939511149038;247.02
5605.61;3017;3030;114690.04;1216088.29;18.46;78.91;55.61;23.37;10.762765857504;59.939504781397;247.01
5607.41;3018;3031;114688.48;1216087.62;18.47;78.90;55.61;23.32;10.762737882973;59.939498767966;247.02
5609.21;3019;3032;114686.73;1216086.88;18.47;78.89;55.54;23.34;10.762706615848;59.939492047020;247.02
5611.01;3020;3033;114685.07;1216086.18;18.48;78.93;55.38;23.50;10.762676995020;59.939485679378;247.01
5612.81;3021;3034;114683.42;1216085.47;18.49;78.83;55.23;23.64;10.762647374192;59.939479312643;247.02
5614.61;3022;3035;114681.76;1216084.77;18.49;78.83;55.16;23.70;10.762617753363;59.939472945002;247.01
5616.41;3023;3036;114680.19;1216084.11;18.50;78.82;55.02;23.87;10.762589778832;59.939466931571;247.02
5618.21;3024;3037;114678.44;1216083.37;18.50;78.79;54.88;24.10;10.762558511707;59.939460210625;247.02
5620.01;3025;3038;114676.79;1216082.66;18.51;79.10;54.86;23.94;10.762528890879;59.939453842983;247.01
5621.81;3026;3039;114675.13;1216081.96;18.51;78.86;54.69;23.92;10.762499270051;59.939447476248;247.02
5623.61;3027;3040;114673.47;1216081.26;18.52;78.72;54.41;24.04;10.762469649222;59.939441108606;247.01
5625.41;3028;3041;114671.91;1216080.59;18.52;78.53;54.26;24.06;10.762441674691;59.939435095176;247.02
5627.21;3029;3042;114670.16;1216079.85;18.53;78.41;53.99;24.22;10.762410409353;59.939428374230;247.02
5629.01;3030;3043;114668.50;1216079.15;18.53;78.22;53.85;24.23;10.762380788525;59.939422006588;247.01
5630.81;3031;3044;114666.84;1216078.45;18.54;77.86;53.69;24.22;10.762351167697;59.939415639853;247.02
5632.61;3032;3045;114665.19;1216077.74;18.54;77.77;53.78;23.92;10.762321546869;59.939409272211;247.01
5634.41;3033;3046;114663.62;1216077.08;18.55;77.57;53.87;23.66;10.762293570550;59.939403258781;247.02
5636.21;3034;3047;114661.87;1216076.34;18.55;77.52;53.83;23.67;10.762262305212;59.939396537834;247.02
5638.01;3035;3048;114660.22;1216075.63;18.56;77.43;53.64;23.86;10.762232684384;59.939390170193;247.01
5639.81;3036;3049;114658.56;1216074.93;18.56;77.48;53.45;24.10;10.762203063556;59.939383803458;247.02
5641.61;3037;3050;114656.90;1216074.23;18.57;77.50;53.44;24.13;10.762173442728;59.939377435816;247.01
5643.41;3038;3051;114655.34;1216073.56;18.57;77.48;53.60;24.01;10.762145468196;59.939371422386;247.02
5645.21;3039;3052;114653.59;1216072.82;18.58;77.59;53.44;24.20;10.762114201071;59.939364701439;247.02
5647.01;3040;3053;114651.93;1216072.12;18.59;77.73;53.36;24.30;10.762084580243;59.939358333798;247.01
5648.81;3041;3054;114650.27;1216071.42;18.59;77.79;53.34;24.34;10.762054959415;59.939351967062;247.02
5650.61;3042;3055;114648.62;1216070.71;18.60;77.84;53.28;24.42;10.762025338587;59.939345599421;247.01
5652.41;3043;3056;114647.05;1216070.05;18.60;77.85;53.17;24.58;10.761997364055;59.939339585991;247.02
5654.21;3044;3057;114645.30;1216069.31;18.61;77.89;53.09;24.70;10.761966098718;59.939332865044;247.02
5656.01;3045;3058;114643.65;1216068.61;18.61;77.89;53.05;24.77;10.761936477890;59.939326497403;247.01
5657.81;3046;3059;114641.99;1216067.90;18.62;77.90;53.04;24.80;10.761906857061;59.939320130667;247.02
5659.61;3047;3060;114640.33;1216067.20;18.62;77.90;53.10;24.71;10.761877236233;59.939313763026;247.01
5661.41;3048;3061;114638.77;1216066.54;18.63;77.89;53.14;24.42;10.761849259914;59.939307749595;247.02
5663.21;3049;3062;114637.02;1216065.79;18.63;77.89;53.20;24.05;10.761817994577;59.939301028649;247.02
5665.01;3050;3063;114635.36;1216065.09;18.64;77.95;53.38;23.63;10.761788373749;59.939294661008;247.01
5666.81;3051;3064;114633.70;1216064.39;18.64;77.97;53.48;23.45;10.761758752920;59.939288294272;247.02
5668.61;3052;3065;114632.05;1216063.69;18.65;78.02;53.67;23.19;10.761729132092;59.939281926631;247.01
5670.41;3053;3066;114630.48;1216063.02;18.65;77.88;53.84;22.93;10.761701157561;59.939275913200;247.02
5672.21;3054;3067;114628.73;1216062.28;18.66;77.71;53.94;22.76;10.761669890436;59.939269192254;247.02
5674.01;3055;3068;114627.07;1216061.58;18.67;77.50;54.13;22.61;10.761640269607;59.939262824613;247.01
5675.81;3056;3069;114625.42;1216060.87;18.67;77.46;54.42;22.36;10.761610648779;59.939256457877;247.02
5677.61;3057;3070;114623.76;1216060.17;18.68;77.35;54.54;22.27;10.761581027951;59.939250090236;247.01
5679.41;3058;3071;114622.20;1216059.51;18.68;77.42;54.74;22.10;10.761553053420;59.939244076805;247.02
5681.21;3059;3072;114620.45;1216058.77;18.69;77.51;54.96;22.03;10.761521786295;59.939237355859;247.02
5683.01;3060;3073;114618.79;1216058.06;18.69;77.71;55.06;22.06;10.761492165466;59.939230989123;247.02
5684.81;3061;3074;114617.13;1216057.36;18.70;77.82;55.26;22.08;10.761462544638;59.939224621482;247.01
5686.61;3062;3075;114615.47;1216056.66;18.70;77.81;55.47;22.10;10.761432925598;59.939218253841;247.01
5688.41;3063;3076;114613.91;1216055.99;18.71;77.75;55.60;22.21;10.761404949279;59.939212240410;247.02
5690.21;3064;3077;114612.16;1216055.25;18.71;77.74;55.81;22.10;10.761373683941;59.939205519464;247.02
5692.01;3065;3078;114610.50;1216054.55;18.72;77.75;55.89;22.03;10.761344063113;59.939199152728;247.02
5693.81;3066;3079;114608.85;1216053.85;18.72;77.84;56.05;21.88;10.761314442285;59.939192785087;247.01
5695.61;3067;3080;114607.19;1216053.14;18.73;77.83;56.20;21.74;10.761284821456;59.939186417445;247.01
5697.41;3068;3081;114605.62;1216052.48;18.73;77.86;56.42;21.53;10.761256846925;59.939180404015;247.02
5699.21;3069;3082;114603.88;1216051.74;18.74;77.90;56.54;21.43;10.761225579800;59.939173683069;247.02
5701.01;3070;3083;114602.22;1216051.03;18.74;77.92;56.76;21.24;10.761195958972;59.939167316333;247.02
5702.81;3071;3084;114600.56;1216050.33;18.75;77.95;56.98;21.03;10.761166338144;59.939160948692;247.01
5704.61;3072;3085;114598.90;1216049.63;18.75;77.97;57.08;20.92;10.761136717315;59.939154581050;247.01
5706.41;3073;3086;114597.34;1216048.96;18.76;78.00;57.31;20.69;10.761108742784;59.939148567620;247.02
5708.21;3074;3087;114595.59;1216048.22;18.77;77.98;57.31;20.69;10.761077475659;59.939141846673;247.02
5710.01;3075;3088;114593.93;1216047.52;18.77;78.00;57.30;20.70;10.761047854831;59.939135479938;247.02
5711.81;3076;3089;114592.28;1216046.82;18.78;78.13;57.29;20.71;10.761018234003;59.939129112297;247.01
5713.61;3077;3090;114590.62;1216046.11;18.78;78.16;57.28;20.72;10.760988613174;59.939122744655;247.01
5715.41;3078;3091;114589.05;1216045.45;18.79;78.20;57.27;20.74;10.760960638643;59.939116731225;247.02
5717.21;3079;3092;114587.30;1216044.71;18.79;78.22;57.26;20.74;10.760929373305;59.939110010278;247.02
5719.01;3080;3093;114585.65;1216044.01;18.80;78.27;57.28;20.73;10.760899752477;59.939103643543;247.02
5720.81;3081;3094;114583.99;1216043.30;18.80;78.28;57.25;20.75;10.760870131649;59.939097275901;247.01
5722.61;3082;3095;114582.33;1216042.60;18.81;78.25;57.17;20.83;10.760840510821;59.939090908260;247.01
5724.41;3083;3096;114580.77;1216041.94;18.81;78.23;57.13;20.87;10.760812534502;59.939084894829;247.02
5726.21;3084;3097;114579.02;1216041.19;18.82;78.10;57.05;20.95;10.760781269164;59.939078173883;247.02
5728.01;3085;3098;114577.36;1216040.49;18.82;77.98;56.99;20.97;10.760751648336;59.939071807148;247.02
5729.81;3086;3099;114575.70;1216039.79;18.83;77.86;56.96;20.91;10.760722027508;59.939065439506;247.01
5731.61;3087;3100;114574.05;1216039.09;18.83;77.77;56.87;20.89;10.760692406680;59.939059071865;247.01
5733.41;3088;3101;114572.48;1216038.42;18.84;77.66;56.76;20.89;10.760664432148;59.939053058434;247.02
5735.21;3089;3102;114570.73;1216037.68;18.84;77.61;56.79;20.75;10.760633165023;59.939046337488;247.02
5737.01;3090;3103;114569.08;1216036.98;18.85;77.54;56.82;20.68;10.760603544195;59.939039970753;247.02
5738.81;3091;3104;114567.42;1216036.27;18.86;77.40;56.84;20.60;10.760573923367;59.939033603111;247.01
5740.61;3092;3105;114565.76;1216035.57;18.86;77.22;56.82;20.38;10.760544302539;59.939027236376;247.02
5742.41;3093;3106;114564.20;1216034.91;18.87;77.33;56.81;20.16;10.760516328007;59.939021222039;247.01
5744.21;3094;3107;114562.45;1216034.17;18.87;77.00;56.85;19.85;10.760485060882;59.939014501093;247.02
5746.01;3095;3108;114560.79;1216033.46;18.88;76.52;56.88;19.61;10.760455440054;59.939008134357;247.02
5747.81;3096;3109;114559.13;1216032.76;18.88;76.51;56.89;19.30;10.760425821013;59.939001766716;247.01
5749.61;3097;3110;114557.48;1216032.06;18.89;75.98;56.57;19.32;10.760396200185;59.938995399981;247.02
5751.41;3098;3111;114555.91;1216031.39;18.89;75.60;56.07;19.50;10.760368223866;59.938989385644;247.01
5753.21;3099;3112;114554.16;1216030.65;18.90;75.55;55.08;20.34;10.760336958529;59.938982664698;247.02
5755.01;3100;3113;114552.51;1216029.95;18.90;75.29;54.56;20.76;10.760307337701;59.938976297962;247.02
5756.81;3101;3114;114550.85;1216029.25;18.91;75.09;53.57;21.65;10.760277716872;59.938969930321;247.01
5758.61;3102;3115;114549.19;1216028.54;18.91;75.03;50.41;24.70;10.760248096044;59.938963563585;247.02
5760.41;3103;3116;114547.63;1216027.88;18.92;74.92;44.21;30.77;10.760220121513;59.938957549249;247.01
5762.21;3104;3117;114545.88;1216027.14;18.92;74.84;40.85;34.04;10.760188854388;59.938950828303;247.02
5764.01;3105;3118;114544.22;1216026.43;18.93;74.87;39.86;34.94;10.760159233560;59.938944461567;247.02
5765.81;3106;3119;114542.56;1216025.73;18.93;74.78;38.83;35.87;10.760129612731;59.938938093926;247.01
5767.61;3107;3120;114540.91;1216025.03;18.94;74.77;38.30;36.30;10.760099991903;59.938931727190;247.02
5769.41;3108;3121;114539.34;1216024.36;18.94;74.67;37.86;36.66;10.760072015584;59.938925714666;247.02
5771.21;3109;3122;114537.59;1216023.62;18.95;74.52;37.88;36.62;10.760040737734;59.938919008214;247.07
5773.01;3110;3123;114535.93;1216022.93;18.96;74.36;37.91;36.53;10.760011088306;59.938912674091;247.14
5774.81;3111;3124;114534.27;1216022.23;18.96;74.27;37.95;36.40;10.759981426365;59.938906358087;247.21
5776.61;3112;3125;114532.61;1216021.53;18.97;74.22;37.97;36.29;10.759951746549;59.938900060200;247.28
5778.41;3113;3126;114531.04;1216020.88;18.97;74.16;37.64;36.52;10.759923704092;59.938894129208;247.35
5780.21;3114;3127;114529.29;1216020.15;18.98;74.11;37.73;36.35;10.759892345804;59.938887518782;247.42
5782.01;3115;3128;114527.63;1216019.46;18.98;74.01;37.69;36.32;10.759862623088;59.938881275251;247.49
5783.81;3116;3129;114525.96;1216018.77;18.99;73.91;37.04;36.92;10.759832884284;59.938875050743;247.56
5785.61;3117;3130;114524.30;1216018.09;18.99;73.87;35.51;38.36;10.759803131180;59.938868844354;247.63
5787.41;3118;3131;114522.73;1216017.44;19.00;73.78;34.80;38.99;10.759775017223;59.938862998516;247.69
5789.21;3119;3132;114520.97;1216016.72;19.00;73.73;33.51;40.20;10.759743580284;59.938856485023;247.76
5791.01;3120;3133;114519.30;1216016.04;19.01;73.62;32.51;41.12;10.759713784280;59.938850332989;247.83
5792.81;3121;3134;114517.63;1216015.37;19.01;73.58;32.11;41.43;10.759683972188;59.938844199072;247.90
5794.61;3122;3135;114515.96;1216014.69;19.02;73.45;31.77;41.71;10.759654144009;59.938838083274;247.97
5796.41;3123;3136;114514.39;1216014.06;19.02;73.37;31.67;41.74;10.759625962126;59.938832324404;248.04
5798.21;3124;3137;114512.62;1216013.35;19.03;73.33;31.52;41.83;10.759594448325;59.938825906937;248.11
5800.01;3125;3138;114510.95;1216012.68;19.04;73.26;31.23;42.06;10.759564577245;59.938819846399;248.18
5801.81;3126;3139;114509.28;1216012.01;19.04;73.26;30.94;42.30;10.759534693653;59.938813804886;248.25
5803.61;3127;3140;114507.61;1216011.35;19.05;73.17;30.79;42.40;10.759504793973;59.938807780584;248.32
5805.41;3128;3141;114506.03;1216010.72;19.05;73.18;30.52;42.63;10.759476544165;59.938802107776;248.39
5807.21;3129;3142;114504.26;1216010.02;19.06;73.10;30.96;42.17;10.759444953501;59.938795787242;248.46
5809.01;3130;3143;114502.59;1216009.36;19.06;73.09;31.27;41.83;10.759415010921;59.938789818201;248.53
5810.81;3131;3144;114500.91;1216008.71;19.07;73.00;31.34;41.71;10.759385055828;59.938783868184;248.60
5812.61;3132;3145;114499.23;1216008.05;19.07;72.97;32.45;40.57;10.759355084648;59.938777936285;248.67
5814.41;3133;3146;114497.65;1216007.44;19.08;72.93;31.91;41.09;10.759326766915;59.938772349538;248.73
5816.21;3134;3147;114495.88;1216006.75;19.08;72.99;31.35;41.67;10.759295102963;59.938766125936;248.80
5818.01;3135;3148;114494.20;1216006.10;19.09;73.10;32.08;41.00;10.759265088882;59.938760249298;248.88
5819.81;3136;3149;114492.52;1216005.45;19.09;73.25;32.46;40.71;10.759235062289;59.938754390778;248.94
5821.61;3137;3150;114490.84;1216004.81;19.10;73.25;33.22;40.04;10.759205021396;59.938748550376;249.01
5823.41;3138;3151;114489.25;1216004.20;19.10;73.32;33.93;39.39;10.759176637525;59.938743051503;249.08
5825.21;3139;3152;114487.47;1216003.53;19.11;73.33;34.30;39.05;10.759144900285;59.938736924833;249.15
5827.01;3140;3153;114485.79;1216002.89;19.11;73.26;35.04;38.34;10.759114816492;59.938731140598;249.22
5828.81;3141;3154;114484.11;1216002.25;19.12;73.27;35.65;37.76;10.759084721973;59.938725374481;249.29
5830.61;3142;3155;114482.42;1216001.62;19.12;73.33;35.56;37.88;10.759054611367;59.938719626482;249.36
5832.41;3143;3156;114480.83;1216001.02;19.13;73.36;35.41;38.07;10.759026161358;59.938714213670;249.42
5834.21;3144;3157;114479.05;1216000.35;19.14;73.42;35.29;38.21;10.758994350830;59.938708184839;249.50
5836.01;3145;3158;114477.37;1215999.72;19.14;73.52;35.22;38.34;10.758964200899;59.938702492100;249.57
5837.81;3146;3159;114475.68;1215999.10;19.15;73.56;35.17;38.42;10.758934036668;59.938696818386;249.64
5839.61;3147;3160;114473.99;1215998.47;19.15;73.62;36.27;37.36;10.758903858136;59.938691162790;249.71
5841.41;3148;3161;114472.39;1215997.89;19.16;73.63;36.77;36.88;10.758875345564;59.938685837851;249.77
5843.21;3149;3162;114470.61;1215997.23;19.16;73.66;37.81;35.87;10.758843461749;59.938679906858;249.84
5845.01;3150;3163;114468.92;1215996.61;19.17;73.72;38.80;34.87;10.758813243892;59.938674306522;249.91
5846.81;3151;3164;114467.23;1215996.00;19.17;73.73;39.32;34.09;10.758783013523;59.938668725211;249.98
5848.61;3152;3165;114465.54;1215995.38;19.18;73.67;40.44;32.69;10.758752768854;59.938663162018;250.05
5850.41;3153;3166;114463.94;1215994.80;19.18;73.61;41.97;30.88;10.758724191931;59.938657924952;250.12
5852.21;3154;3167;114462.15;1215994.16;19.19;73.48;43.60;28.98;10.758692240190;59.938652091797;250.19
5854.01;3155;3168;114460.46;1215993.55;19.19;73.45;44.39;27.95;10.758661954408;59.938646583865;250.26
5855.81;3156;3169;114458.76;1215992.95;19.20;73.37;46.14;26.06;10.758631657901;59.938641095862;250.33
5857.61;3157;3170;114457.07;1215992.34;19.20;73.59;47.09;25.07;10.758601347094;59.938635625071;250.40
5859.41;3158;3171;114455.46;1215991.77;19.21;73.62;47.63;24.82;10.758572707609;59.938630475879;250.47
5861.21;3159;3172;114453.67;1215991.14;19.21;73.66;48.95;24.01;10.758540686155;59.938624740563;250.54
5863.01;3160;3173;114451.97;1215990.54;19.22;73.87;50.17;23.52;10.758510337810;59.938619325939;250.61
5864.81;3161;3174;114450.28;1215989.95;19.23;73.94;50.80;23.21;10.758479975165;59.938613930339;250.68
5866.61;3162;3175;114448.58;1215989.35;19.23;74.34;51.29;22.74;10.758449600008;59.938608552857;250.74
5868.41;3163;3176;114446.97;1215988.80;19.24;74.49;51.71;22.35;10.758420899747;59.938603491538;250.81
5870.21;3164;3177;114445.18;1215988.17;19.24;74.37;52.15;21.93;10.758388810368;59.938597854060;250.88
5872.01;3165;3178;114443.47;1215987.59;19.25;74.28;53.08;21.02;10.758358397672;59.938592532744;250.95
5873.81;3166;3179;114441.77;1215987.00;19.25;74.21;53.79;20.31;10.758327970677;59.938587230453;251.02
5875.61;3167;3180;114440.07;1215986.42;19.26;74.18;54.29;19.80;10.758297531169;59.938581947186;251.09
5877.41;3168;3181;114438.46;1215985.87;19.26;74.17;54.54;19.55;10.758268771921;59.938576972834;251.16
5879.21;3169;3182;114436.66;1215985.26;19.27;74.17;55.03;19.05;10.758236616404;59.938571434101;251.23
5881.01;3170;3183;114434.96;1215984.68;19.27;74.15;55.74;18.33;10.758206139358;59.938566206094;251.30
5882.81;3171;3184;114433.25;1215984.11;19.28;74.16;56.10;17.97;10.758175649800;59.938560997111;251.37
5884.61;3172;3185;114431.54;1215983.53;19.28;74.10;56.86;17.20;10.758145149517;59.938555807153;251.44
5886.41;3173;3186;114429.93;1215982.99;19.29;74.23;57.55;16.50;10.758116331281;59.938550921580;251.50
5888.21;3174;3187;114428.13;1215982.39;19.29;74.26;57.87;16.17;10.758084109626;59.938545481591;251.58
5890.01;3175;3188;114426.42;1215981.83;19.30;74.24;58.53;15.50;10.758053571805;59.938540346893;251.65
5891.81;3176;3189;114424.71;1215981.26;19.30;74.27;58.93;15.09;10.758023019684;59.938535231219;251.72
5893.61;3177;3190;114423.00;1215980.70;19.31;74.25;59.17;14.85;10.757992456838;59.938530134570;251.79
5895.41;3178;3191;114421.39;1215980.17;19.31;74.32;59.64;14.37;10.757963581401;59.938525337776;251.85
5897.21;3179;3192;114419.58;1215979.58;19.32;74.38;60.14;13.87;10.757931295396;59.938519995625;251.92
5899.01;3180;3193;114417.87;1215979.02;19.33;74.39;60.62;13.39;10.757900696799;59.938514955142;251.99
5900.81;3181;3194;114416.16;1215978.47;19.33;74.29;60.64;13.38;10.757870085691;59.938509933682;252.06
5902.61;3182;3195;114414.44;1215977.92;19.34;74.30;60.09;13.93;10.757839462069;59.938504930342;252.13
5904.41;3183;3196;114412.82;1215977.40;19.34;74.30;59.58;14.45;10.757810529432;59.938500222327;252.20
5906.21;3184;3197;114411.01;1215976.82;19.35;74.31;59.37;14.66;10.757778180864;59.938494979826;252.27
5908.01;3185;3198;114409.30;1215976.27;19.35;74.33;59.49;14.54;10.757747521492;59.938490033558;252.34
5909.81;3186;3199;114407.58;1215975.73;19.36;74.32;59.66;14.37;10.757716851396;59.938485105407;252.41
5911.61;3187;3200;114405.87;1215975.19;19.36;74.32;58.86;15.17;10.757686168787;59.938480196281;252.48
5913.41;3188;3201;114404.25;1215974.68;19.37;74.27;58.34;15.69;10.757657180737;59.938475576140;252.54
5915.21;3189;3202;114402.43;1215974.11;19.37;74.24;58.07;15.96;10.757624769606;59.938470433289;252.62
5917.01;3190;3203;114400.71;1215973.57;19.38;74.29;58.56;15.45;10.757594053034;59.938465581235;252.69
5918.81;3191;3204;114398.99;1215973.04;19.38;74.24;58.83;15.19;10.757563323950;59.938460747299;252.76
5920.61;3192;3205;114397.28;1215972.51;19.39;74.20;59.33;14.68;10.757532582353;59.938455932387;252.83
5922.41;3193;3206;114395.65;1215972.01;19.39;74.10;59.77;14.25;10.757503540678;59.938451401026;252.89
5924.21;3194;3207;114393.83;1215971.45;19.40;74.05;59.92;14.11;10.757471068771;59.938446357825;252.96
5926.01;3195;3208;114392.11;1215970.93;19.41;74.04;59.98;14.05;10.757440293211;59.938441599079;253.03
5927.81;3196;3209;114390.39;1215970.40;19.41;74.10;60.13;13.91;10.757409508714;59.938436860264;253.10
5929.61;3197;3210;114388.67;1215969.88;19.42;74.13;60.09;13.96;10.757378709917;59.938432139567;253.17
5931.41;3198;3211;114387.04;1215969.39;19.42;74.13;60.02;14.04;10.757349614616;59.938427697890;253.24
5933.21;3199;3212;114385.22;1215968.84;19.43;74.10;59.91;14.16;10.757317083722;59.938422753434;253.31
5935.01;3200;3213;114383.49;1215968.33;19.43;74.07;59.75;14.34;10.757286252749;59.938418089809;253.38
5936.81;3201;3214;114381.77;1215967.82;19.44;74.05;59.62;14.49;10.757255411052;59.938413444302;253.45
5938.61;3202;3215;114380.04;1215967.31;19.44;74.05;59.63;14.49;10.757224556842;59.938408818726;253.52
5940.41;3203;3216;114378.41;1215966.83;19.45;74.12;59.67;14.46;10.757195407916;59.938404465828;253.58
5942.21;3204;3217;114376.59;1215966.29;19.45;74.14;59.71;14.44;10.757162818034;59.938399621928;253.65
5944.01;3205;3218;114374.86;1215965.79;19.46;74.18;59.80;14.36;10.757131933436;59.938395052518;253.73
5945.81;3206;3219;114373.13;1215965.28;19.46;74.21;59.99;14.19;10.757101036326;59.938390502132;253.80
5947.61;3207;3220;114371.40;1215964.78;19.47;74.27;60.22;13.98;10.757070128490;59.938385970770;253.87
5949.41;3208;3221;114369.77;1215964.31;19.47;74.31;60.43;13.78;10.757040927727;59.938381707557;253.93
5951.21;3209;3222;114367.94;1215963.79;19.48;74.36;60.54;13.69;10.757008280644;59.938376963307;254.00
5953.01;3210;3223;114366.21;1215963.30;19.48;74.38;60.76;13.48;10.756977340634;59.938372489017;254.07
5954.81;3211;3224;114364.48;1215962.80;19.49;74.44;61.05;13.25;10.756946389898;59.938368033752;254.14
5956.61;3212;3225;114362.75;1215962.31;19.49;74.47;61.20;13.14;10.756915430225;59.938363596605;254.21
5958.41;3213;3226;114361.11;1215961.85;19.50;74.52;61.50;12.82;10.756886179411;59.938359423077;254.28
5960.21;3214;3227;114359.28;1215961.34;19.51;74.54;61.91;12.35;10.756853475128;59.938354779383;254.35
5962.01;3215;3228;114357.55;1215960.86;19.51;74.57;62.33;11.93;10.756822483280;59.938350399308;254.42
5963.81;3216;3229;114355.82;1215960.38;19.52;74.54;62.56;11.72;10.756791480707;59.938346039163;254.49
5965.61;3217;3230;114354.08;1215959.90;19.52;74.50;62.99;11.30;10.756760465621;59.938341697136;254.56
5967.41;3218;3231;114352.44;1215959.45;19.53;74.48;63.42;10.88;10.756731166544;59.938337613294;254.62
5969.21;3219;3232;114350.61;1215958.95;19.53;74.41;63.87;10.44;10.756698408636;59.938333070155;254.70
5971.01;3220;3233;114348.87;1215958.47;19.54;74.38;64.06;10.26;10.756667364950;59.938328785201;254.76
5972.81;3221;3234;114347.13;1215958.00;19.54;74.43;64.45;9.87;10.756636308751;59.938324520177;254.84
5974.61;3222;3235;114345.40;1215957.53;19.55;74.53;64.99;9.35;10.756605245402;59.938320273271;254.90
5976.41;3223;3236;114343.75;1215957.09;19.55;74.55;65.20;9.13;10.756575896275;59.938316280020;254.97
5978.21;3224;3237;114341.92;1215956.60;19.56;74.62;65.60;8.71;10.756543084742;59.938311836531;255.04
5980.01;3225;3238;114340.18;1215956.14;19.56;74.53;65.99;8.30;10.756511991005;59.938307646697;255.11
5981.81;3226;3239;114338.44;1215955.68;19.57;74.45;66.36;7.89;10.756480884756;59.938303476793;255.18
5983.61;3227;3240;114336.70;1215955.22;19.57;74.42;66.56;7.66;10.756449769570;59.938299325008;255.25
5985.41;3228;3241;114335.05;1215954.79;19.58;74.37;66.95;7.25;10.756420375755;59.938295421442;255.32
5987.21;3229;3242;114333.22;1215954.31;19.58;74.34;67.34;6.83;10.756387510597;59.938291079415;255.39
5989.01;3230;3243;114331.47;1215953.86;19.59;74.32;67.72;6.43;10.756356366810;59.938286985608;255.46
5990.81;3231;3244;114329.73;1215953.41;19.60;74.29;67.92;6.19;10.756325212298;59.938282910825;255.53
5992.61;3232;3245;114327.99;1215952.96;19.60;74.29;68.41;5.68;10.756294048849;59.938278854160;255.59
5994.41;3233;3246;114326.34;1215952.54;19.61;74.29;68.86;5.21;10.756264606772;59.938275041184;255.67
5996.21;3234;3247;114324.50;1215952.07;19.61;74.26;69.13;4.90;10.756231693350;59.938270799714;255.73
5998.01;3235;3248;114322.75;1215951.63;19.62;74.25;69.27;4.73;10.756200499513;59.938266801027;255.81
5999.81;3236;3249;114321.01;1215951.19;19.62;74.26;69.48;4.47;10.756169296738;59.938262821365;255.87
6001.61;3237;3250;114319.26;1215950.75;19.63;74.20;69.69;4.23;10.756138085026;59.938258861632;255.95
6003.41;3238;3251;114317.61;1215950.34;19.63;74.15;69.89;3.99;10.756108600049;59.938255138342;256.01
6005.21;3239;3252;114315.77;1215949.89;19.64;74.18;70.00;3.84;10.756075634789;59.938250997427;256.08
6007.01;3240;3253;114314.02;1215949.45;19.64;74.13;70.20;3.61;10.756044394477;59.938247094767;256.15
6008.81;3241;3254;114312.27;1215949.03;19.65;74.14;70.36;3.42;10.756013145227;59.938243211131;256.22
6010.61;3242;3255;114310.52;1215948.60;19.65;74.11;70.43;3.32;10.755981887040;59.938239346519;256.29
6012.41;3243;3256;114308.87;1215948.20;19.66;74.10;70.47;3.26;10.755952357375;59.938235713820;256.36
6014.21;3244;3257;114307.02;1215947.75;19.66;74.13;70.55;3.15;10.755919343852;59.938231674367;256.43
6016.01;3245;3258;114305.27;1215947.33;19.67;74.16;70.59;3.08;10.755888057065;59.938227867733;256.50
6017.81;3246;3259;114303.52;1215946.91;19.67;74.22;70.59;3.06;10.755856761340;59.938224080123;256.57
6019.61;3247;3260;114301.77;1215946.50;19.68;74.20;70.59;3.03;10.755825458465;59.938220311538;256.64
6021.41;3248;3261;114300.12;1215946.11;19.68;74.15;70.58;3.05;10.755795885899;59.938216769430;256.70
6023.21;3249;3262;114298.27;1215945.67;19.69;74.16;70.54;3.46;10.755762824114;59.938212830533;256.77
6025.01;3250;3263;114296.52;1215945.26;19.70;74.25;70.51;3.49;10.755731492639;59.938209119926;256.85
6026.81;3251;3264;114294.76;1215944.86;19.70;74.19;70.54;3.44;10.755700154014;59.938205428342;256.91
6028.61;3252;3265;114293.01;1215944.45;19.71;74.14;70.60;3.33;10.755668804663;59.938201755783;256.98
6030.41;3253;3266;114291.35;1215944.07;19.71;74.11;70.65;3.24;10.755639190985;59.938198304266;257.05
6032.21;3254;3267;114289.50;1215943.65;19.72;74.06;70.67;3.20;10.755606082725;59.938194466831;257.12
6034.01;3255;3268;114287.74;1215943.25;19.72;74.00;70.70;3.15;10.755574708349;59.938190852250;257.19
6035.81;3256;3269;114285.99;1215942.85;19.73;73.94;70.73;3.09;10.755543325036;59.938187256694;257.26
6037.61;3257;3270;114284.23;1215942.45;19.73;73.88;70.69;3.09;10.755511932786;59.938183680161;257.33
6039.41;3258;3271;114282.57;1215942.08;19.74;73.85;70.63;3.13;10.755482277995;59.938180320141;257.40
6041.21;3259;3272;114280.72;1215941.67;19.74;73.76;70.49;3.24;10.755449125047;59.938176584168;257.46
6043.01;3260;3273;114278.96;1215941.28;19.75;73.67;70.38;3.32;10.755417707771;59.938173065614;257.54
6044.81;3261;3274;114277.20;1215940.90;19.75;73.59;70.22;3.45;10.755386283345;59.938169566083;257.61
6046.61;3262;3275;114275.44;1215940.51;19.76;73.64;70.17;3.47;10.755354848194;59.938166086483;257.68
6048.41;3263;3276;114273.78;1215940.15;19.76;73.65;70.09;3.52;10.755325154078;59.938162817054;257.74
6050.21;3264;3277;114271.93;1215939.75;19.77;73.66;70.01;3.56;10.755291956443;59.938159182543;257.81
6052.01;3265;3278;114270.17;1215939.37;19.78;73.66;69.86;3.68;10.755260498054;59.938155760921;257.89
6053.81;3266;3279;114268.41;1215939.00;19.78;73.58;69.69;3.81;10.755229032516;59.938152358323;257.96
6055.61;3267;3280;114266.64;1215938.62;19.79;73.61;69.36;4.09;10.755197556252;59.938148973843;258.02
6057.41;3268;3281;114264.98;1215938.27;19.79;73.65;68.88;4.55;10.755167824598;59.938145795911;258.09
6059.21;3269;3282;114263.12;1215937.88;19.80;73.73;68.37;5.05;10.755134584062;59.938142263768;258.16
6061.01;3270;3283;114261.36;1215937.52;19.80;73.81;68.07;5.33;10.755103084561;59.938138938172;258.23
6062.81;3271;3284;114259.60;1215937.15;19.81;73.90;67.49;5.89;10.755071577910;59.938135631601;258.30
6064.61;3272;3285;114257.83;1215936.79;19.81;73.88;66.94;6.44;10.755040064108;59.938132344053;258.37
6066.41;3273;3286;114256.17;1215936.45;19.82;73.87;66.29;7.10;10.755010293129;59.938129256712;258.44
6068.21;3274;3287;114254.31;1215936.07;19.82;73.83;65.64;7.75;10.754977011481;59.938125826937;258.51
6070.01;3275;3288;114252.54;1215935.71;19.83;73.82;65.34;8.06;10.754945474442;59.938122598273;258.58
6071.81;3276;3289;114250.78;1215935.36;19.83;73.81;64.72;8.69;10.754913928465;59.938119388634;258.65
6073.61;3277;3290;114249.01;1215935.01;19.84;73.80;64.08;9.33;10.754882375339;59.938116198019;258.72
6075.41;3278;3291;114247.35;1215934.67;19.84;73.77;63.46;9.92;10.754852568610;59.938113202175;258.78
6077.21;3279;3292;114245.48;1215934.31;19.85;73.75;63.26;10.07;10.754819247636;59.938109873861;258.85
6079.01;3280;3293;114243.71;1215933.96;19.85;73.73;62.91;10.37;10.754787671271;59.938106741225;258.92
6080.81;3281;3294;114241.95;1215933.62;19.86;73.62;62.53;10.70;10.754756087757;59.938103628518;259.00
6082.61;3282;3295;114240.18;1215933.28;19.86;73.57;62.15;11.03;10.754724497093;59.938100534835;259.06
6084.41;3283;3296;114238.51;1215932.96;19.87;73.55;61.94;11.19;10.754694654614;59.938097630488;259.13
6086.21;3284;3297;114236.64;1215932.60;19.88;73.59;61.52;11.56;10.754661294314;59.938094404542;259.20
6088.01;3285;3298;114234.88;1215932.26;19.88;73.63;61.47;11.56;10.754629682200;59.938091368838;259.27
6089.81;3286;3299;114233.11;1215931.93;19.89;73.63;61.41;11.59;10.754598061148;59.938088353064;259.34
6091.61;3287;3300;114231.34;1215931.60;19.89;73.54;61.34;11.66;10.754566434734;59.938085356313;259.41
6093.41;3288;3301;114229.67;1215931.29;19.90;73.59;61.19;11.81;10.754536558292;59.938082542557;259.47
6095.21;3289;3302;114227.80;1215930.95;19.90;75.43;61.04;11.96;10.754503160455;59.938079419885;259.55
6097.01;3290;3303;114226.03;1215930.62;19.91;76.45;60.96;12.04;10.754471510803;59.938076481113;259.62
6098.81;3291;3304;114224.26;1215930.30;19.91;76.44;61.47;11.53;10.754439855788;59.938073562271;259.69
6100.61;3292;3305;114222.49;1215929.98;19.92;76.49;61.74;11.25;10.754408193624;59.938070662453;259.76
6102.41;3293;3306;114220.81;1215929.68;19.92;76.30;62.25;10.67;10.754378285006;59.938067941099;259.82
6104.21;3294;3307;114218.94;1215929.35;19.93;76.24;62.90;9.94;10.754344849632;59.938064919890;259.89
6106.01;3295;3308;114217.17;1215929.03;19.93;76.25;63.24;9.53;10.754313166017;59.938062078050;259.96
6107.81;3296;3309;114215.40;1215928.72;19.94;76.25;63.84;8.85;10.754281477040;59.938059256140;260.03
6109.61;3297;3310;114213.62;1215928.41;19.94;76.26;64.50;8.11;10.754249780912;59.938056453255;260.10
6111.41;3298;3311;114211.95;1215928.12;19.95;76.27;65.14;7.46;10.754219840120;59.938053823398;260.17
6113.21;3299;3312;114210.08;1215927.80;19.95;76.28;65.81;6.85;10.754186368995;59.938050905462;260.24
6115.01;3300;3313;114208.30;1215927.50;19.96;76.28;66.14;6.59;10.754154653205;59.938048161460;260.31
6116.81;3301;3314;114206.53;1215927.19;19.97;76.25;66.76;6.04;10.754122930265;59.938045436483;260.38
6118.61;3302;3315;114204.75;1215926.90;19.97;76.28;67.33;5.54;10.754091200175;59.938042730530;260.45
6120.41;3303;3316;114203.07;1215926.62;19.98;76.31;67.90;5.03;10.754061228995;59.938040193076;260.52
6122.21;3304;3317;114201.20;1215926.30;19.98;76.31;68.45;4.55;10.754027723908;59.938037376602;260.58
6124.01;3305;3318;114199.42;1215926.01;19.99;76.32;68.71;4.29;10.753995975942;59.938034729533;260.66
6125.81;3306;3319;114197.65;1215925.72;19.99;76.28;69.26;3.74;10.753964220827;59.938032102394;260.73
6127.61;3307;3320;114195.87;1215925.43;20.00;75.29;69.76;3.24;10.753932460350;59.938029494279;260.80
6129.41;3308;3321;114194.19;1215925.16;20.00;74.91;70.14;2.86;10.753902458782;59.938027048322;260.86
6131.21;3309;3322;114192.32;1215924.87;20.01;74.58;70.32;2.68;10.753868919732;59.938024335122;260.93
6133.01;3310;3323;114190.54;1215924.58;20.01;74.67;70.66;2.35;10.753837141379;59.938021785891;261.01
6134.81;3311;3324;114188.76;1215924.30;20.02;74.74;71.01;1.99;10.753805355876;59.938019255684;261.07
6136.61;3312;3325;114186.98;1215924.03;20.02;74.73;71.36;1.64;10.753773565011;59.938016744502;261.14
6138.41;3313;3326;114185.30;1215923.77;20.03;74.63;71.53;1.47;10.753743533055;59.938014390947;261.21
6140.21;3314;3327;114183.42;1215923.48;20.03;74.48;71.58;1.42;10.753709963617;59.938011780115;261.28
6142.01;3315;3328;114181.64;1215923.21;20.04;73.77;71.62;1.38;10.753678154877;59.938009327816;261.35
6143.81;3316;3329;114179.86;1215922.94;20.04;73.50;71.67;1.33;10.753646340774;59.938006895448;261.42
6145.61;3317;3330;114178.08;1215922.67;20.05;73.28;71.64;1.36;10.753614519521;59.938004482104;261.49
6147.41;3318;3331;114176.40;1215922.42;20.05;73.12;71.42;1.58;10.753584460753;59.938002220047;261.55
6149.21;3319;3332;114174.52;1215922.15;20.06;73.09;70.78;2.22;10.753550860927;59.937999713394;261.63
6151.01;3320;3333;114172.74;1215921.89;20.07;73.08;70.10;2.90;10.753519023587;59.937997358934;261.70
6152.81;3321;3334;114170.96;1215921.63;20.07;73.09;69.44;3.68;10.753487179096;59.937995023498;261.77
6154.61;3322;3335;114169.18;1215921.37;20.08;73.12;69.05;4.22;10.753455331030;59.937992707992;261.84
6156.41;3323;3336;114167.50;1215921.13;20.08;73.13;68.12;5.30;10.753425247237;59.937990538337;261.90
6158.21;3324;3337;114165.61;1215920.87;20.09;73.22;67.15;6.42;10.753391617024;59.937988134052;261.97
6160.01;3325;3338;114163.83;1215920.62;20.09;73.36;66.29;7.28;10.753359751083;59.937985876524;262.04
6161.81;3326;3339;114162.05;1215920.37;20.10;73.48;65.42;8.01;10.753327881567;59.937983638927;262.11
6163.61;3327;3340;114160.27;1215920.13;20.10;73.48;64.98;8.30;10.753296004902;59.937981421259;262.18
6165.41;3328;3341;114158.58;1215919.90;20.11;73.53;63.99;9.18;10.753265894296;59.937979344007;262.25
6167.21;3329;3342;114156.70;1215919.64;20.11;73.56;63.01;10.14;10.753232237270;59.937977042996;262.32
6169.01;3330;3343;114154.91;1215919.41;20.12;73.55;62.74;10.38;10.753200346304;59.937974883306;262.39
6170.81;3331;3344;114153.13;1215919.17;20.12;73.48;62.63;10.48;10.753168448188;59.937972743547;262.46
6172.61;3332;3345;114151.34;1215918.94;20.13;73.42;62.40;10.69;10.753136546497;59.937970623718;262.53
6174.41;3333;3346;114149.66;1215918.72;20.13;73.38;62.23;10.84;10.753106412653;59.937968637963;262.59
6176.21;3334;3347;114147.77;1215918.47;20.14;73.35;62.13;10.93;10.753072728815;59.937966440225;262.66
6178.01;3335;3348;114145.99;1215918.25;20.15;73.34;62.08;10.96;10.753040811036;59.937964379280;262.74
6179.81;3336;3349;114144.20;1215918.02;20.15;73.32;61.74;11.28;10.753008889683;59.937962337359;262.81
6181.61;3337;3350;114142.42;1215917.80;20.16;73.26;61.39;11.62;10.752976962967;59.937960314462;262.87
6183.41;3338;3351;114140.73;1215917.59;20.16;73.20;61.02;11.98;10.752946805886;59.937958422016;262.94
6185.21;3339;3352;114138.84;1215917.36;20.17;73.14;60.66;12.34;10.752913095234;59.937956327552;263.01
6187.01;3340;3353;114137.06;1215917.14;20.17;73.12;60.50;12.50;10.752881154218;59.937954363539;263.08
6188.81;3341;3354;114135.27;1215916.93;20.18;73.07;60.20;12.81;10.752849209627;59.937952419456;263.15
6190.61;3342;3355;114133.48;1215916.71;20.18;72.99;59.79;13.21;10.752817259673;59.937950495303;263.22
6192.41;3343;3356;114131.79;1215916.52;20.19;73.02;59.38;13.63;10.752787079354;59.937948695260;263.29
6194.21;3344;3357;114129.91;1215916.30;20.19;73.01;58.96;14.04;10.752753345466;59.937946704070;263.36
6196.01;3345;3358;114128.12;1215916.09;20.20;73.01;58.75;14.25;10.752721381212;59.937944837895;263.43
6197.81;3346;3359;114126.33;1215915.89;20.20;73.04;58.33;14.67;10.752689413383;59.937942991651;263.50
6199.61;3347;3360;114124.54;1215915.68;20.21;73.11;58.51;14.50;10.752657440192;59.937941165336;263.57
6201.41;3348;3361;114122.85;1215915.50;20.21;73.13;58.95;14.05;10.752627240210;59.937939457696;263.63
6203.21;3349;3362;114120.96;1215915.29;20.22;73.11;59.17;13.83;10.752593483084;59.937937569779;263.70
6205.01;3350;3363;114119.17;1215915.09;20.22;73.04;59.23;13.77;10.752561497380;59.937935802349;263.78
6206.81;3351;3364;114117.38;1215914.90;20.23;73.03;59.35;13.65;10.752529508101;59.937934053943;263.84
6208.61;3352;3365;114115.59;1215914.71;20.23;72.90;59.48;13.52;10.752497515247;59.937932325466;263.92
6210.41;3353;3366;114113.90;1215914.53;20.24;72.80;60.00;13.00;10.752467293815;59.937930710229;263.98
6212.21;3354;3367;114112.01;1215914.33;20.25;72.75;60.45;12.55;10.752433515239;59.937928926492;264.05
6214.01;3355;3368;114110.22;1215914.15;20.25;72.81;60.62;12.41;10.752401508085;59.937927256900;264.12
6215.81;3356;3369;114108.43;1215913.97;20.26;72.82;60.97;12.06;10.752369499143;59.937925606332;264.19
6217.61;3357;3370;114106.64;1215913.79;20.26;72.83;61.34;11.70;10.752337484839;59.937923976600;264.26
6219.41;3358;3371;114104.95;1215913.62;20.27;72.80;61.77;11.26;10.752307247320;59.937922453765;264.32
6221.21;3359;3372;114103.06;1215913.43;20.27;72.80;62.01;11.01;10.752273445506;59.937920773302;264.40
6223.01;3360;3373;114101.27;1215913.26;20.28;72.89;62.48;10.53;10.752241420477;59.937919201548;264.47
6224.81;3361;3374;114099.48;1215913.09;20.28;72.92;62.98;10.01;10.752209391873;59.937917649724;264.54
6226.61;3362;3375;114097.68;1215912.92;20.29;72.91;63.48;9.46;10.752177359693;59.937916117831;264.61
6228.41;3363;3376;114095.99;1215912.76;20.29;72.95;63.97;8.92;10.752147102512;59.937914688305;264.67
6230.21;3364;3377;114094.10;1215912.59;20.30;73.00;64.22;8.63;10.752113282822;59.937913111115;264.74
6232.01;3365;3378;114092.31;1215912.42;20.30;73.08;64.73;8.08;10.752081239918;59.937911638106;264.82
6233.81;3366;3379;114090.51;1215912.26;20.31;73.04;65.29;7.48;10.752049193439;59.937910184120;264.88
6235.61;3367;3380;114088.72;1215912.11;20.31;73.03;65.87;6.85;10.752017143385;59.937908750065;264.95
6237.41;3368;3381;114087.03;1215911.96;20.32;73.09;66.42;6.27;10.751986870115;59.937907412941;265.02
6239.21;3369;3382;114085.13;1215911.80;20.32;73.10;66.70;5.96;10.751953032551;59.937905939932;265.09
6241.01;3370;3383;114083.34;1215911.64;20.33;73.09;67.09;5.56;10.751920971772;59.937904564760;265.16
6242.81;3371;3384;114081.55;1215911.49;20.34;73.06;67.29;5.36;10.751888907417;59.937903209519;265.23
6244.61;3372;3385;114079.75;1215911.35;20.34;73.07;67.49;5.15;10.751856841275;59.937901873302;265.30
6246.41;3373;3386;114078.06;1215911.21;20.35;72.99;67.70;4.95;10.751826551918;59.937900629487;265.37
6248.21;3374;3387;114076.16;1215911.06;20.35;72.99;67.80;4.84;10.751792698266;59.937899259751;265.44
6250.01;3375;3388;114074.37;1215910.92;20.36;73.04;67.74;4.89;10.751760621400;59.937897983324;265.51
6251.81;3376;3389;114072.58;1215910.78;20.36;73.02;67.60;5.02;10.751728542745;59.937896725921;265.58
6253.61;3377;3390;114070.78;1215910.64;20.37;72.98;67.46;5.13;10.751696460516;59.937895488448;265.65
6255.41;3378;3391;114069.09;1215910.52;20.37;72.92;67.39;5.19;10.751666156859;59.937894337037;265.71
6257.21;3379;3392;114067.19;1215910.38;20.38;72.90;67.25;5.32;10.751632287119;59.937893071480;265.78
6259.01;3380;3393;114065.40;1215910.25;20.38;72.88;67.10;5.47;10.751600195952;59.937891892891;265.86
6260.81;3381;3394;114063.60;1215910.12;20.39;72.84;66.95;5.60;10.751568102998;59.937890734232;265.93
6262.61;3382;3395;114061.80;1215909.99;20.39;72.86;66.81;5.73;10.751536006468;59.937889595504;266.00
6264.41;3383;3396;114060.11;1215909.87;20.40;72.83;66.73;5.80;10.751505690298;59.937888537401;266.06
6266.21;3384;3397;114058.21;1215909.75;20.40;72.81;66.59;5.91;10.751471804471;59.937887375118;266.13
6268.01;3385;3398;114056.42;1215909.63;20.41;72.82;66.47;6.03;10.751439700792;59.937886295273;266.20
6269.81;3386;3399;114054.62;1215909.51;20.41;72.81;66.43;6.06;10.751407593537;59.937885235359;266.27
6271.61;3387;3400;114052.82;1215909.40;20.42;72.82;66.38;6.11;10.751375484495;59.937884194468;266.34
6273.41;3388;3401;114051.13;1215909.29;20.42;72.81;66.36;6.13;10.751345155813;59.937883228768;266.40
6275.21;3389;3402;114049.23;1215909.17;20.43;72.79;66.31;6.18;10.751311257473;59.937882170665;266.48
6277.01;3390;3403;114047.43;1215909.06;20.44;72.75;66.26;6.22;10.751279141281;59.937881189565;266.55
6278.81;3391;3404;114045.64;1215908.96;20.44;72.73;66.23;6.23;10.751247023301;59.937880227488;266.62
6280.61;3392;3405;114043.84;1215908.85;20.45;72.74;66.29;6.15;10.751214901747;59.937879285342;266.69
6282.41;3393;3406;114042.14;1215908.76;20.45;72.99;66.32;6.09;10.751184562339;59.937878412951;266.75
6284.21;3394;3407;114040.25;1215908.65;20.46;72.82;66.38;6.00;10.751150651487;59.937877459027;266.82
6286.01;3395;3408;114038.45;1215908.55;20.46;72.68;66.44;5.92;10.751118524570;59.937876575765;266.89
6287.81;3396;3409;114036.65;1215908.46;20.47;72.64;66.49;5.83;10.751086394078;59.937875712433;266.97
6289.61;3397;3410;114034.85;1215908.37;20.47;72.65;66.54;5.75;10.751054261798;59.937874868125;267.03
6291.41;3398;3411;114033.16;1215908.28;20.48;72.64;66.57;5.68;10.751023913453;59.937874089042;267.10
6293.21;3399;3412;114031.26;1215908.19;20.48;72.62;66.66;5.57;10.750989991876;59.937873238393;267.17
6295.01;3400;3413;114029.46;1215908.10;20.49;72.59;66.75;5.47;10.750957854234;59.937872453875;267.24
6296.81;3401;3414;114027.66;1215908.02;20.49;72.59;66.84;5.37;10.750925714804;59.937871689287;267.31
6298.61;3402;3415;114025.86;1215907.93;20.50;72.55;66.93;5.27;10.750893573586;59.937870943723;267.38
6300.41;3403;3416;114024.17;1215907.86;20.50;72.53;66.97;5.22;10.750863216304;59.937870257949;267.45
6302.21;3404;3417;114022.27;1215907.77;20.51;72.51;67.05;5.11;10.750829285789;59.937869511479;267.51
6304.01;3405;3418;114020.47;1215907.70;20.52;72.48;67.14;5.02;10.750797139209;59.937868825705;267.59
6305.81;3406;3419;114018.67;1215907.63;20.52;72.44;67.22;4.92;10.750764990842;59.937868158955;267.66
6307.61;3407;3420;114016.87;1215907.55;20.53;72.46;67.30;4.82;10.750732840687;59.937867512136;267.73
6309.41;3408;3421;114015.17;1215907.49;20.53;72.48;67.33;4.78;10.750702476255;59.937866918764;267.79
6311.21;3409;3422;114013.27;1215907.42;20.54;72.45;67.38;4.70;10.750668536803;59.937866277380;267.86
6313.01;3410;3423;114011.48;1215907.35;20.54;72.37;67.46;4.60;10.750636383073;59.937865689445;267.93
6314.81;3411;3424;114009.68;1215907.29;20.55;72.39;67.54;4.51;10.750604227555;59.937865121439;268.00
6316.61;3412;3425;114007.88;1215907.23;20.55;72.38;67.61;4.41;10.750572072038;59.937864573363;268.07
6318.41;3413;3426;114006.18;1215907.17;20.56;72.31;67.65;4.35;10.750541700455;59.937864073301;268.14
6320.21;3414;3427;114004.28;1215907.11;20.56;72.29;67.71;4.28;10.750507753853;59.937863535191;268.21
6322.01;3415;3428;114002.48;1215907.06;20.57;72.26;67.75;4.21;10.750475592973;59.937863045999;268.28
6323.81;3416;3429;114000.68;1215907.01;20.57;72.26;67.79;4.13;10.750443432093;59.937862576738;268.35
6325.61;3417;3430;113998.88;1215906.96;20.58;72.22;67.83;4.05;10.750411269426;59.937862127406;268.42
6327.41;3418;3431;113997.18;1215906.91;20.58;72.21;67.85;3.97;10.750380892481;59.937861720653;268.49
6329.21;3419;3432;113995.28;1215906.87;20.59;72.20;67.89;3.88;10.750346940516;59.937861286722;268.56
6331.01;3420;3433;113993.48;1215906.82;20.59;72.17;67.93;3.81;10.750314774273;59.937860896275;268.63
6332.81;3421;3434;113991.68;1215906.78;20.60;72.17;67.97;3.76;10.750282608031;59.937860525758;268.70
6334.61;3422;3435;113989.88;1215906.74;20.61;72.14;68.01;3.70;10.750250440001;59.937860174265;268.76
6336.41;3423;3436;113988.19;1215906.71;20.61;72.04;68.02;3.67;10.750220059481;59.937859860820;268.83
6338.21;3424;3437;113986.29;1215906.67;20.62;72.03;68.05;3.63;10.750186102154;59.937859530163;268.90
6340.01;3425;3438;113984.49;1215906.64;20.62;72.08;68.07;3.61;10.750153932336;59.937859238460;268.97
6341.81;3426;3439;113982.69;1215906.61;20.63;71.98;68.08;3.62;10.750121762519;59.937858966687;269.04
6343.61;3427;3440;113980.89;1215906.58;20.63;71.96;68.09;3.62;10.750089590914;59.937858713938;269.11
6345.41;3428;3441;113979.19;1215906.56;20.64;72.03;68.09;3.63;10.750059206819;59.937858493801;269.18
6347.21;3429;3442;113977.29;1215906.53;20.64;72.17;68.10;3.64;10.750025245916;59.937858267324;269.25
6349.01;3430;3443;113975.49;1215906.51;20.65;72.33;68.10;3.66;10.749993074311;59.937858074365;269.32
6350.81;3431;3444;113973.69;1215906.49;20.65;72.20;68.09;3.69;10.749960900919;59.937857901336;269.39
6352.61;3432;3445;113971.89;1215906.48;20.66;72.11;68.08;3.73;10.749928727526;59.937857747332;269.46
6354.41;3433;3446;113970.19;1215906.46;20.66;72.25;68.08;3.75;10.749898339856;59.937857619598;269.52
6356.21;3434;3447;113968.29;1215906.45;20.67;72.23;68.07;3.79;10.749864378954;59.937857498206;269.60
6358.01;3435;3448;113966.49;1215906.44;20.67;72.19;68.06;3.82;10.749832203774;59.937857403086;269.67
6359.81;3436;3449;113964.69;1215906.43;20.68;72.17;67.99;3.92;10.749800030381;59.937857328801;269.74
6361.61;3437;3450;113962.89;1215906.42;20.68;72.15;67.91;4.02;10.749767855201;59.937857273541;269.81
6363.41;3438;3451;113961.19;1215906.42;20.69;72.22;67.88;4.09;10.749737467531;59.937857239116;269.87
6365.21;3439;3452;113959.29;1215906.42;20.69;72.28;67.80;4.19;10.749703504841;59.937857220998;269.94
6367.01;3440;3453;113957.49;1215906.42;20.70;72.24;67.73;4.27;10.749671329661;59.937857225527;270.02
6368.81;3441;3454;113955.69;1215906.42;20.71;72.17;67.65;4.35;10.749639154481;59.937857249081;270.08
6370.61;3442;3455;113953.89;1215906.43;20.71;72.20;67.34;4.66;10.749606979301;59.937857292565;270.15
6372.41;3443;3456;113952.19;1215906.43;20.72;72.25;67.19;4.85;10.749576591631;59.937857351449;270.22
6374.21;3444;3457;113950.29;1215906.44;20.72;72.29;66.90;5.20;10.749542630729;59.937857437510;270.29
6376.01;3445;3458;113948.49;1215906.45;20.73;72.40;66.63;5.54;10.749510455549;59.937857540784;270.36
6377.81;3446;3459;113946.69;1215906.47;20.73;72.49;66.46;5.77;10.749478282156;59.937857663082;270.43
6379.61;3447;3460;113944.89;1215906.48;20.74;72.54;66.40;5.90;10.749446108764;59.937857805310;270.50
6381.41;3448;3461;113943.19;1215906.50;20.74;72.55;66.37;5.99;10.749415722881;59.937857956597;270.56
6383.21;3449;3462;113941.29;1215906.52;20.75;72.56;66.30;6.12;10.749381761979;59.937858147744;270.64
6385.01;3450;3463;113939.49;1215906.54;20.75;72.67;66.24;6.25;10.749349588586;59.937858348856;270.71
6386.81;3451;3464;113937.69;1215906.57;20.76;72.77;66.17;6.35;10.749317416981;59.937858569898;270.78
6388.61;3452;3465;113935.89;1215906.59;20.76;72.94;66.12;6.47;10.749285245376;59.937858810870;270.85
6390.41;3453;3466;113934.19;1215906.62;20.77;72.94;66.13;6.53;10.749254861281;59.937859055466;270.91
6392.21;3454;3467;113932.29;1215906.65;20.77;72.99;66.15;6.58;10.749220903954;59.937859349886;270.98
6394.01;3455;3468;113930.49;1215906.69;20.78;73.00;66.16;6.63;10.749188734136;59.937859649743;271.05
6395.81;3456;3469;113928.69;1215906.72;20.78;73.06;66.20;6.66;10.749156566106;59.937859969529;271.12
6397.61;3457;3470;113926.89;1215906.76;20.79;73.11;66.26;6.66;10.749124398077;59.937860309245;271.19
6399.41;3458;3471;113925.19;1215906.80;20.80;73.12;66.32;6.66;10.749094017557;59.937860647150;271.26
6401.21;3459;3472;113923.29;1215906.84;20.80;73.27;66.44;6.57;10.749060063804;59.937861045750;271.33
6403.01;3460;3473;113921.49;1215906.88;20.81;73.37;66.55;6.51;10.749027899349;59.937861444350;271.40
6404.81;3461;3474;113919.69;1215906.93;20.81;73.43;66.68;6.45;10.748995734894;59.937861862881;271.47
6406.61;3462;3475;113917.89;1215906.98;20.82;73.47;66.80;6.39;10.748963570439;59.937862300435;271.54
6408.41;3463;3476;113916.19;1215907.03;20.82;73.51;66.86;6.39;10.748933195282;59.937862731648;271.60
6410.21;3464;3477;113914.29;1215907.08;20.83;73.61;66.99;6.31;10.748899246892;59.937863234429;271.67
6412.01;3465;3478;113912.49;1215907.14;20.83;73.74;67.15;6.21;10.748867086012;59.937863731773;271.75
6413.81;3466;3479;113910.70;1215907.19;20.84;73.79;67.32;6.11;10.748834928707;59.937864249048;271.82
6415.61;3467;3480;113908.90;1215907.25;20.84;73.78;67.48;6.01;10.748802769615;59.937864785346;271.88
6417.41;3468;3481;113907.20;1215907.31;20.85;73.81;67.56;5.97;10.748772399820;59.937865308962;271.95
6419.21;3469;3482;113905.30;1215907.38;20.85;74.00;67.73;5.89;10.748738458580;59.937865915922;272.02
6421.01;3470;3483;113903.50;1215907.44;20.86;74.00;67.87;5.83;10.748706304850;59.937866512011;272.09
6422.81;3471;3484;113901.70;1215907.51;20.86;74.09;68.02;5.77;10.748674152908;59.937867127124;272.16
6424.61;3472;3485;113899.90;1215907.58;20.87;74.32;68.17;5.71;10.748642002753;59.937867762167;272.23
6426.41;3473;3486;113898.20;1215907.65;20.87;74.30;68.25;5.73;10.748611640108;59.937868379997;272.30
6428.21;3474;3487;113896.31;1215907.73;20.88;74.46;68.40;5.65;10.748577706018;59.937869091137;272.37
6430.01;3475;3488;113894.51;1215907.80;20.89;74.49;68.55;5.66;10.748545559438;59.937869785064;272.44
6431.81;3476;3489;113892.71;1215907.88;20.89;74.42;68.70;5.67;10.748513416433;59.937870498921;272.51
6433.61;3477;3490;113890.91;1215907.96;20.90;74.47;68.77;5.74;10.748481273429;59.937871232708;272.58
6435.41;3478;3491;113889.21;1215908.04;20.90;74.41;68.92;5.75;10.748450917934;59.937871942941;272.64
6437.21;3479;3492;113887.31;1215908.13;20.91;74.52;69.08;5.74;10.748416994569;59.937872758260;272.72
6439.01;3480;3493;113885.52;1215908.22;20.91;74.67;69.27;5.69;10.748384856927;59.937873550932;272.79
6440.81;3481;3494;113883.72;1215908.31;20.92;74.74;69.38;5.74;10.748352721072;59.937874363533;272.86
6442.61;3482;3495;113881.92;1215908.40;20.92;74.82;69.43;5.86;10.748320588792;59.937875195158;272.92
6444.41;3483;3496;113880.22;1215908.49;20.93;74.84;69.55;5.98;10.748290242235;59.937875998700;272.99
6446.21;3484;3497;113878.33;1215908.59;20.93;74.94;69.65;6.02;10.748256327808;59.937876917293;273.06
6448.01;3485;3498;113876.53;1215908.69;20.94;75.08;69.76;6.02;10.748224200890;59.937877808709;273.13
6449.81;3486;3499;113874.73;1215908.79;20.94;75.16;69.88;6.05;10.748192077548;59.937878720054;273.20
6451.61;3487;3500;113872.94;1215908.89;20.95;75.18;69.93;6.07;10.748159954206;59.937879650424;273.27
6453.41;3488;3501;113871.24;1215908.99;20.95;75.22;70.04;5.96;10.748129618374;59.937880547275;273.34
6455.21;3489;3502;113869.34;1215909.11;20.96;75.29;70.15;5.85;10.748095716459;59.937881570047;273.41
6457.01;3490;3503;113867.54;1215909.21;20.96;75.34;70.26;5.73;10.748063600267;59.937882559301;273.48
6458.81;3491;3504;113865.75;1215909.33;20.97;75.44;70.38;5.50;10.748031485862;59.937883569390;273.55
6460.61;3492;3505;113863.95;1215909.44;20.98;75.50;70.41;5.39;10.747999375033;59.937884597598;273.62
6462.41;3493;3506;113862.26;1215909.55;20.98;75.55;70.48;5.33;10.747969051713;59.937885587758;273.69
6464.21;3494;3507;113860.36;1215909.67;20.99;75.54;70.55;5.36;10.747935160523;59.937886713804;273.75
6466.01;3495;3508;113858.56;1215909.79;20.99;75.61;70.62;5.37;10.747903058631;59.937887802708;273.83
6467.81;3496;3509;113856.77;1215909.92;21.00;75.70;70.69;5.31;10.747870956739;59.937888910636;273.90
6469.61;3497;3510;113854.97;1215910.04;21.00;75.78;70.73;5.27;10.747838858422;59.937890037588;273.96
6471.41;3498;3511;113853.28;1215910.16;21.01;75.84;70.80;5.20;10.747808547615;59.937891120150;274.03
6473.21;3499;3512;113851.38;1215910.30;21.01;75.97;70.87;5.13;10.747774670726;59.937892350376;274.10
6475.01;3500;3513;113849.59;1215910.43;21.02;75.94;70.94;5.06;10.747742581346;59.937893537118;274.17
6476.81;3501;3514;113847.79;1215910.56;21.02;75.98;71.01;4.99;10.747710493754;59.937894743790;274.24
6478.61;3502;3515;113846.00;1215910.70;21.03;75.93;71.05;4.95;10.747678409737;59.937895969486;274.31
6480.41;3503;3516;113844.30;1215910.82;21.03;75.91;71.10;4.90;10.747648111443;59.937897144452;274.38
6482.21;3504;3517;113842.41;1215910.97;21.04;75.87;71.12;4.88;10.747614250641;59.937898478857;274.45
6484.01;3505;3518;113840.61;1215911.11;21.04;75.94;71.15;4.86;10.747582175561;59.937899764343;274.52
6485.81;3506;3519;113838.82;1215911.26;21.05;75.92;71.17;4.83;10.747550104057;59.937901068854;274.59
6487.61;3507;3520;113837.02;1215911.40;21.05;75.74;71.18;4.82;10.747518036127;59.937902392388;274.66
6489.41;3508;3521;113835.33;1215911.54;21.06;75.66;71.21;4.79;10.747487750345;59.937903660662;274.72
6491.21;3509;3522;113833.44;1215911.70;21.06;75.66;71.23;4.72;10.747453907419;59.937905099247;274.79
6493.01;3510;3523;113831.64;1215911.86;21.07;75.66;71.26;4.64;10.747421848427;59.937906481666;274.86
6494.81;3511;3524;113829.85;1215912.01;21.08;75.58;71.29;4.56;10.747389793010;59.937907884921;274.94
6496.61;3512;3525;113828.06;1215912.17;21.08;75.53;71.31;4.50;10.747357739381;59.937909307199;275.00
6498.41;3513;3526;113826.36;1215912.32;21.09;75.49;71.34;4.42;10.747327471474;59.937910667876;275.07
6500.21;3514;3527;113824.47;1215912.49;21.09;75.42;71.34;4.37;10.747293646422;59.937912210641;275.14
6502.01;3515;3528;113822.68;1215912.65;21.10;75.41;71.32;4.33;10.747261603518;59.937913691804;275.21
6503.81;3516;3529;113820.89;1215912.82;21.10;75.45;71.31;4.29;10.747229565976;59.937915192897;275.28
6505.61;3517;3530;113819.09;1215912.99;21.11;75.32;71.29;4.25;10.747197530222;59.937916713014;275.35
6507.41;3518;3531;113817.40;1215913.15;21.11;75.25;71.27;4.23;10.747167278403;59.937918166999;275.42
6509.21;3519;3532;113815.51;1215913.33;21.12;75.23;71.24;4.26;10.747133471226;59.937919813038;275.49
6511.01;3520;3533;113813.72;1215913.50;21.12;75.25;71.22;4.28;10.747101447984;59.937921392039;275.56
6512.81;3521;3534;113811.93;1215913.68;21.13;75.21;71.19;4.27;10.747069428318;59.937922991876;275.63
6514.61;3522;3535;113810.14;1215913.86;21.13;75.16;71.18;4.25;10.747037412226;59.937924609831;275.69
6516.41;3523;3536;113808.44;1215914.03;21.14;75.16;71.15;4.24;10.747007178282;59.937926157125;275.77
6518.21;3524;3537;113806.55;1215914.22;21.14;75.16;71.13;4.22;10.746973390768;59.937927905532;275.83
6520.01;3525;3538;113804.76;1215914.41;21.15;75.10;71.05;4.26;10.746941387189;59.937929583277;275.91
6521.81;3526;3539;113802.97;1215914.59;21.15;75.15;70.97;4.31;10.746909387185;59.937931280952;275.98
6523.61;3527;3540;113801.18;1215914.78;21.16;75.16;70.93;4.31;10.746877390756;59.937932997652;276.04
6525.41;3528;3541;113799.49;1215914.96;21.17;75.14;70.85;4.35;10.746847174687;59.937934637349;276.11
6527.21;3529;3542;113797.60;1215915.17;21.17;75.10;70.76;4.40;10.746813410410;59.937936489935;276.18
6529.01;3530;3543;113795.82;1215915.36;21.18;75.08;70.68;4.44;10.746781426494;59.937938265518;276.25
6530.81;3531;3544;113794.03;1215915.56;21.18;75.08;70.64;4.45;10.746749447940;59.937940061032;276.32
6532.61;3532;3545;113792.24;1215915.76;21.19;75.08;70.56;4.49;10.746717472961;59.937941875570;276.39
6534.41;3533;3546;113790.55;1215915.95;21.19;75.09;70.48;4.54;10.746687276555;59.937943607670;276.46
6536.21;3534;3547;113788.66;1215916.17;21.20;75.02;70.39;4.61;10.746653535516;59.937945563529;276.53
6538.01;3535;3548;113786.87;1215916.38;21.20;74.93;70.27;4.74;10.746621573050;59.937947437857;276.60
6539.81;3536;3549;113785.08;1215916.59;21.21;74.92;70.20;4.79;10.746589615946;59.937949331209;276.67
6541.61;3537;3550;113783.30;1215916.80;21.21;74.93;70.06;4.92;10.746557662417;59.937951243585;276.73
6543.41;3538;3551;113781.61;1215917.00;21.22;74.89;69.93;5.03;10.746527489248;59.937953068088;276.80
6545.21;3539;3552;113779.72;1215917.23;21.22;75.05;69.82;5.13;10.746493769660;59.937955127221;276.87
6547.01;3540;3553;113777.94;1215917.44;21.23;74.92;69.76;5.18;10.746461832219;59.937957099387;276.95
6548.81;3541;3554;113776.15;1215917.66;21.23;74.83;69.64;5.27;10.746429896565;59.937959090577;277.01
6550.61;3542;3555;113774.36;1215917.88;21.24;74.79;69.53;5.38;10.746397968061;59.937961101698;277.08
6552.41;3543;3556;113772.68;1215918.10;21.24;74.68;69.41;5.48;10.746367816343;59.937963018603;277.15
6554.21;3544;3557;113770.79;1215918.34;21.25;74.71;69.29;5.57;10.746334123567;59.937965181010;277.22
6556.01;3545;3558;113769.01;1215918.56;21.26;74.82;69.24;5.60;10.746302207576;59.937967251015;277.29
6557.81;3546;3559;113767.22;1215918.79;21.26;74.79;69.12;5.68;10.746270298735;59.937969340043;277.36
6559.61;3547;3560;113765.44;1215919.03;21.27;74.80;68.99;5.77;10.746238393469;59.937971449002;277.43
6561.41;3548;3561;113763.75;1215919.25;21.27;74.69;68.83;5.89;10.746208264988;59.937973457404;277.49
6563.21;3549;3562;113761.87;1215919.50;21.28;74.57;68.70;5.98;10.746174599024;59.937975723991;277.57
6565.01;3550;3563;113760.08;1215919.74;21.28;74.67;68.63;6.01;10.746142709846;59.937977890928;277.64
6566.81;3551;3564;113758.30;1215919.98;21.29;74.60;68.49;6.12;10.746110824242;59.937980077794;277.71
6568.61;3552;3565;113756.52;1215920.22;21.29;74.61;68.33;6.24;10.746078945789;59.937982284591;277.78
6570.41;3553;3566;113754.83;1215920.46;21.30;74.58;68.17;6.39;10.746048842333;59.937984386302;277.84
6572.21;3554;3567;113752.95;1215920.72;21.30;74.64;68.01;6.54;10.746015203183;59.937986755257;277.91
6574.01;3555;3568;113751.17;1215920.97;21.31;74.87;67.93;6.65;10.745983340817;59.937989020032;277.98
6575.81;3556;3569;113749.38;1215921.22;21.31;74.80;67.78;6.85;10.745951482026;59.937991304737;278.05
6577.61;3557;3570;113747.60;1215921.47;21.32;74.78;67.61;7.05;10.745919630385;59.937993609372;278.13
6579.41;3558;3571;113745.92;1215921.72;21.32;74.81;67.46;7.24;10.745889551955;59.937995802580;278.19
6581.21;3559;3572;113744.04;1215921.99;21.33;74.78;67.32;7.37;10.745855941404;59.937998274809;278.26
6583.01;3560;3573;113742.26;1215922.25;21.33;74.92;67.25;7.46;10.745824107638;59.938000637422;278.33
6584.81;3561;3574;113740.48;1215922.51;21.34;74.78;67.11;7.61;10.745792277448;59.938003019965;278.40
6586.61;3562;3575;113738.70;1215922.78;21.35;74.77;66.98;7.77;10.745760452620;59.938005421533;278.47
6588.41;3563;3576;113737.02;1215923.03;21.35;74.77;66.85;7.93;10.745730401002;59.938007707143;278.53
6590.21;3564;3577;113735.14;1215923.31;21.36;74.78;66.79;8.00;10.745696820839;59.938010282646;278.61
6592.01;3565;3578;113733.36;1215923.59;21.36;74.76;66.69;8.13;10.745665015673;59.938012743097;278.68
6593.81;3566;3579;113731.58;1215923.86;21.37;74.73;66.58;8.26;10.745633214083;59.938015222573;278.75
6595.61;3567;3580;113729.80;1215924.14;21.37;74.72;66.48;8.38;10.745601419643;59.938017721979;278.82
6597.41;3568;3581;113728.12;1215924.40;21.38;74.72;66.37;8.51;10.745571396625;59.938020099992;278.88
6599.21;3569;3582;113726.24;1215924.69;21.38;74.73;66.32;8.58;10.745537846850;59.938022777862;278.95
6601.01;3570;3583;113724.47;1215924.98;21.39;74.79;66.23;8.69;10.745506070284;59.938025336152;279.03
6602.81;3571;3584;113722.69;1215925.26;21.39;74.79;66.14;8.80;10.745474299081;59.938027913466;279.09
6604.61;3572;3585;113720.91;1215925.55;21.40;74.88;66.05;8.91;10.745442535029;59.938030509804;279.16
6606.41;3573;3586;113719.23;1215925.82;21.40;74.93;65.97;9.02;10.745412540611;59.938032979315;279.23
6608.21;3574;3587;113717.36;1215926.13;21.41;74.99;65.92;9.08;10.745379024798;59.938035760458;279.30
6610.01;3575;3588;113715.58;1215926.42;21.41;74.96;65.84;9.16;10.745347278621;59.938038415681;279.37
6611.81;3576;3589;113713.81;1215926.71;21.42;75.01;65.75;9.25;10.745315539593;59.938041089927;279.44
6613.61;3577;3590;113712.03;1215927.01;21.42;75.10;65.67;9.33;10.745283807716;59.938043784103;279.51
6615.41;3578;3591;113710.36;1215927.29;21.43;75.13;65.62;9.39;10.745253841898;59.938046346017;279.58
6617.21;3579;3592;113708.48;1215927.61;21.43;75.15;65.53;9.52;10.745220360048;59.938049229528;279.64
6619.01;3580;3593;113706.71;1215927.92;21.44;75.18;65.44;9.66;10.745188646046;59.938051981683;279.72
6620.81;3581;3594;113704.94;1215928.22;21.45;75.26;65.36;9.79;10.745156940981;59.938054753768;279.79
6622.61;3582;3595;113703.16;1215928.53;21.45;75.36;65.27;9.93;10.745125239491;59.938057544876;279.86
6624.41;3583;3596;113701.49;1215928.82;21.46;75.38;65.22;10.02;10.745095307636;59.938060198287;279.92
6626.21;3584;3597;113699.62;1215929.15;21.46;75.40;65.14;10.15;10.745061859749;59.938063185072;279.99
6628.01;3585;3598;113697.84;1215929.47;21.47;75.62;65.05;10.28;10.745030179709;59.938066034159;280.06
6629.81;3586;3599;113696.07;1215929.78;21.47;75.58;64.96;10.41;10.744998506820;59.938068903176;280.13
6631.61;3587;3600;113694.30;1215930.10;21.48;75.56;64.92;10.50;10.744966839293;59.938071791217;280.20
6633.41;3588;3601;113692.63;1215930.41;21.48;75.55;64.84;10.63;10.744936939613;59.938074537030;280.27
6635.21;3589;3602;113690.76;1215930.75;21.49;75.56;64.75;10.75;10.744903527476;59.938077625277;280.34
6637.01;3590;3603;113688.99;1215931.07;21.49;75.64;64.66;10.87;10.744871883186;59.938080572203;280.41
6638.81;3591;3604;113687.22;1215931.40;21.50;75.64;64.57;11.01;10.744840244259;59.938083538152;280.48
6640.61;3592;3605;113685.45;1215931.73;21.50;75.68;64.54;11.09;10.744808612482;59.938086523125;280.55
6642.41;3593;3606;113683.78;1215932.04;21.51;75.78;64.46;11.22;10.744778744978;59.938089360435;280.62
6644.21;3594;3607;113681.91;1215932.40;21.51;75.79;64.39;11.34;10.744745372166;59.938092551050;280.68
6646.01;3595;3608;113680.14;1215932.73;21.52;75.78;64.31;11.45;10.744713761839;59.938095594908;280.76
6647.81;3596;3609;113678.37;1215933.07;21.52;75.80;64.27;11.53;10.744682160450;59.938098657790;280.83
6649.61;3597;3610;113676.61;1215933.41;21.53;75.88;64.20;11.65;10.744650564423;59.938101738790;280.89
6651.41;3598;3611;113674.94;1215933.73;21.54;75.95;64.11;11.79;10.744620727306;59.938104656726;280.92
6653.21;3599;3612;113673.07;1215934.09;21.54;76.08;64.02;11.94;10.744587379520;59.938107917096;280.92
6655.01;3600;3613;113671.30;1215934.43;21.55;76.11;63.98;12.02;10.744555787068;59.938111005343;280.92
6656.81;3601;3614;113669.54;1215934.77;21.55;76.14;63.89;12.11;10.744524194616;59.938114094496;280.92
6658.61;3602;3615;113667.77;1215935.11;21.56;76.16;63.81;12.21;10.744492602165;59.938117183649;280.92
6660.41;3603;3616;113666.10;1215935.44;21.56;76.21;63.73;12.30;10.744462765048;59.938120100679;280.92
6662.21;3604;3617;113664.23;1215935.80;21.57;76.20;63.69;12.36;10.744429417261;59.938123361050;280.92
6664.01;3605;3618;113662.47;1215936.14;21.57;76.16;63.66;12.40;10.744397824809;59.938126450203;280.92
6665.81;3606;3619;113660.70;1215936.48;21.58;76.18;63.62;12.46;10.744366232358;59.938129539356;280.92
6667.61;3607;3620;113658.93;1215936.82;21.58;76.13;63.57;12.53;10.744334639906;59.938132628509;280.92
6669.41;3608;3621;113657.26;1215937.14;21.59;76.18;63.52;12.59;10.744304802789;59.938135545539;280.92
6671.21;3609;3622;113655.40;1215937.50;21.59;76.27;63.50;12.62;10.744271455002;59.938138805909;280.92
6673.01;3610;3623;113653.63;1215937.84;21.60;76.28;63.45;12.68;10.744239862551;59.938141895062;280.92
6674.81;3611;3624;113651.86;1215938.18;21.60;76.25;63.41;12.73;10.744208270099;59.938144984215;280.92
6676.61;3612;3625;113650.10;1215938.52;21.61;76.19;63.36;12.79;10.744176677647;59.938148072463;280.92
6678.41;3613;3626;113648.43;1215938.85;21.61;76.16;63.33;12.83;10.744146840530;59.938150990399;280.92
6680.21;3614;3627;113646.56;1215939.21;21.62;76.13;63.28;12.89;10.744113492744;59.938154250769;280.92
6682.01;3615;3628;113644.79;1215939.55;21.63;76.20;63.23;12.95;10.744081900292;59.938157339922;280.92
6683.81;3616;3629;113643.03;1215939.89;21.63;76.19;63.17;13.01;10.744050307840;59.938160428169;280.92
6685.61;3617;3630;113641.26;1215940.23;21.64;76.17;63.12;13.07;10.744018715388;59.938163517322;280.92
6687.41;3618;3631;113639.59;1215940.55;21.64;76.16;63.10;13.11;10.743988878272;59.938166434352;280.92
6689.21;3619;3632;113637.72;1215940.91;21.65;76.25;63.04;13.18;10.743955530485;59.938169695628;280.92
6691.01;3620;3633;113635.96;1215941.25;21.65;76.27;62.99;13.25;10.743923938033;59.938172783876;280.92
6692.81;3621;3634;113634.19;1215941.59;21.66;76.27;62.94;13.32;10.743892345581;59.938175873029;280.92
6694.61;3622;3635;113632.42;1215941.93;21.66;76.32;62.91;13.36;10.743860753130;59.938178962182;280.92
6696.41;3623;3636;113630.75;1215942.26;21.67;76.16;62.86;13.43;10.743830914225;59.938181879212;280.92
6698.21;3624;3637;113628.89;1215942.62;21.67;76.15;62.81;13.49;10.743797568226;59.938185139582;280.92
6700.01;3625;3638;113627.12;1215942.96;21.68;76.15;62.76;13.54;10.743765975774;59.938188228735;280.92
6701.81;3626;3639;113625.35;1215943.30;21.68;76.16;62.75;13.53;10.743734381535;59.938191317888;280.92
6703.61;3627;3640;113623.58;1215943.64;21.69;76.21;62.75;13.52;10.743702789084;59.938194407041;280.92
6705.41;3628;3641;113621.92;1215943.96;21.69;76.20;62.75;13.51;10.743672951967;59.938197324072;280.92
6707.21;3629;3642;113620.05;1215944.32;21.70;76.27;62.75;13.49;10.743639604180;59.938200584442;280.92
6709.01;3630;3643;113618.28;1215944.66;21.70;76.34;62.75;13.48;10.743608011728;59.938203673595;280.92
6710.81;3631;3644;113616.52;1215945.00;21.71;76.33;62.75;13.47;10.743576419277;59.938206762748;280.92
6712.61;3632;3645;113614.75;1215945.34;21.72;76.27;62.75;13.46;10.743544826825;59.938209850995;280.92
6714.41;3633;3646;113613.08;1215945.67;21.72;76.28;62.75;13.47;10.743514989708;59.938212768931;280.92
6716.21;3634;3647;113611.21;1215946.03;21.73;76.27;62.75;13.47;10.743481641921;59.938216029301;280.92
6718.01;3635;3648;113609.45;1215946.37;21.73;76.26;62.75;13.47;10.743450049470;59.938219117548;280.92
6719.81;3636;3649;113607.68;1215946.71;21.74;76.21;62.76;13.47;10.743418457018;59.938222206701;280.92
6721.61;3637;3650;113605.91;1215947.05;21.74;76.21;62.77;13.47;10.743386864566;59.938225295855;280.92
6723.41;3638;3651;113604.24;1215947.37;21.75;76.34;62.81;13.45;10.743357027449;59.938228212885;280.92
6725.21;3639;3652;113602.38;1215947.73;21.75;76.33;62.83;13.46;10.743323679663;59.938231473255;280.92
6727.01;3640;3653;113600.61;1215948.07;21.76;76.44;62.88;13.46;10.743292087211;59.938234562408;280.92
6728.81;3641;3654;113598.84;1215948.41;21.76;76.51;62.92;13.45;10.743260494759;59.938237651561;280.92
6730.61;3642;3655;113597.07;1215948.75;21.77;76.62;62.95;13.46;10.743228902307;59.938240740714;280.92
6732.41;3643;3656;113595.40;1215949.08;21.77;76.64;62.96;13.49;10.743199065190;59.938243657744;280.92
6734.21;3644;3657;113593.54;1215949.44;21.78;76.42;62.98;13.52;10.743165717404;59.938246918114;280.92
6736.01;3645;3658;113591.77;1215949.78;21.78;76.36;62.99;13.51;10.743134124952;59.938250007268;280.92
6737.81;3646;3659;113590.00;1215950.12;21.79;76.34;63.01;13.49;10.743102532500;59.938253096421;280.92
6739.61;3647;3660;113588.24;1215950.46;21.79;76.46;63.03;13.47;10.743070940049;59.938256184668;280.92
6741.41;3648;3661;113586.57;1215950.78;21.80;76.50;63.03;13.47;10.743041102932;59.938259102604;280.92
6743.21;3649;3662;113584.70;1215951.14;21.80;76.59;63.08;13.43;10.743007755145;59.938262362974;280.92
6745.01;3650;3663;113582.93;1215951.48;21.81;76.63;63.14;13.36;10.742976162693;59.938265452127;280.92
6746.81;3651;3664;113581.17;1215951.82;21.82;76.66;63.21;13.29;10.742944570242;59.938268540374;280.92
6748.61;3652;3665;113579.40;1215952.16;21.82;76.72;63.24;13.26;10.742912977790;59.938271629527;280.92
6750.41;3653;3666;113577.73;1215952.48;21.83;76.56;63.27;13.23;10.742883140673;59.938274546558;280.92
6752.21;3654;3667;113575.86;1215952.84;21.83;76.70;63.28;13.22;10.742849792887;59.938277807834;280.92
6754.01;3655;3668;113574.10;1215953.19;21.84;76.77;63.30;13.20;10.742818200435;59.938280896081;280.92
6755.81;3656;3669;113572.33;1215953.53;21.84;76.77;63.31;13.19;10.742786607983;59.938283985234;280.92
6757.61;3657;3670;113570.56;1215953.87;21.85;76.82;63.48;13.02;10.742755015531;59.938287074387;280.92
6759.41;3658;3671;113568.89;1215954.19;21.85;76.86;63.57;12.92;10.742725178414;59.938289991417;280.92
6761.21;3659;3672;113567.03;1215954.55;21.86;76.86;63.65;12.91;10.742691830628;59.938293251787;280.92
6763.01;3660;3673;113565.26;1215954.89;21.86;76.79;63.69;12.94;10.742660238176;59.938296340940;280.92
6764.81;3661;3674;113563.49;1215955.23;21.87;76.70;63.81;12.88;10.742628645724;59.938299430094;280.92
6766.61;3662;3675;113561.73;1215955.57;21.87;76.48;63.93;12.77;10.742597053273;59.938302519247;280.92
6768.41;3663;3676;113560.06;1215955.89;21.88;76.25;64.05;12.64;10.742567216156;59.938305436277;280.92
6770.21;3664;3677;113558.19;1215956.25;21.88;76.10;64.17;12.53;10.742533868369;59.938308696647;280.92
6772.01;3665;3678;113556.42;1215956.60;21.89;75.84;64.24;12.51;10.742502275917;59.938311785800;280.92
6773.81;3666;3679;113554.66;1215956.94;21.89;75.53;64.36;12.42;10.742470683466;59.938314874953;280.92
6775.61;3667;3680;113552.89;1215957.28;21.90;75.23;64.49;12.31;10.742439091014;59.938317963200;280.92
6777.41;3668;3681;113551.22;1215957.60;21.91;75.04;64.62;12.16;10.742409253897;59.938320881136;280.92
6779.21;3669;3682;113549.35;1215957.96;21.91;74.72;64.69;12.06;10.742375906110;59.938324141506;280.92
6781.01;3670;3683;113547.59;1215958.30;21.92;74.33;64.75;11.97;10.742344313659;59.938327230660;280.92
6782.81;3671;3684;113545.82;1215958.64;21.92;73.97;64.60;12.08;10.742312721207;59.938330318907;280.92
6784.61;3672;3685;113544.05;1215958.98;21.93;73.79;64.14;12.51;10.742281128755;59.938333408060;280.92
6786.41;3673;3686;113542.38;1215959.30;21.93;73.37;63.90;12.71;10.742251291638;59.938336325090;280.92
6788.21;3674;3687;113540.52;1215959.66;21.94;73.31;63.42;13.15;10.742217943852;59.938339586366;280.92
6790.01;3675;3688;113538.75;1215960.01;21.94;73.47;62.95;13.59;10.742186351400;59.938342674613;280.92
6791.81;3676;3689;113536.98;1215960.35;21.95;73.63;62.48;14.03;10.742154758948;59.938345763766;280.92
6793.61;3677;3690;113535.21;1215960.69;21.95;73.89;61.93;14.57;10.742123166497;59.938348852919;280.92
6795.41;3678;3691;113533.55;1215961.01;21.96;74.05;61.68;14.82;10.742093329380;59.938351769950;280.92
6797.21;3679;3692;113531.68;1215961.37;21.96;74.22;61.18;15.32;10.742059981593;59.938355030320;280.92
6799.01;3680;3693;113529.91;1215961.71;21.97;74.40;60.67;15.83;10.742028389141;59.938358119473;280.92
6800.81;3681;3694;113528.15;1215962.05;21.97;74.66;60.07;16.43;10.741996796690;59.938361208626;280.92
6802.61;3682;3695;113526.38;1215962.39;21.98;74.85;59.78;16.72;10.741965204238;59.938364296873;280.92
6804.41;3683;3696;113524.71;1215962.71;21.98;75.02;59.37;17.13;10.741935365333;59.938367214809;280.92
6806.21;3684;3697;113522.84;1215963.07;21.99;75.21;58.97;17.53;10.741902019334;59.938370475179;280.92
6808.01;3685;3698;113521.08;1215963.42;22.00;75.40;58.57;17.93;10.741870426883;59.938373564332;280.92
6809.81;3686;3699;113519.31;1215963.76;22.00;75.66;58.36;18.14;10.741838834431;59.938376652580;280.92
6811.61;3687;3700;113517.54;1215964.10;22.01;75.75;57.93;18.57;10.741807241979;59.938379741733;280.92
6813.41;3688;3701;113515.87;1215964.42;22.01;76.01;57.57;18.93;10.741777403075;59.938382658763;280.92
6815.21;3689;3702;113514.01;1215964.78;22.02;76.20;57.29;19.21;10.741744055288;59.938385920039;280.92
6817.01;3690;3703;113512.24;1215965.12;22.02;76.48;57.16;19.34;10.741712462836;59.938389008286;280.92
6818.81;3691;3704;113510.47;1215965.46;22.03;76.61;56.90;19.61;10.741680870385;59.938392097439;280.92
6820.61;3692;3705;113508.70;1215965.80;22.03;76.79;56.62;19.88;10.741649277933;59.938395186592;280.92
6822.41;3693;3706;113507.03;1215966.12;22.04;76.61;56.30;20.20;10.741619440816;59.938398103623;280.92
6824.21;3694;3707;113505.17;1215966.48;22.04;76.47;55.87;20.63;10.741586093029;59.938401363993;280.92
6826.01;3695;3708;113503.40;1215966.82;22.05;76.45;55.67;20.83;10.741554500578;59.938404453146;280.92
6827.81;3696;3709;113501.63;1215967.17;22.05;76.51;55.19;21.32;10.741522908126;59.938407542299;280.92
6829.61;3697;3710;113499.87;1215967.51;22.06;76.51;54.66;21.84;10.741491315674;59.938410631452;280.92
6831.41;3698;3711;113498.20;1215967.83;22.06;76.55;54.11;22.39;10.741461478557;59.938413548482;280.92
6833.21;3699;3712;113496.33;1215968.19;22.07;76.50;53.83;22.67;10.741428130771;59.938416808852;280.92
6835.01;3700;3713;113494.56;1215968.53;22.07;76.50;53.75;22.78;10.741396538319;59.938419898005;280.92
6836.81;3701;3714;113492.80;1215968.87;22.08;76.55;53.70;22.86;10.741364945867;59.938422987158;280.92
6838.61;3702;3715;113491.03;1215969.21;22.09;76.54;53.64;22.95;10.741333353415;59.938426075406;280.92
6840.41;3703;3716;113489.36;1215969.53;22.09;76.44;53.54;23.06;10.741303516299;59.938428993342;280.92
6842.21;3704;3717;113487.49;1215969.89;22.10;76.41;53.43;23.09;10.741270168512;59.938432253712;280.92
6844.01;3705;3718;113485.73;1215970.23;22.10;76.38;53.24;23.26;10.741238576060;59.938435342865;280.92
6845.81;3706;3719;113483.96;1215970.58;22.11;76.41;53.14;23.36;10.741206983609;59.938438431112;280.92
6847.61;3707;3720;113482.19;1215970.92;22.11;76.30;53.03;23.47;10.741175391157;59.938441520265;280.92
6849.41;3708;3721;113480.52;1215971.24;22.12;76.28;52.98;23.52;10.741145554040;59.938444437295;280.92
6851.21;3709;3722;113478.66;1215971.60;22.12;76.29;52.88;23.62;10.741112206253;59.938447698571;280.92
6853.01;3710;3723;113476.89;1215971.94;22.13;76.31;52.84;23.66;10.741080613802;59.938450786819;280.92
6854.81;3711;3724;113475.12;1215972.28;22.13;76.32;52.90;23.61;10.741049021350;59.938453875972;280.92
6856.61;3712;3725;113473.36;1215972.62;22.14;76.40;52.85;23.65;10.741017428898;59.938456965125;280.92
6858.41;3713;3726;113471.69;1215972.94;22.14;76.46;52.73;23.77;10.740987591781;59.938459882155;280.92
6860.21;3714;3727;113469.82;1215973.30;22.15;76.50;52.61;23.89;10.740954243995;59.938463142525;280.92
6862.01;3715;3728;113468.05;1215973.64;22.15;76.47;52.49;24.01;10.740922651543;59.938466231678;280.92
6863.81;3716;3729;113466.29;1215973.99;22.16;76.49;52.44;24.06;10.740891059091;59.938469320831;280.92
6865.61;3717;3730;113464.52;1215974.33;22.16;76.51;52.32;24.18;10.740859466639;59.938472409984;280.92
6867.41;3718;3731;113462.85;1215974.65;22.17;76.53;52.19;24.31;10.740829629522;59.938475327015;280.92
6869.21;3719;3732;113460.98;1215975.01;22.17;76.54;52.06;24.44;10.740796281736;59.938478587385;280.92
6871.01;3720;3733;113459.22;1215975.35;22.18;76.61;51.99;24.51;10.740764689284;59.938481676538;280.92
6872.81;3721;3734;113457.45;1215975.69;22.19;76.62;51.86;24.64;10.740733096832;59.938484765691;280.92
6874.61;3722;3735;113455.68;1215976.03;22.19;76.62;51.79;24.71;10.740701504381;59.938487853938;280.92
6876.41;3723;3736;113454.01;1215976.35;22.20;76.61;51.82;24.68;10.740671667264;59.938490771874;280.92
6878.21;3724;3737;113452.15;1215976.71;22.20;76.60;51.77;24.73;10.740638319477;59.938494032244;280.92
6880.01;3725;3738;113450.38;1215977.05;22.21;76.59;51.75;24.75;10.740606727025;59.938497120491;280.92
6881.81;3726;3739;113448.61;1215977.40;22.21;76.58;51.70;24.80;10.740575134574;59.938500209645;280.92
6883.61;3727;3740;113446.84;1215977.74;22.22;76.56;51.66;24.85;10.740543542122;59.938503298798;280.92
6885.41;3728;3741;113445.18;1215978.06;22.22;76.54;51.77;24.73;10.740513705005;59.938506215828;280.92
6887.21;3729;3742;113443.31;1215978.42;22.23;76.53;51.88;24.62;10.740480357219;59.938509476198;280.92
6889.01;3730;3743;113441.54;1215978.76;22.23;76.45;52.05;24.45;10.740448764767;59.938512565351;280.92
6890.81;3731;3744;113439.77;1215979.10;22.24;76.42;52.16;24.34;10.740417172315;59.938515654504;280.92
6892.61;3732;3745;113438.01;1215979.44;22.24;76.49;52.27;24.23;10.740385579863;59.938518743657;280.92
6894.41;3733;3746;113436.34;1215979.76;22.25;76.44;52.38;24.12;10.740355742746;59.938521660687;280.92
6896.21;3734;3747;113434.47;1215980.12;22.25;76.34;52.52;23.98;10.740322394960;59.938524921058;280.92
6898.01;3735;3748;113432.71;1215980.46;22.26;76.29;52.81;23.69;10.740290802508;59.938528010211;280.92
6899.81;3736;3749;113430.94;1215980.80;22.26;76.23;53.02;23.48;10.740259210056;59.938531099364;280.92
6901.61;3737;3750;113429.17;1215981.15;22.27;76.21;53.10;23.39;10.740227617605;59.938534187611;280.92
6903.41;3738;3751;113427.50;1215981.47;22.28;76.14;53.15;23.34;10.740197780488;59.938537105547;280.92
6905.21;3739;3752;113425.64;1215981.83;22.28;76.18;53.24;23.23;10.740164432701;59.938540365917;280.92
6907.01;3740;3753;113423.87;1215982.17;22.29;76.21;53.36;23.09;10.740132840249;59.938543455070;280.92
6908.81;3741;3754;113422.10;1215982.51;22.29;76.24;53.49;22.95;10.740101247798;59.938546543317;280.92
6910.61;3742;3755;113420.33;1215982.85;22.30;76.24;53.56;22.87;10.740069655346;59.938549632471;280.92
6912.41;3743;3756;113418.66;1215983.17;22.30;76.21;53.52;22.88;10.740039816441;59.938552549501;280.92
6914.21;3744;3757;113416.80;1215983.53;22.31;76.19;53.45;22.94;10.740006470442;59.938555810777;280.92
6916.01;3745;3758;113415.03;1215983.87;22.31;76.19;53.38;23.00;10.739974877991;59.938558899024;280.92
6917.81;3746;3759;113413.26;1215984.21;22.32;76.13;53.32;23.04;10.739943285539;59.938561988177;280.92
6919.61;3747;3760;113411.50;1215984.56;22.32;76.12;53.34;23.00;10.739911693087;59.938565077330;280.92
6921.41;3748;3761;113409.83;1215984.88;22.33;76.15;53.40;22.93;10.739881854183;59.938567994360;280.92
6923.21;3749;3762;113407.96;1215985.24;22.33;76.18;53.45;22.86;10.739848506396;59.938571254730;280.92
6925.01;3750;3763;113406.19;1215985.58;22.34;76.15;53.48;22.78;10.739816913944;59.938574343883;280.92
6926.81;3751;3764;113404.43;1215985.92;22.34;76.14;53.60;22.63;10.739785321493;59.938577433037;280.92
6928.61;3752;3765;113402.66;1215986.26;22.35;76.10;53.78;22.43;10.739753729041;59.938580522190;280.92
6930.41;3753;3766;113400.99;1215986.58;22.35;76.12;53.96;22.24;10.739723891924;59.938583439220;280.92
6932.21;3754;3767;113399.12;1215986.94;22.36;76.09;54.13;22.05;10.739690544138;59.938586699590;280.92
6934.01;3755;3768;113397.36;1215987.28;22.37;76.09;54.21;21.95;10.739658951686;59.938589788743;280.92
6935.81;3756;3769;113395.59;1215987.62;22.37;76.09;54.05;22.11;10.739627359234;59.938592877896;280.92
6937.61;3757;3770;113393.82;1215987.97;22.38;76.11;54.88;21.27;10.739595766782;59.938595966143;280.92
6939.41;3758;3771;113392.15;1215988.29;22.38;76.14;55.16;20.98;10.739565929665;59.938598884079;280.92
6941.21;3759;3772;113390.29;1215988.65;22.39;76.10;55.31;20.82;10.739532581879;59.938602144450;280.92
6943.01;3760;3773;113388.52;1215988.99;22.39;76.08;55.67;20.44;10.739500989427;59.938605233603;280.92
6944.81;3761;3774;113386.75;1215989.33;22.40;76.04;56.07;20.03;10.739469396975;59.938608321850;280.92
6946.61;3762;3775;113384.99;1215989.67;22.40;76.01;56.88;19.21;10.739437804524;59.938611411003;280.92
6948.41;3763;3776;113383.32;1215989.99;22.41;75.83;58.06;18.02;10.739407967407;59.938614328033;280.92
6950.21;3764;3777;113381.45;1215990.35;22.41;75.79;58.66;17.41;10.739374619620;59.938617589309;280.92
6952.01;3765;3778;113379.68;1215990.69;22.42;75.70;59.81;16.24;10.739343027168;59.938620677556;280.92
6953.81;3766;3779;113377.92;1215991.03;22.42;75.70;60.96;15.06;10.739311434717;59.938623766709;280.92
6955.61;3767;3780;113376.15;1215991.38;22.43;75.76;62.16;13.84;10.739279842265;59.938626855863;280.92
6957.41;3768;3781;113374.48;1215991.70;22.43;75.75;62.62;13.36;10.739250005148;59.938629772893;280.92
6959.21;3769;3782;113372.61;1215992.06;22.44;75.75;63.56;12.40;10.739216657361;59.938633033263;280.92
6961.01;3770;3783;113370.85;1215992.40;22.44;75.72;64.73;11.20;10.739185064910;59.938636122416;280.92
6962.81;3771;3784;113369.08;1215992.74;22.45;75.70;65.88;10.03;10.739153472458;59.938639211569;280.92
6964.61;3772;3785;113367.31;1215993.08;22.46;75.68;66.47;9.42;10.739121880006;59.938642299816;280.92
6966.41;3773;3786;113365.64;1215993.40;22.46;75.62;67.57;8.31;10.739092042889;59.938645217752;280.92
6968.21;3774;3787;113363.78;1215993.76;22.47;75.55;67.41;8.45;10.739058695103;59.938648478122;280.92
6970.01;3775;3788;113362.01;1215994.10;22.47;75.51;67.25;8.59;10.739027102651;59.938651567276;280.92
6971.81;3776;3789;113360.24;1215994.44;22.48;75.49;67.15;8.68;10.738995510199;59.938654655523;280.92
6973.61;3777;3790;113358.47;1215994.78;22.48;75.46;67.18;8.65;10.738963917747;59.938657744676;280.92
6975.41;3778;3791;113356.81;1215995.11;22.49;75.50;67.25;8.59;10.738934080631;59.938660661706;280.92
6977.21;3779;3792;113354.94;1215995.47;22.49;75.46;67.02;8.82;10.738900732844;59.938663922982;280.92
6979.01;3780;3793;113353.17;1215995.81;22.50;75.43;66.75;9.09;10.738869140392;59.938667011229;280.92
6980.81;3781;3794;113351.40;1215996.15;22.50;75.41;66.61;9.23;10.738837547941;59.938670100382;280.92
6982.61;3782;3795;113349.64;1215996.49;22.51;75.54;66.32;9.52;10.738805955489;59.938673189535;280.92
6984.41;3783;3796;113347.97;1215996.81;22.51;75.56;66.05;9.80;10.738776118372;59.938676106566;280.92
6986.21;3784;3797;113346.10;1215997.17;22.52;75.61;65.69;10.16;10.738742770585;59.938679366936;280.92
6988.01;3785;3798;113344.34;1215997.51;22.52;75.53;65.49;10.36;10.738711178134;59.938682456089;280.92
6989.81;3786;3799;113342.57;1215997.85;22.53;75.47;65.05;10.80;10.738679585682;59.938685545242;280.92
6991.61;3787;3800;113340.80;1215998.19;22.53;75.50;64.63;11.21;10.738647993230;59.938688634395;280.92
6993.41;3788;3801;113339.13;1215998.52;22.54;75.64;64.21;11.62;10.738618156113;59.938691551425;280.92
6995.21;3789;3802;113337.27;1215998.88;22.54;75.82;63.76;12.05;10.738584808327;59.938694811795;280.92
6997.01;3790;3803;113335.50;1215999.22;22.55;75.77;63.54;12.26;10.738553215875;59.938697900948;280.92
6998.81;3791;3804;113333.73;1215999.56;22.56;75.78;63.08;12.71;10.738521623423;59.938700990101;280.92
7000.61;3792;3805;113331.96;1215999.90;22.56;75.73;62.60;13.17;10.738490030971;59.938704078349;280.92
7002.41;3793;3806;113330.29;1216000.22;22.57;75.69;62.14;13.63;10.738460193854;59.938706996285;280.92
7004.21;3794;3807;113328.43;1216000.58;22.57;75.72;61.91;13.87;10.738426846068;59.938710256655;280.92
7006.01;3795;3808;113326.66;1216000.92;22.58;75.71;61.43;14.34;10.738395253616;59.938713345808;280.92
7007.81;3796;3809;113324.89;1216001.26;22.58;75.71;60.95;14.82;10.738363661164;59.938716434055;280.92
7009.61;3797;3810;113323.13;1216001.60;22.59;75.72;60.45;15.33;10.738332068713;59.938719523208;280.92
7011.41;3798;3811;113321.46;1216001.93;22.59;75.73;60.22;15.56;10.738302231596;59.938722440238;280.92
7013.21;3799;3812;113319.59;1216002.29;22.60;75.75;59.73;16.06;10.738268883809;59.938725701514;280.92
7015.01;3800;3813;113317.82;1216002.63;22.60;75.77;59.26;16.55;10.738237291357;59.938728789762;280.92
7016.81;3801;3814;113316.06;1216002.97;22.61;75.80;58.86;16.98;10.738205698906;59.938731878915;280.92
7018.61;3802;3815;113314.29;1216003.31;22.61;75.90;58.64;17.23;10.738174106454;59.938734968068;280.92
7020.41;3803;3816;113312.62;1216003.63;22.62;75.92;58.18;17.72;10.738144269337;59.938737885098;280.92
7022.21;3804;3817;113310.75;1216003.99;22.62;75.91;57.72;18.19;10.738110921551;59.938741145468;280.92
7024.01;3805;3818;113308.99;1216004.33;22.63;75.91;57.25;18.67;10.738079329099;59.938744234621;280.92
7025.81;3806;3819;113307.22;1216004.67;22.63;75.87;56.78;19.12;10.738047736647;59.938747323774;280.92
7027.61;3807;3820;113305.45;1216005.01;22.64;75.80;56.60;19.29;10.738016144195;59.938750412927;280.92
7029.41;3808;3821;113303.78;1216005.34;22.65;75.81;56.20;19.71;10.737986305291;59.938753329958;280.92
7031.21;3809;3822;113301.92;1216005.70;22.65;75.80;55.79;20.11;10.737952959292;59.938756590328;280.92
7033.01;3810;3823;113300.15;1216006.04;22.66;75.77;55.39;20.51;10.737921365053;59.938759679481;280.92
7034.81;3811;3824;113298.38;1216006.38;22.66;75.76;55.19;20.72;10.737889772601;59.938762768634;280.92
7036.61;3812;3825;113296.62;1216006.72;22.67;75.86;54.78;21.13;10.737858180149;59.938765856881;280.92
7038.41;3813;3826;113294.95;1216007.04;22.67;75.89;54.46;21.45;10.737828343032;59.938768774817;280.92
7040.21;3814;3827;113293.08;1216007.40;22.68;76.05;54.16;21.76;10.737794995246;59.938772035187;280.92
7042.01;3815;3828;113291.31;1216007.74;22.68;76.67;54.00;21.92;10.737763402794;59.938775123435;280.92
7043.81;3816;3829;113289.55;1216008.08;22.69;76.99;53.69;22.26;10.737731810342;59.938778212588;280.92
7045.61;3817;3830;113287.78;1216008.42;22.69;76.13;53.39;22.59;10.737700217890;59.938781301741;280.92
7047.41;3818;3831;113286.11;1216008.75;22.70;76.05;53.15;22.87;10.737670380773;59.938784218771;280.92
7049.21;3819;3832;113284.24;1216009.11;22.70;76.04;53.00;23.77;10.737637032987;59.938787479141;280.92
7051.01;3820;3833;113282.48;1216009.45;22.71;75.69;52.93;23.99;10.737605440535;59.938790568294;280.92
7052.81;3821;3834;113280.71;1216009.79;22.71;75.68;52.76;23.79;10.737573848083;59.938793657447;280.92
7054.61;3822;3835;113278.94;1216010.13;22.72;75.56;52.54;23.51;10.737542255632;59.938796746600;280.92
7056.41;3823;3836;113277.27;1216010.45;22.72;75.45;52.31;23.63;10.737512418515;59.938799663631;280.92
7058.21;3824;3837;113275.41;1216010.81;22.73;75.29;52.29;23.58;10.737479070728;59.938802924001;280.92
7060.01;3825;3838;113273.64;1216011.15;22.74;75.23;52.27;23.48;10.737447478276;59.938806013154;280.92
7061.81;3826;3839;113271.87;1216011.49;22.74;75.23;52.24;23.40;10.737415885825;59.938809102307;280.92
7063.61;3827;3840;113270.10;1216011.83;22.75;75.16;52.22;23.29;10.737384293373;59.938812190554;280.92
7065.41;3828;3841;113268.44;1216012.16;22.75;75.14;52.21;23.21;10.737354456256;59.938815108490;280.92
7067.21;3829;3842;113266.57;1216012.52;22.76;75.03;52.14;23.21;10.737321108469;59.938818368860;280.92
7069.01;3830;3843;113264.80;1216012.86;22.76;74.97;52.32;22.95;10.737289516018;59.938821458013;280.92
7070.81;3831;3844;113263.03;1216013.20;22.77;74.91;52.67;22.52;10.737257923566;59.938824546260;280.92
7072.61;3832;3845;113261.27;1216013.54;22.77;74.89;53.08;22.06;10.737226331114;59.938827635414;280.92
7074.41;3833;3846;113259.60;1216013.86;22.78;74.34;53.31;21.77;10.737196493997;59.938830552444;280.92
7076.21;3834;3847;113257.73;1216014.22;22.78;73.96;53.74;21.27;10.737163146211;59.938833813720;280.92
7078.01;3835;3848;113255.97;1216014.56;22.79;73.81;54.21;20.74;10.737131553759;59.938836901967;280.92
7079.81;3836;3849;113254.20;1216014.90;22.79;74.15;54.91;19.88;10.737099961307;59.938839991120;280.92
7081.61;3837;3850;113252.43;1216015.24;22.80;74.63;55.21;18.96;10.737068368856;59.938843080273;280.92
7083.41;3838;3851;113250.76;1216015.57;22.80;74.96;55.90;18.10;10.737038531739;59.938845997303;280.92
7085.21;3839;3852;113248.90;1216015.93;22.81;75.28;57.41;16.42;10.737005183952;59.938849257673;280.92
7087.01;3840;3853;113247.13;1216016.27;22.81;79.84;59.03;14.53;10.736973591500;59.938852346827;280.92
7088.81;3841;3854;113245.36;1216016.61;22.82;80.79;59.89;14.05;10.736941999049;59.938855435980;280.92
7090.61;3842;3855;113243.59;1216016.95;22.83;80.98;61.68;13.27;10.736910406597;59.938858525133;280.92
7092.41;3843;3856;113241.92;1216017.27;22.83;81.24;63.63;13.73;10.736880569480;59.938861442163;280.92
7094.21;3844;3857;113240.06;1216017.63;22.84;81.97;65.60;13.79;10.736847221693;59.938864702533;280.92
7096.01;3845;3858;113238.29;1216017.97;22.84;82.70;66.49;14.33;10.736815629242;59.938867791686;280.92
7097.81;3846;3859;113236.52;1216018.31;22.85;84.45;68.49;12.55;10.736784036790;59.938870880839;280.92
7099.61;3847;3860;113234.76;1216018.65;22.85;85.21;70.40;10.83;10.736752444338;59.938873969086;280.92
7101.41;3848;3861;113233.09;1216018.98;22.86;85.66;72.06;9.68;10.736722607221;59.938876887023;280.92
7103.21;3849;3862;113231.22;1216019.33;22.86;86.09;73.54;10.08;10.736689259435;59.938880147393;280.92
7105.01;3850;3863;113229.45;1216019.68;22.87;86.28;74.36;10.11;10.736657666983;59.938883235640;280.92
7106.81;3851;3864;113227.69;1216020.02;22.87;86.61;74.30;11.05;10.736626074531;59.938886324793;280.92
7108.61;3852;3865;113225.92;1216020.36;22.88;86.84;74.17;11.75;10.736594482079;59.938889413946;280.92
7110.41;3853;3866;113224.25;1216020.68;22.88;87.06;75.00;11.18;10.736564644963;59.938892330976;280.92
7112.21;3854;3867;113222.38;1216021.04;22.89;87.30;75.52;10.89;10.736531297176;59.938895591346;280.92
7114.01;3855;3868;113220.62;1216021.38;22.89;87.63;76.63;9.99;10.736499704724;59.938898680499;280.92
7115.81;3856;3869;113218.85;1216021.72;22.90;87.87;77.72;9.23;10.736468112273;59.938901769653;280.92
7117.61;3857;3870;113217.08;1216022.06;22.90;87.94;78.91;8.32;10.736436519821;59.938904858806;280.92
7119.41;3858;3871;113215.41;1216022.38;22.91;87.97;79.53;7.83;10.736406682704;59.938907775836;280.92
7121.21;3859;3872;113213.55;1216022.74;22.92;88.02;80.89;6.59;10.736373334917;59.938911036206;280.92
7123.01;3860;3873;113211.78;1216023.09;22.92;88.14;82.26;5.47;10.736341742466;59.938914125359;280.92
7124.81;3861;3874;113210.01;1216023.43;22.93;88.18;83.15;4.73;10.736310150014;59.938917214512;280.92
7126.61;3862;3875;113208.25;1216023.77;22.93;88.24;83.73;4.25;10.736278557562;59.938920302759;280.92
7128.41;3863;3876;113206.58;1216024.09;22.94;88.22;84.00;4.00;10.736248720445;59.938923220695;280.92
7130.21;3864;3877;113204.71;1216024.45;22.94;88.26;84.39;3.61;10.736215372659;59.938926481066;280.92
7132.01;3865;3878;113202.94;1216024.79;22.95;88.30;84.55;3.45;10.736183780207;59.938929570219;280.92
7133.81;3866;3879;113201.18;1216025.13;22.95;88.23;84.75;3.25;10.736152187755;59.938932658466;280.92
7135.61;3867;3880;113199.41;1216025.47;22.96;88.00;84.91;3.09;10.736120595303;59.938935747619;280.92
7137.41;3868;3881;113197.74;1216025.79;22.96;87.71;85.23;2.77;10.736090756399;59.938938664649;280.92
7139.21;3869;3882;113195.87;1216026.15;22.97;87.72;85.55;2.45;10.736057410400;59.938941925925;280.92
7141.01;3870;3883;113194.11;1216026.50;22.97;87.78;85.75;2.25;10.736025817948;59.938945014172;280.92
7142.81;3871;3884;113192.34;1216026.84;22.98;87.85;85.85;2.15;10.735994225496;59.938948103325;280.92
7144.61;3872;3885;113190.57;1216027.18;22.98;87.87;86.05;1.95;10.735962631257;59.938951192478;280.92
7146.41;3873;3886;113188.90;1216027.50;22.99;87.98;86.25;1.76;10.735932794140;59.938954109509;280.92
7148.21;3874;3887;113187.04;1216027.86;22.99;88.14;86.43;1.57;10.735899446354;59.938957369879;280.92
7150.01;3875;3888;113185.27;1216028.20;23.00;88.25;86.52;1.48;10.735867853902;59.938960459032;280.92
7151.81;3876;3889;113183.50;1216028.54;23.00;88.42;86.65;1.35;10.735836261450;59.938963548185;280.92
7153.61;3877;3890;113181.73;1216028.88;23.01;88.53;86.77;1.23;10.735804668998;59.938966637338;280.92
7155.41;3878;3891;113180.07;1216029.20;23.02;88.57;86.90;1.10;10.735774831882;59.938969554368;280.92
7157.21;3879;3892;113178.20;1216029.56;23.02;88.59;87.01;0.99;10.735741484095;59.938972814738;280.92
7159.01;3880;3893;113176.43;1216029.91;23.03;88.61;87.06;1.27;10.735709891643;59.938975903891;280.92
7160.81;3881;3894;113174.66;1216030.25;23.03;88.70;87.16;1.34;10.735678299192;59.938978993045;280.92
7162.61;3882;3895;113172.90;1216030.59;23.04;88.83;87.28;1.26;10.735646706740;59.938982081292;280.92
7164.41;3883;3896;113171.23;1216030.91;23.04;88.99;87.40;1.22;10.735616869623;59.938984999228;280.92
7166.21;3884;3897;113169.36;1216031.27;23.05;89.27;87.45;1.27;10.735583521836;59.938988259598;280.92
7168.01;3885;3898;113167.60;1216031.61;23.05;89.41;87.57;1.25;10.735551929385;59.938991348751;280.92
7169.81;3886;3899;113165.83;1216031.95;23.06;89.49;87.65;1.27;10.735520336933;59.938994436998;280.92
7171.61;3887;3900;113164.06;1216032.29;23.06;89.59;87.60;1.41;10.735488744481;59.938997526151;280.92
7173.41;3888;3901;113162.39;1216032.61;23.07;89.60;87.58;1.56;10.735458907364;59.939000443182;280.92
7175.21;3889;3902;113160.53;1216032.97;23.07;89.56;87.58;1.74;10.735425559578;59.939003703552;280.92
7177.01;3890;3903;113158.76;1216033.31;23.08;89.49;87.58;1.90;10.735393967126;59.939006792705;280.92
7178.81;3891;3904;113156.99;1216033.66;23.08;89.46;87.59;1.91;10.735362374674;59.939009881858;280.92
7180.61;3892;3905;113155.22;1216034.00;23.09;89.40;87.55;1.95;10.735330782222;59.939012971011;280.92
7182.41;3893;3906;113153.55;1216034.32;23.09;89.37;87.52;1.98;10.735300945105;59.939015888041;280.92
7184.21;3894;3907;113151.69;1216034.68;23.10;89.34;87.47;2.03;10.735267597319;59.939019148411;280.92
7186.01;3895;3908;113149.92;1216035.02;23.11;89.32;87.42;2.08;10.735236004867;59.939022237564;280.92
7187.81;3896;3909;113148.15;1216035.36;23.11;89.29;87.39;2.11;10.735204412415;59.939025326717;280.92
7189.61;3897;3910;113146.39;1216035.70;23.12;89.22;87.38;2.12;10.735172819964;59.939028414965;280.92
7191.41;3898;3911;113144.72;1216036.02;23.12;89.14;87.23;2.27;10.735142982847;59.939031332901;280.92
7193.21;3899;3912;113142.85;1216036.38;23.13;89.09;87.08;2.42;10.735109635060;59.939034593271;280.92
7195.01;3900;3913;113141.08;1216036.72;23.13;88.97;86.93;2.52;10.735078042608;59.939037682424;280.92
7196.81;3901;3914;113139.32;1216037.07;23.14;88.90;86.86;2.50;10.735046450157;59.939040770671;280.92
7198.61;3902;3915;113137.55;1216037.41;23.14;88.84;86.70;2.56;10.735014857705;59.939043859824;280.92
7200.41;3903;3916;113135.88;1216037.73;23.15;88.82;86.45;2.71;10.734985020588;59.939046777760;280.92
7202.21;3904;3917;113134.01;1216038.09;23.15;88.79;86.16;2.92;10.734951672801;59.939050038130;280.92
7204.01;3905;3918;113132.25;1216038.43;23.16;88.78;86.01;3.00;10.734920080350;59.939053126378;280.92
7205.81;3906;3919;113130.48;1216038.77;23.16;88.80;85.71;3.29;10.734888487898;59.939056215531;280.92
7207.61;3907;3920;113128.71;1216039.11;23.17;88.80;85.41;3.59;10.734856895446;59.939059304684;280.92
7209.41;3908;3921;113127.04;1216039.43;23.17;88.85;85.11;3.89;10.734827058329;59.939062221714;280.92
7211.21;3909;3922;113125.18;1216039.79;23.18;88.79;84.77;4.22;10.734793710543;59.939065482084;280.92
7213.01;3910;3923;113123.41;1216040.13;23.18;88.84;84.58;4.39;10.734762118091;59.939068571237;280.92
7214.81;3911;3924;113121.64;1216040.48;23.19;88.84;84.22;4.72;10.734730525639;59.939071660390;280.92
7216.61;3912;3925;113119.88;1216040.82;23.20;88.74;83.89;5.03;10.734698933188;59.939074749543;280.92
7218.41;3913;3926;113118.21;1216041.14;23.20;88.68;83.54;5.35;10.734669096071;59.939077666574;280.92
7220.21;3914;3927;113116.34;1216041.50;23.21;88.60;83.36;5.51;10.734635748284;59.939080926944;280.92
7222.01;3915;3928;113114.57;1216041.84;23.21;88.59;83.05;5.79;10.734604155832;59.939084016097;280.92
7223.81;3916;3929;113112.81;1216042.18;23.22;88.57;82.75;6.04;10.734572563381;59.939087105250;280.92
7225.61;3917;3930;113111.04;1216042.52;23.22;88.52;82.44;6.33;10.734540970929;59.939090193497;280.92
7227.41;3918;3931;113109.37;1216042.84;23.23;88.50;82.10;6.63;10.734511133812;59.939093111433;280.92
7229.21;3919;3932;113107.50;1216043.20;23.23;88.46;81.91;6.79;10.734477786025;59.939096371803;280.92
7231.01;3920;3933;113105.74;1216043.54;23.24;88.33;81.51;7.13;10.734446193574;59.939099460956;280.92
7232.81;3921;3934;113103.97;1216043.89;23.24;88.37;81.16;7.42;10.734414601122;59.939102549204;280.92
7234.61;3922;3935;113102.20;1216044.23;23.25;88.48;80.72;7.81;10.734383008670;59.939105638357;280.92
7236.41;3923;3936;113100.53;1216044.55;23.25;88.65;80.58;7.92;10.734353171553;59.939108555387;280.92
7238.21;3924;3937;113098.67;1216044.91;23.26;88.53;80.37;8.13;10.734319823767;59.939111816663;280.92
7240.01;3925;3938;113096.90;1216045.25;23.26;88.44;80.17;8.33;10.734288231315;59.939114904910;280.92
7241.81;3926;3939;113095.13;1216045.59;23.27;88.44;79.96;8.55;10.734256638863;59.939117994063;280.92
7243.61;3927;3940;113093.36;1216045.93;23.27;88.39;79.85;8.65;10.734225046411;59.939121083216;280.92
7245.41;3928;3941;113091.69;1216046.25;23.28;88.35;79.65;8.85;10.734195207507;59.939124000246;280.92
7247.21;3929;3942;113089.83;1216046.61;23.29;88.31;79.37;9.11;10.734161861508;59.939127260617;280.92
7249.01;3930;3943;113088.06;1216046.95;23.29;88.28;79.01;9.44;10.734130269056;59.939130349770;280.92
7250.81;3931;3944;113086.29;1216047.29;23.30;88.21;78.83;9.60;10.734098676605;59.939133438923;280.92
7252.61;3932;3945;113084.53;1216047.64;23.30;88.20;78.65;9.74;10.734067084153;59.939136528076;280.92
7254.41;3933;3946;113082.86;1216047.96;23.31;88.18;78.48;9.88;10.734037245248;59.939139445106;280.92
7256.21;3934;3947;113080.99;1216048.32;23.31;88.14;78.36;9.97;10.734003897462;59.939142705476;280.92
7258.01;3935;3948;113079.22;1216048.66;23.32;88.15;78.30;10.00;10.733972305010;59.939145794629;280.92
7259.81;3936;3949;113077.46;1216049.00;23.32;88.17;78.19;10.09;10.733940712558;59.939148882876;280.92
7261.61;3937;3950;113075.69;1216049.34;23.33;88.17;78.07;10.17;10.733909120107;59.939151972030;280.92
7263.41;3938;3951;113074.02;1216049.66;23.33;88.04;77.95;10.26;10.733879282990;59.939154889966;280.92
7265.21;3939;3952;113072.16;1216050.02;23.34;87.78;77.83;10.35;10.733845935203;59.939158150336;280.92
7267.01;3940;3953;113070.39;1216050.36;23.34;87.47;77.78;10.40;10.733814342751;59.939161238583;280.92
7268.81;3941;3954;113068.62;1216050.70;23.35;87.45;77.66;10.38;10.733782750300;59.939164327736;280.92
7270.61;3942;3955;113066.85;1216051.05;23.35;87.38;77.57;10.43;10.733751157848;59.939167416889;280.92
7272.41;3943;3956;113065.18;1216051.37;23.36;87.40;77.56;10.42;10.733721320731;59.939170333919;280.92
7274.21;3944;3957;113063.32;1216051.73;23.36;87.46;77.56;10.17;10.733687972944;59.939173594289;280.92
7276.01;3945;3958;113061.55;1216052.07;23.37;87.47;77.55;9.97;10.733656380493;59.939176683442;280.92
7277.81;3946;3959;113059.78;1216052.41;23.37;87.53;77.54;9.96;10.733624788041;59.939179772596;280.92
7279.61;3947;3960;113058.02;1216052.75;23.38;87.58;77.54;9.97;10.733593195589;59.939182861749;280.92
7281.41;3948;3961;113056.35;1216053.07;23.39;87.47;77.53;9.97;10.733563358472;59.939185778779;280.92
7283.21;3949;3962;113054.48;1216053.43;23.39;87.47;77.53;9.97;10.733530010686;59.939189039149;280.92
7285.01;3950;3963;113052.71;1216053.77;23.40;87.46;77.52;9.98;10.733498418234;59.939192128302;280.92
7286.81;3951;3964;113050.95;1216054.11;23.40;87.45;77.52;9.99;10.733466825782;59.939195217455;280.92
7288.61;3952;3965;113049.18;1216054.46;23.41;87.45;77.51;9.99;10.733435233330;59.939198305702;280.92
7290.41;3953;3966;113047.51;1216054.78;23.41;87.44;77.51;9.99;10.733405396214;59.939201223638;280.92
7292.21;3954;3967;113045.64;1216055.14;23.42;87.42;77.48;10.02;10.733372048427;59.939204484009;280.92
7294.01;3955;3968;113043.88;1216055.48;23.42;87.38;77.46;10.04;10.733340455975;59.939207573162;280.92
7295.81;3956;3969;113042.11;1216055.82;23.43;87.33;77.45;10.05;10.733308863523;59.939210661409;280.92
7297.61;3957;3970;113040.34;1216056.16;23.43;87.25;77.44;10.06;10.733277271072;59.939213750562;280.92
7299.41;3958;3971;113038.67;1216056.48;23.44;87.33;77.43;10.07;10.733247433955;59.939216667592;280.92
7301.21;3959;3972;113036.81;1216056.84;23.44;87.36;77.42;10.08;10.733214086168;59.939219928868;280.92
7303.01;3960;3973;113035.04;1216057.18;23.45;87.38;77.14;10.36;10.733182493717;59.939223017115;280.92
7304.81;3961;3974;113033.27;1216057.52;23.45;87.45;77.00;10.50;10.733150901265;59.939226106268;280.92
7306.61;3962;3975;113031.50;1216057.86;23.46;87.43;76.97;10.53;10.733119305238;59.939229184551;280.88
7308.41;3963;3976;113029.84;1216058.18;23.46;87.47;76.90;10.60;10.733089459184;59.939232078027;280.83
7310.21;3964;3977;113027.97;1216058.54;23.47;87.52;76.83;10.67;10.733056095309;59.939235294914;280.77
7312.01;3965;3978;113026.20;1216058.87;23.48;87.56;76.80;10.70;10.733024479620;59.939238326088;280.71
7313.81;3966;3979;113024.43;1216059.21;23.48;87.58;76.66;10.84;10.732992860356;59.939241340957;280.66
7315.61;3967;3980;113022.66;1216059.54;23.49;87.60;76.50;11.02;10.732961233941;59.939244339519;280.60
7317.41;3968;3981;113020.99;1216059.85;23.49;87.63;76.36;11.20;10.732931359287;59.939247157805;280.54
7319.21;3969;3982;113019.12;1216060.19;23.50;87.67;76.21;11.39;10.732897963237;59.939250290442;280.49
7321.01;3970;3983;113017.35;1216060.52;23.50;87.72;76.13;11.50;10.732866318948;59.939253240991;280.42
7322.81;3971;3984;113015.58;1216060.84;23.51;87.77;76.01;11.66;10.732834669296;59.939256175233;280.37
7324.61;3972;3985;113013.81;1216061.17;23.51;87.80;75.89;11.81;10.732803014281;59.939259094075;280.31
7326.41;3973;3986;113012.14;1216061.47;23.52;87.84;75.78;11.97;10.732773112814;59.939261836265;280.26
7328.21;3974;3987;113010.27;1216061.80;23.52;87.89;75.73;12.08;10.732739686377;59.939264883746;280.20
7330.01;3975;3988;113008.50;1216062.12;23.53;87.90;75.61;12.25;10.732708013487;59.939267754575;280.14
7331.81;3976;3989;113006.72;1216062.44;23.53;87.91;75.50;12.42;10.732676335235;59.939270609097;280.08
7333.61;3977;3990;113004.95;1216062.75;23.54;87.85;75.22;12.76;10.732644651620;59.939273447313;280.02
7335.41;3978;3991;113003.28;1216063.04;23.54;87.80;74.93;13.07;10.732614723340;59.939276113406;279.97
7337.21;3979;3992;113001.41;1216063.37;23.55;87.78;74.77;13.23;10.732581268303;59.939279076638;279.91
7339.01;3980;3993;112999.63;1216063.68;23.55;87.80;74.45;13.55;10.732549566813;59.939281866841;279.85
7340.81;3981;3994;112997.86;1216063.99;23.56;87.92;74.04;13.96;10.732517861748;59.939284640737;279.79
7342.61;3982;3995;112996.08;1216064.29;23.57;87.98;73.63;14.37;10.732486149533;59.939287399233;279.74
7344.41;3983;3996;112994.41;1216064.58;23.57;88.03;73.45;14.56;10.732456194441;59.939289989230;279.68
7346.21;3984;3997;112992.53;1216064.89;23.58;88.00;73.03;14.97;10.732422710804;59.939292867306;279.63
7348.01;3985;3998;112990.76;1216065.19;23.58;88.00;72.62;15.38;10.732390982501;59.939295577789;279.57
7349.81;3986;3999;112988.98;1216065.49;23.59;88.17;72.18;15.84;10.732359250624;59.939298271059;279.51
7351.61;3987;4000;112987.21;1216065.79;23.59;88.54;71.96;16.15;10.732327511596;59.939300948929;279.45
7353.41;3988;4001;112985.53;1216066.06;23.60;88.56;71.72;16.48;10.732297531478;59.939303463735;279.40
7355.21;3989;4002;112983.66;1216066.37;23.60;88.65;71.77;16.52;10.732264019241;59.939306256656;279.34
7357.01;3990;4003;112981.88;1216066.66;23.61;88.71;71.83;16.55;10.732232265913;59.939308885607;279.28
7358.81;3991;4004;112980.10;1216066.95;23.61;88.62;71.89;16.61;10.732200507223;59.939311499157;279.22
7360.61;3992;4005;112978.33;1216067.24;23.62;88.65;71.92;16.65;10.732168743170;59.939314096401;279.17
7362.41;3993;4006;112976.65;1216067.51;23.62;88.66;71.91;16.78;10.732138738027;59.939316535111;279.11
7364.21;3994;4007;112974.77;1216067.81;23.63;88.62;72.14;16.63;10.732105198977;59.939319243781;279.05
7366.01;3995;4008;112972.99;1216068.09;23.63;88.63;72.63;16.08;10.732073418837;59.939321792106;278.99
7367.81;3996;4009;112971.22;1216068.37;23.64;88.76;72.92;15.80;10.732041635122;59.939324325031;278.94
7369.61;3997;4010;112969.44;1216068.64;23.64;88.79;73.51;15.22;10.732009846044;59.939326841649;278.88
7371.41;3998;4011;112967.76;1216068.90;23.65;88.86;74.07;14.67;10.731979817663;59.939329204262;278.82
7373.21;3999;4012;112965.88;1216069.19;23.66;89.04;74.89;13.91;10.731946251801;59.939331827777;278.77
7375.01;4000;4013;112964.10;1216069.47;23.66;89.14;75.29;13.55;10.731914446635;59.939334296382;278.71
7376.81;4001;4014;112962.32;1216069.74;23.67;89.25;76.13;12.79;10.731882637895;59.939336747774;278.65
7378.61;4002;4015;112960.54;1216070.01;23.67;89.38;77.00;12.02;10.731850823792;59.939339184672;278.59
7380.41;4003;4016;112958.86;1216070.26;23.68;89.90;77.85;11.27;10.731820773961;59.939341470283;278.54
7382.21;4004;4017;112956.98;1216070.54;23.68;90.72;78.84;10.39;10.731787183073;59.939344008643;278.48
7384.01;4005;4018;112955.20;1216070.80;23.69;91.02;79.33;10.03;10.731755354670;59.939346396622;278.42
7385.81;4006;4019;112953.42;1216071.06;23.69;91.59;80.36;9.20;10.731723520904;59.939348768294;278.36
7387.61;4007;4020;112951.64;1216071.32;23.70;92.44;81.47;8.65;10.731691683564;59.939351123660;278.31
7389.41;4008;4021;112949.96;1216071.57;23.70;93.05;82.42;8.36;10.731661610496;59.939353334081;278.25
7391.21;4009;4022;112948.08;1216071.84;23.71;93.68;83.32;8.12;10.731627994583;59.939355787285;278.19
7393.01;4010;4023;112946.29;1216072.09;23.71;94.36;83.77;8.33;10.731596142942;59.939358093732;278.13
7394.81;4011;4024;112944.51;1216072.35;23.72;94.92;84.80;7.95;10.731564287726;59.939360384778;278.08
7396.61;4012;4025;112942.73;1216072.60;23.72;95.16;86.09;7.31;10.731532427148;59.939362659518;278.02
7398.41;4013;4026;112941.05;1216072.83;23.73;95.24;87.41;6.66;10.731502332630;59.939364793842;277.97
7400.21;4014;4027;112939.16;1216073.09;23.73;95.39;88.09;6.74;10.731468693479;59.939367160985;277.90
7402.01;4015;4028;112937.38;1216073.34;23.74;95.56;88.79;6.31;10.731436818601;59.939369387712;277.85
7403.81;4016;4029;112935.60;1216073.58;23.74;95.74;89.51;5.73;10.731404941935;59.939371597226;277.79
7405.61;4017;4030;112933.81;1216073.83;23.75;95.90;90.24;5.14;10.731373058119;59.939373791340;277.73
7407.41;4018;4031;112932.13;1216074.05;23.76;96.41;91.18;4.36;10.731342943938;59.939375849568;277.68
7409.21;4019;4032;112930.25;1216074.31;23.76;97.63;91.80;3.94;10.731309281550;59.939378132461;277.62
7411.01;4020;4033;112928.46;1216074.54;23.77;98.22;92.96;2.97;10.731277385221;59.939380277656;277.56
7412.81;4021;4034;112926.68;1216074.78;23.77;98.67;94.03;2.13;10.731245485318;59.939382406544;277.50
7414.61;4022;4035;112924.89;1216075.01;23.78;98.93;94.53;1.88;10.731213581839;59.939384520032;277.45
7416.41;4023;4036;112923.21;1216075.23;23.78;99.29;94.73;1.81;10.731183447996;59.939386501258;277.39
7418.21;4024;4037;112921.32;1216075.47;23.79;99.72;95.15;1.93;10.731149762370;59.939388698995;277.34
7420.01;4025;4038;112919.54;1216075.70;23.79;99.78;95.57;2.22;10.731117846379;59.939390763564;277.27
7421.81;4026;4039;112917.75;1216075.93;23.80;99.74;95.98;2.69;10.731085926813;59.939392811827;277.22
7423.61;4027;4040;112915.96;1216076.15;23.80;99.77;96.41;2.75;10.731054001884;59.939394843783;277.16
7425.41;4028;4041;112914.28;1216076.36;23.81;99.80;96.49;2.96;10.731023848378;59.939396748912;277.11
7427.21;4029;4042;112912.39;1216076.59;23.81;99.82;96.68;2.82;10.730990143089;59.939398860588;277.05
7429.01;4030;4043;112910.60;1216076.81;23.82;99.83;96.84;3.01;10.730958205648;59.939400844531;276.99
7430.81;4031;4044;112908.82;1216077.03;23.82;99.87;96.95;3.05;10.730926266419;59.939402812167;276.93
7432.61;4032;4045;112907.03;1216077.25;23.83;99.90;97.06;2.94;10.730894321828;59.939404763497;276.87
7434.41;4033;4046;112905.34;1216077.45;23.83;99.95;97.11;2.89;10.730864150447;59.939406592530;276.82
7436.21;4034;4047;112903.46;1216077.67;23.84;99.96;97.13;2.87;10.730830423708;59.939408618144;276.76
7438.01;4035;4048;112901.67;1216077.88;23.85;99.96;97.15;2.85;10.730798468392;59.939410521461;276.70
7439.81;4036;4049;112899.88;1216078.09;23.85;99.79;97.17;2.83;10.730766509501;59.939412407566;276.64
7441.61;4037;4050;112898.09;1216078.30;23.86;99.33;97.16;2.84;10.730734547034;59.939414278270;276.59
7443.41;4038;4051;112896.40;1216078.49;23.86;98.88;97.14;2.83;10.730704355990;59.939416030300;276.53
7445.21;4039;4052;112894.52;1216078.70;23.87;98.42;97.12;2.47;10.730670609589;59.939417971665;276.48
7447.01;4040;4053;112892.73;1216078.90;23.87;97.88;97.11;1.92;10.730638636398;59.939419793450;276.41
7448.81;4041;4054;112890.94;1216079.10;23.88;97.14;97.09;1.33;10.730606659631;59.939421598929;276.36
7450.61;4042;4055;112889.15;1216079.30;23.88;96.76;97.08;0.87;10.730574679290;59.939423388101;276.30
7452.41;4043;4056;112887.46;1216079.49;23.89;96.66;97.06;0.46;10.730544472158;59.939425064034;276.25
7454.21;4044;4057;112885.57;1216079.69;23.89;96.51;96.96;0.46;10.730510707882;59.939426919338;276.19
7456.01;4045;4058;112883.78;1216079.88;23.90;96.41;96.94;0.29;10.730478716816;59.939428659591;276.13
7457.81;4046;4059;112881.99;1216080.07;23.90;96.29;96.91;0.13;10.730446722174;59.939430384444;276.07
7459.61;4047;4060;112880.20;1216080.26;23.91;96.03;96.85;0.00;10.730414723958;59.939432092990;276.01
7461.41;4048;4061;112878.51;1216080.44;23.91;95.98;96.70;0.00;10.730384500739;59.939433691921;275.96
7463.21;4049;4062;112876.62;1216080.63;23.92;95.82;96.56;0.00;10.730350716800;59.939435461164;275.90
7465.01;4050;4063;112874.83;1216080.82;23.92;95.57;96.46;0.00;10.730318709645;59.939437120791;275.84
7466.81;4051;4064;112873.04;1216081.00;23.93;95.42;96.17;0.00;10.730286698916;59.939438764111;275.78
7468.61;4052;4065;112871.25;1216081.18;23.94;95.28;95.84;0.00;10.730254684612;59.939440392032;275.73
7470.41;4053;4066;112869.56;1216081.35;23.94;94.87;95.53;0.00;10.730224445306;59.939441913960;275.67
7472.21;4054;4067;112867.66;1216081.53;23.95;93.95;95.22;0.00;10.730190645279;59.939443598047;275.61
7474.01;4055;4068;112865.87;1216081.71;23.95;93.33;94.97;0.00;10.730158622037;59.939445177048;275.56
7475.81;4056;4069;112864.08;1216081.88;23.96;92.99;94.81;0.00;10.730126595221;59.939446738837;275.50
7477.61;4057;4070;112862.29;1216082.05;23.96;92.92;94.35;0.21;10.730094564829;59.939448285225;275.44
7479.41;4058;4071;112860.60;1216082.21;23.97;92.80;93.86;0.23;10.730064311222;59.939449731058;275.39
7481.21;4059;4072;112858.71;1216082.39;23.97;92.69;93.37;0.02;10.730030495108;59.939451329989;275.33
7483.01;4060;4073;112856.91;1216082.55;23.98;92.72;93.02;0.00;10.729998455779;59.939452826552;275.27
7484.81;4061;4074;112855.12;1216082.71;23.98;92.71;92.48;0.51;10.729966414662;59.939454307715;275.21
7486.61;4062;4075;112853.33;1216082.88;23.99;92.75;91.89;1.04;10.729934369970;59.939455772572;275.15
7488.41;4063;4076;112851.63;1216083.03;23.99;92.78;91.28;1.60;10.729904102063;59.939457142308;275.10
7490.21;4064;4077;112849.74;1216083.19;24.00;92.68;90.70;2.16;10.729870271649;59.939458655177;275.04
7492.01;4065;4078;112847.95;1216083.35;24.00;92.62;90.43;2.38;10.729838218020;59.939460071115;274.98
7493.81;4066;4079;112846.16;1216083.51;24.01;92.58;89.84;2.93;10.729806160816;59.939461470746;274.92
7495.61;4067;4080;112844.36;1216083.66;24.01;92.57;89.31;3.42;10.729774101824;59.939462854976;274.87
7497.41;4068;4081;112842.67;1216083.80;24.02;92.56;88.76;3.93;10.729743821404;59.939464146804;274.81
7499.21;4069;4082;112840.77;1216083.96;24.03;92.61;88.20;4.44;10.729709976690;59.939465573612;274.76
7501.01;4070;4083;112838.98;1216084.11;24.03;92.61;87.92;4.68;10.729677908761;59.939466908923;274.70
7502.81;4071;4084;112837.19;1216084.25;24.04;92.48;87.36;5.21;10.729645839044;59.939468227928;274.64
7504.61;4072;4085;112835.39;1216084.39;24.04;92.76;86.83;5.75;10.729613767539;59.939469529721;274.58
7506.41;4073;4086;112833.70;1216084.53;24.05;92.96;86.35;6.15;10.729583474607;59.939470745452;274.53
7508.21;4074;4087;112831.80;1216084.68;24.05;93.00;85.88;6.62;10.729549615593;59.939472087105;274.47
7510.01;4075;4088;112830.01;1216084.82;24.06;92.68;85.66;6.62;10.729517535151;59.939473340884;274.41
7511.81;4076;4089;112828.21;1216084.95;24.06;92.60;85.16;6.84;10.729485452921;59.939474577451;274.35
7513.61;4077;4090;112826.42;1216085.09;24.07;92.48;84.65;7.35;10.729453368904;59.939475799524;274.30
7515.41;4078;4091;112824.72;1216085.21;24.07;92.47;84.23;7.77;10.729423065247;59.939476938253;274.24
7517.21;4079;4092;112822.83;1216085.35;24.08;92.02;83.80;8.20;10.729389191933;59.939478193844;274.18
7519.01;4080;4093;112821.03;1216085.48;24.08;91.93;83.58;8.42;10.729357100766;59.939479366092;274.12
7520.81;4081;4094;112819.24;1216085.61;24.09;91.37;83.17;8.81;10.729325006024;59.939480522033;274.06
7522.61;4082;4095;112817.44;1216085.73;24.09;90.83;82.72;9.21;10.729292909494;59.939481661668;274.01
7524.41;4083;4096;112815.75;1216085.85;24.10;90.26;82.28;9.62;10.729262595112;59.939482723394;273.95
7526.21;4084;4097;112813.85;1216085.98;24.10;89.93;81.92;9.95;10.729228711073;59.939483892924;273.90
7528.01;4085;4098;112812.05;1216086.10;24.11;89.81;81.71;9.56;10.729196607393;59.939484984546;273.84
7529.81;4086;4099;112810.26;1216086.22;24.11;89.80;81.34;9.61;10.729164503713;59.939486058955;273.78
7531.61;4087;4100;112808.46;1216086.34;24.12;89.77;80.98;9.58;10.729132396459;59.939487117058;273.72
7533.41;4088;4101;112806.77;1216086.44;24.13;89.81;80.68;9.45;10.729102069564;59.939488102688;273.67
7535.21;4089;4102;112804.87;1216086.56;24.13;89.88;80.31;9.69;10.729068174799;59.939489186156;273.61
7537.01;4090;4103;112803.07;1216086.68;24.14;89.93;80.13;9.83;10.729036062182;59.939490196246;273.55
7538.81;4091;4104;112801.28;1216086.79;24.14;89.93;79.77;10.15;10.729003945990;59.939491189123;273.49
7540.61;4092;4105;112799.48;1216086.89;24.15;89.83;79.40;10.51;10.728971829798;59.939492166600;273.44
7542.41;4093;4106;112797.78;1216086.99;24.15;89.82;79.03;10.86;10.728941493966;59.939493075228;273.38
7544.21;4094;4107;112795.89;1216087.10;24.16;89.84;78.73;11.17;10.728907590264;59.939494072635;273.32
7546.01;4095;4108;112794.09;1216087.21;24.16;89.77;78.59;11.32;10.728875466921;59.939495001192;273.26
7547.81;4096;4109;112792.29;1216087.31;24.17;89.83;78.33;11.60;10.728843341792;59.939495912538;273.20
7549.61;4097;4110;112790.49;1216087.41;24.17;89.76;78.05;11.88;10.728811214874;59.939496808483;273.15
7551.41;4098;4111;112788.80;1216087.50;24.18;89.69;77.77;12.14;10.728780871892;59.939497640108;273.10
7553.21;4099;4112;112786.90;1216087.60;24.18;89.62;77.51;12.34;10.728746957465;59.939498552360;273.04
7555.01;4100;4113;112785.10;1216087.69;24.19;89.52;77.37;12.41;10.728714825185;59.939499398480;272.97
7556.81;4101;4114;112783.30;1216087.78;24.19;89.39;77.08;12.63;10.728682692905;59.939500229199;272.92
7558.61;4102;4115;112781.51;1216087.87;24.20;89.25;76.81;12.84;10.728650557051;59.939501043612;272.86
7560.41;4103;4116;112779.81;1216087.96;24.20;89.23;76.52;13.05;10.728620206918;59.939501798235;272.81
7562.21;4104;4117;112777.91;1216088.05;24.21;89.23;76.24;13.27;10.728586283554;59.939502624425;272.75
7564.01;4105;4118;112776.11;1216088.13;24.22;89.22;76.10;13.40;10.728554144124;59.939503389919;272.69
7565.81;4106;4119;112774.31;1216088.22;24.22;89.15;75.81;13.69;10.728522002907;59.939504139107;272.63
7567.61;4107;4120;112772.52;1216088.30;24.23;89.14;75.46;14.02;10.728489859902;59.939504871988;272.58
7569.41;4108;4121;112770.82;1216088.37;24.23;89.19;75.09;14.31;10.728459502619;59.939505549608;272.52
7571.21;4109;4122;112768.92;1216088.45;24.24;89.15;74.91;14.43;10.728425570317;59.939506288831;272.46
7573.01;4110;4123;112767.12;1216088.53;24.24;88.87;74.55;14.72;10.728393423737;59.939506972793;272.40
7574.81;4111;4124;112765.32;1216088.60;24.25;88.67;74.21;14.98;10.728361275370;59.939507640449;272.35
7576.61;4112;4125;112763.52;1216088.67;24.25;88.53;73.84;15.27;10.728329127002;59.939508292704;272.29
7578.41;4113;4126;112761.83;1216088.74;24.26;88.61;73.47;15.54;10.728298762570;59.939508893322;272.24
7580.21;4114;4127;112759.93;1216088.81;24.26;89.21;73.29;15.55;10.728264824905;59.939509547389;272.18
7582.01;4115;4128;112758.13;1216088.88;24.27;89.55;72.93;15.71;10.728232671175;59.939510149819;272.12
7583.81;4116;4129;112756.33;1216088.94;24.27;89.69;72.58;15.93;10.728200517445;59.939510735943;272.06
7585.61;4117;4130;112754.53;1216089.01;24.28;89.61;72.22;16.28;10.728168361928;59.939511305761;272.00
7587.41;4118;4131;112752.83;1216089.06;24.28;89.48;71.68;16.91;10.728137992133;59.939511829377;271.95
7589.21;4119;4132;112750.93;1216089.13;24.29;89.10;71.43;18.07;10.728104047318;59.939512397382;271.89
7591.01;4120;4133;112749.13;1216089.18;24.29;88.53;70.88;18.63;10.728071888226;59.939512918280;271.83
7592.81;4121;4134;112747.33;1216089.24;24.30;88.18;70.33;19.18;10.728039729133;59.939513422872;271.77
7594.61;4122;4135;112745.54;1216089.29;24.31;88.08;69.62;19.88;10.728007568254;59.939513911158;271.72
7596.41;4123;4136;112743.84;1216089.34;24.31;88.00;68.61;20.89;10.727977193096;59.939514358677;271.67
7598.21;4124;4137;112741.94;1216089.40;24.32;88.18;68.13;21.17;10.727943244706;59.939514840621;271.60
7600.01;4125;4138;112740.14;1216089.44;24.32;88.24;67.77;21.09;10.727911082039;59.939515279988;271.54
7601.81;4126;4139;112738.34;1216089.49;24.33;88.05;67.44;20.99;10.727878917584;59.939515703048;271.49
7603.61;4127;4140;112736.54;1216089.54;24.33;87.96;67.11;21.15;10.727846751341;59.939516109801;271.43
7605.41;4128;4141;112734.84;1216089.58;24.34;87.88;66.78;21.33;10.727816372609;59.939516479413;271.38
7607.21;4129;4142;112732.94;1216089.62;24.34;87.79;66.61;21.37;10.727782418856;59.939516876201;271.32
7609.01;4130;4143;112731.14;1216089.66;24.35;87.62;66.29;21.63;10.727750252614;59.939517234036;271.26
7610.81;4131;4144;112729.34;1216089.70;24.35;87.52;65.95;21.95;10.727718084584;59.939517575564;271.20
7612.61;4132;4145;112727.54;1216089.73;24.36;87.30;65.25;22.66;10.727685916554;59.939517900785;271.14
7614.41;4133;4146;112725.84;1216089.77;24.36;87.18;64.50;23.40;10.727655534247;59.939518193394;271.09
7616.21;4134;4147;112723.94;1216089.80;24.37;87.09;64.46;23.30;10.727621576919;59.939518503216;271.03
7618.01;4135;4148;112722.14;1216089.83;24.37;87.10;65.84;21.76;10.727589407102;59.939518780424;270.97
7619.81;4136;4149;112720.34;1216089.86;24.38;87.10;66.70;20.75;10.727557235497;59.939519040420;270.91
7621.61;4137;4150;112718.54;1216089.89;24.38;87.12;66.89;20.49;10.727525063892;59.939519284110;270.86
7623.41;4138;4151;112716.84;1216089.91;24.39;87.08;67.08;20.24;10.727494679797;59.939519499717;270.80
7625.21;4139;4152;112714.94;1216089.94;24.40;87.07;67.18;20.08;10.727460718894;59.939519724382;270.75
7627.01;4140;4153;112713.14;1216089.96;24.40;87.07;67.37;19.90;10.727428547289;59.939519919153;270.68
7628.81;4141;4154;112711.34;1216089.98;24.41;87.11;67.55;19.73;10.727396373897;59.939520097617;270.63
7630.61;4142;4155;112709.54;1216089.99;24.41;87.25;67.74;19.55;10.727364200504;59.939520259775;270.57
7632.41;4143;4156;112707.84;1216090.01;24.42;87.33;68.62;18.70;10.727333814622;59.939520398379;270.52
7634.21;4144;4157;112705.94;1216090.03;24.42;87.43;69.33;18.02;10.727299851932;59.939520536983;270.46
7636.01;4145;4158;112704.14;1216090.04;24.43;87.59;70.54;16.84;10.727267678539;59.939520650222;270.40
7637.81;4146;4159;112702.34;1216090.05;24.43;87.72;70.98;16.45;10.727235503359;59.939520747155;270.34
7639.61;4147;4160;112700.54;1216090.06;24.44;87.96;71.42;16.04;10.727203329967;59.939520827781;270.28
7641.41;4148;4161;112698.84;1216090.06;24.44;87.98;71.86;15.63;10.727172942297;59.939520889382;270.23
7643.21;4149;4162;112696.94;1216090.07;24.45;87.95;72.09;15.46;10.727138979607;59.939520941925;270.17
7645.01;4150;4163;112695.14;1216090.07;24.45;87.94;72.52;15.05;10.727106804427;59.939520973632;270.11
7646.81;4151;4164;112693.34;1216090.08;24.46;87.92;72.97;14.65;10.727074629247;59.939520989033;270.05
7648.61;4152;4165;112691.54;1216090.07;24.46;87.86;73.25;14.43;10.727042454067;59.939520988127;270.00
7650.41;4153;4166;112689.84;1216090.07;24.47;87.70;73.55;14.20;10.727012066397;59.939520973632;269.95
7652.21;4154;4167;112687.94;1216090.07;24.47;87.88;73.69;14.10;10.726978103707;59.939520939207;269.89
7654.01;4155;4168;112686.14;1216090.06;24.48;88.21;73.99;13.86;10.726945930314;59.939520889382;269.82
7655.81;4156;4169;112684.34;1216090.06;24.48;88.25;74.37;13.53;10.726913755134;59.939520823251;269.77
7657.61;4157;4170;112682.54;1216090.05;24.49;88.35;74.94;13.01;10.726881579954;59.939520740813;269.71
7659.41;4158;4171;112680.84;1216090.04;24.50;88.51;75.52;12.48;10.726851194072;59.939520649316;269.66
7661.21;4159;4172;112678.94;1216090.02;24.50;88.79;75.78;12.24;10.726817231382;59.939520528830;269.60
7663.01;4160;4173;112677.14;1216090.01;24.51;89.21;76.36;11.80;10.726785057989;59.939520397473;269.54
7664.81;4161;4174;112675.34;1216089.99;24.51;89.47;76.92;11.38;10.726752884597;59.939520249810;269.48
7666.61;4162;4175;112673.54;1216089.98;24.52;89.39;77.46;11.02;10.726720711204;59.939520086746;269.43
7668.41;4163;4176;112671.84;1216089.96;24.52;89.59;77.81;10.95;10.726690325322;59.939519920965;269.38
7670.21;4164;4177;112669.94;1216089.94;24.53;90.26;77.99;10.99;10.726656364419;59.939519735253;269.38
7672.01;4165;4178;112668.14;1216089.92;24.53;90.49;78.36;10.85;10.726624191027;59.939519558601;269.38
7673.81;4166;4179;112666.34;1216089.90;24.54;90.50;78.72;10.65;10.726592017634;59.939519382854;269.38
7675.61;4167;4180;112664.54;1216089.88;24.54;89.87;79.11;10.53;10.726559844242;59.939519207108;269.38
7677.41;4168;4181;112662.84;1216089.86;24.55;88.44;79.50;10.43;10.726529458359;59.939519040420;269.38
7679.21;4169;4182;112660.94;1216089.84;24.55;88.33;79.68;10.75;10.726495497457;59.939518854709;269.38
7681.01;4170;4183;112659.14;1216089.82;24.56;88.36;80.09;10.20;10.726463325852;59.939518678056;269.38
7682.81;4171;4184;112657.34;1216089.80;24.56;88.39;80.50;9.67;10.726431152460;59.939518502310;269.38
7684.61;4172;4185;112655.54;1216089.78;24.57;88.44;80.90;9.02;10.726398979067;59.939518325657;269.38
7686.41;4173;4186;112653.84;1216089.76;24.57;88.51;81.30;7.89;10.726368593185;59.939518159876;269.38
7688.21;4174;4187;112651.94;1216089.74;24.58;88.57;81.49;7.02;10.726334632282;59.939517973258;269.38
7690.01;4175;4188;112650.15;1216089.72;24.59;88.70;81.84;6.66;10.726302458890;59.939517797512;269.38
7691.81;4176;4189;112648.35;1216089.70;24.59;89.02;82.20;6.30;10.726270285497;59.939517620859;269.38
7693.61;4177;4190;112646.55;1216089.68;24.60;88.99;82.57;5.93;10.726238112105;59.939517445113;269.38
7695.41;4178;4191;112644.85;1216089.67;24.60;88.94;82.89;5.63;10.726207728010;59.939517278425;269.38
7697.21;4179;4192;112642.95;1216089.64;24.61;88.99;83.06;5.50;10.726173767107;59.939517092714;269.38
7699.01;4180;4193;112641.15;1216089.63;24.61;89.00;83.44;5.19;10.726141593715;59.939516916967;269.38
7700.81;4181;4194;112639.35;1216089.61;24.62;88.95;83.84;4.86;10.726109420322;59.939516740315;269.38
7702.61;4182;4195;112637.55;1216089.59;24.62;88.96;84.23;4.53;10.726077246930;59.939516564568;269.38
7704.41;4183;4196;112635.85;1216089.57;24.63;89.00;84.62;4.18;10.726046861047;59.939516397881;269.38
7706.21;4184;4197;112633.95;1216089.55;24.63;89.14;84.73;4.14;10.726012900145;59.939516212169;269.38
7708.01;4185;4198;112632.15;1216089.53;24.64;89.12;85.02;3.92;10.725980726752;59.939516035517;269.38
7709.81;4186;4199;112630.35;1216089.51;24.64;88.80;85.34;3.65;10.725948555147;59.939515859770;269.38
7711.61;4187;4200;112628.55;1216089.49;24.65;88.69;85.66;3.34;10.725916381755;59.939515683118;269.38
7713.41;4188;4201;112626.85;1216089.47;24.65;88.77;85.98;3.06;10.725885995872;59.939515517336;269.38
7715.21;4189;4202;112624.95;1216089.45;24.66;88.72;86.15;2.97;10.725852034970;59.939515331625;269.38
7717.01;4190;4203;112623.15;1216089.43;24.66;88.77;86.11;3.05;10.725819861577;59.939515154972;269.38
7718.81;4191;4204;112621.35;1216089.41;24.67;91.33;86.04;3.13;10.725787688185;59.939514979226;269.38
7720.61;4192;4205;112619.55;1216089.39;24.68;91.22;85.98;3.29;10.725755514792;59.939514802573;269.38
7722.41;4193;4206;112617.85;1216089.37;24.68;91.44;85.91;3.57;10.725725128910;59.939514635886;269.38
7724.21;4194;4207;112615.95;1216089.35;24.69;91.49;85.87;3.81;10.725691169795;59.939514450174;269.38
7726.01;4195;4208;112614.15;1216089.33;24.69;91.47;85.81;4.13;10.725658996402;59.939514274428;269.38
7727.81;4196;4209;112612.35;1216089.31;24.70;91.56;85.72;4.47;10.725626823010;59.939514097775;269.38
7729.61;4197;4210;112610.55;1216089.29;24.70;91.54;85.63;4.75;10.725594649617;59.939513922029;269.38
7731.41;4198;4211;112608.85;1216089.28;24.71;91.48;85.54;5.03;10.725564263735;59.939513755341;269.38
7733.21;4199;4212;112606.95;1216089.26;24.71;91.46;85.49;5.27;10.725530302832;59.939513569630;269.38
7735.01;4200;4213;112605.15;1216089.24;24.72;91.45;85.41;5.54;10.725498129440;59.939513393883;269.38
7736.81;4201;4214;112603.35;1216089.22;24.72;91.83;85.33;5.81;10.725465957835;59.939513217231;269.38
7738.61;4202;4215;112601.55;1216089.20;24.73;92.29;85.26;6.04;10.725433784442;59.939513041484;269.38
7740.41;4203;4216;112599.85;1216089.18;24.73;92.46;85.19;6.18;10.725403398560;59.939512874797;269.38
7742.21;4204;4217;112597.95;1216089.16;24.74;92.46;85.15;6.27;10.725369437657;59.939512689085;269.38
7744.01;4205;4218;112596.15;1216089.14;24.74;92.45;85.08;6.40;10.725337264265;59.939512512433;269.38
7745.81;4206;4219;112594.35;1216089.12;24.75;92.46;85.00;7.05;10.725305090872;59.939512336686;269.38
7747.61;4207;4220;112592.55;1216089.10;24.75;92.46;84.93;7.26;10.725272917480;59.939512160034;269.38
7749.41;4208;4221;112590.85;1216089.08;24.76;92.37;84.85;7.36;10.725242531597;59.939511994252;269.38
7751.21;4209;4222;112588.95;1216089.06;24.77;92.13;84.81;7.39;10.725208572482;59.939511807635;269.38
7753.01;4210;4223;112587.15;1216089.04;24.77;92.08;84.73;7.46;10.725176399090;59.939511631888;269.38
7754.81;4211;4224;112585.35;1216089.02;24.78;91.94;84.65;7.52;10.725144225697;59.939511456142;269.38
7756.61;4212;4225;112583.55;1216089.00;24.78;91.87;84.58;7.57;10.725112052305;59.939511279489;269.38
7758.41;4213;4226;112581.85;1216088.98;24.79;91.71;84.51;7.59;10.725081666422;59.939511112802;269.38
7760.21;4214;4227;112579.95;1216088.96;24.79;91.51;84.47;7.56;10.725047705520;59.939510927090;269.38
7762.01;4215;4228;112578.15;1216088.94;24.80;91.37;84.40;7.52;10.725015532128;59.939510751344;269.38
7763.81;4216;4229;112576.35;1216088.93;24.80;90.87;84.33;7.47;10.724983358735;59.939510574691;269.38
7765.61;4217;4230;112574.55;1216088.91;24.81;90.07;84.25;7.41;10.724951187130;59.939510398945;269.38
7767.41;4218;4231;112572.85;1216088.89;24.81;89.71;84.18;7.39;10.724920801248;59.939510232257;269.38
7769.21;4219;4232;112570.95;1216088.87;24.82;89.78;84.14;7.31;10.724886840345;59.939510046546;269.38
7771.01;4220;4233;112569.15;1216088.85;24.82;89.78;84.07;7.00;10.724854666953;59.939509869893;269.38
7772.81;4221;4234;112567.35;1216088.83;24.83;89.70;84.00;6.49;10.724822493560;59.939509694147;269.38
7774.61;4222;4235;112565.55;1216088.81;24.83;89.67;83.92;6.07;10.724790320168;59.939509517494;269.38
7776.41;4223;4236;112563.85;1216088.79;24.84;89.61;83.84;6.08;10.724759934285;59.939509351713;269.38
7778.21;4224;4237;112561.95;1216088.77;24.84;89.66;83.81;6.03;10.724725973383;59.939509166001;269.38
7780.01;4225;4238;112560.15;1216088.75;24.85;89.67;83.73;6.02;10.724693801778;59.939508989349;269.38
7781.81;4226;4239;112558.35;1216088.73;24.86;89.67;83.65;6.02;10.724661628385;59.939508813602;269.38
7783.61;4227;4240;112556.55;1216088.71;24.86;89.67;83.57;6.04;10.724629454993;59.939508636950;269.38
7785.41;4228;4241;112554.85;1216088.69;24.87;89.70;83.49;6.14;10.724599069110;59.939508471168;269.38
7787.21;4229;4242;112552.95;1216088.67;24.87;89.68;83.45;6.22;10.724565108208;59.939508284551;269.38
7789.01;4230;4243;112551.15;1216088.65;24.88;89.63;83.37;6.34;10.724532934815;59.939508108804;269.38
7790.81;4231;4244;112549.35;1216088.63;24.88;89.37;83.34;6.42;10.724500761423;59.939507932152;269.38
7792.61;4232;4245;112547.55;1216088.61;24.89;88.91;83.31;6.45;10.724468589818;59.939507756405;269.38
7794.41;4233;4246;112545.85;1216088.60;24.89;88.52;83.27;6.42;10.724438203935;59.939507589718;269.38
7796.21;4234;4247;112543.95;1216088.58;24.90;88.40;83.24;6.36;10.724404243033;59.939507404006;269.38
7798.01;4235;4248;112542.15;1216088.56;24.90;88.38;83.19;6.29;10.724372069640;59.939507228260;269.38
7799.81;4236;4249;112540.35;1216088.54;24.91;88.29;83.13;5.91;10.724339896248;59.939507051607;269.38
7801.61;4237;4250;112538.55;1216088.52;24.91;88.24;83.08;5.55;10.724307722855;59.939506875861;269.38
7803.41;4238;4251;112536.85;1216088.50;24.92;88.18;83.03;5.43;10.724277336973;59.939506709173;269.38
7805.21;4239;4252;112534.95;1216088.48;24.92;88.14;83.00;5.41;10.724243376070;59.939506523462;269.38
7807.01;4240;4253;112533.15;1216088.46;24.93;88.12;82.93;5.43;10.724211204465;59.939506346809;269.38
7808.81;4241;4254;112531.35;1216088.44;24.93;88.07;82.86;5.45;10.724179031073;59.939506171063;269.38
7810.61;4242;4255;112529.55;1216088.42;24.94;88.03;82.79;5.46;10.724146857680;59.939505994410;269.38
7812.41;4243;4256;112527.85;1216088.40;24.94;88.00;82.72;5.46;10.724116471798;59.939505828629;269.38
7814.21;4244;4257;112525.95;1216088.38;24.95;88.05;82.68;5.44;10.724082510895;59.939505642011;269.38
7816.01;4245;4258;112524.15;1216088.36;24.96;87.96;82.63;5.44;10.724050337503;59.939505466265;269.38
7817.81;4246;4259;112522.35;1216088.34;24.96;87.79;82.58;5.44;10.724018164110;59.939505290518;269.38
7819.61;4247;4260;112520.55;1216088.32;24.97;87.69;82.53;5.47;10.723985990718;59.939505113866;269.38
7821.41;4248;4261;112518.85;1216088.30;24.97;87.56;82.48;5.52;10.723955606623;59.939504947178;269.38
7823.21;4249;4262;112516.95;1216088.28;24.98;87.50;82.46;5.55;10.723921645720;59.939504761467;269.38
7825.01;4250;4263;112515.15;1216088.26;24.98;87.48;82.40;5.51;10.723889472328;59.939504585720;269.38
7826.81;4251;4264;112513.35;1216088.24;24.99;87.42;82.33;5.46;10.723857298935;59.939504409068;269.38
7828.61;4252;4265;112511.55;1216088.23;24.99;87.33;82.27;5.42;10.723825125543;59.939504233321;269.38
7830.41;4253;4266;112509.85;1216088.21;25.00;87.35;82.21;5.38;10.723794739660;59.939504066634;269.38
7832.21;4254;4267;112507.95;1216088.19;25.00;87.36;82.18;5.33;10.723760778758;59.939503880922;269.38
7834.01;4255;4268;112506.15;1216088.17;25.01;87.24;82.11;5.33;10.723728605365;59.939503704270;269.38
7835.81;4256;4269;112504.35;1216088.15;25.01;87.30;82.00;5.36;10.723696433760;59.939503528523;269.38
7837.61;4257;4270;112502.55;1216088.13;25.02;87.49;81.89;5.42;10.723664260368;59.939503352777;269.38
7839.41;4258;4271;112500.85;1216088.11;25.02;87.67;81.77;5.54;10.723633874485;59.939503186089;269.38
7841.21;4259;4272;112498.95;1216088.09;25.03;87.75;81.72;5.62;10.723599913583;59.939503000378;269.38
7843.01;4260;4273;112497.15;1216088.07;25.03;87.91;81.61;6.28;10.723567740191;59.939502823725;269.38
7844.81;4261;4274;112495.35;1216088.05;25.04;88.24;81.47;5.91;10.723535566798;59.939502647979;269.38
7846.61;4262;4275;112493.55;1216088.03;25.05;88.42;81.32;5.66;10.723503393406;59.939502471326;269.38
7848.41;4263;4276;112491.85;1216088.01;25.05;88.62;81.17;5.97;10.723473007523;59.939502305545;269.38
7850.21;4264;4277;112489.96;1216087.99;25.06;88.72;81.10;6.26;10.723439048408;59.939502118927;269.38
7852.01;4265;4278;112488.16;1216087.97;25.06;88.94;80.95;6.63;10.723406875016;59.939501943181;269.38
7853.81;4266;4279;112486.36;1216087.95;25.07;89.17;80.80;7.00;10.723374701623;59.939501766528;269.38
7855.61;4267;4280;112484.56;1216087.93;25.07;89.41;80.69;7.33;10.723342528231;59.939501590782;269.38
7857.41;4268;4281;112482.86;1216087.92;25.08;89.66;80.60;7.66;10.723312142348;59.939501424094;269.38
7859.21;4269;4282;112480.96;1216087.89;25.08;89.79;80.55;7.94;10.723278181446;59.939501238383;269.38
7861.01;4270;4283;112479.16;1216087.88;25.09;90.06;80.44;8.26;10.723246008053;59.939501062636;269.38
7862.81;4271;4284;112477.36;1216087.86;25.09;90.46;80.34;8.57;10.723213836448;59.939500885984;269.38
7864.61;4272;4285;112475.56;1216087.84;25.10;90.62;80.27;8.87;10.723181663056;59.939500710237;269.38
7866.41;4273;4286;112473.86;1216087.82;25.10;90.50;80.22;9.14;10.723151277173;59.939500543550;269.38
7868.21;4274;4287;112471.96;1216087.80;25.11;90.44;80.19;9.37;10.723117316271;59.939500357838;269.38
7870.01;4275;4288;112470.16;1216087.78;25.11;90.41;80.14;9.62;10.723085142878;59.939500181186;269.38
7871.81;4276;4289;112468.36;1216087.76;25.12;90.42;80.08;9.91;10.723052969486;59.939500005439;269.38
7873.61;4277;4290;112466.56;1216087.74;25.12;90.43;80.05;10.21;10.723020796093;59.939499828787;269.38
7875.41;4278;4291;112464.86;1216087.72;25.13;90.43;80.04;10.41;10.722990410211;59.939499663005;269.38
7877.21;4279;4292;112462.96;1216087.70;25.14;90.43;80.04;10.46;10.722956451096;59.939499476388;269.38
7879.01;4280;4293;112461.16;1216087.68;25.14;90.49;80.04;10.46;10.722924277703;59.939499300641;269.38
7880.81;4281;4294;112459.36;1216087.66;25.15;90.50;80.04;10.46;10.722892104311;59.939499124895;269.38
7882.61;4282;4295;112457.56;1216087.64;25.15;90.65;80.04;10.46;10.722859930918;59.939498948242;269.38
7884.41;4283;4296;112455.86;1216087.62;25.16;90.75;80.10;10.40;10.722829545036;59.939498781555;269.38
7886.21;4284;4297;112453.96;1216087.60;25.16;90.83;80.09;10.42;10.722795584133;59.939498595843;269.38
7888.01;4285;4298;112452.16;1216087.58;25.17;90.90;80.05;10.45;10.722763410741;59.939498420097;269.38
7889.81;4286;4299;112450.36;1216087.56;25.17;90.88;80.01;10.49;10.722731237348;59.939498243444;269.38
7891.61;4287;4300;112448.56;1216087.54;25.18;90.83;79.98;10.52;10.722699065743;59.939498067698;269.38
7893.41;4288;4301;112446.86;1216087.53;25.18;90.76;79.97;10.53;10.722668679861;59.939497901010;269.38
7895.21;4289;4302;112444.96;1216087.51;25.19;90.72;79.93;10.52;10.722634718958;59.939497715299;269.38
7897.01;4290;4303;112443.16;1216087.49;25.19;90.67;79.80;10.44;10.722602545566;59.939497538646;269.38
7898.81;4291;4304;112441.36;1216087.47;25.20;90.57;79.69;10.35;10.722570372173;59.939497362900;269.38
7900.61;4292;4305;112439.56;1216087.45;25.20;90.48;79.57;10.27;10.722538198781;59.939497187153;269.38
7902.41;4293;4306;112437.86;1216087.43;25.21;90.44;79.46;10.32;10.722507812898;59.939497020466;269.38
7904.21;4294;4307;112435.96;1216087.41;25.21;90.36;79.43;10.35;10.722473851996;59.939496834754;269.38
7906.01;4295;4308;112434.16;1216087.39;25.22;90.30;79.48;10.29;10.722441680391;59.939496658102;269.38
7907.81;4296;4309;112432.36;1216087.37;25.23;90.25;79.61;10.15;10.722409506998;59.939496482355;269.38
7909.61;4297;4310;112430.56;1216087.35;25.23;90.16;79.74;10.02;10.722377333606;59.939496305703;269.38
7911.41;4298;4311;112428.86;1216087.33;25.24;89.97;79.86;9.90;10.722346947723;59.939496139921;269.38
7913.21;4299;4312;112426.96;1216087.31;25.24;89.60;79.93;9.83;10.722312986821;59.939495953304;269.38
7915.01;4300;4313;112425.16;1216087.29;25.25;89.47;80.00;9.75;10.722280813428;59.939495777557;269.38
7916.81;4301;4314;112423.36;1216087.27;25.25;89.28;80.11;9.63;10.722248640036;59.939495600905;269.38
7918.61;4302;4315;112421.56;1216087.25;25.26;89.24;80.25;9.49;10.722216466643;59.939495425158;269.38
7920.41;4303;4316;112419.86;1216087.23;25.26;89.26;80.38;9.34;10.722186082549;59.939495258471;269.38
7922.21;4304;4317;112417.96;1216087.21;25.27;89.23;80.45;9.08;10.722152121646;59.939495072759;269.38
7924.01;4305;4318;112416.16;1216087.19;25.27;89.22;80.60;8.86;10.722119948254;59.939494897013;269.38
7925.81;4306;4319;112414.36;1216087.18;25.28;89.23;80.70;8.73;10.722087774861;59.939494720360;269.38
7927.61;4307;4320;112412.56;1216087.16;25.28;89.21;80.78;8.60;10.722055601469;59.939494544614;269.38
7929.41;4308;4321;112410.86;1216087.14;25.29;89.20;80.85;8.47;10.722025215586;59.939494377926;269.38
7931.21;4309;4322;112408.96;1216087.12;25.29;89.00;80.89;8.38;10.721991254684;59.939494192215;269.38
7933.01;4310;4323;112407.16;1216087.10;25.30;88.37;80.96;8.24;10.721959083079;59.939494015562;269.38
7934.81;4311;4324;112405.36;1216087.08;25.30;88.06;80.96;8.19;10.721926909686;59.939493839816;269.38
7936.61;4312;4325;112403.56;1216087.06;25.31;88.01;80.88;8.22;10.721894736294;59.939493663163;269.38
7938.41;4313;4326;112401.86;1216087.04;25.31;88.02;80.83;8.20;10.721864350411;59.939493497382;269.38
7940.21;4314;4327;112399.96;1216087.02;25.32;88.03;80.80;7.80;10.721830389509;59.939493310764;269.38
7942.01;4315;4328;112398.16;1216087.00;25.33;87.99;80.74;7.50;10.721798216116;59.939493135018;269.38
7943.81;4316;4329;112396.36;1216086.98;25.33;87.97;80.68;7.43;10.721766042724;59.939492959271;269.38
7945.61;4317;4330;112394.56;1216086.96;25.34;87.98;80.55;7.53;10.721733869331;59.939492782619;269.38
7947.41;4318;4331;112392.86;1216086.94;25.34;87.95;80.41;7.63;10.721703483449;59.939492615931;269.38
7949.21;4319;4332;112390.96;1216086.92;25.35;87.84;80.35;7.65;10.721669524334;59.939492430220;269.38
7951.01;4320;4333;112389.16;1216086.90;25.35;87.63;80.22;7.74;10.721637350941;59.939492254473;269.38
7952.81;4321;4334;112387.36;1216086.88;25.36;87.62;79.96;7.96;10.721605177549;59.939492077821;269.38
7954.61;4322;4335;112385.56;1216086.86;25.36;87.71;79.75;8.14;10.721573004156;59.939491902074;269.38
7956.41;4323;4336;112383.86;1216086.85;25.37;87.72;79.74;8.08;10.721542618274;59.939491735387;269.38
7958.21;4324;4337;112381.96;1216086.83;25.37;87.79;79.73;7.99;10.721508657371;59.939491549675;269.38
7960.01;4325;4338;112380.16;1216086.81;25.38;87.60;79.72;7.93;10.721476483979;59.939491373023;269.38
7961.81;4326;4339;112378.36;1216086.79;25.38;87.39;79.70;7.93;10.721444312374;59.939491197276;269.38
7963.61;4327;4340;112376.56;1216086.77;25.39;87.18;79.58;8.09;10.721412138981;59.939491021530;269.38
7965.41;4328;4341;112374.86;1216086.75;25.39;87.08;79.76;7.91;10.721381753099;59.939490854842;269.38
7967.21;4329;4342;112372.96;1216086.73;25.40;86.90;79.98;7.57;10.721347792196;59.939490669131;269.38
7969.01;4330;4343;112371.16;1216086.71;25.40;86.72;80.39;7.03;10.721315618804;59.939490492478;269.38
7970.81;4331;4344;112369.36;1216086.69;25.41;86.53;80.79;6.50;10.721283445411;59.939490316732;269.38
7972.61;4332;4345;112367.56;1216086.67;25.42;86.34;81.22;5.94;10.721251272019;59.939490140079;269.38
7974.41;4333;4346;112365.86;1216086.65;25.42;86.25;81.64;5.41;10.721220886136;59.939489974298;269.38
7976.21;4334;4347;112363.96;1216086.63;25.43;86.07;81.88;5.05;10.721186927021;59.939489787680;269.38
7978.01;4335;4348;112362.16;1216086.61;25.43;85.89;82.39;4.46;10.721154753629;59.939489611934;269.38
7979.81;4336;4349;112360.36;1216086.59;25.44;85.71;82.80;3.96;10.721122580236;59.939489435281;269.38
7981.61;4337;4350;112358.56;1216086.57;25.44;85.61;83.24;3.44;10.721090406844;59.939489259535;269.38
7983.41;4338;4351;112356.86;1216086.55;25.45;85.56;83.67;2.92;10.721060020961;59.939489092847;269.38
7985.21;4339;4352;112354.96;1216086.53;25.45;85.51;83.89;2.62;10.721026060059;59.939488907136;269.38
7987.01;4340;4353;112353.16;1216086.51;25.46;85.56;84.13;2.29;10.720993886666;59.939488731389;269.38
7988.81;4341;4354;112351.36;1216086.49;25.46;85.61;84.38;1.95;10.720961713274;59.939488554737;269.38
7990.61;4342;4355;112349.56;1216086.48;25.47;85.59;84.62;1.63;10.720929541669;59.939488378990;269.38
7992.41;4343;4356;112347.86;1216086.46;25.47;85.58;84.88;1.28;10.720899155786;59.939488212303;269.38
7994.21;4344;4357;112345.96;1216086.44;25.48;85.60;85.05;1.02;10.720865194884;59.939488026591;269.38
7996.01;4345;4358;112344.16;1216086.42;25.48;85.64;85.25;0.74;10.720833021491;59.939487849939;269.38
7997.81;4346;4359;112342.36;1216086.40;25.49;85.66;85.32;0.58;10.720800848099;59.939487674192;269.38
7999.61;4347;4360;112340.56;1216086.38;25.49;85.69;85.39;0.42;10.720768674706;59.939487497540;269.38
8001.41;4348;4361;112338.86;1216086.36;25.50;85.68;85.46;0.27;10.720738288824;59.939487331758;269.38
8003.21;4349;4362;112336.96;1216086.34;25.51;85.72;85.52;0.12;10.720704327922;59.939487146047;269.38
8005.01;4350;4363;112335.16;1216086.32;25.51;85.74;85.60;0.02;10.720672156317;59.939486969394;269.38
8006.81;4351;4364;112333.36;1216086.30;25.52;85.74;85.67;0.06;10.720639982924;59.939486793648;269.38
8008.61;4352;4365;112331.57;1216086.28;25.52;85.77;85.68;0.18;10.720607809532;59.939486616995;269.38
8010.41;4353;4366;112329.87;1216086.26;25.53;85.87;85.67;0.31;10.720577423649;59.939486450308;269.38
8012.21;4354;4367;112327.97;1216086.24;25.53;86.22;85.66;0.45;10.720543462747;59.939486264596;269.38
8014.01;4355;4368;112326.17;1216086.22;25.54;86.61;85.64;0.59;10.720511289354;59.939486088850;269.38
8015.81;4356;4369;112324.37;1216086.20;25.54;87.02;85.50;0.86;10.720479115962;59.939485912197;269.38
8017.61;4357;4370;112322.57;1216086.18;25.55;87.38;85.34;1.14;10.720446944357;59.939485736451;269.38
8019.41;4358;4371;112320.87;1216086.17;25.55;87.41;85.19;1.41;10.720416558474;59.939485569763;269.38
8021.21;4359;4372;112318.97;1216086.14;25.56;87.51;85.11;1.61;10.720382597572;59.939485384052;269.38
8023.01;4360;4373;112317.17;1216086.13;25.56;87.62;84.88;2.17;10.720350424179;59.939485207399;269.38
8024.81;4361;4374;112315.37;1216086.11;25.57;87.44;84.69;2.67;10.720318250787;59.939485031653;269.38
8026.61;4362;4375;112313.57;1216086.09;25.57;87.37;84.55;2.89;10.720286077394;59.939484855906;269.38
8028.41;4363;4376;112311.87;1216086.07;25.58;87.32;84.41;3.04;10.720255691512;59.939484689219;269.38
8030.21;4364;4377;112309.97;1216086.05;25.58;87.19;84.34;3.14;10.720221730609;59.939484503507;269.38
8032.01;4365;4378;112308.17;1216086.03;25.59;87.04;84.19;3.29;10.720189559004;59.939484326855;269.38
8033.81;4366;4379;112306.37;1216086.01;25.60;86.94;84.05;3.45;10.720157385612;59.939484151108;269.38
8035.61;4367;4380;112304.57;1216085.99;25.60;86.81;84.02;3.48;10.720125212219;59.939483974456;269.38
8037.41;4368;4381;112302.87;1216085.97;25.61;86.74;84.00;3.38;10.720094826337;59.939483808674;269.38
8039.21;4369;4382;112300.97;1216085.95;25.61;86.62;83.99;3.21;10.720060865434;59.939483622057;269.38
8041.01;4370;4383;112299.17;1216085.93;25.62;86.44;83.96;3.06;10.720028692042;59.939483446310;269.38
8042.81;4371;4384;112297.37;1216085.91;25.62;86.33;84.03;2.87;10.719996518649;59.939483269658;269.38
8044.61;4372;4385;112295.57;1216085.89;25.63;86.25;84.11;2.66;10.719964345257;59.939483093911;269.38
8046.41;4373;4386;112293.87;1216085.87;25.63;86.22;84.06;2.60;10.719933961162;59.939482927224;269.38
8048.21;4374;4387;112291.97;1216085.85;25.64;86.26;84.04;2.52;10.719900000259;59.939482741512;269.38
8050.01;4375;4388;112290.17;1216085.83;25.64;85.99;83.99;2.47;10.719867826867;59.939482565766;269.38
8051.81;4376;4389;112288.37;1216085.81;25.65;85.76;84.00;2.36;10.719835653474;59.939482389113;269.38
8053.61;4377;4390;112286.57;1216085.79;25.65;85.57;84.12;2.13;10.719803480082;59.939482213367;269.38
8055.41;4378;4391;112284.87;1216085.78;25.66;85.49;83.97;2.18;10.719773094199;59.939482046679;269.38
8057.21;4379;4392;112282.97;1216085.76;25.66;85.33;83.85;2.19;10.719739133297;59.939481860968;269.38
8059.01;4380;4393;112281.17;1216085.74;25.67;85.17;83.62;2.28;10.719706959904;59.939481684315;269.38
8060.81;4381;4394;112279.37;1216085.72;25.67;85.07;83.37;2.35;10.719674788299;59.939481508569;269.38
8062.61;4382;4395;112277.57;1216085.70;25.68;84.99;83.12;2.44;10.719642614907;59.939481331916;269.38
8064.41;4383;4396;112275.87;1216085.68;25.68;84.88;82.88;2.55;10.719612229024;59.939481166135;269.38
8066.21;4384;4397;112273.97;1216085.66;25.69;84.76;82.75;2.57;10.719578268122;59.939480980423;269.38
8068.01;4385;4398;112272.17;1216085.64;25.70;84.92;82.51;2.69;10.719546094729;59.939480803771;269.38
8069.81;4386;4399;112270.37;1216085.62;25.70;84.97;82.20;2.88;10.719513921337;59.939480628024;269.38
8071.61;4387;4400;112268.57;1216085.60;25.71;84.73;81.87;3.13;10.719481747944;59.939480451372;269.38
8073.41;4388;4401;112266.87;1216085.58;25.71;84.67;81.56;3.44;10.719451362062;59.939480284684;269.38
8075.21;4389;4402;112264.97;1216085.56;25.72;84.59;81.43;3.57;10.719417402947;59.939480098973;269.38
8077.01;4390;4403;112263.17;1216085.54;25.72;84.55;81.18;3.82;10.719385229554;59.939479923226;269.38
8078.81;4391;4404;112261.37;1216085.52;25.73;84.53;80.86;4.06;10.719353056162;59.939479746574;269.38
8080.61;4392;4405;112259.57;1216085.50;25.73;84.54;80.50;4.34;10.719320882770;59.939479570827;269.38
8082.41;4393;4406;112257.87;1216085.48;25.74;84.55;80.12;4.66;10.719290496887;59.939479404140;269.38
8084.21;4394;4407;112255.97;1216085.46;25.74;84.56;79.93;4.80;10.719256535985;59.939479218428;269.38
8086.01;4395;4408;112254.17;1216085.44;25.75;84.58;80.00;4.65;10.719224362592;59.939479041776;269.38
8087.81;4396;4409;112252.37;1216085.43;25.75;84.62;80.17;4.41;10.719192190987;59.939478866029;269.38
8089.61;4397;4410;112250.57;1216085.41;25.76;84.67;80.35;4.20;10.719160017595;59.939478690283;269.38
8091.41;4398;4411;112248.87;1216085.39;25.76;84.67;80.28;4.26;10.719129631712;59.939478523595;269.38
8093.21;4399;4412;112246.97;1216085.37;25.77;84.65;80.20;4.31;10.719095670810;59.939478337884;269.38
8095.01;4400;4413;112245.17;1216085.35;25.77;84.63;80.11;4.39;10.719063497417;59.939478161231;269.38
8096.81;4401;4414;112243.37;1216085.33;25.78;84.56;80.46;4.04;10.719031324025;59.939477985485;269.38
8098.61;4402;4415;112241.57;1216085.31;25.79;84.50;80.82;3.68;10.718999150632;59.939477808832;269.38
8100.41;4403;4416;112239.87;1216085.29;25.79;84.51;80.95;3.55;10.718968764750;59.939477643051;269.38
8102.21;4404;4417;112237.97;1216085.27;25.80;84.57;80.77;3.73;10.718934805635;59.939477456433;269.38
8104.01;4405;4418;112236.17;1216085.25;25.80;84.58;80.40;4.10;10.718902632242;59.939477280687;269.38
8105.81;4406;4419;112234.37;1216085.23;25.81;85.36;80.20;4.30;10.718870458850;59.939477104034;269.38
8107.61;4407;4420;112232.57;1216085.21;25.81;85.56;80.02;4.48;10.718838285457;59.939476928288;269.38
8109.41;4408;4421;112230.87;1216085.19;25.82;85.62;79.84;4.75;10.718807899575;59.939476761600;269.38
8111.21;4409;4422;112228.97;1216085.17;25.82;85.49;79.86;5.63;10.718773938672;59.939476575889;269.38
8113.01;4410;4423;112227.17;1216085.15;25.83;84.68;79.97;5.65;10.718741765280;59.939476400142;269.38
8114.81;4411;4424;112225.37;1216085.13;25.83;84.60;80.05;5.78;10.718709591887;59.939476223490;269.38
8116.61;4412;4425;112223.57;1216085.11;25.84;84.76;79.98;6.02;10.718677420282;59.939476047743;269.38
8118.41;4413;4426;112221.87;1216085.10;25.84;84.76;79.90;5.86;10.718647034400;59.939475881056;269.38
8120.21;4414;4427;112219.97;1216085.08;25.85;84.45;79.88;5.16;10.718613073497;59.939475695344;269.38
8122.01;4415;4428;112218.17;1216085.06;25.85;84.13;79.98;4.64;10.718580900105;59.939475518692;269.38
8123.81;4416;4429;112216.37;1216085.04;25.86;83.95;80.14;4.52;10.718548726712;59.939475342945;269.38
8125.61;4417;4430;112214.57;1216085.02;25.86;83.92;80.22;4.29;10.718516553320;59.939475166293;269.38
8127.41;4418;4431;112212.87;1216085.00;25.87;83.90;80.22;4.17;10.718486167437;59.939475000511;269.38
8129.21;4419;4432;112210.97;1216084.98;25.88;83.96;80.22;4.04;10.718452206535;59.939474813894;269.38
8131.01;4420;4433;112209.17;1216084.96;25.88;83.92;80.24;3.89;10.718420034930;59.939474638147;269.38
8132.81;4421;4434;112207.37;1216084.94;25.89;83.90;80.31;3.68;10.718387861537;59.939474462401;269.38
8134.61;4422;4435;112205.57;1216084.92;25.89;83.89;80.38;3.54;10.718355688145;59.939474285748;269.38
8136.41;4423;4436;112203.87;1216084.90;25.90;83.76;80.39;3.47;10.718325302262;59.939474119061;269.38
8138.21;4424;4437;112201.97;1216084.88;25.90;83.10;80.39;3.30;10.718291341360;59.939473933349;269.38
8140.01;4425;4438;112200.17;1216084.86;25.91;82.68;80.40;2.97;10.718259167967;59.939473757603;269.38
8141.81;4426;4439;112198.37;1216084.84;25.91;82.59;80.40;2.83;10.718226994575;59.939473580950;269.38
8143.61;4427;4440;112196.57;1216084.82;25.92;82.55;80.41;2.73;10.718194821182;59.939473405204;269.38
8145.41;4428;4441;112194.87;1216084.80;25.92;82.45;80.40;2.67;10.718164437087;59.939473238516;269.38
8147.21;4429;4442;112192.97;1216084.78;25.93;82.43;80.40;2.60;10.718130476185;59.939473052805;269.38
8149.01;4430;4443;112191.17;1216084.76;25.93;82.44;80.40;2.51;10.718098302792;59.939472876152;269.38
8150.81;4431;4444;112189.37;1216084.74;25.94;82.20;80.39;2.41;10.718066129400;59.939472700406;269.38
8152.61;4432;4445;112187.57;1216084.73;25.94;82.13;80.40;2.19;10.718033956007;59.939472524659;269.38
8154.41;4433;4446;112185.87;1216084.71;25.95;82.22;80.44;2.06;10.718003570125;59.939472357972;269.38
8156.21;4434;4447;112183.97;1216084.69;25.95;82.11;80.42;2.08;10.717969609222;59.939472172260;269.38
8158.01;4435;4448;112182.17;1216084.67;25.96;82.01;80.40;2.07;10.717937437617;59.939471995608;269.38
8159.81;4436;4449;112180.37;1216084.65;25.97;81.99;80.37;1.96;10.717905264225;59.939471819861;269.38
8161.61;4437;4450;112178.57;1216084.63;25.97;81.95;80.32;1.86;10.717873090833;59.939471643209;269.38
8163.41;4438;4451;112176.87;1216084.61;25.98;81.88;80.27;1.77;10.717842704950;59.939471477427;269.38
8165.21;4439;4452;112174.97;1216084.59;25.98;81.86;80.23;1.77;10.717808744048;59.939471290810;269.38
8167.01;4440;4453;112173.17;1216084.57;25.99;81.82;80.14;1.75;10.717776570655;59.939471115063;269.38
8168.81;4441;4454;112171.38;1216084.55;25.99;81.58;80.05;1.73;10.717744397263;59.939470939317;269.38
8170.61;4442;4455;112169.58;1216084.53;26.00;81.45;80.00;1.71;10.717712223870;59.939470762664;269.38
8172.41;4443;4456;112167.88;1216084.51;26.00;81.55;79.95;1.73;10.717681837988;59.939470595977;269.38
8174.21;4444;4457;112165.98;1216084.49;26.01;81.71;79.92;1.71;10.717647878873;59.939470410265;269.38
8176.01;4445;4458;112164.18;1216084.47;26.01;81.56;79.74;1.86;10.717615705480;59.939470234519;269.38
8177.81;4446;4459;112162.38;1216084.45;26.02;80.90;79.56;1.98;10.717583532088;59.939470057866;269.38
8179.61;4447;4460;112160.58;1216084.43;26.02;80.73;79.39;2.13;10.717551358695;59.939469882120;269.38
8181.41;4448;4461;112158.88;1216084.42;26.03;80.28;79.24;2.21;10.717520972813;59.939469715432;269.38
8183.21;4449;4462;112156.98;1216084.39;26.03;79.85;79.17;2.11;10.717487011910;59.939469529721;269.38
8185.01;4450;4463;112155.18;1216084.38;26.04;79.44;79.04;2.06;10.717454838518;59.939469353068;269.38
8186.81;4451;4464;112153.38;1216084.36;26.04;79.14;78.93;1.91;10.717422666913;59.939469177322;269.38
8188.61;4452;4465;112151.58;1216084.34;26.05;78.99;78.81;1.64;10.717390493520;59.939469000669;269.38
8190.41;4453;4466;112149.88;1216084.32;26.05;78.76;78.66;1.37;10.717360107638;59.939468834888;269.38
8192.21;4454;4467;112147.98;1216084.30;26.06;78.58;78.58;1.09;10.717326146735;59.939468649176;269.38
8194.01;4455;4468;112146.18;1216084.28;26.07;78.21;78.41;0.93;10.717293973343;59.939468472524;269.38
8195.81;4456;4469;112144.48;1216084.26;26.07;77.97;78.34;0.70;10.717263587460;59.939468305836;269.38
8197.61;4457;4470;112142.58;1216084.24;26.08;77.86;78.26;0.51;10.717229626558;59.939468120125;269.38
8199.41;4458;4471;112140.78;1216084.22;26.08;77.80;78.15;0.44;10.717197453165;59.939467944378;269.38
8201.21;4459;4472;112138.98;1216084.20;26.09;77.76;78.09;0.39;10.717165281560;59.939467767726;269.38
8203.01;4460;4473;112137.18;1216084.18;26.09;77.57;77.95;0.28;10.717133108168;59.939467591979;269.38
8204.81;4461;4474;112135.48;1216084.16;26.10;77.46;77.84;0.12;10.717102722285;59.939467425292;269.38
8206.61;4462;4475;112133.58;1216084.14;26.10;77.22;77.78;0.06;10.717068761383;59.939467239580;269.38
8208.41;4463;4476;112131.78;1216084.12;26.11;76.95;77.69;0.03;10.717036587990;59.939467062928;269.38
8210.21;4464;4477;112129.98;1216084.10;26.11;76.93;77.58;0.04;10.717004414598;59.939466887181;269.38
8212.01;4465;4478;112128.18;1216084.08;26.12;77.00;77.35;0.14;10.716972241205;59.939466711435;269.38
8213.81;4466;4479;112126.48;1216084.07;26.12;76.94;77.12;0.08;10.716941855323;59.939466544747;269.38
8215.61;4467;4480;112124.58;1216084.04;26.13;77.00;76.84;0.17;10.716907896208;59.939466359036;269.38
8217.41;4468;4481;112122.78;1216084.03;26.13;77.06;76.54;0.46;10.716875722815;59.939466182383;269.38
8219.21;4469;4482;112120.98;1216084.01;26.14;77.07;76.36;0.64;10.716843549423;59.939466006637;269.38
8221.01;4470;4483;112119.18;1216083.99;26.14;77.02;75.89;1.11;10.716811376030;59.939465829984;269.38
8222.81;4471;4484;112117.48;1216083.97;26.15;77.04;75.41;1.59;10.716780990148;59.939465664203;269.38
8224.61;4472;4485;112115.58;1216083.95;26.16;77.06;74.83;2.17;10.716747029245;59.939465477585;269.38
8226.41;4473;4486;112113.78;1216083.93;26.16;77.07;73.97;3.03;10.716714855853;59.939465301839;269.38
8228.21;4474;4487;112111.98;1216083.91;26.17;77.06;73.51;3.49;10.716682682460;59.939465125186;269.38
8230.01;4475;4488;112110.18;1216083.89;26.17;77.00;72.83;4.17;10.716650510855;59.939464949440;269.38
8231.81;4476;4489;112108.48;1216083.87;26.18;77.00;72.19;4.81;10.716620124973;59.939464782753;269.38
8233.61;4477;4490;112106.58;1216083.85;26.18;76.96;71.55;5.45;10.716586164070;59.939464597041;269.38
8235.41;4478;4491;112104.78;1216083.83;26.19;76.96;70.88;6.13;10.716553990678;59.939464421294;269.38
8237.21;4479;4492;112102.98;1216083.81;26.19;76.96;70.73;6.28;10.716521817285;59.939464244642;269.38
8239.01;4480;4493;112101.18;1216083.79;26.20;76.98;70.44;6.56;10.716489643893;59.939464068895;269.38
8240.81;4481;4494;112099.48;1216083.77;26.20;76.96;69.42;7.58;10.716459258010;59.939463902208;269.38
8242.61;4482;4495;112097.58;1216083.75;26.21;76.98;67.55;9.41;10.716425298896;59.939463716496;269.38
8244.41;4483;4496;112095.78;1216083.73;26.21;76.93;66.46;10.39;10.716393125503;59.939463539844;269.38
8246.21;4484;4497;112093.98;1216083.71;26.22;76.87;66.40;10.34;10.716360952111;59.939463364097;269.38
8248.01;4485;4498;112092.18;1216083.69;26.22;76.58;66.25;10.37;10.716328778718;59.939463187445;269.38
8249.81;4486;4499;112090.48;1216083.68;26.23;76.43;65.80;10.69;10.716298392836;59.939463021663;269.38
8251.61;4487;4500;112088.58;1216083.66;26.23;76.12;64.83;11.55;10.716264431933;59.939462835046;269.38
8253.41;4488;4501;112086.78;1216083.64;26.24;75.81;63.78;12.47;10.716232258541;59.939462659299;269.38
8255.21;4489;4502;112084.98;1216083.62;26.25;75.52;63.51;12.62;10.716200085148;59.939462483553;269.38
8257.01;4490;4503;112083.18;1216083.60;26.25;75.24;63.14;12.88;10.716167913543;59.939462306900;269.38
8258.81;4491;4504;112081.48;1216083.58;26.26;75.20;62.78;13.12;10.716137527661;59.939462140213;269.38
8260.61;4492;4505;112079.58;1216083.56;26.26;75.15;62.43;13.35;10.716103566758;59.939461954501;269.38
8262.41;4493;4506;112077.78;1216083.54;26.27;75.21;62.23;13.42;10.716071393366;59.939461778755;269.38
8264.21;4494;4507;112075.98;1216083.52;26.27;75.23;62.13;13.41;10.716039219973;59.939461602102;269.38
8266.01;4495;4508;112074.18;1216083.50;26.28;75.06;61.95;13.48;10.716007046581;59.939461426356;269.38
8267.81;4496;4509;112072.48;1216083.48;26.28;74.76;61.83;13.47;10.715976660698;59.939461259669;269.38
8269.61;4497;4510;112070.58;1216083.46;26.29;74.13;61.72;13.47;10.715942699796;59.939461073957;269.38
8271.41;4498;4511;112068.78;1216083.44;26.29;73.61;61.61;13.45;10.715910528191;59.939460897305;269.38
8273.21;4499;4512;112066.98;1216083.42;26.30;73.14;61.56;13.45;10.715878354798;59.939460721558;269.38
8275.01;4500;4513;112065.18;1216083.40;26.30;72.90;61.49;13.31;10.715846181406;59.939460545811;269.38
8276.81;4501;4514;112063.48;1216083.38;26.31;72.84;61.63;12.65;10.715815795523;59.939460379124;269.38
8278.61;4502;4515;112061.58;1216083.36;26.31;72.78;61.78;11.98;10.715781834621;59.939460193412;269.38
8280.41;4503;4516;112059.78;1216083.34;26.32;72.15;61.92;11.40;10.715749661228;59.939460016760;269.38
8282.21;4504;4517;112057.98;1216083.33;26.32;71.22;61.98;11.06;10.715717487836;59.939459841013;269.38
8284.01;4505;4518;112056.18;1216083.31;26.33;71.28;62.12;10.78;10.715685314443;59.939459664361;269.38
8285.81;4506;4519;112054.48;1216083.29;26.33;71.28;62.27;10.36;10.715654930348;59.939459498579;269.38
8287.61;4507;4520;112052.58;1216083.27;26.34;71.36;62.40;9.75;10.715620969446;59.939459311962;269.38
8289.41;4508;4521;112050.78;1216083.25;26.35;71.69;62.55;9.13;10.715588796053;59.939459136215;269.38
8291.21;4509;4522;112048.98;1216083.23;26.35;72.01;62.61;8.89;10.715556622661;59.939458959563;269.38
8293.01;4510;4523;112047.18;1216083.21;26.36;72.68;62.76;8.74;10.715524449268;59.939458783816;269.38
8294.81;4511;4524;112045.48;1216083.19;26.36;72.89;62.95;8.55;10.715494063386;59.939458617129;269.38
8296.61;4512;4525;112043.58;1216083.17;26.37;73.12;63.26;8.35;10.715460102483;59.939458431417;269.38
8298.41;4513;4526;112041.78;1216083.15;26.37;73.41;63.60;8.36;10.715427929091;59.939458255671;269.38
8300.21;4514;4527;112039.98;1216083.13;26.38;73.39;63.78;8.60;10.715395757486;59.939458079019;269.38
8302.01;4515;4528;112038.18;1216083.11;26.38;73.38;64.12;8.66;10.715363584093;59.939457903272;269.38
8303.81;4516;4529;112036.48;1216083.09;26.39;73.36;64.47;8.53;10.715333198211;59.939457736585;269.38
8305.61;4517;4530;112034.58;1216083.07;26.39;73.30;64.91;8.10;10.715299237308;59.939457550873;269.38
8307.41;4518;4531;112032.78;1216083.05;26.40;73.29;65.47;7.53;10.715267063916;59.939457374221;269.38
8309.21;4519;4532;112030.98;1216083.03;26.40;73.37;65.71;7.29;10.715234890523;59.939457198474;269.38
8311.01;4520;4533;112029.18;1216083.01;26.41;73.15;66.20;6.80;10.715202717131;59.939457021822;269.38
8312.81;4521;4534;112027.48;1216083.00;26.41;73.08;66.67;6.33;10.715172331248;59.939456856040;269.38
8314.61;4522;4535;112025.58;1216082.98;26.42;73.02;67.18;5.83;10.715138372133;59.939456669423;269.38
8316.41;4523;4536;112023.78;1216082.96;26.42;72.91;67.66;5.34;10.715106198741;59.939456493676;269.38
8318.21;4524;4537;112021.98;1216082.94;26.43;72.88;67.91;5.09;10.715074025348;59.939456317929;269.38
8320.01;4525;4538;112020.18;1216082.92;26.44;73.05;68.43;4.57;10.715041851956;59.939456141277;269.38
8321.81;4526;4539;112018.48;1216082.90;26.44;73.23;68.93;4.07;10.715011466074;59.939455974590;269.38
8323.61;4527;4540;112016.58;1216082.88;26.45;73.65;69.46;3.54;10.714977505171;59.939455788878;269.38
8325.41;4528;4541;112014.78;1216082.86;26.45;74.03;70.00;3.00;10.714945331779;59.939455613131;269.38
8327.21;4529;4542;112012.99;1216082.84;26.46;74.36;70.25;2.75;10.714913160174;59.939455436479;269.38
8329.01;4530;4543;112011.19;1216082.82;26.46;74.85;70.72;2.48;10.714880986781;59.939455260732;269.38
8330.81;4531;4544;112009.49;1216082.80;26.47;75.19;71.19;2.31;10.714850600899;59.939455094045;269.38
8332.61;4532;4545;112007.59;1216082.78;26.47;76.01;71.64;2.21;10.714816639996;59.939454908334;269.38
8334.41;4533;4546;112005.79;1216082.76;26.48;77.16;72.11;2.09;10.714784466604;59.939454731681;269.38
8336.21;4534;4547;112003.99;1216082.74;26.48;77.92;72.30;2.19;10.714752293211;59.939454555935;269.38
8338.01;4535;4548;112002.19;1216082.72;26.49;78.06;72.69;2.34;10.714720119819;59.939454380188;269.38
8339.81;4536;4549;112000.49;1216082.70;26.49;78.10;73.10;2.72;10.714689733936;59.939454213501;269.38
8341.61;4537;4550;111998.59;1216082.68;26.50;78.12;73.48;3.20;10.714655774821;59.939454027789;269.38
8343.41;4538;4551;111996.79;1216082.66;26.50;78.21;73.88;3.53;10.714623601429;59.939453851137;269.38
8345.21;4539;4552;111994.99;1216082.64;26.51;78.79;74.09;3.91;10.714591428036;59.939453675390;269.38
8347.01;4540;4553;111993.19;1216082.63;26.51;79.56;74.33;3.70;10.714559254644;59.939453498738;269.38
8348.81;4541;4554;111991.49;1216082.61;26.52;79.78;74.62;3.49;10.714528868761;59.939453332956;269.38
8350.61;4542;4555;111989.59;1216082.59;26.53;80.27;74.92;3.21;10.714494907859;59.939453146339;269.38
8352.41;4543;4556;111987.79;1216082.57;26.53;80.38;75.21;3.25;10.714462734466;59.939452970592;269.38
8354.21;4544;4557;111985.99;1216082.55;26.54;80.58;75.37;3.78;10.714430561074;59.939452793940;269.38
8356.01;4545;4558;111984.19;1216082.53;26.54;80.68;75.57;4.10;10.714398389469;59.939452618193;269.38
8357.81;4546;4559;111982.49;1216082.51;26.55;80.73;75.72;4.37;10.714368003586;59.939452451506;269.38
8359.61;4547;4560;111980.59;1216082.49;26.55;80.75;75.97;4.33;10.714334042684;59.939452265794;269.38
8361.41;4548;4561;111978.79;1216082.47;26.56;80.93;76.23;4.25;10.714301869291;59.939452090047;269.38
8363.21;4549;4562;111976.99;1216082.45;26.56;81.14;76.35;4.20;10.714269695899;59.939451913395;269.38
8365.01;4550;4563;111975.19;1216082.43;26.57;81.04;76.62;3.98;10.714237522506;59.939451737649;269.38
8366.81;4551;4564;111973.49;1216082.41;26.57;81.08;76.76;3.89;10.714207136624;59.939451570961;269.38
8368.61;4552;4565;111971.59;1216082.39;26.58;81.11;77.01;3.72;10.714173175721;59.939451385250;269.38
8370.41;4553;4566;111969.79;1216082.37;26.58;81.27;77.29;3.57;10.714141004116;59.939451208597;269.38
8372.21;4554;4567;111967.99;1216082.35;26.59;81.28;77.42;3.59;10.714108830724;59.939451032851;269.38
8374.01;4555;4568;111966.19;1216082.33;26.59;81.46;77.70;3.32;10.714076657331;59.939450856198;269.38
8375.81;4556;4569;111964.49;1216082.32;26.60;81.49;77.61;3.43;10.714046271449;59.939450690417;269.38
8377.61;4557;4570;111962.59;1216082.29;26.60;81.36;77.36;3.75;10.714012310546;59.939450503799;269.38
8379.41;4558;4571;111960.79;1216082.28;26.61;81.36;77.11;4.10;10.713980137154;59.939450328053;269.38
8381.21;4559;4572;111958.99;1216082.26;26.62;81.16;76.99;4.18;10.713947963761;59.939450152306;269.38
8383.01;4560;4573;111957.19;1216082.24;26.62;80.91;76.78;4.30;10.713915792156;59.939449975654;269.38
8384.81;4561;4574;111955.49;1216082.22;26.63;80.80;76.52;4.52;10.713885406274;59.939449809872;269.38
8386.61;4562;4575;111953.59;1216082.20;26.63;80.59;76.11;4.92;10.713851445371;59.939449623255;269.38
8388.41;4563;4576;111951.79;1216082.18;26.64;80.33;75.71;5.31;10.713819271979;59.939449447508;269.38
8390.21;4564;4577;111949.99;1216082.16;26.64;79.68;75.52;5.44;10.713787098586;59.939449270856;269.38
8392.01;4565;4578;111948.19;1216082.14;26.65;79.42;75.10;5.60;10.713754925194;59.939449095109;269.38
8393.81;4566;4579;111946.49;1216082.12;26.65;79.18;74.73;5.80;10.713724539311;59.939448928422;269.38
8395.61;4567;4580;111944.59;1216082.10;26.66;78.34;74.31;6.04;10.713690578409;59.939448742710;269.38
8397.41;4568;4581;111942.79;1216082.08;26.66;78.00;73.91;6.13;10.713658406804;59.939448566964;269.38
8399.21;4569;4582;111940.99;1216082.06;26.67;77.23;73.70;5.93;10.713626233411;59.939448390311;269.38
8401.01;4570;4583;111939.19;1216082.04;26.67;77.13;73.30;5.86;10.713594060019;59.939448214565;269.38
8402.81;4571;4584;111937.49;1216082.02;26.68;76.65;72.88;5.78;10.713563674137;59.939448047877;269.38
8404.61;4572;4585;111935.59;1216082.00;26.68;75.39;72.44;5.79;10.713529713234;59.939447862166;269.38
8406.41;4573;4586;111933.79;1216081.98;26.69;75.38;72.01;5.63;10.713497539842;59.939447685513;269.38
8408.21;4574;4587;111931.99;1216081.96;26.69;75.33;71.80;5.31;10.713465366449;59.939447509767;269.38
8410.01;4575;4588;111930.19;1216081.94;26.70;75.29;71.39;4.70;10.713433193057;59.939447333114;269.38
8411.81;4576;4589;111928.49;1216081.93;26.70;75.32;70.97;4.41;10.713402807174;59.939447167333;269.38
8413.61;4577;4590;111926.59;1216081.91;26.71;75.34;70.55;4.69;10.713368848059;59.939446980715;269.38
8415.41;4578;4591;111924.79;1216081.89;26.72;74.95;70.10;5.08;10.713336674667;59.939446804969;269.38
8417.21;4579;4592;111922.99;1216081.87;26.72;73.67;69.88;5.24;10.713304501274;59.939446629222;269.38
8419.01;4580;4593;111921.19;1216081.85;26.73;72.67;69.45;5.61;10.713272327882;59.939446452570;269.38
8420.81;4581;4594;111919.49;1216081.83;26.73;72.32;69.02;5.99;10.713241941999;59.939446285882;269.38
8422.61;4582;4595;111917.59;1216081.81;26.74;71.61;68.57;6.43;10.713207981097;59.939446100171;269.38
8424.41;4583;4596;111915.79;1216081.79;26.74;70.99;68.14;6.46;10.713175807704;59.939445924424;269.38
8426.21;4584;4597;111913.99;1216081.77;26.75;70.49;67.92;4.88;10.713143636099;59.939445747772;269.38
8428.01;4585;4598;111912.19;1216081.75;26.75;70.20;67.48;4.81;10.713111462707;59.939445572025;269.38
8429.81;4586;4599;111910.49;1216081.73;26.76;70.25;67.04;4.82;10.713081076824;59.939445405338;269.38
8431.61;4587;4600;111908.59;1216081.71;26.76;69.58;66.60;4.74;10.713047115922;59.939445219626;269.38
8433.41;4588;4601;111906.79;1216081.69;26.77;69.13;66.13;4.67;10.713014942529;59.939445042974;269.38
8435.21;4589;4602;111904.99;1216081.67;26.77;69.10;65.92;4.40;10.712982769137;59.939444867227;269.38
8437.01;4590;4603;111903.19;1216081.65;26.78;69.09;65.51;4.53;10.712950595744;59.939444690575;269.38
8438.81;4591;4604;111901.49;1216081.63;26.78;69.07;65.12;4.53;10.712920209862;59.939444524793;269.38
8440.61;4592;4605;111899.59;1216081.61;26.79;69.02;64.73;4.55;10.712886250747;59.939444339082;269.38
8442.41;4593;4606;111897.79;1216081.59;26.80;69.09;64.35;4.88;10.712854077354;59.939444162429;269.38
8444.21;4594;4607;111895.99;1216081.58;26.80;69.10;64.15;5.03;10.712821903962;59.939443986683;269.38
8446.01;4595;4608;111894.19;1216081.56;26.81;69.10;63.76;5.35;10.712789730569;59.939443810030;269.38
8447.81;4596;4609;111892.49;1216081.54;26.81;69.32;63.36;5.69;10.712759344687;59.939443644249;269.38
8449.61;4597;4610;111890.59;1216081.52;26.82;69.54;62.98;6.05;10.712725383784;59.939443457631;269.38
8451.41;4598;4611;111888.79;1216081.50;26.82;69.84;62.57;6.62;10.712693210392;59.939443281885;269.38
8453.21;4599;4612;111886.99;1216081.48;26.83;70.14;62.38;6.97;10.712661036999;59.939443105232;269.38
8455.01;4600;4613;111885.19;1216081.46;26.83;70.28;62.06;7.45;10.712628865394;59.939442929486;269.38
8456.81;4601;4614;111883.49;1216081.44;26.84;70.61;61.76;7.89;10.712598479512;59.939442762798;269.38
8458.61;4602;4615;111881.59;1216081.42;26.84;70.76;61.47;8.37;10.712564518609;59.939442577087;269.38
8460.41;4603;4616;111879.79;1216081.40;26.85;70.69;61.18;9.01;10.712532345217;59.939442401340;269.38
8462.21;4604;4617;111877.99;1216081.38;26.85;70.62;61.05;9.55;10.712500171824;59.939442224688;269.38
8464.01;4605;4618;111876.19;1216081.36;26.86;70.53;60.75;10.06;10.712467998432;59.939442048941;269.38
8465.81;4606;4619;111874.49;1216081.34;26.86;70.31;60.46;10.31;10.712437612549;59.939441882254;269.38
8467.61;4607;4620;111872.59;1216081.32;26.87;69.34;60.17;10.56;10.712403653434;59.939441696542;269.38
8469.41;4608;4621;111870.79;1216081.30;26.87;68.21;59.88;10.77;10.712371480042;59.939441519890;269.38
8471.21;4609;4622;111868.99;1216081.28;26.88;67.08;59.73;10.83;10.712339306649;59.939441344143;269.38
8473.01;4610;4623;111867.19;1216081.26;26.88;66.62;59.46;10.90;10.712307133257;59.939441167491;269.38
8474.81;4611;4624;111865.49;1216081.25;26.89;66.16;59.27;10.48;10.712276747374;59.939441001709;269.38
8476.61;4612;4625;111863.59;1216081.22;26.90;66.22;59.09;9.76;10.712242786472;59.939440815092;269.38
8478.41;4613;4626;111861.79;1216081.21;26.90;66.08;58.91;8.98;10.712210613079;59.939440639345;269.38
8480.21;4614;4627;111859.99;1216081.19;26.91;66.17;58.82;8.07;10.712178439687;59.939440463599;269.38
8482.01;4615;4628;111858.19;1216081.17;26.91;66.22;58.64;7.78;10.712146268082;59.939440286946;269.38
8483.81;4616;4629;111856.49;1216081.15;26.92;66.30;58.46;7.82;10.712115882200;59.939440120259;269.38
8485.61;4617;4630;111854.59;1216081.13;26.92;65.87;58.41;7.74;10.712081921297;59.939439934547;269.38
8487.41;4618;4631;111852.80;1216081.11;26.93;65.90;58.35;7.76;10.712049747905;59.939439758801;269.38
8489.21;4619;4632;111851.00;1216081.09;26.93;66.35;58.32;7.79;10.712017574512;59.939439582148;269.38
8491.01;4620;4633;111849.20;1216081.07;26.94;66.23;58.26;7.84;10.711985401120;59.939439406402;269.38
8492.81;4621;4634;111847.50;1216081.05;26.94;66.26;58.20;7.89;10.711955015237;59.939439239714;269.38
8494.61;4622;4635;111845.60;1216081.03;26.95;66.20;58.11;7.98;10.711921054335;59.939439054003;269.38
8496.41;4623;4636;111843.80;1216081.01;26.95;66.00;58.04;8.04;10.711888882730;59.939438877350;269.38
8498.21;4624;4637;111842.00;1216080.99;26.96;66.08;57.97;8.11;10.711856709337;59.939438701604;269.38
8500.01;4625;4638;111840.20;1216080.97;26.96;66.18;57.84;8.24;10.711824535945;59.939438524951;269.38
8501.81;4626;4639;111838.50;1216080.95;26.97;66.31;57.70;8.38;10.711794150062;59.939438359170;269.38
8503.61;4627;4640;111836.60;1216080.93;26.97;66.29;57.58;8.50;10.711760189160;59.939438173458;269.38
8505.41;4628;4641;111834.80;1216080.91;26.98;66.00;57.30;8.79;10.711728015767;59.939437996806;269.38
8507.21;4629;4642;111833.00;1216080.89;26.99;65.77;57.11;8.99;10.711695842375;59.939437821059;269.38
8509.01;4630;4643;111831.20;1216080.87;26.99;65.91;56.65;9.53;10.711663668982;59.939437644407;269.38
8510.81;4631;4644;111829.50;1216080.86;27.00;66.28;55.74;10.52;10.711633284887;59.939437478625;269.38
8512.61;4632;4645;111827.60;1216080.84;27.00;67.07;54.88;11.47;10.711599323985;59.939437292008;269.38
8514.41;4633;4646;111825.80;1216080.82;27.01;68.12;54.42;12.01;10.711567150592;59.939437116261;269.38
8516.21;4634;4647;111824.00;1216080.80;27.01;68.83;53.64;12.86;10.711534977200;59.939436939609;269.38
8518.01;4635;4648;111822.20;1216080.78;27.02;69.16;52.76;13.74;10.711502803807;59.939436763862;269.38
8519.81;4636;4649;111820.50;1216080.76;27.02;69.57;52.24;14.69;10.711472417925;59.939436597175;269.38
8521.61;4637;4650;111818.60;1216080.74;27.03;69.84;51.88;15.74;10.711438457022;59.939436411463;269.38
8523.41;4638;4651;111816.80;1216080.72;27.03;70.30;51.71;16.53;10.711406283630;59.939436235717;269.38
8525.21;4639;4652;111815.00;1216080.70;27.04;70.75;51.52;17.47;10.711374112025;59.939436059064;269.38
8527.01;4640;4653;111813.20;1216080.68;27.04;70.72;52.02;17.48;10.711341938632;59.939435883318;269.38
8528.81;4641;4654;111811.50;1216080.66;27.05;70.89;52.52;17.32;10.711311552750;59.939435716630;269.38
8530.61;4642;4655;111809.60;1216080.64;27.05;71.28;53.02;17.19;10.711277591847;59.939435530919;269.38
8532.41;4643;4656;111807.80;1216080.62;27.06;71.40;53.28;17.27;10.711245418455;59.939435354266;269.38
8534.21;4644;4657;111806.00;1216080.60;27.06;71.37;53.68;17.13;10.711213245062;59.939435178520;269.38
8536.01;4645;4658;111804.20;1216080.58;27.07;71.32;54.43;16.56;10.711181071670;59.939435001867;269.38
8537.81;4646;4659;111802.50;1216080.56;27.07;71.33;55.27;15.73;10.711150685787;59.939434836086;269.38
8539.61;4647;4660;111800.60;1216080.54;27.08;71.36;56.14;14.86;10.711116726672;59.939434649468;269.38
8541.41;4648;4661;111798.80;1216080.52;27.09;71.53;56.56;14.47;10.711084553280;59.939434473722;269.38
8543.21;4649;4662;111797.00;1216080.51;27.09;72.40;57.42;13.77;10.711052379887;59.939434297069;269.38
8545.01;4650;4663;111795.20;1216080.49;27.10;72.73;58.25;13.05;10.711020206495;59.939434121323;269.38
8546.81;4651;4664;111793.50;1216080.47;27.10;73.14;59.00;12.40;10.710989820612;59.939433954635;269.38
8548.61;4652;4665;111791.60;1216080.45;27.11;73.18;59.79;11.74;10.710955859710;59.939433768924;269.38
8550.41;4653;4666;111789.80;1216080.43;27.11;73.26;60.18;11.93;10.710923686317;59.939433593177;269.38
8552.21;4654;4667;111788.00;1216080.41;27.12;73.28;60.93;11.63;10.710891514712;59.939433416525;269.38
8554.01;4655;4668;111786.20;1216080.39;27.12;73.29;61.68;11.30;10.710859341320;59.939433240778;269.38
8555.81;4656;4669;111784.50;1216080.37;27.13;73.26;62.39;10.67;10.710828955437;59.939433074091;269.38
8557.61;4657;4670;111782.60;1216080.35;27.13;73.46;62.95;10.17;10.710794994535;59.939432888379;269.38
8559.41;4658;4671;111780.80;1216080.33;27.14;73.38;63.24;9.95;10.710762821142;59.939432711727;269.38
8561.21;4659;4672;111779.00;1216080.31;27.14;73.37;63.80;9.47;10.710730647750;59.939432535980;269.38
8563.01;4660;4673;111777.20;1216080.29;27.15;73.35;64.35;8.99;10.710698474358;59.939432359328;269.38
8564.81;4661;4674;111775.50;1216080.27;27.15;73.36;64.94;8.47;10.710668088475;59.939432193546;269.38
8566.61;4662;4675;111773.60;1216080.25;27.16;73.44;65.49;7.94;10.710634129360;59.939432007835;269.38
8568.41;4663;4676;111771.80;1216080.23;27.17;73.55;65.78;7.69;10.710601955968;59.939431831182;269.38
8570.21;4664;4677;111770.00;1216080.21;27.17;73.60;66.35;7.14;10.710569782575;59.939431655436;269.38
8572.01;4665;4678;111768.20;1216080.19;27.18;73.62;66.93;6.58;10.710537609183;59.939431478783;269.38
8573.81;4666;4679;111766.50;1216080.18;27.18;73.67;67.50;6.00;10.710507223300;59.939431313002;269.38
8575.61;4667;4680;111764.60;1216080.16;27.19;73.70;67.92;5.58;10.710473262398;59.939431126384;269.38
8577.41;4668;4681;111762.80;1216080.14;27.19;73.72;68.06;5.49;10.710441089005;59.939430950638;269.38
8579.21;4669;4682;111761.00;1216080.12;27.20;73.74;68.33;5.29;10.710408915613;59.939430773985;269.38
8581.01;4670;4683;111759.20;1216080.10;27.20;73.84;68.60;5.08;10.710376744008;59.939430598239;269.38
8582.81;4671;4684;111757.50;1216080.08;27.21;73.93;68.89;4.86;10.710346358125;59.939430431551;269.38
8584.61;4672;4685;111755.60;1216080.06;27.21;73.93;69.14;4.67;10.710312397223;59.939430245840;269.38
8586.41;4673;4686;111753.80;1216080.04;27.22;73.99;69.28;4.60;10.710280223830;59.939430070093;269.38
8588.21;4674;4687;111752.00;1216080.02;27.22;74.00;69.54;4.41;10.710248050438;59.939429893441;269.38
8590.01;4675;4688;111750.20;1216080.00;27.23;74.12;69.80;4.19;10.710215877045;59.939429717694;269.38
8591.81;4676;4689;111748.50;1216079.98;27.23;74.09;70.06;3.94;10.710185491163;59.939429551007;269.38
8593.61;4677;4690;111746.60;1216079.96;27.24;74.02;70.33;3.67;10.710151530260;59.939429365295;269.38
8595.41;4678;4691;111744.80;1216079.94;27.24;74.01;70.46;3.58;10.710119358655;59.939429188643;269.38
8597.21;4679;4692;111743.00;1216079.92;27.25;74.11;70.58;3.54;10.710087185263;59.939429012896;269.38
8599.01;4680;4693;111741.20;1216079.90;27.25;74.37;70.71;3.50;10.710055011870;59.939428836244;269.38
8600.81;4681;4694;111739.50;1216079.88;27.26;74.57;70.84;3.43;10.710024625988;59.939428670462;269.38
8602.61;4682;4695;111737.60;1216079.86;27.27;74.52;70.97;3.36;10.709990665085;59.939428483845;269.38
8604.41;4683;4696;111735.80;1216079.84;27.27;74.65;71.03;3.36;10.709958491693;59.939428308098;269.38
8606.21;4684;4697;111734.00;1216079.82;27.28;74.72;71.16;3.29;10.709926318300;59.939428131446;269.38
8608.01;4685;4698;111732.20;1216079.81;27.28;74.82;71.28;3.25;10.709894146695;59.939427955699;269.38
8609.81;4686;4699;111730.50;1216079.79;27.29;74.90;71.40;3.24;10.709863760813;59.939427789012;269.38
8611.61;4687;4700;111728.60;1216079.77;27.29;74.93;71.53;3.19;10.709829799910;59.939427603300;269.38
8613.41;4688;4701;111726.80;1216079.75;27.30;75.04;71.59;3.21;10.709797626518;59.939427427554;269.38
8615.21;4689;4702;111725.00;1216079.73;27.30;75.17;71.74;3.13;10.709765453125;59.939427250901;269.38
8617.01;4690;4703;111723.20;1216079.71;27.31;75.19;71.83;3.12;10.709733279733;59.939427075155;269.38
8618.81;4691;4704;111721.50;1216079.69;27.31;75.16;71.93;3.07;10.709702893850;59.939426908467;269.38
8620.61;4692;4705;111719.60;1216079.67;27.32;75.14;72.02;2.99;10.709668932948;59.939426722756;269.38
8622.41;4693;4706;111717.80;1216079.65;27.32;76.03;72.07;3.00;10.709636761343;59.939426546103;269.38
8624.21;4694;4707;111716.00;1216079.63;27.33;76.15;72.17;2.98;10.709604587950;59.939426370357;269.38
8626.01;4695;4708;111714.20;1216079.61;27.33;76.14;72.26;2.91;10.709572414558;59.939426194610;269.38
8627.81;4696;4709;111712.50;1216079.59;27.34;75.87;72.35;2.78;10.709542028675;59.939426027923;269.38
8629.61;4697;4710;111710.60;1216079.57;27.34;75.84;72.45;3.10;10.709508067773;59.939425842211;269.38
8631.41;4698;4711;111708.80;1216079.55;27.35;76.18;72.50;3.56;10.709475894380;59.939425665559;269.38
8633.21;4699;4712;111707.00;1216079.53;27.36;76.31;72.59;3.52;10.709443720988;59.939425489812;269.38
8635.01;4700;4713;111705.20;1216079.51;27.36;76.56;72.65;3.53;10.709411547595;59.939425313160;269.38
8636.81;4701;4714;111703.50;1216079.50;27.37;76.78;72.76;3.49;10.709381161713;59.939425147378;269.38
8638.61;4702;4715;111701.60;1216079.47;27.37;76.92;72.89;3.45;10.709347202598;59.939424960761;269.38
8640.41;4703;4716;111699.80;1216079.46;27.38;76.80;72.96;3.52;10.709315029206;59.939424785014;269.38
8642.21;4704;4717;111698.00;1216079.44;27.38;76.78;73.08;3.53;10.709282855813;59.939424608362;269.38
8644.01;4705;4718;111696.20;1216079.42;27.39;76.96;73.21;3.53;10.709250682421;59.939424432615;269.38
8645.81;4706;4719;111694.50;1216079.40;27.39;77.15;73.35;3.53;10.709220296538;59.939424265928;269.38
8647.61;4707;4720;111692.61;1216079.38;27.40;77.19;73.48;3.43;10.709186335636;59.939424080216;269.38
8649.41;4708;4721;111690.81;1216079.36;27.40;77.39;73.54;3.43;10.709154162243;59.939423904470;269.38
8651.21;4709;4722;111689.01;1216079.34;27.41;77.38;73.67;3.33;10.709121990638;59.939423727817;269.38
8653.01;4710;4723;111687.21;1216079.32;27.41;77.52;73.81;3.25;10.709089817246;59.939423552071;269.38
8654.81;4711;4724;111685.51;1216079.30;27.42;77.49;73.94;3.18;10.709059431363;59.939423385383;269.38
8656.61;4712;4725;111683.61;1216079.28;27.42;77.47;74.12;3.06;10.709025470461;59.939423199672;269.38
8658.41;4713;4726;111681.81;1216079.26;27.43;77.50;74.22;3.11;10.708993297068;59.939423023019;269.38
8660.21;4714;4727;111680.01;1216079.24;27.43;77.45;74.41;3.05;10.708961123676;59.939422847273;269.38
8662.01;4715;4728;111678.21;1216079.22;27.44;77.46;74.59;2.88;10.708928950283;59.939422670620;269.38
8663.81;4716;4729;111676.51;1216079.20;27.44;79.01;74.77;2.71;10.708898564401;59.939422504839;269.38
8665.61;4717;4730;111674.61;1216079.18;27.45;79.47;74.96;2.54;10.708864605286;59.939422318221;269.38
8667.41;4718;4731;111672.81;1216079.16;27.46;79.46;75.06;2.44;10.708832431893;59.939422142475;269.38
8669.21;4719;4732;111671.01;1216079.14;27.46;79.48;75.25;2.26;10.708800258501;59.939421966728;269.38
8671.01;4720;4733;111669.21;1216079.12;27.47;79.84;75.44;2.71;10.708768085108;59.939421790076;269.38
8672.81;4721;4734;111667.51;1216079.11;27.47;79.60;75.62;3.72;10.708737699226;59.939421623388;269.38
8674.61;4722;4735;111665.61;1216079.09;27.48;79.64;75.82;3.68;10.708703738323;59.939421437677;269.38
8676.41;4723;4736;111663.81;1216079.07;27.48;79.64;75.92;3.60;10.708671564931;59.939421261930;269.38
8678.21;4724;4737;111662.01;1216079.05;27.49;79.69;76.13;3.42;10.708639391538;59.939421085278;269.38
8680.01;4725;4738;111660.21;1216079.03;27.49;80.08;76.34;3.19;10.708607219933;59.939420909531;269.38
8681.81;4726;4739;111658.51;1216079.01;27.50;80.57;76.55;3.01;10.708576834051;59.939420742844;269.38
8683.61;4727;4740;111656.61;1216078.99;27.50;81.31;76.76;2.82;10.708542873148;59.939420557132;269.38
8685.41;4728;4741;111654.81;1216078.97;27.51;81.91;76.86;2.80;10.708510699756;59.939420380480;269.38
8687.21;4729;4742;111653.01;1216078.95;27.51;82.25;77.07;2.92;10.708478526363;59.939420204733;269.38
8689.01;4730;4743;111651.21;1216078.93;27.52;82.10;77.28;3.05;10.708446352971;59.939420028987;269.38
8690.81;4731;4744;111649.51;1216078.91;27.52;81.69;77.49;3.55;10.708415967088;59.939419862299;269.38
8692.61;4732;4745;111647.61;1216078.89;27.53;81.76;77.70;3.71;10.708382007973;59.939419676588;269.38
8694.41;4733;4746;111645.81;1216078.87;27.54;81.97;77.80;3.71;10.708349834581;59.939419499935;269.38
8696.21;4734;4747;111644.01;1216078.85;27.54;82.09;78.00;3.61;10.708317661188;59.939419324189;269.38
8698.01;4735;4748;111642.21;1216078.83;27.55;81.88;78.21;3.46;10.708285487796;59.939419147536;269.38
8699.81;4736;4749;111640.51;1216078.81;27.55;82.29;78.42;3.31;10.708255101913;59.939418981755;269.38
8701.61;4737;4750;111638.61;1216078.79;27.56;83.47;78.62;3.22;10.708221141011;59.939418795137;269.38
8703.41;4738;4751;111636.81;1216078.77;27.56;83.85;78.73;3.47;10.708188967618;59.939418619391;269.38
8705.21;4739;4752;111635.01;1216078.76;27.57;83.92;78.93;3.08;10.708156794226;59.939418442738;269.38
8707.01;4740;4753;111633.21;1216078.74;27.57;83.90;79.13;2.90;10.708124622621;59.939418266992;269.38
8708.81;4741;4754;111631.51;1216078.72;27.58;83.23;79.34;3.04;10.708094236738;59.939418100304;269.38
8710.61;4742;4755;111629.61;1216078.70;27.58;82.21;79.55;3.77;10.708060275836;59.939417914593;269.38
8712.41;4743;4756;111627.81;1216078.68;27.59;81.91;79.65;3.86;10.708028102443;59.939417738846;269.38
8714.21;4744;4757;111626.01;1216078.66;27.59;81.96;79.85;3.78;10.707995929051;59.939417562194;269.38
8716.01;4745;4758;111624.21;1216078.64;27.60;82.04;80.00;3.53;10.707963755658;59.939417386447;269.38
8717.81;4746;4759;111622.51;1216078.62;27.60;82.10;80.17;2.59;10.707933369776;59.939417219760;269.38
8719.61;4747;4760;111620.61;1216078.60;27.61;82.22;80.33;1.77;10.707899408874;59.939417034048;269.38
8721.41;4748;4761;111618.81;1216078.58;27.61;82.35;80.41;1.57;10.707867237269;59.939416857396;269.38
8723.21;4749;4762;111617.01;1216078.56;27.62;82.86;80.58;1.44;10.707835063876;59.939416681649;269.38
8725.01;4750;4763;111615.21;1216078.54;27.62;82.83;80.75;1.36;10.707802890484;59.939416504997;269.38
8726.81;4751;4764;111613.51;1216078.52;27.63;83.12;80.91;1.28;10.707772504601;59.939416339215;269.38
8728.61;4752;4765;111611.61;1216078.50;27.64;83.74;81.08;1.24;10.707738543699;59.939416152598;269.38
8730.41;4753;4766;111609.81;1216078.48;27.64;84.33;81.17;1.35;10.707706370306;59.939415976851;269.38
8732.21;4754;4767;111608.01;1216078.46;27.65;84.74;81.33;1.46;10.707674196914;59.939415801105;269.38
8734.01;4755;4768;111606.21;1216078.44;27.65;84.64;81.48;1.44;10.707642023521;59.939415624452;269.38
8735.81;4756;4769;111604.51;1216078.43;27.66;84.50;81.58;1.82;10.707611639426;59.939415457765;269.38
8737.61;4757;4770;111602.61;1216078.41;27.66;84.58;81.76;2.29;10.707577678524;59.939415272053;269.38
8739.41;4758;4771;111600.81;1216078.39;27.67;84.63;81.81;2.33;10.707545505131;59.939415096307;269.38
8741.21;4759;4772;111599.01;1216078.37;27.67;84.68;81.93;2.27;10.707513331739;59.939414919654;269.38
8743.01;4760;4773;111597.21;1216078.35;27.68;84.74;82.03;2.23;10.707481158346;59.939414743908;269.38
8744.81;4761;4774;111595.51;1216078.33;27.68;84.81;82.14;2.19;10.707450772464;59.939414577220;269.38
8746.61;4762;4775;111593.61;1216078.31;27.69;84.91;82.24;2.16;10.707416811561;59.939414391509;269.38
8748.41;4763;4776;111591.81;1216078.29;27.69;84.98;82.28;2.21;10.707384638169;59.939414214856;269.38
8750.21;4764;4777;111590.01;1216078.27;27.70;85.18;82.36;2.14;10.707352466564;59.939414039110;269.38
8752.01;4765;4778;111588.21;1216078.25;27.70;85.46;82.44;2.07;10.707320293171;59.939413863363;269.38
8753.81;4766;4779;111586.51;1216078.23;27.71;85.04;82.52;2.08;10.707289907289;59.939413696676;269.38
8755.61;4767;4780;111584.61;1216078.21;27.71;84.81;82.59;2.10;10.707255946386;59.939413510964;269.38
8757.41;4768;4781;111582.81;1216078.19;27.72;84.80;82.61;2.16;10.707223772994;59.939413334312;269.38
8759.21;4769;4782;111581.01;1216078.17;27.73;85.00;82.67;2.19;10.707191599601;59.939413158565;269.38
8761.01;4770;4783;111579.21;1216078.15;27.73;85.61;82.71;2.19;10.707159426209;59.939412981913;269.38
8762.81;4771;4784;111577.51;1216078.13;27.74;86.30;82.76;2.20;10.707129040326;59.939412816131;269.38
8764.61;4772;4785;111575.61;1216078.11;27.74;86.94;82.81;2.25;10.707095081211;59.939412629514;269.38
8766.41;4773;4786;111573.81;1216078.09;27.75;87.39;82.83;2.44;10.707062907819;59.939412453767;269.38
8768.21;4774;4787;111572.01;1216078.07;27.75;87.68;82.88;2.60;10.707030734426;59.939412277115;269.38
8770.01;4775;4788;111570.21;1216078.06;27.76;87.68;82.92;2.93;10.706998561034;59.939412101368;269.38
8771.81;4776;4789;111568.51;1216078.04;27.76;87.73;82.97;3.28;10.706968175151;59.939411934681;269.38
8773.61;4777;4790;111566.61;1216078.02;27.77;87.76;83.02;4.20;10.706934214249;59.939411748969;269.38
8775.41;4778;4791;111564.81;1216078.00;27.77;87.77;83.04;4.53;10.706902040856;59.939411573223;269.38
8777.21;4779;4792;111563.01;1216077.98;27.78;87.75;83.05;4.59;10.706869869251;59.939411396570;269.38
8779.01;4780;4793;111561.21;1216077.96;27.78;87.81;83.06;4.60;10.706837695859;59.939411220824;269.38
8780.81;4781;4794;111559.51;1216077.94;27.79;87.85;83.08;4.62;10.706807309976;59.939411054136;269.38
8782.61;4782;4795;111557.61;1216077.92;27.79;87.98;83.09;4.63;10.706773349074;59.939410868425;269.38
8784.41;4783;4796;111555.81;1216077.90;27.80;88.05;83.10;4.65;10.706741175681;59.939410691772;269.38
8786.21;4784;4797;111554.01;1216077.88;27.80;88.13;83.11;4.71;10.706709002289;59.939410516026;269.38
8788.01;4785;4798;111552.21;1216077.86;27.81;88.17;83.12;4.77;10.706676828896;59.939410339373;269.38
8789.81;4786;4799;111550.51;1216077.84;27.81;88.21;83.13;4.82;10.706646443014;59.939410173592;269.38
8791.61;4787;4800;111548.61;1216077.82;27.82;88.26;83.15;4.85;10.706612483899;59.939409986974;269.38
8793.41;4788;4801;111546.81;1216077.80;27.83;88.28;83.16;4.89;10.706580310506;59.939409811228;269.38
8795.21;4789;4802;111545.01;1216077.78;27.83;88.31;83.16;4.98;10.706548137114;59.939409635481;269.38
8797.01;4790;4803;111543.21;1216077.76;27.84;88.33;83.13;5.08;10.706515963721;59.939409458829;269.38
8798.81;4791;4804;111541.51;1216077.75;27.84;88.35;83.09;5.17;10.706485577839;59.939409292141;269.38
8800.61;4792;4805;111539.61;1216077.72;27.85;88.37;83.06;5.20;10.706451616937;59.939409106430;269.38
8802.41;4793;4806;111537.81;1216077.71;27.85;88.37;83.04;5.21;10.706419443544;59.939408930683;269.38
8804.21;4794;4807;111536.01;1216077.69;27.86;88.27;82.99;5.25;10.706387270152;59.939408754031;269.38
8806.01;4795;4808;111534.22;1216077.67;27.86;88.23;82.95;5.30;10.706355098547;59.939408578284;269.38
8807.81;4796;4809;111532.52;1216077.65;27.87;88.17;82.90;5.35;10.706324712664;59.939408411597;269.38
8809.61;4797;4810;111530.62;1216077.63;27.87;87.92;82.85;5.40;10.706290751762;59.939408225885;269.38
8811.41;4798;4811;111528.82;1216077.61;27.88;87.84;82.83;5.41;10.706258578369;59.939408049233;269.38
8813.21;4799;4812;111527.02;1216077.59;27.88;87.76;82.79;5.41;10.706226404977;59.939407873486;269.38
8815.01;4800;4813;111525.22;1216077.57;27.89;87.87;82.74;5.41;10.706194231584;59.939407697740;269.38
8816.81;4801;4814;111523.52;1216077.55;27.89;87.87;82.69;5.41;10.706163845702;59.939407531052;269.38
8818.61;4802;4815;111521.62;1216077.53;27.90;87.92;82.65;5.39;10.706129884799;59.939407345341;269.38
8820.41;4803;4816;111519.82;1216077.51;27.91;87.94;82.63;5.37;10.706097713194;59.939407168688;269.38
8822.21;4804;4817;111518.02;1216077.49;27.91;87.98;82.58;5.35;10.706065539802;59.939406992942;269.38
8824.01;4805;4818;111516.22;1216077.47;27.92;88.10;82.53;5.34;10.706033366409;59.939406816289;269.38
8825.81;4806;4819;111514.52;1216077.45;27.92;88.14;82.49;5.33;10.706002980527;59.939406650508;269.38
8827.61;4807;4820;111512.62;1216077.43;27.93;88.25;82.44;5.38;10.705969019624;59.939406463890;269.38
8829.41;4808;4821;111510.82;1216077.41;27.93;88.36;82.42;5.42;10.705936846232;59.939406288144;269.38
8831.21;4809;4822;111509.02;1216077.39;27.94;88.44;82.37;5.55;10.705904672839;59.939406112397;269.38
8833.01;4810;4823;111507.22;1216077.37;27.94;88.12;82.33;5.62;10.705872501234;59.939405935745;269.38
8834.81;4811;4824;111505.52;1216077.36;27.95;87.69;82.25;5.84;10.705842115352;59.939405769057;269.38
8836.61;4812;4825;111503.62;1216077.34;27.95;87.42;82.11;6.01;10.705808154449;59.939405583346;269.38
8838.41;4813;4826;111501.82;1216077.32;27.96;87.30;82.05;5.96;10.705775981057;59.939405407599;269.38
8840.21;4814;4827;111500.02;1216077.30;27.96;87.11;81.91;6.09;10.705743807664;59.939405230947;269.38
8842.01;4815;4828;111498.22;1216077.28;27.97;87.14;81.78;6.06;10.705711634272;59.939405055200;269.38
8843.81;4816;4829;111496.52;1216077.26;27.97;87.15;81.66;5.91;10.705681248389;59.939404888513;269.38
8845.61;4817;4830;111494.62;1216077.24;27.98;87.18;81.52;5.86;10.705647287487;59.939404702801;269.38
8847.41;4818;4831;111492.82;1216077.22;27.98;87.31;81.46;5.88;10.705615115882;59.939404526149;269.38
8849.21;4819;4832;111491.02;1216077.20;27.99;87.76;81.32;5.98;10.705582942489;59.939404350402;269.38
8851.01;4820;4833;111489.22;1216077.18;27.99;87.64;81.19;5.97;10.705550769097;59.939404173750;269.38
8852.81;4821;4834;111487.52;1216077.16;28.00;87.62;81.07;6.17;10.705520383214;59.939404007968;269.38
8854.61;4822;4835;111485.62;1216077.14;28.01;87.56;80.93;6.43;10.705486422312;59.939403822257;269.38
8856.41;4823;4836;111483.82;1216077.12;28.01;87.51;80.87;6.60;10.705454248919;59.939403645604;269.38
8858.21;4824;4837;111482.02;1216077.10;28.02;87.32;80.73;6.77;10.705422075527;59.939403469858;269.38
8860.01;4825;4838;111480.22;1216077.08;28.02;86.89;80.60;6.90;10.705389902134;59.939403293205;269.38
8861.81;4826;4839;111478.52;1216077.06;28.03;86.38;80.46;7.04;10.705359516252;59.939403127424;269.38
8863.61;4827;4840;111476.62;1216077.04;28.03;85.58;80.34;7.13;10.705325557137;59.939402940806;269.38
8865.41;4828;4841;111474.82;1216077.02;28.04;85.12;80.27;6.98;10.705293383744;59.939402765060;269.38
8867.21;4829;4842;111473.02;1216077.01;28.04;84.45;80.14;6.90;10.705261210352;59.939402588407;269.38
8869.01;4830;4843;111471.22;1216076.99;28.05;84.13;80.01;6.71;10.705229036959;59.939402412661;269.38
8870.81;4831;4844;111469.52;1216076.97;28.05;83.63;79.90;6.41;10.705198651077;59.939402245973;269.38
8872.61;4832;4845;111467.62;1216076.95;28.06;83.30;79.80;6.05;10.705164690174;59.939402060262;269.38
8874.41;4833;4846;111465.82;1216076.93;28.06;82.92;79.75;5.28;10.705132516782;59.939401884515;269.38
8876.21;4834;4847;111464.02;1216076.91;28.07;82.31;79.57;4.51;10.705100345177;59.939401707863;269.38
8878.01;4835;4848;111462.22;1216076.89;28.07;82.08;79.39;4.21;10.705068171785;59.939401532116;269.38
8879.81;4836;4849;111460.52;1216076.87;28.08;81.77;79.20;4.05;10.705037785902;59.939401365429;269.38
8881.61;4837;4850;111458.62;1216076.85;28.08;81.42;79.01;3.89;10.705003825000;59.939401179717;269.38
8883.41;4838;4851;111456.82;1216076.83;28.09;80.73;78.93;3.57;10.704971651607;59.939401003065;269.38
8885.21;4839;4852;111455.02;1216076.81;28.10;80.43;78.74;3.43;10.704939478215;59.939400827318;269.38
8887.01;4840;4853;111453.22;1216076.79;28.10;80.16;78.55;3.46;10.704907304822;59.939400650666;269.38
8888.81;4841;4854;111451.52;1216076.77;28.11;79.84;78.37;3.08;10.704876918940;59.939400484884;269.38
8890.61;4842;4855;111449.62;1216076.75;28.11;79.69;78.18;2.78;10.704842959825;59.939400298267;269.38
8892.41;4843;4856;111447.82;1216076.73;28.12;79.54;78.09;2.54;10.704810786432;59.939400122520;269.38
8894.21;4844;4857;111446.02;1216076.71;28.12;79.40;77.91;2.44;10.704778613040;59.939399946774;269.38
8896.01;4845;4858;111444.22;1216076.69;28.13;79.17;77.72;2.47;10.704746439647;59.939399770121;269.38
8897.81;4846;4859;111442.52;1216076.68;28.13;78.88;77.53;2.50;10.704716053765;59.939399603434;269.38
8899.61;4847;4860;111440.62;1216076.66;28.14;78.81;77.35;2.47;10.704682092862;59.939399417722;269.38
8901.41;4848;4861;111438.82;1216076.64;28.14;78.68;77.25;2.33;10.704649919470;59.939399241976;269.38
8903.21;4849;4862;111437.02;1216076.62;28.15;78.58;77.07;2.33;10.704617746077;59.939399065323;269.38
8905.01;4850;4863;111435.22;1216076.60;28.15;78.33;76.88;2.33;10.704585574472;59.939398889577;269.38
8906.81;4851;4864;111433.52;1216076.58;28.16;77.37;76.70;2.29;10.704555188590;59.939398722889;269.38
8908.61;4852;4865;111431.62;1216076.56;28.16;77.32;76.51;2.30;10.704521227687;59.939398537178;269.38
8910.41;4853;4866;111429.82;1216076.54;28.17;77.23;76.43;2.23;10.704489054295;59.939398360525;269.38
8912.21;4854;4867;111428.02;1216076.52;28.17;77.15;76.26;2.18;10.704456880902;59.939398184779;269.38
8914.01;4855;4868;111426.22;1216076.50;28.18;77.11;76.10;2.02;10.704424707510;59.939398008126;269.38
8915.81;4856;4869;111424.52;1216076.48;28.18;76.95;75.91;1.96;10.704394321627;59.939397842345;269.38
8917.61;4857;4870;111422.62;1216076.46;28.19;76.78;75.71;1.91;10.704360362512;59.939397656633;269.38
8919.41;4858;4871;111420.82;1216076.44;28.20;76.60;75.63;1.72;10.704328189120;59.939397479981;269.38
8921.21;4859;4872;111419.02;1216076.42;28.20;76.50;75.43;1.69;10.704296015727;59.939397304234;269.38
8923.01;4860;4873;111417.22;1216076.40;28.21;76.60;75.25;1.76;10.704263842335;59.939397127582;269.38
8924.81;4861;4874;111415.52;1216076.38;28.21;76.64;75.07;1.73;10.704233456452;59.939396961800;269.38
8926.61;4862;4875;111413.62;1216076.36;28.22;76.68;74.89;1.71;10.704199495550;59.939396775183;269.38
8928.41;4863;4876;111411.82;1216076.34;28.22;76.22;74.80;1.70;10.704167322157;59.939396599436;269.38
8930.21;4864;4877;111410.02;1216076.32;28.23;75.96;74.61;1.89;10.704135148765;59.939396422784;269.38
8932.01;4865;4878;111408.22;1216076.31;28.23;76.05;74.43;2.07;10.704102977160;59.939396247037;269.38
8933.81;4866;4879;111406.52;1216076.29;28.24;76.01;74.25;2.26;10.704072591277;59.939396080350;269.38
8935.61;4867;4880;111404.62;1216076.27;28.24;76.02;74.10;2.24;10.704038630375;59.939395894638;269.38
8937.41;4868;4881;111402.82;1216076.25;28.25;76.10;74.02;1.98;10.704006456982;59.939395718892;269.38
8939.21;4869;4882;111401.02;1216076.23;28.25;75.94;73.88;2.13;10.703974283590;59.939395542239;269.38
8941.01;4870;4883;111399.22;1216076.21;28.26;75.79;73.73;2.27;10.703942110197;59.939395366493;269.38
8942.81;4871;4884;111397.52;1216076.19;28.26;75.56;73.58;2.42;10.703911724315;59.939395199805;269.38
8944.61;4872;4885;111395.62;1216076.17;28.27;75.45;73.43;2.57;10.703877763412;59.939395014094;269.38
8946.41;4873;4886;111393.82;1216076.15;28.28;75.73;73.36;2.63;10.703845591807;59.939394837441;269.38
8948.21;4874;4887;111392.02;1216076.13;28.28;75.60;73.21;2.66;10.703813418415;59.939394661695;269.38
8950.01;4875;4888;111390.22;1216076.11;28.29;75.28;73.04;2.66;10.703781245022;59.939394485042;269.38
8951.81;4876;4889;111388.52;1216076.09;28.29;75.20;72.88;2.71;10.703750859140;59.939394319261;269.38
8953.61;4877;4890;111386.62;1216076.07;28.30;75.09;72.71;2.82;10.703716898237;59.939394132643;269.38
8955.41;4878;4891;111384.82;1216076.05;28.30;75.14;72.66;2.87;10.703684724845;59.939393956897;269.38
8957.21;4879;4892;111383.02;1216076.03;28.31;75.25;72.58;2.82;10.703652551452;59.939393780244;269.38
8959.01;4880;4893;111381.22;1216076.01;28.31;75.30;72.50;2.73;10.703620378060;59.939393604498;269.38
8960.81;4881;4894;111379.52;1216076.00;28.32;75.31;72.41;2.70;10.703589993965;59.939393437810;269.38
8962.61;4882;4895;111377.62;1216075.97;28.32;75.28;72.33;2.79;10.703556033063;59.939393252099;269.38
8964.41;4883;4896;111375.82;1216075.96;28.33;75.33;72.29;2.79;10.703523859670;59.939393076352;269.38
8966.21;4884;4897;111374.03;1216075.94;28.33;75.13;72.21;2.82;10.703491686278;59.939392899700;269.38
8968.01;4885;4898;111372.23;1216075.92;28.34;74.95;72.13;2.88;10.703459512885;59.939392723953;269.38
8969.81;4886;4899;111370.53;1216075.90;28.34;74.86;72.05;2.96;10.703429127003;59.939392557266;269.38
8971.61;4887;4900;111368.63;1216075.88;28.35;74.70;71.97;3.03;10.703395166100;59.939392371554;269.38
8973.41;4888;4901;111366.83;1216075.86;28.35;74.75;71.93;3.07;10.703362992708;59.939392194902;269.38
8975.21;4889;4902;111365.03;1216075.84;28.36;74.55;71.87;3.13;10.703330821103;59.939392019155;269.38
8977.01;4890;4903;111363.23;1216075.82;28.36;74.47;71.83;3.17;10.703298647710;59.939391842503;269.38
8978.81;4891;4904;111361.53;1216075.80;28.37;74.45;71.79;3.16;10.703268261828;59.939391676721;269.38
8980.61;4892;4905;111359.63;1216075.78;28.38;74.48;71.75;3.15;10.703234300925;59.939391491010;269.38
8982.41;4893;4906;111357.83;1216075.76;28.38;74.52;71.75;3.09;10.703202127533;59.939391314357;269.38
8984.21;4894;4907;111356.03;1216075.74;28.39;74.51;71.76;3.01;10.703169954140;59.939391138611;269.38
8986.01;4895;4908;111354.23;1216075.72;28.39;74.50;71.75;2.97;10.703137780748;59.939390961958;269.38
8987.81;4896;4909;111352.53;1216075.70;28.40;74.51;71.71;2.97;10.703107394865;59.939390796177;269.38
8989.61;4897;4910;111350.63;1216075.68;28.40;74.53;71.67;3.01;10.703073435750;59.939390609559;269.38
8991.41;4898;4911;111348.83;1216075.66;28.41;74.52;71.66;3.00;10.703041262358;59.939390433813;269.38
8993.21;4899;4912;111347.03;1216075.64;28.41;74.49;71.62;3.01;10.703009088965;59.939390257160;269.38
8995.01;4900;4913;111345.23;1216075.62;28.42;74.48;71.59;3.03;10.702976915573;59.939390081414;269.38
8996.81;4901;4914;111343.53;1216075.61;28.42;74.47;71.55;3.06;10.702946529690;59.939389914726;269.38
8998.61;4902;4915;111341.63;1216075.59;28.43;74.45;71.53;3.10;10.702912568788;59.939389729015;269.38
9000.41;4903;4916;111339.83;1216075.57;28.43;74.43;71.51;3.18;10.702880395395;59.939389553268;269.38
9002.21;4904;4917;111338.03;1216075.55;28.44;74.35;71.49;3.26;10.702848223790;59.939389376616;269.38
9004.01;4905;4918;111336.23;1216075.53;28.44;74.31;71.47;3.35;10.702816050398;59.939389200869;269.38
9005.81;4906;4919;111334.53;1216075.51;28.45;74.34;71.45;3.43;10.702785664515;59.939389034182;269.38
9007.61;4907;4920;111332.63;1216075.49;28.45;74.41;71.43;3.52;10.702751703613;59.939388848470;269.38
9009.41;4908;4921;111330.83;1216075.47;28.46;74.48;71.42;3.58;10.702719530220;59.939388671818;269.38
9011.21;4909;4922;111329.03;1216075.45;28.47;74.50;71.40;3.60;10.702687356828;59.939388496071;269.38
9013.01;4910;4923;111327.23;1216075.43;28.47;74.60;71.39;3.61;10.702655183435;59.939388319419;269.38
9014.81;4911;4924;111325.53;1216075.41;28.48;74.69;71.38;3.62;10.702624797553;59.939388153637;269.38
9016.61;4912;4925;111323.63;1216075.39;28.48;74.83;71.38;3.62;10.702590838438;59.939387967020;269.38
9018.41;4913;4926;111321.83;1216075.37;28.49;74.83;71.38;3.62;10.702558665045;59.939387791273;269.38
9020.21;4914;4927;111320.03;1216075.35;28.49;74.87;71.37;3.63;10.702526491653;59.939387615527;269.38
9022.01;4915;4928;111318.23;1216075.33;28.50;74.85;71.37;3.63;10.702494318260;59.939387438874;269.38
9023.81;4916;4929;111316.53;1216075.31;28.50;74.87;71.36;3.64;10.702463932378;59.939387272187;269.38
9025.61;4917;4930;111314.63;1216075.29;28.51;75.02;71.36;3.64;10.702429971475;59.939387086475;269.38
9027.41;4918;4931;111312.83;1216075.27;28.51;75.28;71.35;3.65;10.702397798083;59.939386910729;269.38
9029.21;4919;4932;111311.03;1216075.26;28.52;76.13;71.36;3.64;10.702365624690;59.939386734076;269.38
9031.01;4920;4933;111309.23;1216075.24;28.52;75.94;71.37;3.63;10.702333453085;59.939386558330;269.38
9032.81;4921;4934;111307.53;1216075.22;28.53;75.94;71.39;3.70;10.702303067203;59.939386391642;269.38
9034.61;4922;4935;111305.63;1216075.20;28.53;76.04;71.40;3.90;10.702269106300;59.939386205931;269.38
9036.41;4923;4936;111303.83;1216075.18;28.54;76.06;71.39;4.11;10.702236932908;59.939386029278;269.38
9038.21;4924;4937;111302.03;1216075.16;28.54;76.05;71.38;4.34;10.702204759515;59.939385853532;269.38
9040.01;4925;4938;111300.23;1216075.14;28.55;76.17;71.36;4.55;10.702172586123;59.939385676879;269.38
9041.81;4926;4939;111298.53;1216075.12;28.55;76.16;71.35;4.65;10.702142200241;59.939385511098;269.38
9043.61;4927;4940;111296.63;1216075.10;28.56;76.19;71.33;4.67;10.702108239338;59.939385325386;269.38
9045.41;4928;4941;111294.83;1216075.08;28.57;76.22;71.33;4.67;10.702076067733;59.939385148734;269.38
9047.21;4929;4942;111293.03;1216075.06;28.57;76.25;71.31;4.69;10.702043894341;59.939384972987;269.38
9049.01;4930;4943;111291.23;1216075.04;28.58;76.29;71.34;4.69;10.702011720948;59.939384796335;269.38
9050.81;4931;4944;111289.53;1216075.02;28.58;76.37;71.39;4.72;10.701981335066;59.939384630553;269.38
9052.61;4932;4945;111287.63;1216075.00;28.59;76.34;71.45;4.74;10.701947374163;59.939384443936;269.38
9054.41;4933;4946;111285.83;1216074.98;28.59;76.49;71.48;4.77;10.701915200771;59.939384268189;269.38
9056.21;4934;4947;111284.03;1216074.96;28.60;76.55;71.53;4.79;10.701883027378;59.939384091537;269.38
9058.01;4935;4948;111282.23;1216074.94;28.60;76.56;71.58;4.82;10.701850855773;59.939383915790;269.38
9059.81;4936;4949;111280.53;1216074.93;28.61;76.63;71.58;4.90;10.701820469891;59.939383749103;269.38
9061.61;4937;4950;111278.63;1216074.91;28.61;76.73;71.56;5.00;10.701786508988;59.939383563391;269.38
9063.41;4938;4951;111276.83;1216074.89;28.62;76.87;71.55;5.09;10.701754335596;59.939383387645;269.38
9065.21;4939;4952;111275.03;1216074.87;28.62;77.16;71.54;5.18;10.701722162203;59.939383210992;269.38
9067.01;4940;4953;111273.23;1216074.85;28.63;77.34;71.53;5.27;10.701689988811;59.939383035246;269.38
9068.81;4941;4954;111271.53;1216074.83;28.63;77.38;71.52;5.36;10.701659602928;59.939382868558;269.38
9070.61;4942;4955;111269.63;1216074.81;28.64;77.46;71.51;5.45;10.701625642026;59.939382682847;269.38
9072.41;4943;4956;111267.83;1216074.79;28.65;77.90;71.50;5.55;10.701593470421;59.939382506194;269.38
9074.21;4944;4957;111266.03;1216074.77;28.65;78.18;71.49;5.86;10.701561297028;59.939382330448;269.38
9076.01;4945;4958;111264.23;1216074.75;28.66;78.43;71.51;6.03;10.701529123636;59.939382153795;269.38
9077.81;4946;4959;111262.53;1216074.73;28.66;78.47;71.55;6.21;10.701498737753;59.939381988014;269.38
9079.61;4947;4960;111260.63;1216074.71;28.67;78.30;71.59;6.35;10.701464776851;59.939381801397;269.38
9081.41;4948;4961;111258.83;1216074.69;28.67;78.31;71.61;6.39;10.701432603458;59.939381625650;269.38
9083.21;4949;4962;111257.03;1216074.67;28.68;78.40;71.65;6.35;10.701400430066;59.939381449903;269.38
9085.01;4950;4963;111255.23;1216074.65;28.68;78.42;71.70;6.30;10.701368256673;59.939381273251;269.38
9086.81;4951;4964;111253.53;1216074.63;28.69;78.28;71.74;6.27;10.701337872578;59.939381106564;269.38
9088.61;4952;4965;111251.63;1216074.61;28.69;78.31;71.80;6.33;10.701303911676;59.939380920852;269.38
9090.41;4953;4966;111249.83;1216074.59;28.70;78.37;71.83;6.44;10.701271738283;59.939380745105;269.38
9092.21;4954;4967;111248.03;1216074.57;28.70;78.67;71.90;6.52;10.701239564891;59.939380568453;269.38
9094.01;4955;4968;111246.23;1216074.56;28.71;79.48;71.96;6.60;10.701207391498;59.939380392706;269.38
9095.81;4956;4969;111244.53;1216074.54;28.71;79.60;72.05;6.62;10.701177005616;59.939380226019;269.38
9097.61;4957;4970;111242.63;1216074.52;28.72;79.52;72.15;6.63;10.701143044713;59.939380040307;269.38
9099.41;4958;4971;111240.83;1216074.50;28.72;79.48;72.20;6.68;10.701110871321;59.939379863655;269.38
9101.21;4959;4972;111239.03;1216074.48;28.73;79.47;72.31;6.69;10.701078699716;59.939379687908;269.38
9103.01;4960;4973;111237.23;1216074.46;28.73;79.09;72.41;6.59;10.701046526323;59.939379512162;269.38
9104.81;4961;4974;111235.53;1216074.44;28.74;78.93;72.52;6.49;10.701016140441;59.939379345474;269.38
9106.61;4962;4975;111233.63;1216074.42;28.75;78.92;72.62;6.38;10.700982179538;59.939379159763;269.38
9108.41;4963;4976;111231.83;1216074.40;28.75;78.92;72.66;6.34;10.700950006146;59.939378983110;269.38
9110.21;4964;4977;111230.03;1216074.38;28.76;78.90;72.75;6.25;10.700917832753;59.939378807364;269.38
9112.01;4965;4978;111228.23;1216074.36;28.76;78.88;72.83;6.17;10.700885659361;59.939378630712;269.38
9113.81;4966;4979;111226.53;1216074.34;28.77;78.87;72.91;6.09;10.700855273478;59.939378464930;269.38
9115.61;4967;4980;111224.63;1216074.32;28.77;79.00;73.03;5.97;10.700821314363;59.939378278313;269.38
9117.41;4968;4981;111222.83;1216074.30;28.78;79.17;73.12;5.88;10.700789140971;59.939378102566;269.38
9119.21;4969;4982;111221.03;1216074.28;28.78;79.38;73.30;5.70;10.700756967579;59.939377925914;269.38
9121.01;4970;4983;111219.23;1216074.26;28.79;79.37;73.49;5.51;10.700724794186;59.939377750167;269.38
9122.81;4971;4984;111217.53;1216074.25;28.79;79.41;73.53;5.47;10.700694408304;59.939377583480;269.38
9124.61;4972;4985;111215.63;1216074.22;28.80;79.44;73.58;5.47;10.700660447401;59.939377397768;269.38
9126.41;4973;4986;111213.84;1216074.21;28.80;79.50;73.69;5.43;10.700628274009;59.939377222021;269.38
9128.21;4974;4987;111212.04;1216074.19;28.81;79.51;73.93;5.26;10.700596100616;59.939377045369;269.38
9130.01;4975;4988;111210.24;1216074.17;28.81;79.56;74.16;5.12;10.700563929011;59.939376869622;269.38
9131.81;4976;4989;111208.54;1216074.15;28.82;79.57;74.36;5.01;10.700533543129;59.939376702935;269.38
9133.61;4977;4990;111206.64;1216074.13;28.82;79.60;74.52;4.94;10.700499582226;59.939376517223;269.38
9135.41;4978;4991;111204.84;1216074.11;28.83;79.69;74.60;4.94;10.700467408834;59.939376340571;269.38
9137.21;4979;4992;111203.04;1216074.09;28.84;79.72;74.90;4.73;10.700435235441;59.939376164824;269.38
9139.01;4980;4993;111201.24;1216074.07;28.84;79.96;75.22;4.50;10.700403062049;59.939375988172;269.38
9140.81;4981;4994;111199.54;1216074.05;28.85;80.02;75.50;4.30;10.700372676166;59.939375822391;269.38
9142.61;4982;4995;111197.64;1216074.03;28.85;80.12;75.77;4.12;10.700338717051;59.939375635773;269.38
9144.41;4983;4996;111195.84;1216074.01;28.86;80.29;75.91;4.06;10.700306543659;59.939375460027;269.38
9146.21;4984;4997;111194.04;1216073.99;28.86;80.69;76.18;3.82;10.700274370266;59.939375284280;269.38
9148.01;4985;4998;111192.24;1216073.97;28.87;80.74;76.46;3.54;10.700242196874;59.939375107628;269.38
9149.81;4986;4999;111190.54;1216073.95;28.87;80.71;76.74;3.29;10.700211810991;59.939374940940;269.38
9151.61;4987;5000;111188.64;1216073.93;28.88;80.66;76.99;3.12;10.700177850089;59.939374755229;269.38
9153.41;4988;5001;111186.84;1216073.91;28.88;80.62;77.12;3.08;10.700145676696;59.939374579482;269.38
9155.21;4989;5002;111185.04;1216073.89;28.89;80.63;77.38;2.91;10.700113503304;59.939374402830;269.38
9157.01;4990;5003;111183.24;1216073.87;28.89;80.60;77.59;2.78;10.700081331699;59.939374227083;269.38
9158.81;4991;5004;111181.54;1216073.86;28.90;80.52;77.80;2.66;10.700050945816;59.939374060396;269.38
9160.61;4992;5005;111179.64;1216073.84;28.90;80.56;78.02;2.53;10.700016984914;59.939373874684;269.38
9162.41;4993;5006;111177.84;1216073.82;28.91;80.98;78.13;2.50;10.699984811521;59.939373698032;269.38
9164.21;4994;5007;111176.04;1216073.80;28.91;82.18;78.34;2.38;10.699952638129;59.939373522285;269.38
9166.01;4995;5008;111174.24;1216073.78;28.92;83.36;78.55;2.25;10.699920464736;59.939373346538;269.38
9167.81;4996;5009;111172.54;1216073.76;28.92;83.87;78.74;2.14;10.699890078854;59.939373179851;269.38
9169.61;4997;5010;111170.64;1216073.74;28.93;84.51;78.93;2.03;10.699856117951;59.939372994139;269.38
9171.41;4998;5011;111168.84;1216073.72;28.94;85.31;79.01;2.59;10.699823946346;59.939372817487;269.38
9173.21;4999;5012;111167.04;1216073.70;28.94;86.74;79.20;3.62;10.699791772954;59.939372641740;269.38
9175.01;5000;5013;111165.24;1216073.68;28.95;86.95;79.38;4.94;10.699759599561;59.939372465088;269.38
9176.81;5001;5014;111163.54;1216073.66;28.95;86.81;79.49;5.36;10.699729213679;59.939372299307;269.38
9178.61;5002;5015;111161.64;1216073.64;28.96;86.77;79.61;5.74;10.699695252776;59.939372112689;269.38
9180.41;5003;5016;111159.84;1216073.62;28.96;86.77;79.68;6.41;10.699663079384;59.939371936943;269.38
9182.21;5004;5017;111158.04;1216073.60;28.97;86.76;79.80;6.93;10.699630905991;59.939371760290;269.38
9184.01;5005;5018;111156.24;1216073.58;28.97;86.75;79.92;6.78;10.699598732599;59.939371584544;269.38
9185.81;5006;5019;111154.54;1216073.56;28.98;86.73;80.04;6.52;10.699568348504;59.939371417856;269.38
9187.61;5007;5020;111152.64;1216073.54;28.98;86.70;80.14;6.36;10.699534387601;59.939371232145;269.38
9189.41;5008;5021;111150.84;1216073.52;28.99;86.68;80.19;6.27;10.699502214209;59.939371056398;269.38
9191.21;5009;5022;111149.04;1216073.51;28.99;86.52;80.30;6.21;10.699470040816;59.939370879746;269.38
9193.01;5010;5023;111147.24;1216073.49;29.00;86.54;80.40;6.14;10.699437867424;59.939370703999;269.38
9194.81;5011;5024;111145.54;1216073.47;29.00;86.55;80.50;6.03;10.699407481541;59.939370537312;269.38
9196.61;5012;5025;111143.64;1216073.45;29.01;86.51;80.52;5.98;10.699373520639;59.939370351600;269.38
9198.41;5013;5026;111141.84;1216073.43;29.02;86.01;80.52;5.92;10.699341349034;59.939370174948;269.38
9200.21;5014;5027;111140.04;1216073.41;29.02;85.68;80.54;5.85;10.699309175642;59.939369999201;269.38
9202.01;5015;5028;111138.24;1216073.39;29.03;85.69;80.55;5.73;10.699277002249;59.939369822549;269.38
9203.81;5016;5029;111136.54;1216073.37;29.03;85.71;80.57;5.61;10.699246616367;59.939369656767;269.38
9205.61;5017;5030;111134.64;1216073.35;29.04;85.79;80.59;5.48;10.699212655464;59.939369470150;269.38
9207.41;5018;5031;111132.84;1216073.33;29.04;86.08;80.61;5.40;10.699180482072;59.939369294403;269.38
9209.21;5019;5032;111131.04;1216073.31;29.05;86.38;80.63;5.37;10.699148308679;59.939369118657;269.38
9211.01;5020;5033;111129.24;1216073.29;29.05;86.50;80.66;5.34;10.699116135287;59.939368942004;269.38
9212.81;5021;5034;111127.54;1216073.27;29.06;86.82;80.69;5.31;10.699085749404;59.939368775317;269.38
9214.61;5022;5035;111125.64;1216073.25;29.06;87.27;80.65;5.44;10.699051790289;59.939368589605;269.38
9216.41;5023;5036;111123.84;1216073.23;29.07;87.52;80.58;5.70;10.699019616897;59.939368413859;269.38
9218.21;5024;5037;111122.04;1216073.21;29.07;87.84;80.44;6.07;10.698987443504;59.939368237206;269.38
9220.01;5025;5038;111120.24;1216073.19;29.08;88.01;80.30;6.48;10.698955270112;59.939368061460;269.38
9221.81;5026;5039;111118.54;1216073.18;29.08;88.48;80.18;6.90;10.698924884229;59.939367894772;269.38
9223.61;5027;5040;111116.64;1216073.16;29.09;88.78;80.07;7.30;10.698890923327;59.939367709061;269.38
9225.41;5028;5041;111114.84;1216073.14;29.09;89.13;80.01;7.67;10.698858749934;59.939367532408;269.38
9227.21;5029;5042;111113.04;1216073.12;29.10;89.22;79.90;8.10;10.698826578329;59.939367356662;269.38
9229.01;5030;5043;111111.24;1216073.10;29.11;89.17;79.78;8.55;10.698794404937;59.939367180915;269.38
9230.81;5031;5044;111109.54;1216073.08;29.11;89.10;79.57;9.10;10.698764019054;59.939367014228;269.38
9232.61;5032;5045;111107.64;1216073.06;29.12;88.97;79.35;9.60;10.698730058152;59.939366828516;269.38
9234.41;5033;5046;111105.84;1216073.04;29.12;88.84;79.24;9.76;10.698697884759;59.939366651864;269.38
9236.21;5034;5047;111104.04;1216073.02;29.13;88.63;79.00;10.00;10.698665711367;59.939366476117;269.38
9238.01;5035;5048;111102.24;1216073.00;29.13;88.49;78.74;10.29;10.698633537974;59.939366299465;269.38
9239.81;5036;5049;111100.54;1216072.98;29.14;88.15;78.49;10.53;10.698603152092;59.939366133683;269.38
9241.61;5037;5050;111098.64;1216072.96;29.14;87.81;78.24;10.65;10.698569192977;59.939365947066;269.38
9243.41;5038;5051;111096.84;1216072.94;29.15;87.59;78.11;10.61;10.698537019584;59.939365771319;269.38
9245.21;5039;5052;111095.04;1216072.92;29.15;87.26;77.87;10.62;10.698504846192;59.939365594667;269.38
9247.01;5040;5053;111093.24;1216072.90;29.16;87.07;77.67;10.59;10.698472672799;59.939365418920;269.38
9248.81;5041;5054;111091.54;1216072.88;29.16;86.67;77.46;10.52;10.698442286917;59.939365252233;269.38
9250.61;5042;5055;111089.64;1216072.86;29.17;86.33;77.25;10.43;10.698408326014;59.939365066521;269.38
9252.41;5043;5056;111087.84;1216072.84;29.17;85.89;77.14;10.25;10.698376152622;59.939364890775;269.38
9254.21;5044;5057;111086.04;1216072.82;29.18;85.36;76.93;10.16;10.698343979229;59.939364714122;269.38
9256.01;5045;5058;111084.24;1216072.81;29.18;85.12;76.65;10.11;10.698311807624;59.939364538376;269.38
9257.81;5046;5059;111082.54;1216072.79;29.19;84.46;76.37;10.03;10.698281421742;59.939364371688;269.38
9259.61;5047;5060;111080.64;1216072.77;29.19;83.73;76.08;9.97;10.698247460839;59.939364185977;269.38
9261.41;5048;5061;111078.84;1216072.75;29.20;83.01;75.94;9.69;10.698215287447;59.939364009324;269.38
9263.21;5049;5062;111077.04;1216072.73;29.21;81.26;75.66;9.47;10.698183114054;59.939363833578;269.38
9265.01;5050;5063;111075.24;1216072.71;29.21;81.04;75.37;9.11;10.698150940662;59.939363656925;269.38
9266.81;5051;5064;111073.54;1216072.69;29.22;80.99;75.12;8.75;10.698120554779;59.939363491144;269.38
9268.61;5052;5065;111071.64;1216072.67;29.22;80.87;74.85;8.48;10.698086593877;59.939363305432;269.38
9270.41;5053;5066;111069.84;1216072.65;29.23;80.76;74.72;7.85;10.698054422272;59.939363128780;269.38
9272.21;5054;5067;111068.04;1216072.63;29.23;80.50;74.45;7.27;10.698022248879;59.939362953033;269.38
9274.01;5055;5068;111066.24;1216072.61;29.24;80.22;74.18;7.08;10.697990075487;59.939362776381;269.38
9275.81;5056;5069;111064.54;1216072.59;29.24;79.68;73.92;6.82;10.697959689604;59.939362610599;269.38
9277.61;5057;5070;111062.64;1216072.57;29.25;79.59;73.64;6.57;10.697925728702;59.939362423982;269.38
9279.41;5058;5071;111060.84;1216072.55;29.25;79.17;73.50;6.49;10.697893555310;59.939362248235;269.38
9281.21;5059;5072;111059.04;1216072.53;29.26;78.66;73.23;6.57;10.697861381917;59.939362071583;269.38
9283.01;5060;5073;111057.24;1216072.51;29.26;78.51;72.96;6.66;10.697829210312;59.939361895836;269.38
9284.81;5061;5074;111055.55;1216072.49;29.27;78.21;72.74;6.70;10.697798824430;59.939361729149;269.38
9286.61;5062;5075;111053.65;1216072.47;29.27;77.95;72.54;6.69;10.697764863527;59.939361543437;269.38
9288.41;5063;5076;111051.85;1216072.46;29.28;77.87;72.44;6.44;10.697732690135;59.939361367691;269.38
9290.21;5064;5077;111050.05;1216072.44;29.28;77.75;72.24;6.14;10.697700516742;59.939361191038;269.38
9292.01;5065;5078;111048.25;1216072.42;29.29;77.67;72.03;6.03;10.697668343350;59.939361015292;269.38
9293.81;5066;5079;111046.55;1216072.40;29.30;77.47;71.81;6.11;10.697637957467;59.939360848604;269.38
9295.61;5067;5080;111044.65;1216072.38;29.30;77.39;71.82;6.00;10.697603996565;59.939360662893;269.38
9297.41;5068;5081;111042.85;1216072.36;29.31;77.32;71.84;5.90;10.697571824960;59.939360486240;269.38
9299.21;5069;5082;111041.05;1216072.34;29.31;77.33;71.88;5.77;10.697539651567;59.939360310494;269.38
9301.01;5070;5083;111039.25;1216072.32;29.32;77.37;71.92;5.65;10.697507478175;59.939360133841;269.38
9302.81;5071;5084;111037.55;1216072.30;29.32;77.39;71.95;5.54;10.697477092292;59.939359968060;269.38
9304.61;5072;5085;111035.65;1216072.28;29.33;77.40;71.98;5.42;10.697443131390;59.939359781442;269.38
9306.41;5073;5086;111033.85;1216072.26;29.33;77.44;72.09;5.21;10.697410957997;59.939359605696;269.38
9308.21;5074;5087;111032.05;1216072.24;29.34;77.45;72.31;4.95;10.697378784605;59.939359429043;269.38
9310.01;5075;5088;111030.25;1216072.22;29.34;77.45;72.54;4.73;10.697346611212;59.939359253297;269.38
9311.81;5076;5089;111028.55;1216072.20;29.35;77.46;72.75;4.55;10.697316227117;59.939359086609;269.38
9313.61;5077;5090;111026.65;1216072.18;29.35;77.54;72.98;4.37;10.697282266215;59.939358900898;269.38
9315.41;5078;5091;111024.85;1216072.16;29.36;77.64;73.05;4.34;10.697250092822;59.939358725151;269.38
9317.21;5079;5092;111023.05;1216072.14;29.36;77.87;73.27;4.16;10.697217919430;59.939358548499;269.38
9319.01;5080;5093;111021.25;1216072.12;29.37;77.90;73.48;4.01;10.697185746037;59.939358372752;269.38
9320.81;5081;5094;111019.55;1216072.11;29.37;77.91;73.69;3.87;10.697155360155;59.939358206065;269.38
9322.61;5082;5095;111017.65;1216072.09;29.38;78.18;73.92;3.71;10.697121399252;59.939358020353;269.38
9324.41;5083;5096;111015.85;1216072.07;29.39;78.33;74.02;3.74;10.697089225860;59.939357843701;269.38
9326.21;5084;5097;111014.05;1216072.05;29.39;78.31;74.16;3.65;10.697057054255;59.939357667954;269.38
9328.01;5085;5098;111012.25;1216072.03;29.40;77.65;74.29;3.67;10.697024880862;59.939357491302;269.38
9329.81;5086;5099;111010.55;1216072.01;29.40;77.56;74.43;2.93;10.696994494980;59.939357325520;269.38
9331.61;5087;5100;111008.65;1216071.99;29.41;77.54;74.58;3.26;10.696960534077;59.939357139809;269.38
9333.41;5088;5101;111006.85;1216071.97;29.41;77.63;74.65;3.09;10.696928360685;59.939356963156;269.38
9335.21;5089;5102;111005.05;1216071.95;29.42;77.65;74.87;2.84;10.696896187292;59.939356787410;269.38
9337.01;5090;5103;111003.25;1216071.93;29.42;77.66;75.03;2.63;10.696864013900;59.939356610757;269.38
9338.81;5091;5104;111001.55;1216071.91;29.43;77.65;75.18;2.45;10.696833628017;59.939356444976;269.38
9340.61;5092;5105;110999.65;1216071.89;29.43;77.66;75.34;2.26;10.696799668902;59.939356258358;269.38
9342.41;5093;5106;110997.85;1216071.87;29.44;77.97;75.41;2.31;10.696767495510;59.939356082612;269.38
9344.21;5094;5107;110996.05;1216071.85;29.44;78.22;75.56;2.37;10.696735322117;59.939355905959;269.38
9346.01;5095;5108;110994.25;1216071.83;29.45;78.13;75.67;2.47;10.696703148725;59.939355730213;269.38
9347.81;5096;5109;110992.55;1216071.81;29.45;78.16;75.74;2.55;10.696672762842;59.939355563525;269.38
9349.61;5097;5110;110990.65;1216071.79;29.46;78.14;75.81;2.54;10.696638801940;59.939355377814;269.38
9351.41;5098;5111;110988.85;1216071.77;29.46;78.46;75.84;2.56;10.696606628547;59.939355202067;269.38
9353.21;5099;5112;110987.05;1216071.75;29.47;78.61;75.89;2.59;10.696574456942;59.939355025415;269.38
9355.01;5100;5113;110985.25;1216071.74;29.48;78.90;75.95;2.62;10.696542283550;59.939354849668;269.38
9356.81;5101;5114;110983.55;1216071.72;29.48;79.18;75.95;2.71;10.696511897667;59.939354682981;269.38
9358.61;5102;5115;110981.65;1216071.70;29.49;79.46;75.95;2.79;10.696477936765;59.939354497269;269.38
9360.41;5103;5116;110979.85;1216071.68;29.49;79.55;75.95;2.87;10.696445763373;59.939354320617;269.38
9362.21;5104;5117;110978.05;1216071.66;29.50;79.59;75.95;2.97;10.696413589980;59.939354144870;269.38
9364.01;5105;5118;110976.25;1216071.64;29.50;79.62;75.94;3.06;10.696381416588;59.939353968218;269.38
9365.81;5106;5119;110974.55;1216071.62;29.51;79.66;75.92;3.16;10.696351030705;59.939353802436;269.38
9367.61;5107;5120;110972.65;1216071.60;29.51;79.70;75.89;3.26;10.696317071590;59.939353615819;269.38
9369.41;5108;5121;110970.85;1216071.58;29.52;79.78;75.88;3.34;10.696284898198;59.939353440072;269.38
9371.21;5109;5122;110969.05;1216071.56;29.52;79.83;75.86;3.44;10.696252724805;59.939353263420;269.38
9373.01;5110;5123;110967.25;1216071.54;29.53;79.97;75.83;3.51;10.696220551413;59.939353087673;269.38
9374.81;5111;5124;110965.55;1216071.52;29.53;80.27;75.80;3.59;10.696190165530;59.939352920986;269.38
9376.61;5112;5125;110963.65;1216071.50;29.54;80.94;75.76;3.78;10.696156204628;59.939352735274;269.38
9378.41;5113;5126;110961.85;1216071.48;29.54;81.40;75.74;3.98;10.696124031235;59.939352559528;269.38
9380.21;5114;5127;110960.05;1216071.46;29.55;81.45;75.69;4.20;10.696091857843;59.939352382875;269.38
9382.01;5115;5128;110958.25;1216071.44;29.55;81.55;75.65;4.58;10.696059686238;59.939352207129;269.38
9383.81;5116;5129;110956.55;1216071.43;29.56;81.40;75.60;5.07;10.696029300355;59.939352040441;269.38
9385.61;5117;5130;110954.65;1216071.40;29.56;81.37;75.55;5.45;10.695995339453;59.939351854730;269.38
9387.41;5118;5131;110952.85;1216071.39;29.57;81.19;75.52;5.48;10.695963166060;59.939351678077;269.38
9389.21;5119;5132;110951.05;1216071.37;29.58;81.05;75.47;5.54;10.695930992668;59.939351502331;269.38
9391.01;5120;5133;110949.25;1216071.35;29.58;80.63;75.41;5.59;10.695898819275;59.939351325678;269.38
9392.81;5121;5134;110947.55;1216071.33;29.59;79.98;75.36;5.60;10.695868433393;59.939351159897;269.38
9394.61;5122;5135;110945.65;1216071.31;29.59;79.45;75.30;5.47;10.695834472490;59.939350974185;269.38
9396.41;5123;5136;110943.85;1216071.29;29.60;78.27;75.26;5.28;10.695802300885;59.939350797533;269.38
9398.21;5124;5137;110942.05;1216071.27;29.60;77.61;75.19;5.15;10.695770127493;59.939350621786;269.38
9400.01;5125;5138;110940.25;1216071.25;29.61;77.47;75.12;4.99;10.695737954100;59.939350445134;269.38
9401.81;5126;5139;110938.55;1216071.23;29.61;77.51;75.05;4.61;10.695707568218;59.939350279352;269.38
9403.61;5127;5140;110936.65;1216071.21;29.62;77.42;74.97;4.11;10.695673607315;59.939350092735;269.38
9405.41;5128;5141;110934.85;1216071.19;29.62;77.10;74.94;3.00;10.695641433923;59.939349916988;269.38
9407.21;5129;5142;110933.05;1216071.17;29.63;76.85;74.87;2.40;10.695609260530;59.939349740336;269.38
9409.01;5130;5143;110931.25;1216071.15;29.63;76.15;74.80;2.43;10.695577087138;59.939349564589;269.38
9410.81;5131;5144;110929.55;1216071.13;29.64;76.37;74.73;2.45;10.695546703043;59.939349397902;269.38
9412.61;5132;5145;110927.65;1216071.11;29.64;76.99;74.66;2.48;10.695512742140;59.939349212190;269.38
9414.41;5133;5146;110925.85;1216071.09;29.65;76.91;74.62;2.47;10.695480568748;59.939349036444;269.38
9416.21;5134;5147;110924.05;1216071.07;29.65;76.87;74.56;2.50;10.695448395355;59.939348859791;269.38
9418.01;5135;5148;110922.25;1216071.05;29.66;77.11;74.49;2.55;10.695416221963;59.939348684045;269.38
9419.81;5136;5149;110920.55;1216071.04;29.67;76.97;74.42;2.59;10.695385836080;59.939348517357;269.38
9421.61;5137;5150;110918.65;1216071.02;29.67;76.74;74.32;2.68;10.695351875178;59.939348331646;269.38
9423.41;5138;5151;110916.85;1216071.00;29.68;76.69;74.28;2.69;10.695319703573;59.939348154993;269.38
9425.21;5139;5152;110915.05;1216070.98;29.68;76.74;74.18;2.71;10.695287530180;59.939347979247;269.38
9427.01;5140;5153;110913.25;1216070.96;29.69;76.73;74.09;2.75;10.695255356788;59.939347802594;269.38
9428.81;5141;5154;110911.55;1216070.94;29.69;76.65;73.99;2.79;10.695224970905;59.939347636813;269.38
9430.61;5142;5155;110909.65;1216070.92;29.70;76.58;73.89;2.83;10.695191010003;59.939347450195;269.38
9432.41;5143;5156;110907.85;1216070.90;29.70;76.50;73.85;2.83;10.695158836610;59.939347274449;269.38
9434.21;5144;5157;110906.05;1216070.88;29.71;76.44;73.75;2.87;10.695126663218;59.939347097796;269.38
9436.01;5145;5158;110904.25;1216070.86;29.71;76.36;73.64;2.93;10.695094489825;59.939346922050;269.38
9437.81;5146;5159;110902.55;1216070.84;29.72;76.28;73.53;2.98;10.695064103943;59.939346755362;269.38
9439.61;5147;5160;110900.65;1216070.82;29.72;76.24;73.41;3.03;10.695030144828;59.939346569651;269.38
9441.41;5148;5161;110898.85;1216070.80;29.73;76.20;73.36;3.05;10.694997971436;59.939346393904;269.38
9443.21;5149;5162;110897.05;1216070.78;29.73;76.20;73.24;3.13;10.694965798043;59.939346217252;269.38
9445.01;5150;5163;110895.26;1216070.76;29.74;76.21;73.12;3.21;10.694933624651;59.939346041505;269.38
9446.81;5151;5164;110893.56;1216070.74;29.74;76.28;73.02;3.27;10.694903238768;59.939345874818;269.38
9448.61;5152;5165;110891.66;1216070.72;29.75;76.15;72.92;3.31;10.694869277866;59.939345689106;269.38
9450.41;5153;5166;110889.86;1216070.70;29.76;75.71;72.88;3.28;10.694837104473;59.939345512454;269.38
9452.21;5154;5167;110888.06;1216070.69;29.76;75.40;72.80;3.29;10.694804932868;59.939345336707;269.38
9454.01;5155;5168;110886.26;1216070.67;29.77;75.16;72.72;3.29;10.694772759476;59.939345160961;269.38
9455.81;5156;5169;110884.56;1216070.65;29.77;75.03;72.64;3.36;10.694742373593;59.939344994273;269.38
9457.61;5157;5170;110882.66;1216070.63;29.78;74.96;72.55;3.44;10.694708412691;59.939344808562;269.38
9459.41;5158;5171;110880.86;1216070.61;29.78;74.54;72.51;3.28;10.694676239298;59.939344631909;269.38
9461.21;5159;5172;110879.06;1216070.59;29.79;74.28;72.42;3.05;10.694644065906;59.939344456163;269.38
9463.01;5160;5173;110877.26;1216070.57;29.79;74.16;72.34;2.91;10.694611892513;59.939344279510;269.38
9464.81;5161;5174;110875.56;1216070.55;29.80;74.09;72.25;2.80;10.694581506631;59.939344113729;269.38
9466.61;5162;5175;110873.66;1216070.53;29.80;74.19;72.16;2.86;10.694547547516;59.939343927111;269.38
9468.41;5163;5176;110871.86;1216070.51;29.81;74.29;72.10;2.93;10.694515374123;59.939343751365;269.38
9470.21;5164;5177;110870.06;1216070.49;29.81;74.54;72.00;3.06;10.694483200731;59.939343574712;269.38
9472.01;5165;5178;110868.26;1216070.47;29.82;74.73;71.89;3.03;10.694451027338;59.939343398966;269.38
9473.81;5166;5179;110866.56;1216070.45;29.82;74.41;71.78;2.99;10.694420641456;59.939343232278;269.38
9475.61;5167;5180;110864.66;1216070.43;29.83;74.03;71.72;2.93;10.694386680553;59.939343046567;269.38
9477.41;5168;5181;110862.86;1216070.41;29.83;73.98;71.70;3.06;10.694354507161;59.939342870820;269.38
9479.21;5169;5182;110861.06;1216070.39;29.84;73.94;71.64;3.15;10.694322333768;59.939342694168;269.38
9481.01;5170;5183;110859.26;1216070.37;29.85;73.92;71.59;3.10;10.694290162163;59.939342518421;269.38
9482.81;5171;5184;110857.56;1216070.36;29.85;73.80;71.52;3.05;10.694259776281;59.939342351734;269.38
9484.61;5172;5185;110855.66;1216070.34;29.86;73.83;71.46;2.93;10.694225815378;59.939342166022;269.38
9486.41;5173;5186;110853.86;1216070.32;29.86;73.84;71.43;2.76;10.694193641986;59.939341989370;269.38
9488.21;5174;5187;110852.06;1216070.30;29.87;74.07;71.37;2.63;10.694161468593;59.939341813623;269.38
9490.01;5175;5188;110850.26;1216070.28;29.87;74.19;71.31;2.69;10.694129295201;59.939341636971;269.38
9491.81;5176;5189;110848.56;1216070.26;29.88;74.17;71.25;2.76;10.694098909318;59.939341471189;269.38
9493.61;5177;5190;110846.66;1216070.24;29.88;74.14;71.18;2.82;10.694064948416;59.939341284572;269.38
9495.41;5178;5191;110844.86;1216070.22;29.89;74.11;71.18;2.83;10.694032776811;59.939341108825;269.38
9497.21;5179;5192;110843.06;1216070.20;29.89;74.08;71.19;2.89;10.694000603418;59.939340933079;269.38
9499.01;5180;5193;110841.26;1216070.18;29.90;74.06;71.20;2.95;10.693968430026;59.939340756426;269.38
9500.81;5181;5194;110839.56;1216070.16;29.90;74.09;71.21;2.97;10.693938044143;59.939340589739;269.38
9502.61;5182;5195;110837.66;1216070.14;29.91;74.14;71.20;2.97;10.693904083241;59.939340404027;269.38
9504.41;5183;5196;110835.86;1216070.12;29.91;74.15;71.20;3.01;10.693871909848;59.939340228281;269.38
9506.21;5184;5197;110834.06;1216070.10;29.92;74.13;71.20;3.09;10.693839736456;59.939340051628;269.38
9508.01;5185;5198;110832.26;1216070.08;29.92;74.16;71.19;3.16;10.693807564851;59.939339875882;269.38
9509.81;5186;5199;110830.56;1216070.06;29.93;74.10;71.19;3.21;10.693777178968;59.939339709194;269.38
9511.61;5187;5200;110828.66;1216070.04;29.93;74.11;71.18;3.24;10.693743218066;59.939339523483;269.38
9513.41;5188;5201;110826.86;1216070.02;29.94;74.08;71.18;3.25;10.693711044673;59.939339346830;269.38
9515.21;5189;5202;110825.06;1216070.00;29.95;74.10;71.18;3.26;10.693678871281;59.939339171084;269.38
9517.01;5190;5203;110823.26;1216069.99;29.95;74.26;71.21;3.23;10.693646697889;59.939338995337;269.38
9518.81;5191;5204;110821.56;1216069.97;29.96;74.16;71.25;3.21;10.693616312006;59.939338828650;269.38
9520.61;5192;5205;110819.66;1216069.95;29.96;74.25;71.28;3.19;10.693582351104;59.939338642938;269.38
9522.41;5193;5206;110817.86;1216069.93;29.97;74.17;71.30;3.22;10.693550179499;59.939338466286;269.38
9524.21;5194;5207;110816.06;1216069.91;29.97;74.19;71.34;2.97;10.693518006106;59.939338290539;269.38
9526.01;5195;5208;110814.26;1216069.89;29.98;74.22;71.39;2.81;10.693485832714;59.939338113887;269.38
9527.81;5196;5209;110812.56;1216069.87;29.98;74.12;71.43;2.76;10.693455446831;59.939337948105;269.38
9529.61;5197;5210;110810.66;1216069.85;29.99;74.01;71.47;2.67;10.693421485929;59.939337761488;269.38
9531.41;5198;5211;110808.86;1216069.83;29.99;73.96;71.49;2.61;10.693389312536;59.939337585741;269.38
9533.21;5199;5212;110807.06;1216069.81;30.00;73.98;71.54;2.46;10.693357139144;59.939337409089;269.38
9535.01;5200;5213;110805.26;1216069.79;30.00;73.97;71.58;2.42;10.693324965751;59.939337233342;269.38
9536.81;5201;5214;110803.56;1216069.77;30.01;73.94;71.61;2.39;10.693294581656;59.939337066655;269.38
9538.61;5202;5215;110801.66;1216069.75;30.01;74.01;71.63;2.37;10.693260620754;59.939336880943;269.38
9540.41;5203;5216;110799.86;1216069.73;30.02;73.97;71.65;2.35;10.693228447361;59.939336705197;269.38
9542.21;5204;5217;110798.06;1216069.71;30.02;73.97;71.67;2.33;10.693196273969;59.939336528544;269.38
9544.01;5205;5218;110796.26;1216069.69;30.03;74.31;71.69;2.31;10.693164100576;59.939336352798;269.38
9545.81;5206;5219;110794.56;1216069.68;30.04;74.16;71.71;2.29;10.693133714694;59.939336186110;269.38
9547.61;5207;5220;110792.66;1216069.65;30.04;73.91;71.73;2.27;10.693099753791;59.939336000399;269.38
9549.41;5208;5221;110790.86;1216069.64;30.05;73.80;71.74;2.26;10.693067580399;59.939335823746;269.38
9551.21;5209;5222;110789.06;1216069.62;30.05;73.82;71.76;2.24;10.693035408794;59.939335648000;269.38
9553.01;5210;5223;110787.26;1216069.60;30.06;73.88;71.78;2.22;10.693003235401;59.939335471347;269.38
9554.81;5211;5224;110785.56;1216069.58;30.06;73.94;71.77;2.23;10.692972849519;59.939335305566;269.38
9556.61;5212;5225;110783.66;1216069.56;30.07;73.90;71.72;2.28;10.692938888616;59.939335118948;269.38
9558.41;5213;5226;110781.86;1216069.54;30.07;73.97;71.70;2.30;10.692906715224;59.939334943202;269.38
9560.21;5214;5227;110780.06;1216069.52;30.08;73.67;71.65;2.36;10.692874541831;59.939334767455;269.38
9562.01;5215;5228;110778.26;1216069.50;30.08;73.38;71.59;2.41;10.692842368439;59.939334590803;269.38
9563.81;5216;5229;110776.56;1216069.48;30.09;73.26;71.54;2.43;10.692811982556;59.939334424115;269.38
9565.61;5217;5230;110774.66;1216069.46;30.09;73.23;71.49;2.41;10.692778023441;59.939334238404;269.38
9567.41;5218;5231;110772.86;1216069.44;30.10;73.21;71.47;2.37;10.692745850049;59.939334062657;269.38
9569.21;5219;5232;110771.06;1216069.42;30.10;73.19;71.43;2.34;10.692713676656;59.939333886005;269.38
9571.01;5220;5233;110769.26;1216069.40;30.11;73.28;71.42;2.29;10.692681503264;59.939333710258;269.38
9572.81;5221;5234;110767.56;1216069.38;30.11;73.43;71.42;2.23;10.692651117381;59.939333543571;269.38
9574.61;5222;5235;110765.66;1216069.36;30.12;73.93;71.41;2.17;10.692617156479;59.939333357859;269.38
9576.41;5223;5236;110763.86;1216069.34;30.13;73.98;71.40;2.12;10.692584983086;59.939333181207;269.38
9578.21;5224;5237;110762.06;1216069.32;30.13;74.01;71.38;2.07;10.692552811481;59.939333005460;269.38
9580.01;5225;5238;110760.26;1216069.30;30.14;74.01;71.36;2.06;10.692520638089;59.939332829714;269.38
9581.81;5226;5239;110758.56;1216069.29;30.14;74.01;71.25;2.15;10.692490252206;59.939332663026;269.38
9583.61;5227;5240;110756.66;1216069.27;30.15;74.02;71.15;2.27;10.692456291304;59.939332477315;269.38
9585.41;5228;5241;110754.86;1216069.25;30.15;74.02;71.09;2.35;10.692424117911;59.939332300662;269.38
9587.21;5229;5242;110753.06;1216069.23;30.16;74.07;70.99;2.47;10.692391944519;59.939332124916;269.38
9589.01;5230;5243;110751.26;1216069.21;30.16;74.10;70.89;2.60;10.692359771126;59.939331948263;269.38
9590.81;5231;5244;110749.56;1216069.19;30.17;74.10;70.79;2.74;10.692329385244;59.939331782482;269.38
9592.61;5232;5245;110747.66;1216069.17;30.17;74.18;70.68;2.88;10.692295426129;59.939331595864;269.38
9594.41;5233;5246;110745.86;1216069.15;30.18;74.20;70.63;3.19;10.692263252736;59.939331420118;269.38
9596.21;5234;5247;110744.06;1216069.13;30.18;74.21;70.63;3.54;10.692231079344;59.939331243465;269.38
9598.01;5235;5248;110742.26;1216069.11;30.19;74.79;70.63;3.67;10.692198905952;59.939331067719;269.38
9599.81;5236;5249;110740.56;1216069.09;30.19;75.19;70.63;3.85;10.692168520069;59.939330901031;269.38
9601.61;5237;5250;110738.66;1216069.07;30.20;75.09;70.58;4.00;10.692134559167;59.939330715320;269.38
9603.41;5238;5251;110736.86;1216069.05;30.20;74.94;70.55;4.09;10.692102385774;59.939330539573;269.38
9605.21;5239;5252;110735.07;1216069.03;30.21;74.96;70.50;4.27;10.692070212382;59.939330362921;269.38
9607.01;5240;5253;110733.27;1216069.01;30.22;75.08;70.45;4.53;10.692038040777;59.939330187174;269.38
9608.81;5241;5254;110731.57;1216068.99;30.22;75.18;70.40;4.64;10.692007654894;59.939330020487;269.38
9610.61;5242;5255;110729.67;1216068.97;30.23;75.42;70.34;4.73;10.691973693992;59.939329834775;269.38
9612.41;5243;5256;110727.87;1216068.95;30.23;75.53;70.32;4.68;10.691941520599;59.939329658123;269.38
9614.21;5244;5257;110726.07;1216068.94;30.24;75.73;70.27;4.88;10.691909347207;59.939329482376;269.38
9616.01;5245;5258;110724.27;1216068.92;30.24;76.17;70.29;4.95;10.691877173814;59.939329305724;269.38
9617.81;5246;5259;110722.57;1216068.90;30.25;76.61;70.35;4.84;10.691846787932;59.939329139942;269.38
9619.61;5247;5260;110720.67;1216068.88;30.25;76.95;70.41;4.90;10.691812827029;59.939328953325;269.38
9621.41;5248;5261;110718.87;1216068.86;30.26;77.63;70.44;5.12;10.691780655424;59.939328777578;269.38
9623.21;5249;5262;110717.07;1216068.84;30.26;78.13;70.49;5.44;10.691748482032;59.939328601832;269.38
9625.01;5250;5263;110715.27;1216068.82;30.27;78.52;70.55;5.85;10.691716308639;59.939328425179;269.38
9626.81;5251;5264;110713.57;1216068.80;30.27;78.83;70.61;6.31;10.691685922757;59.939328258492;269.38
9628.61;5252;5265;110711.67;1216068.78;30.28;79.03;70.67;6.73;10.691651961854;59.939328072780;269.38
9630.41;5253;5266;110709.87;1216068.76;30.28;79.02;70.69;7.31;10.691619788462;59.939327897034;269.38
9632.21;5254;5267;110708.07;1216068.74;30.29;78.93;70.75;7.68;10.691587615069;59.939327720381;269.38
9634.01;5255;5268;110706.27;1216068.72;30.29;78.76;70.81;7.95;10.691555441677;59.939327544635;269.38
9635.81;5256;5269;110704.57;1216068.70;30.30;78.28;70.87;8.10;10.691525057582;59.939327377947;269.38
9637.61;5257;5270;110702.67;1216068.68;30.30;77.93;70.94;8.05;10.691491096679;59.939327192236;269.38
9639.41;5258;5271;110700.87;1216068.66;30.31;77.81;70.98;7.78;10.691458923287;59.939327015583;269.38
9641.21;5259;5272;110699.07;1216068.64;30.32;77.77;71.07;7.37;10.691426749894;59.939326839837;269.38
9643.01;5260;5273;110697.27;1216068.62;30.32;77.69;71.17;6.95;10.691394576502;59.939326664090;269.38
9644.81;5261;5274;110695.57;1216068.61;30.33;77.61;71.29;6.72;10.691364190619;59.939326497403;269.38
9646.61;5262;5275;110693.67;1216068.59;30.33;77.56;71.39;6.61;10.691330229717;59.939326311691;269.38
9648.41;5263;5276;110691.87;1216068.57;30.34;77.40;71.45;6.52;10.691298058112;59.939326135039;269.38
9650.21;5264;5277;110690.07;1216068.55;30.34;77.10;71.55;6.25;10.691265884719;59.939325959292;269.38
9652.01;5265;5278;110688.27;1216068.53;30.35;76.73;71.66;5.98;10.691233711327;59.939325782640;269.38
9653.81;5266;5279;110686.57;1216068.51;30.35;76.54;71.77;5.70;10.691203325444;59.939325616858;269.38
9655.61;5267;5280;110684.67;1216068.49;30.36;76.51;71.87;5.41;10.691169364542;59.939325430241;269.38
9657.41;5268;5281;110682.87;1216068.47;30.36;76.39;71.91;5.15;10.691137191149;59.939325254494;269.38
9659.21;5269;5282;110681.07;1216068.45;30.37;75.97;72.00;4.86;10.691105017757;59.939325077842;269.38
9661.01;5270;5283;110679.27;1216068.43;30.37;75.43;72.08;4.58;10.691072844364;59.939324902095;269.38
9662.81;5271;5284;110677.57;1216068.41;30.38;75.52;72.16;4.31;10.691042458482;59.939324735408;269.38
9664.61;5272;5285;110675.67;1216068.39;30.38;75.57;72.25;4.05;10.691008499367;59.939324549696;269.38
9666.41;5273;5286;110673.87;1216068.37;30.39;75.63;72.29;3.80;10.690976325974;59.939324373950;269.38
9668.21;5274;5287;110672.07;1216068.35;30.39;75.65;72.37;3.63;10.690944152582;59.939324197297;269.38
9670.01;5275;5288;110670.27;1216068.33;30.40;75.65;72.46;3.48;10.690911979189;59.939324021551;269.38
9671.81;5276;5289;110668.57;1216068.31;30.41;75.64;72.52;3.34;10.690881593307;59.939323854863;269.38
9673.61;5277;5290;110666.67;1216068.29;30.41;75.64;72.58;3.22;10.690847632404;59.939323669152;269.38
9675.41;5278;5291;110664.87;1216068.27;30.42;75.63;72.61;3.12;10.690815459012;59.939323492499;269.38
9677.21;5279;5292;110663.07;1216068.25;30.42;75.64;72.65;3.02;10.690783287407;59.939323316753;269.38
9679.01;5280;5293;110661.27;1216068.24;30.43;75.63;72.68;2.92;10.690751114015;59.939323140100;269.38
9680.81;5281;5294;110659.57;1216068.22;30.43;75.46;72.72;2.81;10.690720728132;59.939322974319;269.38
9682.61;5282;5295;110657.67;1216068.20;30.44;75.32;72.78;2.68;10.690686767230;59.939322788607;269.38
9684.41;5283;5296;110655.87;1216068.18;30.44;75.34;72.80;2.59;10.690654593837;59.939322611955;269.38
9686.21;5284;5297;110654.07;1216068.16;30.45;75.24;72.86;2.46;10.690622420445;59.939322436208;269.38
9688.01;5285;5298;110652.27;1216068.14;30.45;74.60;72.91;2.32;10.690590247052;59.939322259556;269.38
9689.81;5286;5299;110650.57;1216068.12;30.46;74.54;72.96;2.17;10.690559861170;59.939322093774;269.38
9691.61;5287;5300;110648.67;1216068.10;30.46;74.52;73.01;2.02;10.690525902055;59.939321907157;269.38
9693.41;5288;5301;110646.87;1216068.08;30.47;74.74;73.04;1.96;10.690493728662;59.939321731410;269.38
9695.21;5289;5302;110645.07;1216068.06;30.47;74.80;73.09;1.88;10.690461555270;59.939321554758;269.38
9697.01;5290;5303;110643.27;1216068.04;30.48;74.79;73.10;1.80;10.690429381877;59.939321379011;269.38
9698.81;5291;5304;110641.57;1216068.02;30.48;74.71;73.11;1.71;10.690398995995;59.939321212324;269.38
9700.61;5292;5305;110639.67;1216068.00;30.49;74.64;73.11;1.61;10.690365035092;59.939321026612;269.38
9702.41;5293;5306;110637.87;1216067.98;30.50;74.49;73.11;1.53;10.690332861700;59.939320850866;269.38
9704.21;5294;5307;110636.07;1216067.96;30.50;74.38;73.13;1.43;10.690300688307;59.939320674213;269.38
9706.01;5295;5308;110634.27;1216067.94;30.51;74.27;73.14;1.33;10.690268516702;59.939320498467;269.38
9707.81;5296;5309;110632.57;1216067.93;30.51;74.12;73.16;1.23;10.690238130820;59.939320331779;269.38
9709.61;5297;5310;110630.67;1216067.90;30.52;73.87;73.18;1.13;10.690204169917;59.939320146068;269.38
9711.41;5298;5311;110628.87;1216067.89;30.52;73.87;73.19;1.04;10.690171996525;59.939319969415;269.38
9713.21;5299;5312;110627.07;1216067.87;30.53;73.81;73.21;0.94;10.690139823132;59.939319793669;269.38
9715.01;5300;5313;110625.27;1216067.85;30.53;73.81;73.21;0.86;10.690107649740;59.939319617016;269.38
9716.81;5301;5314;110623.57;1216067.83;30.54;73.71;73.19;0.81;10.690077263857;59.939319451235;269.38
9718.61;5302;5315;110621.67;1216067.81;30.54;73.86;73.16;0.84;10.690043302955;59.939319264617;269.38
9720.41;5303;5316;110619.87;1216067.79;30.55;73.44;73.15;0.74;10.690011131350;59.939319088871;269.38
9722.21;5304;5317;110618.07;1216067.77;30.55;72.68;73.12;0.54;10.689978957957;59.939318912218;269.38
9724.01;5305;5318;110616.27;1216067.75;30.56;72.03;73.08;0.43;10.689946784565;59.939318736472;269.38
9725.81;5306;5319;110614.57;1216067.73;30.56;71.71;73.05;0.30;10.689916398682;59.939318569784;269.38
9727.61;5307;5320;110612.67;1216067.71;30.57;71.25;72.95;0.20;10.689882437780;59.939318384073;269.38
9729.41;5308;5321;110610.87;1216067.69;30.57;70.86;72.88;0.10;10.689850264387;59.939318208326;269.38
9731.21;5309;5322;110609.07;1216067.67;30.58;70.64;72.59;0.00;10.689818090995;59.939318031674;269.38
9733.01;5310;5323;110607.27;1216067.65;30.59;70.64;71.91;0.00;10.689785919390;59.939317855927;269.38
9734.81;5311;5324;110605.57;1216067.63;30.59;70.59;71.45;0.00;10.689755533507;59.939317689240;269.38
9736.61;5312;5325;110603.67;1216067.61;30.60;70.49;71.02;0.00;10.689721572605;59.939317503528;269.38
9738.41;5313;5326;110601.87;1216067.59;30.60;70.48;71.00;0.00;10.689689399212;59.939317326876;269.38
9740.21;5314;5327;110600.07;1216067.57;30.61;70.37;71.00;0.00;10.689657225820;59.939317151129;269.38
9742.01;5315;5328;110598.27;1216067.55;30.61;70.33;70.86;0.00;10.689625052427;59.939316974477;269.38
9743.81;5316;5329;110596.57;1216067.54;30.62;70.29;70.67;0.00;10.689594666545;59.939316808695;269.38
9745.61;5317;5330;110594.67;1216067.52;30.62;70.19;70.49;0.00;10.689560705642;59.939316622984;269.38
9747.41;5318;5331;110592.87;1216067.50;30.63;70.09;70.41;0.00;10.689528534037;59.939316446331;269.38
9749.21;5319;5332;110591.07;1216067.48;30.63;70.01;70.35;0.00;10.689496360645;59.939316270585;269.38
9751.01;5320;5333;110589.27;1216067.46;30.64;69.95;70.28;0.00;10.689464187252;59.939316093932;269.38
9752.81;5321;5334;110587.57;1216067.44;30.64;69.89;70.22;0.00;10.689433801370;59.939315928151;269.38
9754.61;5322;5335;110585.67;1216067.42;30.65;69.75;70.14;0.00;10.689399840467;59.939315741533;269.38
9756.41;5323;5336;110583.87;1216067.40;30.65;69.66;70.05;0.00;10.689367667075;59.939315565787;269.38
9758.21;5324;5337;110582.07;1216067.38;30.66;69.57;69.74;0.26;10.689335493683;59.939315389134;269.38
9760.01;5325;5338;110580.27;1216067.36;30.66;69.44;69.44;0.47;10.689303320290;59.939315213388;269.38
9761.81;5326;5339;110578.57;1216067.34;30.67;69.39;69.15;0.66;10.689272936195;59.939315046700;269.38
9763.61;5327;5340;110576.68;1216067.32;30.67;69.29;68.85;0.86;10.689238975293;59.939314860989;269.38
9765.41;5328;5341;110574.88;1216067.30;30.68;69.19;68.63;0.99;10.689206801900;59.939314685242;269.38
9767.21;5329;5342;110573.08;1216067.28;30.69;69.11;67.97;1.56;10.689174628508;59.939314508590;269.38
9769.01;5330;5343;110571.28;1216067.26;30.69;69.00;67.30;2.14;10.689142455115;59.939314332843;269.38
9770.81;5331;5344;110569.58;1216067.24;30.70;68.91;66.68;2.66;10.689112069233;59.939314166156;269.38
9772.61;5332;5345;110567.68;1216067.22;30.70;68.81;66.07;3.19;10.689078108330;59.939313980444;269.38
9774.41;5333;5346;110565.88;1216067.20;30.71;68.70;65.75;3.41;10.689045934938;59.939313803792;269.38
9776.21;5334;5347;110564.08;1216067.19;30.71;68.66;64.99;4.08;10.689013763333;59.939313628045;269.38
9778.01;5335;5348;110562.28;1216067.17;30.72;68.60;64.26;4.71;10.688981589940;59.939313451393;269.38
9779.81;5336;5349;110560.58;1216067.15;30.72;68.59;63.55;5.32;10.688951204058;59.939313285611;269.38
9781.61;5337;5350;110558.68;1216067.13;30.73;68.65;62.82;5.95;10.688917243155;59.939313098994;269.38
9783.41;5338;5351;110556.88;1216067.11;30.73;68.61;62.46;6.21;10.688885069763;59.939312923247;269.38
9785.21;5339;5352;110555.08;1216067.09;30.74;68.40;61.92;6.65;10.688852896370;59.939312746595;269.38
9787.01;5340;5353;110553.28;1216067.07;30.74;68.30;61.60;6.94;10.688820722978;59.939312570848;269.38
9788.81;5341;5354;110551.58;1216067.05;30.75;68.26;61.11;7.40;10.688790337095;59.939312404161;269.38
9790.61;5342;5355;110549.68;1216067.03;30.75;68.19;60.60;7.87;10.688756377980;59.939312218449;269.38
9792.41;5343;5356;110547.88;1216067.01;30.76;68.11;60.35;8.12;10.688724204588;59.939312042703;269.38
9794.21;5344;5357;110546.08;1216066.99;30.76;68.07;59.83;8.65;10.688692031195;59.939311866050;269.38
9796.01;5345;5358;110544.28;1216066.97;30.77;68.27;59.55;9.00;10.688659857803;59.939311690304;269.38
9797.81;5346;5359;110542.58;1216066.95;30.78;68.50;59.27;9.34;10.688629471920;59.939311523616;269.38
9799.61;5347;5360;110540.68;1216066.93;30.78;68.89;59.01;9.66;10.688595511018;59.939311337905;269.38
9801.41;5348;5361;110538.88;1216066.91;30.79;69.25;58.87;9.87;10.688563337625;59.939311161252;269.38
9803.21;5349;5362;110537.08;1216066.89;30.79;69.64;58.59;10.23;10.688531166020;59.939310985506;269.38
9805.01;5350;5363;110535.28;1216066.87;30.80;69.61;58.44;10.46;10.688498992628;59.939310808853;269.38
9806.81;5351;5364;110533.58;1216066.86;30.80;69.56;58.44;10.54;10.688468606745;59.939310643072;269.38
9808.61;5352;5365;110531.68;1216066.84;30.81;69.55;58.42;10.68;10.688434645843;59.939310457360;269.38
9810.41;5353;5366;110529.88;1216066.82;30.81;69.67;58.41;10.84;10.688402472450;59.939310280708;269.38
9812.21;5354;5367;110528.08;1216066.80;30.82;69.95;58.39;10.98;10.688370299058;59.939310104961;269.38
9814.01;5355;5368;110526.28;1216066.78;30.82;70.20;58.36;11.14;10.688338125665;59.939309928309;269.38
9815.81;5356;5369;110524.58;1216066.76;30.83;70.30;58.35;11.29;10.688307739783;59.939309762527;269.38
9817.61;5357;5370;110522.68;1216066.74;30.83;70.51;58.34;11.43;10.688273780668;59.939309575910;269.38
9819.41;5358;5371;110520.88;1216066.72;30.84;70.69;58.34;11.58;10.688241607275;59.939309400163;269.38
9821.21;5359;5372;110519.08;1216066.70;30.84;71.60;58.33;11.78;10.688209433883;59.939309223511;269.38
9823.01;5360;5373;110517.28;1216066.68;30.85;71.54;58.33;12.04;10.688177260490;59.939309047764;269.38
9824.81;5361;5374;110515.58;1216066.66;30.85;71.49;58.36;12.21;10.688146874608;59.939308881077;269.38
9826.61;5362;5375;110513.68;1216066.64;30.86;71.30;58.40;12.45;10.688112913705;59.939308695365;269.38
9828.41;5363;5376;110511.88;1216066.62;30.87;71.25;58.39;12.61;10.688080740313;59.939308519619;269.38
9830.21;5364;5377;110510.08;1216066.60;30.87;71.01;58.38;12.62;10.688048566920;59.939308342966;269.38
9832.01;5365;5378;110508.28;1216066.58;30.88;70.86;58.36;12.64;10.688016395315;59.939308167220;269.38
9833.81;5366;5379;110506.58;1216066.56;30.88;70.78;58.35;12.65;10.687986009433;59.939308000532;269.38
9835.61;5367;5380;110504.68;1216066.54;30.89;70.71;58.40;12.60;10.687952048530;59.939307814821;269.38
9837.41;5368;5381;110502.88;1216066.52;30.89;70.78;58.45;12.55;10.687919875138;59.939307638168;269.38
9839.21;5369;5382;110501.08;1216066.50;30.90;70.80;58.51;12.49;10.687887701746;59.939307462422;269.38
9841.01;5370;5383;110499.28;1216066.49;30.90;70.78;58.56;12.43;10.687855528353;59.939307285769;269.38
9842.81;5371;5384;110497.58;1216066.47;30.91;70.77;58.61;12.37;10.687825142471;59.939307119988;269.38
9844.61;5372;5385;110495.68;1216066.45;30.91;70.74;58.66;12.31;10.687791181568;59.939306933370;269.38
9846.41;5373;5386;110493.88;1216066.43;30.92;70.70;58.69;12.28;10.687759009963;59.939306757624;269.38
9848.21;5374;5387;110492.08;1216066.41;30.92;70.60;58.74;12.22;10.687726836571;59.939306580971;269.38
9850.01;5375;5388;110490.28;1216066.39;30.93;70.56;58.80;12.16;10.687694663178;59.939306405225;269.38
9851.81;5376;5389;110488.58;1216066.37;30.93;70.51;58.85;12.10;10.687664277296;59.939306238537;269.38
9853.61;5377;5390;110486.68;1216066.35;30.94;70.43;58.90;12.02;10.687630316393;59.939306052826;269.38
9855.41;5378;5391;110484.88;1216066.33;30.94;70.39;58.93;11.88;10.687598143001;59.939305877079;269.38
9857.21;5379;5392;110483.08;1216066.31;30.95;70.33;59.05;11.63;10.687565969608;59.939305700427;269.38
9859.01;5380;5393;110481.28;1216066.29;30.96;70.28;59.16;11.40;10.687533796216;59.939305524680;269.38
9860.81;5381;5394;110479.58;1216066.27;30.96;70.31;59.27;11.17;10.687503412121;59.939305357993;269.38
9862.61;5382;5395;110477.68;1216066.25;30.97;70.37;59.37;10.96;10.687469451218;59.939305172281;269.38
9864.41;5383;5396;110475.88;1216066.23;30.97;70.39;59.43;10.89;10.687437277826;59.939304995629;269.38
9866.21;5384;5397;110474.08;1216066.21;30.98;70.36;59.53;10.77;10.687405104433;59.939304819882;269.38
9868.01;5385;5398;110472.28;1216066.19;30.98;70.41;59.64;10.64;10.687372931041;59.939304643230;269.38
9869.81;5386;5399;110470.58;1216066.18;30.99;70.56;59.74;10.54;10.687342545158;59.939304477448;269.38
9871.61;5387;5400;110468.68;1216066.15;30.99;70.80;59.85;10.43;10.687308584256;59.939304291737;269.38
9873.41;5388;5401;110466.88;1216066.14;31.00;70.70;59.90;10.38;10.687276412651;59.939304115084;269.38
9875.21;5389;5402;110465.08;1216066.12;31.00;70.73;60.01;10.27;10.687244239258;59.939303939338;269.38
9877.01;5390;5403;110463.28;1216066.10;31.01;70.82;60.15;10.16;10.687212065866;59.939303762685;269.38
9878.81;5391;5404;110461.58;1216066.08;31.01;70.87;60.28;10.05;10.687181679983;59.939303596904;269.38
9880.61;5392;5405;110459.68;1216066.06;31.02;70.96;60.40;9.95;10.687147719081;59.939303410286;269.38
9882.41;5393;5406;110457.88;1216066.04;31.02;71.03;60.46;9.94;10.687115545688;59.939303234540;269.38
9884.21;5394;5407;110456.08;1216066.02;31.03;71.08;60.58;9.90;10.687083372296;59.939303057887;269.38
9886.01;5395;5408;110454.28;1216066.00;31.03;70.96;60.71;9.87;10.687051198903;59.939302882141;269.38
9887.81;5396;5409;110452.58;1216065.98;31.04;70.91;60.83;9.84;10.687020813021;59.939302715454;269.38
9889.61;5397;5410;110450.68;1216065.96;31.05;71.05;60.96;9.81;10.686986853906;59.939302529742;269.38
9891.41;5398;5411;110448.88;1216065.94;31.05;71.04;61.02;9.85;10.686954680513;59.939302353995;269.38
9893.21;5399;5412;110447.08;1216065.92;31.06;70.97;61.15;9.81;10.686922507121;59.939302177343;269.38
9895.01;5400;5413;110445.28;1216065.90;31.06;71.11;61.27;9.75;10.686890333728;59.939302001596;269.38
9896.81;5401;5414;110443.58;1216065.88;31.07;71.17;61.41;9.61;10.686859947846;59.939301834909;269.38
9898.61;5402;5415;110441.68;1216065.86;31.07;71.22;61.54;9.46;10.686825986943;59.939301649197;269.38
9900.41;5403;5416;110439.88;1216065.84;31.08;71.36;61.61;9.39;10.686793813551;59.939301472545;269.38
9902.21;5404;5417;110438.08;1216065.82;31.08;71.45;61.74;9.30;10.686761641946;59.939301296798;269.38
9904.01;5405;5418;110436.28;1216065.80;31.09;71.55;61.88;9.29;10.686729468553;59.939301120146;269.38
9905.81;5406;5419;110434.58;1216065.79;31.09;71.57;62.03;9.27;10.686699082671;59.939300954364;269.38
9907.61;5407;5420;110432.68;1216065.77;31.10;71.53;62.18;9.25;10.686665121768;59.939300767747;269.38
9909.41;5408;5421;110430.88;1216065.75;31.10;71.44;62.24;9.32;10.686632948376;59.939300592000;269.38
9911.21;5409;5422;110429.08;1216065.73;31.11;71.15;62.39;9.24;10.686600774983;59.939300416254;269.38
9913.01;5410;5423;110427.28;1216065.71;31.11;71.15;62.53;9.12;10.686568601591;59.939300239601;269.38
9914.81;5411;5424;110425.58;1216065.69;31.12;71.29;62.68;8.90;10.686538215708;59.939300072914;269.38
9916.61;5412;5425;110423.68;1216065.67;31.12;71.50;62.84;8.62;10.686504256594;59.939299887202;269.38
9918.41;5413;5426;110421.88;1216065.65;31.13;71.49;62.92;8.40;10.686472083201;59.939299711456;269.38
9920.21;5414;5427;110420.08;1216065.63;31.13;71.54;63.08;8.00;10.686439909809;59.939299534803;269.38
9922.01;5415;5428;110418.28;1216065.61;31.14;71.24;63.24;7.81;10.686407736416;59.939299359057;269.38
9923.81;5416;5429;110416.59;1216065.59;31.15;71.03;63.40;7.82;10.686377350534;59.939299192370;269.38
9925.61;5417;5430;110414.69;1216065.57;31.15;71.24;63.56;7.75;10.686343389631;59.939299006658;269.38
9927.41;5418;5431;110412.89;1216065.55;31.16;71.46;63.65;7.85;10.686311216239;59.939298830006;269.38
9929.21;5419;5432;110411.09;1216065.53;31.16;71.70;63.81;7.75;10.686279042846;59.939298654259;269.38
9931.01;5420;5433;110409.29;1216065.51;31.17;71.83;63.98;7.28;10.686246871241;59.939298478512;269.38
9932.81;5421;5434;110407.59;1216065.49;31.17;72.12;64.15;7.38;10.686216485359;59.939298311825;269.38
9934.61;5422;5435;110405.69;1216065.47;31.18;72.54;64.32;7.14;10.686182524456;59.939298126113;269.38
9936.41;5423;5436;110403.89;1216065.45;31.18;72.95;64.39;6.96;10.686150351064;59.939297949461;269.38
9938.21;5424;5437;110402.09;1216065.44;31.19;72.90;64.56;6.90;10.686118177671;59.939297773714;269.38
9940.01;5425;5438;110400.29;1216065.42;31.19;72.93;64.72;7.07;10.686086004279;59.939297597062;269.38
9941.81;5426;5439;110398.59;1216065.40;31.20;72.90;64.89;7.21;10.686055618396;59.939297431280;269.38
9943.61;5427;5440;110396.69;1216065.38;31.20;72.72;65.05;7.50;10.686021657494;59.939297244663;269.38
9945.41;5428;5441;110394.89;1216065.36;31.21;72.62;65.13;7.65;10.685989485889;59.939297068916;269.38
9947.21;5429;5442;110393.09;1216065.34;31.21;72.64;65.29;7.45;10.685957312496;59.939296892264;269.38
9949.01;5430;5443;110391.29;1216065.32;31.22;72.71;65.46;7.19;10.685925139104;59.939296716517;269.38
9950.81;5431;5444;110389.59;1216065.30;31.22;72.67;65.62;6.96;10.685894753221;59.939296549830;269.38
9952.61;5432;5445;110387.69;1216065.28;31.23;72.69;65.79;6.77;10.685860792319;59.939296364118;269.38
9954.41;5433;5446;110385.89;1216065.26;31.24;72.72;65.87;6.68;10.685828618926;59.939296188372;269.38
9956.21;5434;5447;110384.09;1216065.24;31.24;72.75;66.03;6.57;10.685796445534;59.939296011720;269.38
9958.01;5435;5448;110382.29;1216065.22;31.25;72.78;66.18;6.48;10.685764273929;59.939295835973;269.38
9959.81;5436;5449;110380.59;1216065.20;31.25;73.19;66.33;6.27;10.685733888046;59.939295669286;269.38
9961.61;5437;5450;110378.69;1216065.18;31.26;73.76;66.48;6.07;10.685699927144;59.939295483574;269.38
9963.41;5438;5451;110376.89;1216065.16;31.26;74.08;66.56;6.10;10.685667753751;59.939295306922;269.38
9965.21;5439;5452;110375.09;1216065.14;31.27;74.48;66.71;6.10;10.685635580359;59.939295131175;269.38
9967.01;5440;5453;110373.29;1216065.12;31.27;74.63;66.86;6.03;10.685603406966;59.939294954523;269.38
9968.81;5441;5454;110371.59;1216065.11;31.28;74.79;67.01;6.25;10.685573021084;59.939294788741;269.38
9970.61;5442;5455;110369.69;1216065.09;31.28;74.92;67.17;6.65;10.685539060181;59.939294602124;269.38
9972.41;5443;5456;110367.89;1216065.07;31.29;75.12;67.24;6.99;10.685506888576;59.939294426377;269.38
9974.21;5444;5457;110366.09;1216065.05;31.29;75.25;67.39;7.61;10.685474715184;59.939294250630;269.38
9976.01;5445;5458;110364.29;1216065.03;31.30;75.38;67.54;7.46;10.685442541791;59.939294073978;269.38
9977.81;5446;5459;110362.59;1216065.01;31.30;76.17;67.69;7.31;10.685412155909;59.939293907291;269.38
9979.61;5447;5460;110360.69;1216064.99;31.31;76.75;67.84;7.20;10.685378195006;59.939293721579;269.38
9981.41;5448;5461;110358.89;1216064.97;31.31;76.77;67.90;7.27;10.685346021614;59.939293545832;269.38
9983.21;5449;5462;110357.09;1216064.95;31.32;76.70;68.06;7.40;10.685313848221;59.939293369180;269.38
9985.01;5450;5463;110355.29;1216064.93;31.33;76.67;68.20;7.69;10.685281674829;59.939293193433;269.38
9986.81;5451;5464;110353.59;1216064.91;31.33;76.87;68.35;7.85;10.685251290734;59.939293026746;269.38
9988.61;5452;5465;110351.69;1216064.89;31.34;77.11;68.50;7.86;10.685217329831;59.939292841035;269.38
9990.41;5453;5466;110349.89;1216064.87;31.34;77.33;68.57;7.97;10.685185156439;59.939292664382;269.38
9992.21;5454;5467;110348.09;1216064.85;31.35;77.61;68.71;8.02;10.685152983046;59.939292488636;269.38
9994.01;5455;5468;110346.29;1216064.83;31.35;77.73;68.86;8.05;10.685120809654;59.939292312889;269.38
9995.81;5456;5469;110344.59;1216064.81;31.36;78.21;68.99;8.06;10.685090423771;59.939292146202;269.38
9997.61;5457;5470;110342.69;1216064.79;31.36;78.07;69.09;8.16;10.685056462869;59.939291960490;269.38
9999.41;5458;5471;110340.89;1216064.77;31.37;78.37;69.14;8.35;10.685024289477;59.939291783838;269.38
10001.21;5459;5472;110339.09;1216064.75;31.37;78.46;69.25;8.52;10.684992117872;59.939291608091;269.38
10003.01;5460;5473;110337.29;1216064.74;31.38;78.40;69.35;8.64;10.684959944479;59.939291431439;269.38
10004.81;5461;5474;110335.59;1216064.72;31.38;78.58;69.45;8.60;10.684929558597;59.939291265657;269.38
10006.61;5462;5475;110333.69;1216064.70;31.39;78.94;69.55;8.67;10.684895597694;59.939291079040;269.38
10008.41;5463;5476;110331.89;1216064.68;31.39;79.42;69.60;8.77;10.684863424302;59.939290903293;269.38
10010.21;5464;5477;110330.09;1216064.66;31.40;79.72;69.70;8.81;10.684831250909;59.939290726641;269.38
10012.01;5465;5478;110328.29;1216064.64;31.40;79.90;69.81;8.83;10.684799077517;59.939290550894;269.38
10013.81;5466;5479;110326.59;1216064.62;31.41;79.97;69.91;8.91;10.684768691634;59.939290384207;269.38
10015.61;5467;5480;110324.69;1216064.60;31.42;80.15;70.03;9.05;10.684734732519;59.939290198495;269.38
10017.41;5468;5481;110322.89;1216064.58;31.42;80.34;70.10;9.24;10.684702559127;59.939290022748;269.38
10019.21;5469;5482;110321.09;1216064.56;31.43;80.78;70.24;9.34;10.684670385734;59.939289846096;269.38
10021.01;5470;5483;110319.29;1216064.54;31.43;80.90;70.37;9.46;10.684638212342;59.939289670350;269.38
10022.81;5471;5484;110317.59;1216064.52;31.44;81.35;70.51;9.59;10.684607826459;59.939289503662;269.38
10024.61;5472;5485;110315.69;1216064.50;31.44;81.72;70.64;9.77;10.684573865557;59.939289317951;269.38
10026.41;5473;5486;110313.89;1216064.48;31.45;82.31;70.71;10.02;10.684541692164;59.939289141298;269.38
10028.21;5474;5487;110312.09;1216064.46;31.45;82.82;70.85;10.15;10.684509520559;59.939288965552;269.38
10030.01;5475;5488;110310.29;1216064.44;31.46;83.27;70.99;10.41;10.684477347167;59.939288788899;269.38
10031.81;5476;5489;110308.59;1216064.43;31.46;83.68;71.12;10.89;10.684446961284;59.939288623118;269.38
10033.61;5477;5490;110306.69;1216064.40;31.47;83.96;71.26;11.15;10.684413000382;59.939288436500;269.38
10035.41;5478;5491;110304.89;1216064.39;31.47;84.03;71.33;11.43;10.684380826989;59.939288260754;269.38
10037.21;5479;5492;110303.09;1216064.37;31.48;84.36;71.42;11.70;10.684348653597;59.939288085007;269.38
10039.01;5480;5493;110301.29;1216064.35;31.48;84.60;71.51;11.99;10.684316480204;59.939287908355;269.38
10040.81;5481;5494;110299.59;1216064.33;31.49;85.05;71.60;12.25;10.684286094322;59.939287741667;269.38
10042.61;5482;5495;110297.69;1216064.31;31.49;85.55;71.70;12.46;10.684252135207;59.939287555956;269.38
10044.41;5483;5496;110295.89;1216064.29;31.50;85.93;71.74;12.72;10.684219961814;59.939287380209;269.38
10046.21;5484;5497;110294.09;1216064.27;31.50;86.15;71.84;12.90;10.684187788422;59.939287203557;269.38
10048.01;5485;5498;110292.29;1216064.25;31.51;86.34;71.93;13.22;10.684155615029;59.939287027810;269.38
10049.81;5486;5499;110290.59;1216064.23;31.52;86.40;72.03;13.50;10.684125229147;59.939286861123;269.38
10051.61;5487;5500;110288.69;1216064.21;31.52;86.44;72.11;13.71;10.684091268244;59.939286675411;269.38
10053.41;5488;5501;110286.89;1216064.19;31.53;86.49;72.16;13.92;10.684059094852;59.939286498759;269.38
10055.21;5489;5502;110285.09;1216064.17;31.53;86.54;72.26;13.95;10.684026921459;59.939286323012;269.38
10057.01;5490;5503;110283.29;1216064.15;31.54;86.59;72.37;13.97;10.683994749854;59.939286147266;269.38
10058.81;5491;5504;110281.59;1216064.13;31.54;86.85;72.48;13.95;10.683964363972;59.939285980578;269.38
10060.61;5492;5505;110279.69;1216064.11;31.55;87.27;72.60;13.91;10.683930403069;59.939285794867;269.38
10062.41;5493;5506;110277.89;1216064.09;31.55;88.08;72.65;13.91;10.683898229677;59.939285618214;269.38
10064.21;5494;5507;110276.09;1216064.07;31.56;88.93;72.76;13.87;10.683866056284;59.939285442468;269.38
10066.01;5495;5508;110274.29;1216064.05;31.56;89.22;72.87;13.92;10.683833882892;59.939285265815;269.38
10067.81;5496;5509;110272.59;1216064.04;31.57;89.43;72.99;14.06;10.683803497009;59.939285100034;269.38
10069.61;5497;5510;110270.69;1216064.02;31.57;89.44;73.10;14.63;10.683769536107;59.939284913416;269.38
10071.41;5498;5511;110268.89;1216064.00;31.58;89.45;73.15;15.29;10.683737364502;59.939284737670;269.38
10073.21;5499;5512;110267.09;1216063.98;31.58;89.44;73.26;15.75;10.683705191109;59.939284561017;269.38
10075.01;5500;5513;110265.29;1216063.96;31.59;89.43;73.38;15.74;10.683673017717;59.939284385271;269.38
10076.81;5501;5514;110263.59;1216063.94;31.59;89.59;73.46;15.76;10.683642631835;59.939284218583;269.38
10078.61;5502;5515;110261.69;1216063.92;31.60;89.80;73.55;15.77;10.683608670932;59.939284032872;269.38
10080.41;5503;5516;110259.89;1216063.90;31.61;89.90;73.60;15.83;10.683576497540;59.939283857125;269.38
10082.21;5504;5517;110258.09;1216063.88;31.61;90.03;73.69;15.83;10.683544324147;59.939283680473;269.38
10084.01;5505;5518;110256.30;1216063.86;31.62;90.07;73.78;15.83;10.683512150755;59.939283504726;269.38
10085.81;5506;5519;110254.60;1216063.84;31.62;90.14;73.87;15.89;10.683481766660;59.939283338039;269.38
10087.61;5507;5520;110252.70;1216063.82;31.63;90.13;73.96;16.00;10.683447805757;59.939283152327;269.38
10089.41;5508;5521;110250.90;1216063.80;31.63;89.28;74.00;16.00;10.683415632365;59.939282975675;269.38
10091.21;5509;5522;110249.10;1216063.78;31.64;89.23;74.09;15.94;10.683383458972;59.939282799928;269.38
10093.01;5510;5523;110247.30;1216063.76;31.64;89.48;74.18;15.91;10.683351285580;59.939282623276;269.38
10094.81;5511;5524;110245.60;1216063.74;31.65;89.76;74.27;15.85;10.683320899697;59.939282457494;269.38
10096.61;5512;5525;110243.70;1216063.72;31.65;90.00;74.36;15.77;10.683286938795;59.939282270877;269.38
10098.41;5513;5526;110241.90;1216063.70;31.66;90.20;74.41;15.51;10.683254767190;59.939282095130;269.38
10100.21;5514;5527;110240.10;1216063.69;31.66;90.33;74.51;14.66;10.683222593797;59.939281919384;269.38
10102.01;5515;5528;110238.30;1216063.67;31.67;90.47;74.60;14.93;10.683190420405;59.939281742731;269.38
10103.81;5516;5529;110236.60;1216063.65;31.67;90.32;74.70;15.19;10.683160034522;59.939281576950;269.38
10105.61;5517;5530;110234.70;1216063.63;31.68;90.21;74.79;15.39;10.683126073620;59.939281390332;269.38
10107.41;5518;5531;110232.90;1216063.61;31.68;90.17;74.84;15.36;10.683093900227;59.939281214586;269.38
10109.21;5519;5532;110231.10;1216063.59;31.69;90.14;74.94;15.28;10.683061726835;59.939281037933;269.38
10111.01;5520;5533;110229.30;1216063.57;31.70;90.09;75.03;15.20;10.683029553442;59.939280862187;269.38
10112.81;5521;5534;110227.60;1216063.55;31.70;90.02;75.12;15.13;10.682999167560;59.939280695499;269.38
10114.61;5522;5535;110225.70;1216063.53;31.71;89.76;75.22;15.01;10.682965208445;59.939280509788;269.38
10116.41;5523;5536;110223.90;1216063.51;31.71;89.93;75.26;14.91;10.682933035052;59.939280333135;269.38
10118.21;5524;5537;110222.10;1216063.49;31.72;89.82;75.36;14.73;10.682900861660;59.939280157389;269.38
10120.01;5525;5538;110220.30;1216063.47;31.72;89.62;75.45;14.57;10.682868688267;59.939279981642;269.38
10121.81;5526;5539;110218.60;1216063.45;31.73;89.59;75.54;14.46;10.682838302385;59.939279814955;269.38
10123.61;5527;5540;110216.70;1216063.43;31.73;89.61;75.63;14.35;10.682804341482;59.939279629243;269.38
10125.41;5528;5541;110214.90;1216063.41;31.74;89.55;75.67;14.18;10.682772168090;59.939279452591;269.38
10127.21;5529;5542;110213.10;1216063.39;31.74;89.55;75.77;14.01;10.682739996485;59.939279276844;269.38
10129.01;5530;5543;110211.30;1216063.37;31.75;89.57;75.86;13.87;10.682707823092;59.939279100192;269.38
10130.81;5531;5544;110209.60;1216063.36;31.75;89.53;75.95;13.71;10.682677437210;59.939278934410;269.38
10132.61;5532;5545;110207.70;1216063.33;31.76;89.67;76.04;13.61;10.682643476307;59.939278747793;269.38
10134.41;5533;5546;110205.90;1216063.32;31.76;89.62;76.09;13.56;10.682611302915;59.939278572046;269.38
10136.21;5534;5547;110204.10;1216063.30;31.77;88.99;76.18;13.36;10.682579129522;59.939278395394;269.38
10138.01;5535;5548;110202.30;1216063.28;31.77;88.64;76.27;13.05;10.682546956130;59.939278219647;269.38
10139.81;5536;5549;110200.60;1216063.26;31.78;88.62;76.37;12.74;10.682516570247;59.939278052960;269.38
10141.61;5537;5550;110198.70;1216063.24;31.79;88.61;76.46;12.43;10.682482611132;59.939277867248;269.38
10143.41;5538;5551;110196.90;1216063.22;31.79;88.66;76.51;12.17;10.682450437740;59.939277691502;269.38
10145.21;5539;5552;110195.10;1216063.20;31.80;88.64;76.60;11.99;10.682418264347;59.939277514849;269.38
10147.01;5540;5553;110193.30;1216063.18;31.80;88.63;76.70;11.98;10.682386090955;59.939277339103;269.38
10148.81;5541;5554;110191.60;1216063.16;31.81;88.62;76.79;11.95;10.682355705072;59.939277172415;269.38
10150.61;5542;5555;110189.70;1216063.14;31.81;88.58;76.88;11.75;10.682321744170;59.939276986704;269.38
10152.41;5543;5556;110187.90;1216063.12;31.82;88.45;76.93;11.57;10.682289570777;59.939276810051;269.38
10154.21;5544;5557;110186.10;1216063.10;31.82;88.36;77.02;11.34;10.682257397385;59.939276634305;269.38
10156.01;5545;5558;110184.30;1216063.08;31.83;88.39;77.12;11.12;10.682225225780;59.939276457652;269.38
10157.81;5546;5559;110182.60;1216063.06;31.83;88.50;77.23;10.88;10.682194839898;59.939276291871;269.38
10159.61;5547;5560;110180.70;1216063.04;31.84;88.47;77.33;10.67;10.682160878995;59.939276106159;269.38
10161.41;5548;5561;110178.90;1216063.02;31.84;88.40;77.38;10.53;10.682128705603;59.939275929507;269.38
10163.21;5549;5562;110177.10;1216063.00;31.85;88.41;77.48;10.27;10.682096532210;59.939275753760;269.38
10165.01;5550;5563;110175.30;1216062.98;31.85;88.40;77.59;10.01;10.682064358818;59.939275577108;269.38
10166.81;5551;5564;110173.60;1216062.97;31.86;87.76;77.69;9.73;10.682033972935;59.939275411326;269.38
10168.61;5552;5565;110171.70;1216062.95;31.86;86.71;77.79;9.49;10.682000012033;59.939275224709;269.38
10170.41;5553;5566;110169.90;1216062.93;31.87;86.14;77.84;9.61;10.681967840428;59.939275048962;269.38
10172.21;5554;5567;110168.10;1216062.91;31.87;86.10;77.94;9.78;10.681935667035;59.939274872310;269.38
10174.01;5555;5568;110166.30;1216062.89;31.88;86.00;78.04;9.90;10.681903493643;59.939274696563;269.38
10175.81;5556;5569;110164.60;1216062.87;31.89;85.93;78.13;9.03;10.681873107760;59.939274529876;269.38
10177.61;5557;5570;110162.70;1216062.85;31.89;85.03;78.22;8.44;10.681839146858;59.939274345070;269.38
10179.41;5558;5571;110160.90;1216062.83;31.90;84.47;78.27;8.05;10.681806973465;59.939274179289;269.42
10181.21;5559;5572;110159.10;1216062.81;31.90;84.46;78.37;7.73;10.681774800073;59.939274029813;269.47
10183.01;5560;5573;110157.30;1216062.80;31.91;84.38;78.46;7.27;10.681742626680;59.939273897550;269.54
10184.81;5561;5574;110155.60;1216062.79;31.91;84.30;78.56;6.73;10.681712239010;59.939273787029;269.59
10186.61;5562;5575;110153.70;1216062.78;31.92;84.46;78.66;6.24;10.681678278108;59.939273681038;269.65
10188.41;5563;5576;110151.90;1216062.77;31.92;84.54;78.70;6.02;10.681646102928;59.939273596788;269.70
10190.21;5564;5577;110150.10;1216062.76;31.93;84.55;78.80;5.78;10.681613927748;59.939273528845;269.76
10192.01;5565;5578;110148.30;1216062.75;31.93;83.21;78.89;5.55;10.681581752568;59.939273478114;269.82
10193.81;5566;5579;110146.60;1216062.75;31.94;81.57;78.97;5.46;10.681551364898;59.939273444595;269.88
10195.61;5567;5580;110144.70;1216062.75;31.94;81.34;79.04;5.33;10.681517403995;59.939273424665;269.93
10197.41;5568;5581;110142.90;1216062.75;31.95;81.23;79.08;5.21;10.681485228815;59.939273421948;269.99
10199.21;5569;5582;110141.10;1216062.75;31.95;80.94;79.15;3.98;10.681453053635;59.939273435536;270.05
10201.01;5570;5583;110139.30;1216062.75;31.96;80.07;79.22;2.15;10.681420878455;59.939273466337;270.11
10202.81;5571;5584;110137.60;1216062.76;31.96;79.93;79.29;1.83;10.681390490785;59.939273509821;270.16
10204.61;5572;5585;110135.70;1216062.76;31.97;79.88;79.33;1.70;10.681356528095;59.939273575952;270.22
10206.41;5573;5586;110133.90;1216062.77;31.98;79.83;79.35;1.60;10.681324352915;59.939273654767;270.28
10208.21;5574;5587;110132.10;1216062.78;31.98;79.82;79.38;0.85;10.681292179523;59.939273749887;270.33
10210.01;5575;5588;110130.30;1216062.80;31.99;79.77;79.40;0.56;10.681260004343;59.939273862220;270.39
10211.81;5576;5589;110128.60;1216062.81;31.99;79.73;79.41;0.55;10.681229618460;59.939273982706;270.45
10213.61;5577;5590;110126.70;1216062.83;32.00;79.68;79.43;0.47;10.681195657558;59.939274134899;270.51
10215.41;5578;5591;110124.90;1216062.84;32.00;79.67;79.43;0.40;10.681163484165;59.939274295245;270.56
10217.21;5579;5592;110123.10;1216062.86;32.01;79.74;79.38;0.36;10.681131310773;59.939274471897;270.62
10219.01;5580;5593;110121.30;1216062.88;32.01;79.48;79.34;0.30;10.681099137380;59.939274665762;270.68
10220.81;5581;5594;110119.60;1216062.91;32.02;78.98;79.30;0.24;10.681068753285;59.939274863251;270.73
10222.61;5582;5595;110117.70;1216062.93;32.02;79.01;79.26;0.18;10.681034794170;59.939275101505;270.79
10224.41;5583;5596;110115.90;1216062.96;32.03;79.05;79.24;0.10;10.681002622565;59.939275343383;270.85
10226.21;5584;5597;110114.10;1216062.99;32.03;78.82;79.19;0.04;10.680970450960;59.939275601567;270.91
10228.01;5585;5598;110112.30;1216063.02;32.04;77.98;79.13;0.00;10.680938281143;59.939275876964;270.97
10229.81;5586;5599;110110.50;1216063.05;32.04;77.11;79.03;0.00;10.680906111325;59.939276167761;271.02
10231.61;5587;5600;110108.70;1216063.08;32.05;76.46;78.82;0.00;10.680873941508;59.939276475770;271.08
10233.41;5588;5601;110106.90;1216063.12;32.05;76.48;78.59;0.00;10.680841771690;59.939276799180;271.14
10235.21;5589;5602;110105.10;1216063.16;32.06;76.45;78.36;0.00;10.680809603660;59.939277138896;271.19
10237.01;5590;5603;110103.30;1216063.20;32.07;76.45;78.11;0.00;10.680777437418;59.939277494919;271.25
10238.81;5591;5604;110101.51;1216063.24;32.07;76.42;77.23;0.00;10.680745271176;59.939277868154;271.31
10240.61;5592;5605;110099.71;1216063.28;32.08;76.31;76.82;0.00;10.680713104933;59.939278256789;271.37
10242.41;5593;5606;110097.91;1216063.33;32.08;75.78;76.66;0.00;10.680680938691;59.939278662637;271.43
10244.21;5594;5607;110096.11;1216063.37;32.09;75.44;76.50;0.00;10.680648776023;59.939279083885;271.48
10246.01;5595;5608;110094.31;1216063.42;32.09;75.42;76.34;0.00;10.680616611568;59.939279521440;271.54
10247.81;5596;5609;110092.51;1216063.47;32.10;75.43;76.18;0.00;10.680584448901;59.939279976207;271.60
10249.61;5597;5610;110090.71;1216063.52;32.10;75.47;76.03;0.00;10.680552288021;59.939280446374;271.65
10251.41;5598;5611;110088.91;1216063.58;32.11;75.48;75.90;0.00;10.680520127141;59.939280932848;271.71
10253.21;5599;5612;110087.11;1216063.63;32.11;75.51;75.77;0.00;10.680487966261;59.939281435628;271.77
10255.01;5600;5613;110085.31;1216063.69;32.12;75.42;75.64;0.00;10.680455808956;59.939281955620;271.83
10256.81;5601;5614;110083.51;1216063.75;32.12;75.39;75.51;0.00;10.680423651651;59.939282491013;271.88
10258.61;5602;5615;110081.71;1216063.81;32.13;75.34;75.38;0.00;10.680391494346;59.939283043618;271.94
10260.41;5603;5616;110079.91;1216063.87;32.13;75.23;75.25;0.00;10.680359338829;59.939283611623;272.00
10262.21;5604;5617;110078.12;1216063.94;32.14;74.66;75.12;0.00;10.680327185099;59.939284195029;272.05
10264.01;5605;5618;110076.32;1216064.00;32.14;74.10;74.99;0.00;10.680295031369;59.939284796554;272.11
10265.81;5606;5619;110074.52;1216064.07;32.15;74.05;74.86;0.00;10.680262879427;59.939285413478;272.17
10267.61;5607;5620;110072.72;1216064.14;32.16;74.04;74.73;0.00;10.680230727485;59.939286047615;272.23
10269.41;5608;5621;110070.92;1216064.21;32.16;73.39;74.60;0.00;10.680198579117;59.939286697153;272.28
10271.21;5609;5622;110069.12;1216064.29;32.17;73.09;74.47;0.00;10.680166430750;59.939287362997;272.34
10273.01;5610;5623;110067.32;1216064.36;32.17;73.37;74.36;0.00;10.680134284170;59.939288045147;272.40
10274.81;5611;5624;110065.63;1216064.43;32.18;73.89;74.34;0.00;10.680103923313;59.939288704649;272.45
10276.61;5612;5625;110063.73;1216064.52;32.18;73.98;74.00;0.00;10.680069994585;59.939289459272;272.51
10278.41;5613;5626;110061.93;1216064.60;32.19;73.91;74.00;0.00;10.680037851581;59.939290190342;272.57
10280.21;5614;5627;110060.13;1216064.68;32.19;74.08;74.00;0.00;10.680005710363;59.939290936812;272.62
10282.01;5615;5628;110058.33;1216064.76;32.20;74.89;73.97;0.00;10.679973570933;59.939291701400;272.69
10283.81;5616;5629;110056.64;1216064.85;32.20;75.62;73.72;0.00;10.679943217226;59.939292437905;272.74
10285.61;5617;5630;110054.74;1216064.94;32.21;76.69;73.53;0.00;10.679909295649;59.939293277683;272.80
10287.41;5618;5631;110052.94;1216065.03;32.21;77.66;73.70;0.00;10.679877161582;59.939294090284;272.86
10289.21;5619;5632;110051.14;1216065.12;32.22;78.42;73.99;0.00;10.679845027514;59.939294918286;272.91
10291.01;5620;5633;110049.34;1216065.21;32.22;78.85;74.37;0.00;10.679812895235;59.939295764406;272.97
10292.81;5621;5634;110047.65;1216065.30;32.23;78.78;74.87;0.00;10.679782550465;59.939296577913;273.03
10294.61;5622;5635;110045.75;1216065.41;32.23;78.86;73.55;1.91;10.679748637825;59.939297503753;273.08
10296.41;5623;5636;110043.95;1216065.50;32.24;78.43;73.66;2.37;10.679716510908;59.939298397886;273.14
10298.21;5624;5637;110042.16;1216065.60;32.24;78.39;73.91;2.63;10.679684385778;59.939299307420;273.20
10300.01;5625;5638;110040.36;1216065.71;32.25;78.44;74.17;2.91;10.679652262436;59.939300234166;273.26
10301.81;5626;5639;110038.66;1216065.81;32.26;78.48;73.90;3.75;10.679621924816;59.939301124676;273.31
10303.61;5627;5640;110036.76;1216065.92;32.26;78.41;73.49;4.81;10.679588021114;59.939302136577;273.37
10305.41;5628;5641;110034.97;1216066.02;32.27;78.44;73.47;5.43;10.679555904922;59.939303112242;273.43
10307.21;5629;5642;110033.17;1216066.13;32.27;78.47;73.65;5.35;10.679523788730;59.939304103308;273.48
10309.01;5630;5643;110031.37;1216066.25;32.28;78.49;73.82;5.18;10.679491676113;59.939305111585;273.55
10310.81;5631;5644;110029.68;1216066.35;32.28;78.49;74.29;4.72;10.679461347430;59.939306079097;273.60
10312.61;5632;5645;110027.78;1216066.47;32.29;78.50;74.79;4.21;10.679427454453;59.939307176154;273.65
10314.41;5633;5646;110025.99;1216066.59;32.29;78.52;75.04;3.96;10.679395347199;59.939308233351;273.72
10316.21;5634;5647;110024.19;1216066.71;32.30;78.55;75.66;3.34;10.679363241731;59.939309305949;273.77
10318.01;5635;5648;110022.39;1216066.83;32.30;78.62;76.29;2.71;10.679331138052;59.939310395758;273.83
10319.81;5636;5649;110020.70;1216066.94;32.31;78.67;76.24;2.76;10.679300821882;59.939311439367;273.89
10321.61;5637;5650;110018.80;1216067.07;32.31;78.87;76.19;2.81;10.679266939630;59.939312623391;273.94
10323.41;5638;5651;110017.01;1216067.20;32.32;79.24;76.17;2.83;10.679234843101;59.939313761214;274.00
10325.21;5639;5652;110015.21;1216067.33;32.32;78.68;76.12;2.88;10.679202748359;59.939314915343;274.06
10327.01;5640;5653;110013.42;1216067.46;32.33;78.38;76.07;2.93;10.679170655404;59.939316085779;274.12
10328.81;5641;5654;110011.72;1216067.58;32.33;78.28;76.02;2.97;10.679140348172;59.939317207296;274.18
10330.61;5642;5655;110009.83;1216067.72;32.34;78.40;75.96;2.97;10.679106478433;59.939318476476;274.23
10332.41;5643;5656;110008.03;1216067.86;32.35;78.51;75.93;2.92;10.679074394416;59.939319695831;274.29
10334.21;5644;5657;110006.24;1216067.99;32.35;78.43;75.86;2.87;10.679042312186;59.939320931492;274.35
10336.01;5645;5658;110004.44;1216068.13;32.36;78.39;75.83;2.84;10.679010231744;59.939322183459;274.40
10337.81;5646;5659;110002.75;1216068.26;32.36;78.38;75.79;2.82;10.678979935237;59.939323381072;274.46
10339.61;5647;5660;110000.85;1216068.41;32.37;78.45;75.76;2.79;10.678946078010;59.939324736314;274.52
10341.41;5648;5661;109999.06;1216068.56;32.37;78.64;75.74;2.76;10.678914006506;59.939326037201;274.58
10343.21;5649;5662;109997.26;1216068.70;32.38;78.64;75.71;2.74;10.678881936789;59.939327353488;274.63
10345.01;5650;5663;109995.47;1216068.85;32.38;78.30;75.68;2.72;10.678849868859;59.939328686987;274.69
10346.81;5651;5664;109993.78;1216068.99;32.39;78.51;75.64;2.70;10.678819584865;59.939329961603;274.75
10348.61;5652;5665;109991.88;1216069.15;32.39;78.68;75.61;2.76;10.678785741938;59.939331402905;274.80
10350.41;5653;5666;109990.09;1216069.30;32.40;78.63;75.58;2.83;10.678753682946;59.939332784418;274.86
10352.21;5654;5667;109988.30;1216069.45;32.40;78.59;75.51;2.92;10.678721625742;59.939334182237;274.92
10354.01;5655;5668;109986.50;1216069.61;32.41;78.73;75.45;3.02;10.678689572113;59.939335597269;274.98
10355.81;5656;5669;109984.81;1216069.76;32.41;78.61;75.43;3.07;10.678659302418;59.939336948886;275.04
10357.61;5657;5670;109982.92;1216069.93;32.42;78.70;75.42;3.11;10.678625473792;59.939338475345;275.09
10359.41;5658;5671;109981.12;1216070.09;32.42;78.70;75.42;3.13;10.678593429100;59.939339938389;275.15
10361.21;5659;5672;109979.33;1216070.25;32.43;78.72;75.41;3.14;10.678561386196;59.939341417741;275.21
10363.01;5660;5673;109977.54;1216070.42;32.44;78.86;75.39;3.18;10.678529346866;59.939342913398;275.26
10364.81;5661;5674;109975.85;1216070.58;32.44;79.02;75.36;3.23;10.678499089685;59.939344341112;275.32
10366.61;5662;5675;109973.95;1216070.75;32.45;79.01;75.33;3.29;10.678465277145;59.939345953632;275.38
10368.41;5663;5676;109972.16;1216070.92;32.45;79.10;75.33;3.33;10.678433246754;59.939347498208;275.44
10370.21;5664;5677;109970.37;1216071.10;32.46;79.22;75.35;3.40;10.678401219937;59.939349058185;275.49
10372.01;5665;5678;109968.58;1216071.27;32.46;79.17;75.36;3.47;10.678369194908;59.939350635375;275.55
10373.81;5666;5679;109966.89;1216071.44;32.47;79.29;75.37;3.55;10.678338952026;59.939352140091;275.61
10375.61;5667;5680;109965.00;1216071.62;32.47;79.36;75.37;3.62;10.678305155575;59.939353838673;275.66
10377.41;5668;5681;109963.21;1216071.80;32.48;79.40;75.41;3.59;10.678273141271;59.939355463875;275.72
10379.21;5669;5682;109961.41;1216071.98;32.48;79.45;75.46;3.54;10.678241128754;59.939357105384;275.78
10381.01;5670;5683;109959.62;1216072.17;32.49;79.52;75.50;3.50;10.678209121600;59.939358763199;275.84
10382.81;5671;5684;109957.93;1216072.34;32.49;79.53;75.55;3.45;10.678178894806;59.939360344012;275.89
10384.61;5672;5685;109956.04;1216072.54;32.50;79.66;75.57;3.45;10.678145114442;59.939362128655;275.95
10386.41;5673;5686;109954.25;1216072.73;32.50;79.70;75.62;3.50;10.678113116225;59.939363834483;276.00
10388.21;5674;5687;109952.46;1216072.92;32.51;79.69;75.66;3.57;10.678081121584;59.939365557524;276.07
10390.01;5675;5688;109950.67;1216073.11;32.51;79.82;75.71;3.63;10.678049130517;59.939367296871;276.12
10391.81;5676;5689;109948.98;1216073.29;32.52;79.87;75.75;3.69;10.678018918023;59.939368954687;276.18
10393.61;5677;5690;109947.09;1216073.50;32.53;79.82;75.79;3.77;10.677985157322;59.939370823579;276.23
10395.41;5678;5691;109945.31;1216073.70;32.53;80.07;75.89;3.79;10.677953175193;59.939372610940;276.29
10397.21;5679;5692;109943.52;1216073.90;32.54;80.00;75.97;3.83;10.677921198427;59.939374414606;276.35
10399.01;5680;5693;109941.73;1216074.10;32.54;79.91;76.02;3.90;10.677889225235;59.939376235485;276.41
10400.81;5681;5694;109939.94;1216074.30;32.55;80.21;76.07;3.93;10.677857253831;59.939378071765;276.47
10402.61;5682;5695;109938.15;1216074.50;32.55;80.19;76.10;3.90;10.677825287790;59.939379924351;276.52
10404.41;5683;5696;109936.36;1216074.71;32.56;80.08;76.17;3.83;10.677793323536;59.939381793243;276.58
10406.21;5684;5697;109934.57;1216074.92;32.56;80.37;76.23;3.77;10.677761364645;59.939383677536;276.64
10408.01;5685;5698;109932.79;1216075.13;32.57;80.34;76.26;3.74;10.677729409329;59.939385579041;276.70
10409.81;5686;5699;109931.00;1216075.34;32.57;80.28;76.29;3.79;10.677697457587;59.939387496853;276.75
10411.61;5687;5700;109929.21;1216075.55;32.58;80.55;76.31;3.85;10.677665509421;59.939389430065;276.81
10413.41;5688;5701;109927.42;1216075.77;32.58;80.50;76.34;3.92;10.677633564830;59.939391379583;276.87
10415.21;5689;5702;109925.64;1216075.98;32.59;80.51;76.35;4.00;10.677601625601;59.939393345408;276.92
10417.01;5690;5703;109923.85;1216076.20;32.59;80.70;76.32;4.15;10.677569688160;59.939395327539;276.98
10418.81;5691;5704;109922.07;1216076.42;32.60;80.66;76.30;4.28;10.677537756082;59.939397325976;277.04
10420.61;5692;5705;109920.28;1216076.65;32.60;80.76;76.29;4.40;10.677505827578;59.939399340720;277.10
10422.41;5693;5706;109918.49;1216076.87;32.61;80.88;76.29;4.52;10.677473902649;59.939401370864;277.15
10424.21;5694;5707;109916.71;1216077.10;32.61;80.93;76.29;4.62;10.677441983083;59.939403417315;277.21
10426.01;5695;5708;109914.92;1216077.32;32.62;81.03;76.28;4.71;10.677410065305;59.939405480978;277.27
10427.81;5696;5709;109913.14;1216077.55;32.63;81.14;76.27;4.73;10.677378152889;59.939407560041;277.33
10429.61;5697;5710;109911.35;1216077.79;32.63;81.23;76.26;4.75;10.677346245835;59.939409655411;277.38
10431.41;5698;5711;109909.57;1216078.02;32.64;81.30;76.18;4.89;10.677314340569;59.939411767087;277.44
10433.21;5699;5712;109907.78;1216078.25;32.64;81.41;76.05;5.19;10.677282440666;59.939413894164;277.50
10435.01;5700;5713;109906.00;1216078.49;32.65;81.54;75.98;5.35;10.677250544337;59.939416038453;277.56
10436.81;5701;5714;109904.21;1216078.73;32.65;81.66;76.03;5.41;10.677218653371;59.939418198143;277.61
10438.61;5702;5715;109902.43;1216078.97;32.66;81.69;76.11;5.43;10.677186765980;59.939420375044;277.67
10440.41;5703;5716;109900.65;1216079.21;32.66;81.84;76.21;5.45;10.677154883952;59.939422566441;277.72
10442.21;5704;5717;109898.86;1216079.45;32.67;81.93;76.25;5.51;10.677123005499;59.939424775049;277.78
10444.01;5705;5718;109897.08;1216079.70;32.67;82.06;76.24;5.63;10.677091130620;59.939426999964;277.84
10445.81;5706;5719;109895.30;1216079.95;32.68;82.13;76.22;5.75;10.677059261105;59.939429241185;277.90
10447.61;5707;5720;109893.51;1216080.20;32.68;82.23;76.42;5.58;10.677027395164;59.939431497807;277.95
10449.41;5708;5721;109891.73;1216080.45;32.69;82.37;76.62;5.38;10.676995534586;59.939433770735;278.01
10451.21;5709;5722;109889.95;1216080.70;32.69;82.52;76.83;5.17;10.676963677582;59.939436059970;278.07
10453.01;5710;5723;109888.17;1216080.95;32.70;82.64;76.93;5.07;10.676931825942;59.939438365511;278.13
10454.81;5711;5724;109886.39;1216081.21;32.70;82.68;77.18;4.82;10.676899979664;59.939440687358;278.19
10456.61;5712;5725;109884.60;1216081.47;32.71;82.86;77.39;4.63;10.676868135173;59.939443021888;278.23
10458.41;5713;5726;109882.82;1216081.73;32.72;82.96;77.57;4.62;10.676836292470;59.939445358230;278.24
10460.21;5714;5727;109881.04;1216081.98;32.72;83.10;77.74;4.63;10.676804449767;59.939447694572;278.24
10462.01;5715;5728;109879.26;1216082.24;32.73;83.16;77.83;4.73;10.676772607064;59.939450030914;278.24
10463.81;5716;5729;109877.48;1216082.50;32.73;83.30;78.02;4.68;10.676740762573;59.939452367256;278.24
10465.61;5717;5730;109875.70;1216082.76;32.74;83.43;78.24;4.47;10.676708919870;59.939454703598;278.24
10467.41;5718;5731;109873.92;1216083.02;32.74;83.58;78.36;4.36;10.676677077167;59.939457039940;278.24
10469.21;5719;5732;109872.13;1216083.27;32.75;83.66;78.42;4.30;10.676645234463;59.939459376282;278.24
10471.01;5720;5733;109870.35;1216083.53;32.76;83.83;78.55;4.24;10.676613391760;59.939461712624;278.24
10472.81;5721;5734;109868.57;1216083.79;32.77;83.96;78.67;4.17;10.676581549057;59.939464048965;278.24
10474.61;5722;5735;109866.79;1216084.05;32.78;84.13;78.81;4.10;10.676549706354;59.939466385307;278.24
10476.41;5723;5736;109865.01;1216084.31;32.79;84.19;78.92;4.05;10.676517863651;59.939468721649;278.24
10478.21;5724;5737;109863.23;1216084.56;32.80;84.34;78.94;4.15;10.676486020948;59.939471057991;278.24
10480.01;5725;5738;109861.45;1216084.82;32.82;84.52;78.98;4.02;10.676454180032;59.939473394333;278.24
10481.81;5726;5739;109859.66;1216085.08;32.84;84.68;79.02;3.98;10.676422337329;59.939475730675;278.24
10483.61;5727;5740;109857.88;1216085.34;32.86;84.75;79.06;3.94;10.676390496413;59.939478067017;278.24
10485.41;5728;5741;109856.10;1216085.59;32.88;84.92;79.11;4.03;10.676358655498;59.939480403359;278.24
10487.21;5729;5742;109854.32;1216085.85;32.90;85.07;79.13;4.25;10.676326814582;59.939482738795;278.23
10489.01;5730;5743;109852.54;1216086.11;32.92;85.29;79.18;4.40;10.676294973666;59.939485075137;278.24
10490.81;5731;5744;109850.76;1216086.37;32.95;85.34;79.23;4.53;10.676263134538;59.939487411478;278.24
10492.61;5732;5745;109848.98;1216086.63;32.98;85.57;79.28;4.66;10.676231295410;59.939489747820;278.24
10494.41;5733;5746;109847.20;1216086.88;33.01;85.86;79.31;4.82;10.676199456282;59.939492084162;278.24
10496.21;5734;5747;109845.41;1216087.14;33.04;86.03;79.34;4.86;10.676167617154;59.939494419598;278.24
10498.01;5735;5748;109843.63;1216087.40;33.07;86.08;79.37;4.63;10.676135779813;59.939496755940;278.24
10499.81;5736;5749;109841.85;1216087.66;33.10;86.20;79.43;4.57;10.676103942473;59.939499091376;278.24
10501.61;5737;5750;109840.07;1216087.92;33.14;86.21;79.48;4.52;10.676072105132;59.939501427718;278.24
10503.41;5738;5751;109838.29;1216088.17;33.18;86.36;79.50;5.00;10.676040267792;59.939503764060;278.24
10505.21;5739;5752;109836.51;1216088.43;33.22;86.50;79.56;5.57;10.676008432238;59.939506099496;278.24
10507.01;5740;5753;109834.73;1216088.69;33.26;86.61;79.61;6.02;10.675976596685;59.939508434932;278.24
10508.81;5741;5754;109832.95;1216088.95;33.30;86.70;79.66;6.42;10.675944762920;59.939510771274;278.24
10510.61;5742;5755;109831.17;1216089.20;33.34;86.45;79.69;6.90;10.675912929154;59.939513106710;278.24
10512.41;5743;5756;109829.39;1216089.46;33.39;85.79;79.74;7.32;10.675881095389;59.939515442146;278.24
10514.21;5744;5757;109827.60;1216089.72;33.43;86.32;79.79;7.53;10.675849261623;59.939517778488;278.24
10516.01;5745;5758;109825.82;1216089.98;33.48;85.61;79.85;7.75;10.675817429645;59.939520113923;278.24
10517.81;5746;5759;109824.14;1216090.22;33.52;85.66;79.88;7.99;10.675787363727;59.939522319814;278.24
10519.61;5747;5760;109822.26;1216090.49;33.57;85.77;79.89;8.05;10.675753762114;59.939524784795;278.24
10521.41;5748;5761;109820.48;1216090.75;33.61;85.81;79.93;7.64;10.675721928348;59.939527121137;278.24
10523.21;5749;5762;109818.70;1216091.01;33.66;85.87;79.98;7.86;10.675690096370;59.939529456573;278.24
10525.01;5750;5763;109816.92;1216091.26;33.70;85.93;80.03;7.97;10.675658251879;59.939531751243;278.09
10526.81;5751;5764;109815.23;1216091.48;33.74;85.96;80.05;7.95;10.675628126973;59.939533739716;277.42
10528.61;5752;5765;109813.35;1216091.73;33.79;86.00;80.10;7.90;10.675594455647;59.939535947418;277.37
10530.41;5753;5766;109811.56;1216091.96;33.84;86.25;80.15;7.85;10.675562552169;59.939538021952;277.31
10532.21;5754;5767;109809.78;1216092.18;33.88;86.34;80.21;7.79;10.675530645116;59.939540080180;277.25
10534.01;5755;5768;109807.99;1216092.41;33.93;86.46;80.26;7.74;10.675498732699;59.939542122101;277.20
10535.81;5756;5769;109806.31;1216092.62;33.97;86.56;80.28;7.62;10.675468589918;59.939544035383;277.14
10537.61;5757;5770;109804.42;1216092.85;34.01;86.51;80.33;7.43;10.675434897142;59.939546157024;277.08
10539.41;5758;5771;109802.64;1216093.07;34.06;86.74;80.36;7.24;10.675402974001;59.939548150932;277.03
10541.21;5759;5772;109800.85;1216093.29;34.10;86.79;80.40;7.02;10.675371045498;59.939550128534;276.97
10543.01;5760;5773;109799.06;1216093.51;34.15;86.78;80.44;6.81;10.675339115207;59.939552089829;276.91
10544.81;5761;5774;109797.38;1216093.71;34.19;86.88;80.46;6.60;10.675308952763;59.939553927014;276.85
10546.61;5762;5775;109795.49;1216093.94;34.24;86.80;80.49;6.48;10.675275240324;59.939555963500;276.80
10548.41;5763;5776;109793.70;1216094.15;34.28;86.79;80.53;6.29;10.675243297520;59.939557875876;276.74
10550.21;5764;5777;109791.92;1216094.36;34.33;86.83;80.55;6.10;10.675211351142;59.939559772851;276.68
10552.01;5765;5778;109790.13;1216094.56;34.37;86.78;80.56;5.92;10.675179399401;59.939561652615;276.62
10553.81;5766;5779;109788.44;1216094.76;34.42;86.25;80.58;5.72;10.675149220869;59.939563413704;276.57
10555.61;5767;5780;109786.55;1216094.97;34.46;86.12;80.60;5.54;10.675115488768;59.939565364128;276.51
10557.41;5768;5781;109784.77;1216095.18;34.51;86.10;80.61;5.39;10.675083526302;59.939567196784;276.45
10559.21;5769;5782;109782.98;1216095.38;34.55;86.07;80.62;5.38;10.675051562048;59.939569012228;276.39
10561.01;5770;5783;109781.19;1216095.57;34.60;86.11;80.63;5.37;10.675019592432;59.939570811365;276.34
10562.81;5771;5784;109779.40;1216095.77;34.64;86.09;80.64;5.18;10.674987621028;59.939572594196;276.28
10564.61;5772;5785;109777.61;1216095.97;34.69;86.09;80.65;4.98;10.674955644261;59.939574360720;276.22
10566.41;5773;5786;109775.82;1216096.16;34.73;86.10;80.66;4.87;10.674923665707;59.939576111844;276.17
10568.21;5774;5787;109774.03;1216096.35;34.78;86.11;80.66;4.77;10.674891683578;59.939577846662;276.11
10570.01;5775;5788;109772.24;1216096.54;34.82;86.09;80.67;4.83;10.674859697874;59.939579564267;276.05
10571.81;5776;5789;109770.45;1216096.73;34.87;86.07;80.68;4.96;10.674827708596;59.939581266472;275.99
10573.61;5777;5790;109768.67;1216096.91;34.91;86.06;80.70;5.11;10.674795715742;59.939582952371;275.94
10575.41;5778;5791;109766.88;1216097.10;34.96;86.05;80.71;5.23;10.674763719313;59.939584621963;275.88
10577.21;5779;5792;109765.08;1216097.28;35.00;86.06;80.71;5.29;10.674731721096;59.939586276154;275.82
10579.01;5780;5793;109763.29;1216097.46;35.05;86.11;80.69;5.31;10.674699717517;59.939587913134;275.76
10580.81;5781;5794;109761.50;1216097.64;35.09;86.17;80.68;5.32;10.674667712150;59.939589533807;275.71
10582.61;5782;5795;109759.71;1216097.82;35.14;85.91;80.68;4.99;10.674635703209;59.939591139079;275.65
10584.41;5783;5796;109757.92;1216097.99;35.18;85.87;80.69;3.67;10.674603690692;59.939592727140;275.59
10586.21;5784;5797;109756.13;1216098.17;35.23;85.41;80.69;2.31;10.674571676388;59.939594299799;275.54
10588.01;5785;5798;109754.34;1216098.34;35.27;84.35;80.71;1.07;10.674539658509;59.939595856153;275.48
10589.81;5786;5799;109752.55;1216098.51;35.32;83.13;80.73;0.80;10.674507637055;59.939597395294;275.42
10591.61;5787;5800;109750.76;1216098.68;35.36;83.17;80.75;0.94;10.674475612026;59.939598919034;275.36
10593.41;5788;5801;109748.97;1216098.84;35.41;83.14;80.77;1.47;10.674443585209;59.939600427375;275.31
10595.21;5789;5802;109747.17;1216099.01;35.45;83.19;80.77;2.01;10.674411554817;59.939601918502;275.25
10597.01;5790;5803;109745.38;1216099.17;35.50;83.32;80.76;2.55;10.674379520851;59.939603393324;275.19
10598.81;5791;5804;109743.59;1216099.33;35.54;83.57;80.83;3.34;10.674347485096;59.939604851839;275.13
10600.61;5792;5805;109741.80;1216099.49;35.59;83.63;80.89;4.03;10.674315445767;59.939606294954;275.08
10602.41;5793;5806;109740.00;1216099.65;35.63;83.63;80.93;3.79;10.674283404650;59.939607720856;275.02
10604.21;5794;5807;109738.21;1216099.80;35.68;83.62;80.99;3.13;10.674251359959;59.939609131358;274.96
10606.01;5795;5808;109736.42;1216099.96;35.72;83.61;81.06;2.54;10.674219311692;59.939610524647;274.90
10607.81;5796;5809;109734.63;1216100.11;35.77;83.60;81.13;1.98;10.674187261638;59.939611902537;274.85
10609.61;5797;5810;109732.83;1216100.26;35.81;83.58;81.22;1.78;10.674155209796;59.939613264119;274.79
10611.41;5798;5811;109731.04;1216100.41;35.86;83.54;81.26;1.60;10.674123154379;59.939614609396;274.73
10613.21;5799;5812;109729.25;1216100.56;35.90;83.32;81.35;1.33;10.674091095387;59.939615938366;274.68
10615.01;5800;5813;109727.45;1216100.70;35.95;81.45;81.44;1.05;10.674059034608;59.939617251029;274.62
10616.81;5801;5814;109725.66;1216100.84;35.99;81.27;81.52;0.80;10.674026972041;59.939618547386;274.56
10618.61;5802;5815;109723.86;1216100.99;36.04;81.25;81.61;0.57;10.673994905899;59.939619827437;274.50
10620.41;5803;5816;109722.07;1216101.12;36.08;81.24;81.65;0.34;10.673962837970;59.939621091182;274.45
10622.21;5804;5817;109720.28;1216101.26;36.13;81.20;81.75;0.22;10.673930766465;59.939622339526;274.39
10624.01;5805;5818;109718.48;1216101.40;36.17;81.20;81.84;0.09;10.673898693173;59.939623570657;274.33
10625.81;5806;5819;109716.69;1216101.53;36.22;80.69;81.89;0.00;10.673866618094;59.939624785483;274.27
10627.61;5807;5820;109714.89;1216101.67;36.26;79.95;81.85;0.00;10.673834539439;59.939625984002;274.22
10629.41;5808;5821;109713.10;1216101.80;36.31;80.50;81.83;0.00;10.673802460785;59.939627167120;274.16
10631.21;5809;5822;109711.30;1216101.92;36.35;80.85;81.83;0.00;10.673770376768;59.939628333932;274.10
10633.01;5810;5823;109709.51;1216102.05;36.40;80.87;81.62;0.00;10.673738292751;59.939629483532;274.04
10634.81;5811;5824;109707.71;1216102.18;36.44;80.98;81.28;0.00;10.673706205159;59.939630617731;273.99
10636.61;5812;5825;109705.92;1216102.30;36.49;81.87;80.95;0.00;10.673674115779;59.939631735624;273.93
10638.41;5813;5826;109704.12;1216102.42;36.53;82.89;80.61;0.00;10.673642024612;59.939632837211;273.87
10640.21;5814;5827;109702.33;1216102.54;36.58;83.72;80.30;0.00;10.673609929870;59.939633922491;273.82
10642.01;5815;5828;109700.53;1216102.66;36.62;84.07;80.00;0.00;10.673577833341;59.939634990559;273.76
10643.81;5816;5829;109698.74;1216102.78;36.67;84.50;80.10;0.00;10.673545736811;59.939636043226;273.70
10645.61;5817;5830;109696.94;1216102.89;36.71;84.88;80.40;0.00;10.673513636707;59.939637079587;273.65
10647.41;5818;5831;109695.14;1216103.00;36.76;85.12;80.90;0.00;10.673481534815;59.939638099642;273.59
10649.21;5819;5832;109693.35;1216103.11;36.80;85.38;80.63;0.62;10.673449429347;59.939639104296;273.53
10651.01;5820;5833;109691.55;1216103.22;36.85;85.95;80.30;1.31;10.673417323880;59.939640090832;273.47
10652.81;5821;5834;109689.76;1216103.33;36.89;86.66;79.96;2.12;10.673385216626;59.939641061968;273.42
10654.61;5822;5835;109687.96;1216103.43;36.94;86.85;79.78;2.95;10.673353105796;59.939642017703;273.36
10656.41;5823;5836;109686.16;1216103.54;36.98;87.13;79.43;3.96;10.673320994966;59.939642956225;273.30
10658.21;5824;5837;109684.37;1216103.64;37.03;87.26;79.58;4.44;10.673288880562;59.939643879348;273.25
10660.01;5825;5838;109682.57;1216103.74;37.07;87.55;79.94;4.54;10.673256764370;59.939644785258;273.19
10661.81;5826;5839;109680.77;1216103.84;37.12;88.25;80.29;4.60;10.673224648177;59.939645674861;273.13
10663.61;5827;5840;109678.98;1216103.94;37.16;88.50;80.47;4.68;10.673192528410;59.939646548159;273.07
10665.41;5828;5841;109677.18;1216104.03;37.21;88.68;80.86;4.58;10.673160408643;59.939647406055;273.02
10667.21;5829;5842;109675.38;1216104.12;37.25;88.74;81.28;4.52;10.673128285301;59.939648247646;272.96
10669.01;5830;5843;109673.59;1216104.21;37.30;88.89;81.95;4.21;10.673096161959;59.939649072024;272.90
10670.81;5831;5844;109671.79;1216104.30;37.34;88.66;82.67;3.78;10.673064036829;59.939649880096;272.84
10672.61;5832;5845;109669.99;1216104.39;37.39;88.55;82.99;3.78;10.673031909912;59.939650672767;272.79
10674.41;5833;5846;109668.19;1216104.48;37.43;88.49;83.70;3.42;10.672999781207;59.939651449132;272.73
10676.21;5834;5847;109666.40;1216104.56;37.48;88.62;84.29;3.18;10.672967650715;59.939652209190;272.67
10678.01;5835;5848;109664.60;1216104.64;37.52;88.80;84.91;2.88;10.672935518435;59.939652952036;272.61
10679.81;5836;5849;109662.80;1216104.72;37.57;89.09;85.66;2.46;10.672903386155;59.939653678576;272.55
10681.61;5837;5850;109661.00;1216104.80;37.61;89.26;85.79;2.54;10.672871252088;59.939654389716;272.50
10683.41;5838;5851;109659.21;1216104.88;37.66;89.39;85.99;2.49;10.672839114446;59.939655084548;272.44
10685.21;5839;5852;109657.41;1216104.95;37.70;89.31;86.19;2.46;10.672806978591;59.939655763075;272.39
10687.01;5840;5853;109655.61;1216105.03;37.75;89.42;86.39;2.41;10.672774839161;59.939656425295;272.33
10688.81;5841;5854;109653.81;1216105.10;37.79;89.52;86.58;2.38;10.672742699731;59.939657070303;272.27
10690.61;5842;5855;109652.01;1216105.17;37.84;89.70;86.69;2.41;10.672710558514;59.939657699911;272.21
10692.41;5843;5856;109650.22;1216105.23;37.88;89.82;86.88;2.33;10.672678415509;59.939658313212;272.16
10694.21;5844;5857;109648.42;1216105.30;37.93;89.98;87.08;2.24;10.672646272504;59.939658911112;272.10
10696.01;5845;5858;109646.62;1216105.36;37.97;90.16;87.28;2.17;10.672614127712;59.939659490895;272.04
10697.81;5846;5859;109644.82;1216105.43;38.02;90.59;87.49;2.09;10.672581981132;59.939660055277;271.98
10699.61;5847;5860;109643.02;1216105.49;38.06;90.80;87.61;2.10;10.672549834552;59.939660603352;271.93
10701.41;5848;5861;109641.22;1216105.55;38.11;91.33;87.83;2.00;10.672517686185;59.939661135121;271.87
10703.21;5849;5862;109639.43;1216105.60;38.15;92.01;88.07;1.90;10.672485537818;59.939661650584;271.81
10705.01;5850;5863;109637.63;1216105.66;38.20;92.99;88.29;1.94;10.672453387663;59.939662149741;271.75
10706.81;5851;5864;109635.83;1216105.71;38.24;94.04;88.52;2.02;10.672421237508;59.939662632591;271.70
10708.61;5852;5865;109634.03;1216105.76;38.28;94.39;88.63;2.21;10.672389085565;59.939663099134;271.64
10710.41;5853;5866;109632.23;1216105.81;38.33;94.78;88.87;2.38;10.672356931836;59.939663550277;271.59
10712.21;5854;5867;109630.43;1216105.86;38.37;94.77;89.09;2.71;10.672324778106;59.939663984208;271.53
10714.01;5855;5868;109628.63;1216105.91;38.42;94.39;89.32;2.93;10.672292624376;59.939664401833;271.47
10715.81;5856;5869;109626.83;1216105.95;38.46;93.54;89.56;3.01;10.672260468858;59.939664803151;271.41
10717.61;5857;5870;109625.03;1216105.99;38.51;93.12;89.67;3.13;10.672228311554;59.939665188163;271.35
10719.41;5858;5871;109623.24;1216106.03;38.55;92.93;89.91;3.11;10.672196154249;59.939665556868;271.30
10721.21;5859;5872;109621.44;1216106.07;38.60;93.67;90.15;3.12;10.672163996944;59.939665910173;271.24
10723.01;5860;5873;109619.64;1216106.11;38.64;94.39;90.39;2.91;10.672131839639;59.939666246266;271.18
10724.81;5861;5874;109617.84;1216106.14;38.69;94.75;90.63;2.52;10.672099680546;59.939666566052;271.12
10726.61;5862;5875;109616.04;1216106.18;38.73;94.79;90.74;2.26;10.672067521454;59.939666869532;271.07
10728.41;5863;5876;109614.24;1216106.21;38.78;94.88;90.97;2.03;10.672035360574;59.939667156705;271.01
10730.21;5864;5877;109612.44;1216106.24;38.82;94.98;91.21;1.79;10.672003199694;59.939667428478;270.96
10732.01;5865;5878;109610.64;1216106.27;38.87;95.12;91.44;2.00;10.671971038814;59.939667683039;270.89
10733.81;5866;5879;109608.84;1216106.29;38.91;95.30;91.68;2.31;10.671938876147;59.939667921293;270.84
10735.61;5867;5880;109607.04;1216106.32;38.96;95.41;91.80;2.40;10.671906715267;59.939668143241;270.78
10737.41;5868;5881;109605.24;1216106.34;39.00;95.62;92.04;2.36;10.671874552599;59.939668349789;270.73
10739.21;5869;5882;109603.44;1216106.36;39.05;95.84;92.24;2.37;10.671842389932;59.939668540030;270.67
10741.01;5870;5883;109601.65;1216106.38;39.09;96.14;92.44;2.38;10.671810225477;59.939668713059;270.61
10742.81;5871;5884;109599.85;1216106.40;39.14;96.37;92.64;2.39;10.671778062810;59.939668869781;270.55
10744.61;5872;5885;109598.05;1216106.41;39.18;96.49;92.74;2.49;10.671745898355;59.939669010197;270.49
10746.41;5873;5886;109596.25;1216106.43;39.23;96.59;92.94;2.50;10.671713733900;59.939669135213;270.44
10748.21;5874;5887;109594.45;1216106.44;39.27;96.60;93.14;2.51;10.671681569445;59.939669243016;270.38
10750.01;5875;5888;109592.65;1216106.45;39.32;96.96;93.32;2.53;10.671649404990;59.939669334513;270.32
10751.81;5876;5889;109590.85;1216106.46;39.36;97.33;93.51;2.55;10.671617240535;59.939669410609;270.27
10753.61;5877;5890;109589.05;1216106.47;39.41;98.26;93.61;2.66;10.671585076080;59.939669469493;270.21
10755.41;5878;5891;109587.25;1216106.47;39.45;99.74;93.79;2.68;10.671552909838;59.939669512977;270.15
10757.21;5879;5892;109585.45;1216106.47;39.50;100.59;93.97;2.70;10.671520745383;59.939669540154;270.10
10759.01;5880;5893;109583.65;1216106.47;39.54;101.71;94.14;2.74;10.671488579140;59.939669550119;270.04
10760.81;5881;5894;109581.85;1216106.47;39.59;101.95;94.31;3.04;10.671456414685;59.939669543778;269.98
10762.61;5882;5895;109580.05;1216106.47;39.63;102.66;94.39;3.94;10.671424250230;59.939669522036;269.92
10764.41;5883;5896;109578.25;1216106.47;39.68;104.01;94.58;5.01;10.671392083988;59.939669483082;269.86
10766.21;5884;5897;109576.45;1216106.46;39.72;104.92;94.77;5.65;10.671359919533;59.939669428727;269.81
10768.01;5885;5898;109574.65;1216106.45;39.77;105.01;94.95;6.13;10.671327755078;59.939669357161;269.75
10769.81;5886;5899;109572.85;1216106.44;39.81;105.08;95.14;6.76;10.671295590623;59.939669270193;269.69
10771.61;5887;5900;109571.06;1216106.43;39.86;105.49;95.24;7.79;10.671263426168;59.939669166014;269.63
10773.41;5888;5901;109569.26;1216106.42;39.90;105.74;95.43;8.80;10.671231261713;59.939669046433;269.58
10775.21;5889;5902;109567.46;1216106.40;39.95;105.88;95.61;9.43;10.671199097258;59.939668910547;269.52
10777.01;5890;5903;109565.66;1216106.39;39.99;105.97;95.80;9.39;10.671166932803;59.939668757448;269.46
10778.81;5891;5904;109563.86;1216106.37;40.04;105.98;95.98;9.36;10.671134770136;59.939668588043;269.40
10780.61;5892;5905;109562.06;1216106.35;40.08;106.23;96.07;9.43;10.671102607468;59.939668403237;269.35
10782.41;5893;5906;109560.26;1216106.33;40.13;106.66;96.25;9.40;10.671070444801;59.939668202125;269.29
10784.21;5894;5907;109558.46;1216106.30;40.17;106.95;96.43;9.37;10.671038282134;59.939667984707;269.24
10786.01;5895;5908;109556.66;1216106.28;40.22;107.10;96.63;9.31;10.671006119466;59.939667750076;269.18
10787.81;5896;5909;109554.86;1216106.25;40.26;107.18;96.84;9.32;10.670973958586;59.939667500045;269.12
10789.61;5897;5910;109553.06;1216106.22;40.31;107.31;96.94;9.59;10.670941797706;59.939667232802;269.06
10791.41;5898;5911;109551.26;1216106.19;40.35;108.08;97.14;9.76;10.670909638614;59.939666950158;269.01
10793.21;5899;5912;109549.46;1216106.15;40.40;109.86;97.35;9.93;10.670877477734;59.939666651207;268.95
10795.01;5900;5913;109547.67;1216106.12;40.44;109.94;97.56;10.10;10.670845318642;59.939666335045;268.89
10796.81;5901;5914;109545.87;1216106.08;40.49;109.95;97.76;10.27;10.670813161337;59.939666003482;268.83
10798.61;5902;5915;109544.07;1216106.04;40.53;110.03;97.86;10.55;10.670781002244;59.939665655612;268.78
10800.41;5903;5916;109542.27;1216106.00;40.58;110.06;98.06;10.73;10.670748844939;59.939665291436;268.72
10802.21;5904;5917;109540.47;1216105.96;40.62;110.04;98.24;10.90;10.670716689422;59.939664910954;268.66
10804.01;5905;5918;109538.67;1216105.92;40.67;110.04;98.44;11.00;10.670684533905;59.939664513260;268.60
10805.81;5906;5919;109536.87;1216105.87;40.71;109.95;98.65;11.02;10.670652378387;59.939664100165;268.55
10807.61;5907;5920;109535.07;1216105.83;40.76;109.98;98.76;10.98;10.670620224657;59.939663670763;268.49
10809.41;5908;5921;109533.27;1216105.78;40.80;109.91;98.98;10.78;10.670588070927;59.939663225056;268.43
10811.21;5909;5922;109531.47;1216105.72;40.85;109.90;99.21;10.61;10.670555918985;59.939662763042;268.38
10813.01;5910;5923;109529.68;1216105.67;40.89;109.96;99.43;10.46;10.670523768830;59.939662283815;268.32
10814.81;5911;5924;109527.88;1216105.62;40.94;109.99;99.65;10.22;10.670491618675;59.939661789188;268.26
10816.61;5912;5925;109526.08;1216105.56;40.98;109.74;99.76;10.13;10.670459468520;59.939661278255;268.20
10818.41;5913;5926;109524.28;1216105.50;41.03;109.60;99.98;9.96;10.670427320153;59.939660751921;268.15
10820.21;5914;5927;109522.48;1216105.44;41.07;109.51;100.19;9.74;10.670395173573;59.939660207470;268.09
10822.01;5915;5928;109520.68;1216105.38;41.12;109.40;100.40;9.51;10.670363026993;59.939659647617;268.03
10823.81;5916;5929;109518.89;1216105.32;41.16;109.37;100.61;9.28;10.670330882201;59.939659071458;267.97
10825.61;5917;5930;109517.09;1216105.25;41.21;109.36;100.72;9.15;10.670298737409;59.939658478993;267.92
10827.41;5918;5931;109515.29;1216105.18;41.25;109.32;100.97;8.89;10.670266594404;59.939657871128;267.86
10829.21;5919;5932;109513.49;1216105.12;41.30;109.28;101.25;8.58;10.670234453187;59.939657246050;267.80
10831.01;5920;5933;109511.69;1216105.05;41.34;109.67;101.51;8.36;10.670202313757;59.939656603760;267.74
10832.81;5921;5934;109509.89;1216104.97;41.39;109.91;101.78;8.13;10.670170174327;59.939655946069;267.69
10834.61;5922;5935;109508.10;1216104.90;41.43;110.17;101.93;8.04;10.670138036685;59.939655272978;267.63
10836.41;5923;5936;109506.30;1216104.82;41.48;110.24;102.20;7.80;10.670105900830;59.939654582674;267.57
10838.21;5924;5937;109504.50;1216104.74;41.52;110.28;102.44;7.57;10.670073764975;59.939653876065;267.52
10840.01;5925;5938;109502.70;1216104.66;41.57;110.42;102.65;7.35;10.670041632695;59.939653153148;267.46
10841.81;5926;5939;109500.91;1216104.58;41.61;110.43;102.85;7.15;10.670009500416;59.939652413926;267.40
10843.61;5927;5940;109499.11;1216104.50;41.66;110.51;102.95;7.05;10.669977369923;59.939651659303;267.35
10845.41;5928;5941;109497.31;1216104.41;41.70;110.52;103.16;6.97;10.669945239431;59.939650887467;267.29
10847.21;5929;5942;109495.51;1216104.33;41.75;110.47;103.40;6.87;10.669913112514;59.939650100232;267.23
10849.01;5930;5943;109493.72;1216104.24;41.79;110.58;103.67;6.69;10.669880987384;59.939649295784;267.17
10850.81;5931;5944;109491.92;1216104.15;41.84;110.67;103.94;6.51;10.669848862254;59.939648475029;267.11
10852.61;5932;5945;109490.12;1216104.06;41.88;110.83;104.07;6.46;10.669816738912;59.939647638874;267.06
10854.41;5933;5946;109488.33;1216103.96;41.93;111.00;104.34;6.28;10.669784619145;59.939646786413;267.00
10856.21;5934;5947;109486.53;1216103.87;41.97;111.15;104.61;6.14;10.669752499378;59.939645916739;266.94
10858.01;5935;5948;109484.73;1216103.77;42.02;111.35;104.84;6.02;10.669720381398;59.939645030759;266.88
10859.81;5936;5949;109482.94;1216103.67;42.06;111.43;104.93;6.00;10.669688265206;59.939644129379;266.83
10861.61;5937;5950;109481.14;1216103.57;42.11;111.57;105.11;5.91;10.669656150801;59.939643211692;266.77
10863.41;5938;5951;109479.34;1216103.46;42.15;111.79;105.29;5.88;10.669624039972;59.939642277699;266.72
10865.21;5939;5952;109477.55;1216103.36;42.20;112.12;105.48;5.86;10.669591929142;59.939641326493;266.65
10867.01;5940;5953;109475.75;1216103.25;42.24;112.26;105.70;5.80;10.669559820100;59.939640359887;266.60
10868.81;5941;5954;109473.95;1216103.14;42.29;112.24;105.82;5.83;10.669527712845;59.939639376975;266.54
10870.61;5942;5955;109472.16;1216103.03;42.33;112.43;106.05;5.74;10.669495609166;59.939638376850;266.48
10872.41;5943;5956;109470.36;1216102.92;42.38;112.82;106.29;5.68;10.669463505486;59.939637362231;266.43
10874.21;5944;5957;109468.57;1216102.81;42.42;112.94;106.51;5.66;10.669431405382;59.939636330400;266.37
10876.01;5945;5958;109466.77;1216102.69;42.46;113.05;106.74;5.64;10.669399307065;59.939635281356;266.31
10877.81;5946;5959;109464.97;1216102.57;42.51;113.17;106.86;5.74;10.669367210535;59.939634216912;266.26
10879.61;5947;5960;109463.18;1216102.45;42.55;113.53;107.04;5.80;10.669335115793;59.939633136161;266.20
10881.41;5948;5961;109461.38;1216102.33;42.60;113.59;107.21;5.79;10.669303024626;59.939632040010;266.14
10883.21;5949;5962;109459.59;1216102.21;42.64;113.65;107.37;5.63;10.669270933459;59.939630926647;266.08
10885.01;5950;5963;109457.79;1216102.09;42.69;113.64;107.54;5.71;10.669238845867;59.939629796977;266.03
10886.81;5951;5964;109456.00;1216101.96;42.73;113.64;107.62;5.87;10.669206760062;59.939628651001;265.97
10888.61;5952;5965;109454.20;1216101.83;42.78;114.16;107.78;5.86;10.669174677833;59.939627489624;265.91
10890.41;5953;5966;109452.41;1216101.70;42.82;114.75;107.94;5.75;10.669142595603;59.939626311941;265.86
10892.21;5954;5967;109450.61;1216101.57;42.87;115.21;108.07;5.67;10.669110516949;59.939625117046;265.80
10894.01;5955;5968;109448.82;1216101.44;42.91;115.88;108.20;5.65;10.669078441869;59.939623905844;265.74
10895.81;5956;5969;109447.02;1216101.30;42.96;116.02;108.26;5.80;10.669046366790;59.939622679242;265.68
10897.61;5957;5970;109445.23;1216101.16;43.00;115.66;108.39;6.20;10.669014295286;59.939621435427;265.62
10899.41;5958;5971;109443.44;1216101.02;43.05;115.58;108.52;6.54;10.668982227356;59.939620176213;265.57
10901.21;5959;5972;109441.64;1216100.88;43.09;115.62;108.66;6.52;10.668950159427;59.939618900691;265.51
10903.01;5960;5973;109439.85;1216100.74;43.14;115.67;108.78;6.50;10.668918096860;59.939617608864;265.45
10904.81;5961;5974;109438.06;1216100.60;43.18;115.71;108.85;6.54;10.668886034293;59.939616300730;265.40
10906.61;5962;5975;109436.26;1216100.45;43.23;115.85;108.95;6.54;10.668853975301;59.939614976289;265.34
10908.41;5963;5976;109434.47;1216100.30;43.27;116.08;109.05;6.53;10.668821919884;59.939613635542;265.28
10910.21;5964;5977;109432.68;1216100.15;43.32;116.11;109.15;6.55;10.668789866255;59.939612278489;265.22
10912.01;5965;5978;109430.88;1216100.00;43.36;116.11;109.26;6.51;10.668757816201;59.939610905130;265.17
10913.81;5966;5979;109429.09;1216099.85;43.41;116.18;109.31;6.59;10.668725767934;59.939609515464;265.11
10915.61;5967;5980;109427.30;1216099.69;43.45;116.36;109.42;6.57;10.668693721455;59.939608110397;265.06
10917.41;5968;5981;109425.50;1216099.54;43.50;116.30;109.52;6.48;10.668661678550;59.939606693554;265.01
10919.21;5969;5982;109423.71;1216099.38;43.54;116.69;109.67;6.33;10.668629635646;59.939605275805;265.01
10921.01;5970;5983;109421.92;1216099.22;43.59;116.54;109.84;6.29;10.668597592742;59.939603858962;265.01
10922.81;5971;5984;109420.13;1216099.07;43.63;116.51;109.91;6.40;10.668565548050;59.939602441212;265.01
10924.61;5972;5985;109418.33;1216098.91;43.68;116.65;110.02;6.47;10.668533505146;59.939601023463;265.01
10926.41;5973;5986;109416.54;1216098.75;43.72;117.01;110.13;6.52;10.668501462242;59.939599605714;265.01
10928.21;5974;5987;109414.75;1216098.60;43.77;117.04;110.24;6.51;10.668469419337;59.939598188871;265.01
10930.01;5975;5988;109412.96;1216098.44;43.81;117.10;110.35;6.45;10.668437374646;59.939596771122;265.01
10931.81;5976;5989;109411.16;1216098.28;43.86;117.25;110.40;6.46;10.668405331741;59.939595353373;265.01
10933.61;5977;5990;109409.37;1216098.13;43.90;117.34;110.51;6.42;10.668373288837;59.939593935623;265.01
10935.41;5978;5991;109407.58;1216097.97;43.95;117.59;110.63;6.37;10.668341245933;59.939592518780;265.01
10937.21;5979;5992;109405.79;1216097.81;43.99;117.97;110.74;6.27;10.668309203029;59.939591101031;265.01
10939.01;5980;5993;109403.99;1216097.66;44.04;118.44;110.83;6.28;10.668277158337;59.939589683282;265.01
10940.81;5981;5994;109402.20;1216097.50;44.08;118.87;111.01;6.25;10.668245115433;59.939588265533;265.01
10942.61;5982;5995;109400.41;1216097.35;44.13;119.30;111.20;6.23;10.668213072528;59.939586848690;265.01
10944.41;5983;5996;109398.61;1216097.19;44.17;119.35;111.39;6.30;10.668181029624;59.939585430940;265.01
10946.21;5984;5997;109396.82;1216097.03;44.22;119.41;111.58;6.38;10.668148984932;59.939584013191;265.01
10948.01;5985;5998;109395.03;1216096.88;44.26;119.48;111.67;6.72;10.668116942028;59.939582595442;265.01
10949.81;5986;5999;109393.24;1216096.72;44.31;119.52;111.83;7.10;10.668084899124;59.939581178599;265.01
10951.61;5987;6000;109391.44;1216096.56;44.35;119.76;111.96;7.05;10.668052856219;59.939579760850;265.01
10953.41;5988;6001;109389.65;1216096.41;44.40;120.39;112.07;7.10;10.668020813315;59.939578343101;265.01
10955.21;5989;6002;109387.86;1216096.25;44.44;120.50;112.19;7.21;10.667988768623;59.939576925351;265.01
10957.01;5990;6003;109386.07;1216096.09;44.49;120.63;112.26;7.38;10.667956725719;59.939575508508;265.01
10958.81;5991;6004;109384.27;1216095.94;44.53;120.78;112.40;7.47;10.667924682815;59.939574090759;265.01
10960.61;5992;6005;109382.48;1216095.78;44.58;121.07;112.58;7.49;10.667892639911;59.939572673010;265.01
10962.41;5993;6006;109380.69;1216095.62;44.62;121.27;112.76;7.56;10.667860595219;59.939571255261;265.01
10964.21;5994;6007;109378.90;1216095.47;44.67;121.28;112.94;7.60;10.667828552315;59.939569838417;265.01
10966.01;5995;6008;109377.10;1216095.31;44.71;121.35;113.04;7.74;10.667796509410;59.939568420668;265.01
10967.81;5996;6009;109375.31;1216095.15;44.76;121.43;113.21;7.75;10.667764466506;59.939567002919;265.01
10969.61;5997;6010;109373.52;1216095.00;44.80;121.41;113.39;7.61;10.667732423602;59.939565585170;265.01
10971.41;5998;6011;109371.73;1216094.84;44.85;121.57;113.57;7.43;10.667700378910;59.939564168327;265.01
10973.21;5999;6012;109369.93;1216094.68;44.89;121.48;113.76;7.24;10.667668336006;59.939562750578;265.01
10975.01;6000;6013;109368.14;1216094.53;44.94;121.32;113.85;7.15;10.667636293102;59.939561332828;265.01
10976.81;6001;6014;109366.35;1216094.37;44.98;121.48;114.03;6.97;10.667604250197;59.939559915079;265.01
10978.61;6002;6015;109364.55;1216094.22;45.03;121.09;114.19;6.81;10.667572205506;59.939558498236;265.01
10980.41;6003;6016;109362.76;1216094.06;45.07;120.28;114.38;6.63;10.667540162601;59.939557080487;265.01
10982.21;6004;6017;109360.97;1216093.90;45.12;120.09;114.55;6.45;10.667508119697;59.939555662738;265.01
10984.01;6005;6018;109359.18;1216093.75;45.16;120.03;114.65;6.34;10.667476076793;59.939554244989;265.01
10985.81;6006;6019;109357.38;1216093.59;45.21;120.03;114.82;6.18;10.667444032101;59.939552828145;265.01
10987.61;6007;6020;109355.59;1216093.43;45.25;120.05;115.01;5.71;10.667411989197;59.939551410396;265.01
10989.41;6008;6021;109353.80;1216093.28;45.30;120.08;115.18;5.58;10.667379946292;59.939549992647;265.01
10991.21;6009;6022;109352.01;1216093.12;45.34;120.09;115.28;5.38;10.667347903388;59.939548574898;265.01
10993.01;6010;6023;109350.21;1216092.96;45.39;120.11;115.46;5.08;10.667315860484;59.939547158055;265.01
10994.81;6011;6024;109348.42;1216092.81;45.43;120.10;115.64;4.87;10.667283815792;59.939545740306;265.01
10996.61;6012;6025;109346.63;1216092.65;45.48;120.13;115.78;4.79;10.667251772888;59.939544322556;265.01
10998.41;6013;6026;109344.84;1216092.49;45.52;120.13;115.93;4.70;10.667219729984;59.939542904807;265.01
11000.21;6014;6027;109343.04;1216092.34;45.57;120.10;116.02;4.67;10.667187687079;59.939541487964;265.01
11002.01;6015;6028;109341.25;1216092.18;45.61;120.13;116.19;4.55;10.667155642388;59.939540070215;265.01
11003.81;6016;6029;109339.46;1216092.02;45.66;120.12;116.36;4.37;10.667123599483;59.939538652466;265.01
11005.61;6017;6030;109337.67;1216091.87;45.70;120.09;116.54;4.16;10.667091556579;59.939537234717;265.01
11007.41;6018;6031;109335.87;1216091.71;45.75;120.10;116.71;3.94;10.667059513675;59.939535817873;265.01
11009.21;6019;6032;109334.08;1216091.56;45.79;120.12;116.79;3.85;10.667027470771;59.939534400124;265.01
11011.01;6020;6033;109332.29;1216091.40;45.84;120.08;116.97;3.67;10.666995426079;59.939532982375;265.01
11012.81;6021;6034;109330.50;1216091.24;45.88;120.07;117.14;3.48;10.666963383175;59.939531564626;265.01
11014.61;6022;6035;109328.70;1216091.09;45.93;120.09;117.27;3.31;10.666931340270;59.939530147783;265.01
11016.41;6023;6036;109326.91;1216090.93;45.97;120.11;117.40;3.16;10.666899297366;59.939528730033;265.01
11018.21;6024;6037;109325.12;1216090.77;46.02;120.12;117.47;3.06;10.666867252674;59.939527312284;265.01
11020.01;6025;6038;109323.32;1216090.62;46.06;120.14;117.62;2.88;10.666835209770;59.939525894535;265.01
11021.81;6026;6039;109321.53;1216090.46;46.11;120.13;117.76;2.72;10.666803166866;59.939524477692;265.01
11023.61;6027;6040;109319.74;1216090.30;46.15;120.16;117.91;2.56;10.666771123961;59.939523059943;265.01
11025.41;6028;6041;109317.95;1216090.15;46.20;120.16;118.03;2.42;10.666739079270;59.939521642194;265.01
11027.21;6029;6042;109316.15;1216089.99;46.24;120.13;118.07;2.37;10.666707036365;59.939520224445;265.01
11029.01;6030;6043;109314.36;1216089.83;46.28;120.08;118.14;2.29;10.666674989886;59.939518806695;265.01
11030.81;6031;6044;109312.57;1216089.68;46.31;120.09;118.20;2.23;10.666642943407;59.939517389852;265.01
11032.61;6032;6045;109310.78;1216089.52;46.34;120.12;118.26;2.17;10.666610895140;59.939515971197;265.01
11034.41;6033;6046;109308.98;1216089.36;46.37;120.22;118.29;2.14;10.666578845086;59.939514554354;265.01
11036.21;6034;6047;109307.19;1216089.21;46.40;120.21;118.34;2.07;10.666546795031;59.939513135699;265.01
11038.01;6035;6048;109305.40;1216089.05;46.42;120.13;118.37;2.00;10.666514744977;59.939511717950;265.01
11039.81;6036;6049;109303.60;1216088.90;46.44;120.10;118.35;1.99;10.666482693135;59.939510300200;265.01
11041.61;6037;6050;109301.81;1216088.74;46.46;120.11;118.33;1.97;10.666450641294;59.939508882451;265.01
11043.41;6038;6051;109300.02;1216088.58;46.47;120.14;118.31;1.95;10.666418589452;59.939507464702;265.01
11045.21;6039;6052;109298.22;1216088.43;46.48;120.20;118.31;1.92;10.666386535822;59.939506046953;265.01
11047.01;6040;6053;109296.43;1216088.27;46.49;120.23;118.30;1.89;10.666354483981;59.939504628298;265.01
11048.81;6041;6054;109294.64;1216088.11;46.49;120.26;118.30;1.85;10.666322430351;59.939503210549;265.01
11050.61;6042;6055;109292.84;1216087.96;46.49;120.30;118.29;1.82;10.666290376722;59.939501792800;265.01
11052.41;6043;6056;109291.05;1216087.80;46.49;120.32;118.28;1.80;10.666258323093;59.939500375050;265.01
11054.21;6044;6057;109289.26;1216087.64;46.49;120.35;118.24;1.81;10.666226269463;59.939498956395;265.01
11056.01;6045;6058;109287.47;1216087.49;46.49;120.40;118.20;1.81;10.666194217622;59.939497538646;265.01
11057.81;6046;6059;109285.67;1216087.33;46.49;120.41;118.15;1.85;10.666162163992;59.939496120897;265.01
11059.61;6047;6060;109283.88;1216087.17;46.49;120.45;118.15;1.85;10.666130110363;59.939494703148;265.01
11061.41;6048;6061;109282.09;1216087.02;46.49;120.49;118.63;1.85;10.666098056734;59.939493284493;265.01
11063.21;6049;6062;109280.29;1216086.86;46.49;120.28;118.42;1.85;10.666066003104;59.939491866744;265.01
11065.01;6050;6063;109278.50;1216086.70;46.49;120.07;118.22;1.85;10.666033949475;59.939490448995;265.01
11066.81;6051;6064;109276.71;1216086.55;46.49;120.04;118.19;1.85;10.666001897633;59.939489031245;265.01
11068.61;6052;6065;109274.91;1216086.39;46.49;120.01;118.16;1.85;10.665969844004;59.939487612590;265.01
11070.41;6053;6066;109273.12;1216086.23;46.49;120.13;118.28;1.85;10.665937790374;59.939486194841;265.01
11072.21;6054;6067;109271.33;1216086.08;46.49;120.31;118.45;1.85;10.665905736745;59.939484777092;265.01
11074.01;6055;6068;109269.53;1216085.92;46.49;120.40;118.54;1.85;10.665873683116;59.939483359343;265.01
11075.81;6056;6069;109267.74;1216085.76;46.49;120.36;118.51;1.85;10.665841631274;59.939481941594;265.01
11077.61;6057;6070;109265.95;1216085.61;46.49;120.21;118.36;1.85;10.665809577645;59.939480522939;265.01
11079.41;6058;6071;109264.15;1216085.45;46.49;120.07;118.22;1.85;10.665777524015;59.939479105190;265.01
11081.21;6059;6072;109262.36;1216085.30;46.49;120.17;118.32;1.85;10.665745470386;59.939477687440;265.01
11083.01;6060;6073;109260.57;1216085.14;46.49;120.45;118.60;1.85;10.665713416757;59.939476269691;265.01
11084.81;6061;6074;109258.77;1216084.98;46.49;120.57;118.71;1.85;10.665681363127;59.939474851036;265.01
11086.61;6062;6075;109256.98;1216084.83;46.49;120.75;118.90;1.85;10.665649311286;59.939473433287;265.01
11088.41;6063;6076;109255.19;1216084.67;46.49;120.92;119.07;1.85;10.665617257656;59.939472015538;265.01
11090.21;6064;6077;109253.39;1216084.51;46.49;120.88;119.03;1.85;10.665585204027;59.939470597789;265.01
11092.01;6065;6078;109251.60;1216084.36;46.49;121.00;119.14;1.85;10.665553150398;59.939469179134;265.01
