Advance;Hole No;hole_length;inleakage;drilling_comment;type;grouting_vc_1.0;grouting_vc_0.8;grouting_vc_0.6;pressure;grouting_comment
11;1;24;0;;Injection;855;;;36;Utg.
11;2;24;0;;Injection;55;;;50;
11;3;24;0;;Injection;51;;;50;
11;4;24;0;;Injection;43;;;50;
11;5;24;0;;Injection;48;;;50;
11;6;24;0;;Injection;44;;;50;
11;7;24;0;;Injection;8;;;50;
11;8;24;0;;Injection;43;;;50;
11;9;24;0;;Injection;45;;;50;
11;10;24;0;;Injection;236;;;50;
11;11;24;0;;Injection;402;;;50;
11;12;;;;;;;;;
11;13;24;0;;Injection;663;;;0;Utg.skjold
11;14;;;;;;;;;
11;15;24;0;;Injection;47;;;50;
11;16;24;0;;Injection;129;;;50;
11;17;24;0;;Injection;68;;;50;
11;18;24;0;;Injection;41;;;50;
11;19;24;0;;Injection;256;;;50;Gj.gang 20
11;20;24;0;;Injection;279;;;50;
11;21;24;0;;Injection;52;;;50;
11;22;24;0;;Injection;58;;;50;
11;23;24;0;;Injection;65;;;50;
11;24;24;0;;Injection;58;;;50;
15;1;24;0;;Injection;716;809;950;50;
15;2;24;0;;Injection;69;;;50;
15;3;24;0;;Injection;45;;;50;
15;4;24;0;;Injection;59;;;50;
15;5;24;0;;Injection;708;371;;50;
15;6;24;0;;Injection;60;;;40;Pakker løsnet
15;7;24;0;;Injection;13;;;50;
15;8;24;0;;Injection;119;;;50;
15;9;24;0;;Injection;1;;;50;
15;10;24;0;;Injection;733;730;795;50;
15;11;24;0;1;Injection;1180;1002;;50;Gjennomgang til hull 8
15;12;24;0;Sleppe 18 meter;Injection;406;;;50;
15;13;24;0;;Injection;188;;;50;
15;14;24;0;;Injection;205;;;50;
15;15;24;0;;Injection;12;;;50;
15;16;24;0;;Injection;240;;;5;Gjennomgang til hull 18
15;17;24;0;;Injection;9;;;2;Gjennomgang til hull 16-18
15;18;24;0;;Injection;1;;;50;
15;19;24;0;;Injection;2;;;50;
15;20;24;0;;Injection;3;;;50;
15;21;24;0;;Injection;264;;;50;
15;22;24;0;;Injection;44;;;50;
15;23;24;0;;Injection;723;712;1095;50;
15;24;24;0;;Injection;811;411;;0;Utgang i skjold
19;1;;;;;;;;;
19;2;24;0;;Injection;5;;;50;
19;3;24;0;;Injection;3;;;50;
19;4;24;0;;Injection;745;712;219;50;
19;5;24;0;;Injection;49;;;50;
19;6;24;0;;Injection;123;;;50;
19;7;24;0;;Injection;4;;;50;
19;8;24;0;;Injection;3;;;50;
19;9;24;0;;Injection;4;;;50;
19;10;24;0;;Injection;510;;;50;
19;11;24;0;;Injection;73;;;50;
19;12;24;0;;Injection;53;;;50;
19;13;24;0;;Injection;799;612;1173;50;
19;14;24;0;;Injection;799;197;;0;
19;15;24;0;;Injection;724;59;;50;
19;16;24;0;;Injection;72;;;50;
19;17;24;0;;Injection;737;47;;50;
19;18;24;0;;Injection;763;285;;50;
19;19;24;0;;Injection;721;609;;29;Gjennomgang til hull 20
19;20;24;0;;Injection;772;;;27;Utgang
19;21;24;0;;Injection;55;;;28;Utgang
19;22;24;0;;Injection;718;392;;50;
19;23;;;;;;;;;
19;24;24;0;;Injection;710;;;36;Utgang
23;1;24;0;;Injection;43;;;50;
23;2;24;0;;Injection;41;;;50;
23;3;24;0;;Injection;51;;;50;
23;4;24;0;;Injection;546;;;50;
23;5;24;0;;Injection;758;912;;50;
23;6;24;0;;Injection;24;;;50;
23;7;24;0;;Injection;1;;;50;
23;8;24;0;;Injection;2;;;50;
23;9;24;0;;Injection;767;657;45;50;
23;10;24;0;;Injection;60;;;50;
23;11;24;0;;Injection;10;;;50;
23;12;24;0;;Injection;793;;;50;
23;13;24;0;;Injection;180;;;50;
23;14;24;0;;Injection;12;;;50;
23;15;24;0;;Injection;710;174;;41;Gjennomgang frå hull 24 til 23
23;16;;;Hit the shield;Injection;96;;;50;
23;17;24;0;;Injection;396;;;50;
23;18;24;0;;Injection;44;;;50;
23;19;24;0;;Injection;51;;;50;
23;20;24;0;;Injection;763;719;321;50;
23;21;24;0;;Injection;702;185;;50;
23;22;24;0;;Injection;44;;;50;
23;23;24;0;;Injection;25;;;50;
23;24;24;0;;Injection;351;;;50;
27;1;21.5;0;;Injection;742;49;;50;
27;2;21.5;0;;Injection;232;;;16;Utgang til 3
27;3;21.5;0;;Injection;3;;;50;
27;4;21.5;0;;Injection;706;678;;50;
27;5;21.5;0;;Injection;716;737;716;49;
27;6;21.5;2;;Injection;0;;;50;
27;7;;0;Inn I skjold;Injection;;;;;
27;8;21.5;1;;Injection;453;;;30;Utgang
27;9;21.5;0;;Injection;;;;;
27;10;21.5;0;;Injection;724;115;;35;Utgang
27;11;21.5;0;;Injection;43;;;50;
27;12;;0;Inn I skjold;Injection;;;;;
27;13;21.5;0;;Injection;33;;;50;
27;14;21.5;0;;Injection;35;;;50;
27;15;21.5;0;;Injection;511;;;50;
27;16;21.5;0;;Injection;116;;;50;
27;17;21.5;0;;Injection;759;731;330;50;
27;18;21.5;0;;Injection;50;;;50;
27;19;21.5;0;;Injection;53;;;50;
27;20;21.5;0;;Injection;51;;;50;
27;21;;0;Inn I skjold;Injection;;;;;
27;22;21.5;0;;Injection;41;;;50;
27;23;21.5;0;;Injection;;;;;
27;24;21.5;0;;Injection;709;780;274;50;
31;1;24;0;;Injection;28;;;50;
31;2;24;0;;Injection;745;;;50;
31;3;24;0;;Injection;4;;;50;
31;4;24;0;;Injection;26;;;50;
31;5;24;3;;Injection;54;;;50;
31;6;24;0;;Injection;37;;;50;
31;7;24;0;;Injection;14;;;50;
31;8;24;0;;Injection;562;;;17;Utgang
31;9;24;0;;Injection;175;;;7;Utgang
31;10;24;0;;Injection;50;;;50;
31;11;24;0;;Injection;104;;;50;
31;12;24;0;;Injection;744;707;69;50;
31;13;24;0;;Injection;741;505;;50;
31;14;24;0;;Injection;780;782;24;21;Utgang
31;15;24;0;;Injection;59;;;33;Utgang
31;16;24;0;;Injection;58;;;21;Utgang
31;17;24;0;;Injection;64;;;20;Utgang
31;18;24;0;;Injection;0;;;50;
31;19;24;0;;Injection;11;;;50;
31;20;24;0;;Injection;29;;;50;
31;21;24;0;;Injection;213;;;50;
31;22;24;0;;Injection;716;94;;20;
31;23;24;0;;Injection;4;;;50;
31;24;24;0;;Injection;703;50;;50;
35;1;24;2;;Injection;665;143;;48;utgang
35;2;24;0;;Injection;706;119;;47;utgang
35;3;;;Problem drilling;;;;;;
35;4;24;0;;Injection;40;;;56;utgang
35;5;24;4;;Injection;222;;;39;utgang
35;6;24;1;;Injection;522;;;44;utgang
35;7;24;0;;Injection;474;;;50;utgang
35;8;24;0;;Injection;361;;;46;utgang
35;9;24;0;;Injection;659;38;;49;utgang
35;10;;;;;622;365;;50;utgang
35;11;24;0;;Injection;698;177;;50;
35;12;0;0;Hit The shield;Injection;;;;;
35;13;24;0;Couldn't place pakke;Injection;;;;;
35;14;;;Hit the Shield;;;;;;
35;15;;;Hit the Shield;;;;;;
35;16;24;0;;Injection;705;354;;50;
35;17;;;Hit the shield;Injection;;;;;
35;18;;;Broke a rod;;;;;;
35;19;24;0;;Injection;666;628;558;50;
35;20;24;0;;Injection;719;721;;50;
35;21;24;0;;Injection;71;;;50;
35;22;24;0;;Injection;404;;;39;utgang
35;23;24;0;;Injection;203;;;39;utgang
35;24;24;0;;Injection;174;;;29;utgang
37;1;24;2;;Injection;9;;;50;
37;2;24;0;;Injection;6;;;50;
37;3;24;0;;Injection;42;;;;Lekasje på pakker
37;4;;;Pipe was bended;Injection;;;;;
37;5;24;4;;Injection;62;;;50;
37;6;24;1;;Injection;133;;;50;
37;7;24;0;;Injection;41;;;50;
37;8;24;0;;Injection;916;;;50;
37;9;24;0;;Injection;760;624;179;50;
37;10;24;0;;Injection;726;664;163;50;
37;11;24;0;;Injection;650;665;;50;
37;12;24;0;;Injection;706;749;;50;
37;13;24;0;;Injection;320;;;50;
37;14;;;Pipe was bended;;;;;;
37;15;24;0;;Injection;346;;;50;
37;16;24;0;;Injection;549;;;50;
37;17;24;0;;Injection;739;;;50;Liten utgang på stuff
37;18;24;0;;Injection;208;;;50;Liten utgang på stuff
37;19;24;0;;Injection;274;;;50;
37;20;24;0;;Injection;8;;;50;
37;21;;;Pipe was bended;Injection;;;;;Rør bøyd
37;22;;;Pipe was bended;Injection;;;;;Rør bøyd
37;23;24;0;;Injection;58;;;50;
37;24;24;0;;Injection;675;757;;45;Listen utgang på stuff
41;1;;;hit the shield;;;;;;
41;2;;;hit the shield;;;;;;
41;3;24;0;;Injection;806;;;;
41;4;24;0;;Injection;206;;;50;
41;5;24;0;;Injection;1041;;;;
41;6;24;0;;Injection;233;;;50;
41;7;24;0;;Injection;577;1064;404;50;
41;8;24;0;;Injection;155;;;50;
41;9;24;0;;Injection;270;;;50;
41;10;24;0;;Injection;581;;;50;
41;11;24;0;;Injection;165;;;50;
41;12;24;0;;Injection;430;;;50;
41;13;24;0;;Injection;307;;;50;
41;14;24;0;;Injection;93;;;50;
41;15;24;0;;Injection;113;;;50;
41;16;;;broke the drillrod;;;;;;
41;17;24;0;;Injection;30;;;50;
41;18;24;0;;Injection;18;;;50;
41;19;24;0;;Injection;208;;;50;
41;20;;;hit the shield;;;;;;
41;21;24;0;;Injection;70;;;50;
41;22;;;hit the shield;;;;;;
41;23;24;0;;Injection;4;;;50;
41;24;;;;;;;;;
45;1;24;0;Screen 2;Injection;41;;;30;screen 2
45;2;24;0;Screen 1;Injection;179;;;30;Screen 1
45;3;24;0;screen 2;Injection;171;;;30;screen 2
45;4;;;Hit the shield;;;;;;
45;5;24;0;Screen 1;Injection;581;;;30;Screen 1
45;6;24;0;screen 2;Injection;708;778;130;30;screen 2
45;7;24;0;Screen 1;Injection;123;;;30;Screen 1
45;8;24;0;Screen 2;Injection;718;541;;30;screen 2
45;9;24;0;Screen 2;Injection;40;;;30;screen 2
45;10;24;0;Screen 1;Injection;57;;;30;Screen 1
45;11;24;0;Screen 1;Injection;57;;;30;Screen 1
45;12;24;0;Screen 1;Injection;563;;;30;Screen 1
45;13;24;0;Screen 1;Injection;285;;;30;Screen 1. Exit to no.14
45;14;24;0;packer not instaled;Injection;;;;;
45;15;;;hit the shield;;;;;;
45;16;24;0;Screen 1;Injection;893;;;30;Screen 1
45;17;;;hit the shield;;;;;;
45;18;24;0;Screen 1;Injection;326;;;30;Screen 1
45;19;24;0;screen 2;Injection;85;;;30;screen 2
45;20;24;0;screen 2;Injection;85;;;30;screen 2
45;21;24;0;screen 2;Injection;54;;;30;screen 2
45;22;;;hit the shield;;;;;;
45;23;;;hit the shield;;;;;;
45;24;24;0;screen 2;Injection;61;;;30;screen 2
46;1;24;0;;Injection;;;;30;
46;2;24;0;;Injection;;;;30;
46;3;24;0;;Injection;;;;30;
46;4;24;0;;Injection;;;;30;
46;5;24;0;;Injection;;;;30;
46;6;24;1;;Injection;;;;25;Utgang
46;7;24;0;;Injection;;;;30;
46;8;19;0;;Injection;;;;30;
46;9;24;0;;Injection;;;;30;
46;10;24;0;;Injection;;;;10;Utgang i stuff
46;11;24;0;;Injection;;;;0;Utgang
46;12;24;0;;Injection;;;;50;
46;13;24;0;;Injection;;;;0;Utgang
46;14;;;Not drilled.;;;;;;not drilled
46;15;24;0;;Injection;;;;30;
46;16;24;0;Weak zone at 19m;Injection;;;;0;Utgang
46;17;24;0;;Injection;;;;30;
46;18;24;0;;Injection;;;;30;
46;19;24;0;;Injection;;;;30;
46;20;24;0.5;;Injection;;;;30;
46;21;24;0;;Injection;;;;0;utgang i nr 19
46;22;24;0.3;Weak zone at 4m;Injection;;;;30;
46;23;24;0;;Injection;;;;0;utgang
46;24;24;0;;Injection;;;;30;
48;1;24;0;;Injection;;;;1;
48;2;0;0;rod went into shield;Injection;;;;;not drilled
48;3;24;0;;Injection;31;;;30;
48;4;24;0.5;;Injection;80;;;30;
48;5;24;1;;Injection;34;;;30;
48;6;24;0.5;;Injection;74;;;30;
48;7;24;0.5;;Injection;728;;;1;utgang
48;8;24;1;;Injection;517;;;30;
48;9;24;1;;Injection;737;268;;5;
48;10;24;0;;Injection;54;;;30;
48;11;24;0;;Injection;543;;;30;kontact with 9
48;12;24;0;;Injection;465;;;30;
48;13;24;0;;Injection;15;;;30;
48;14;24;0;;Injection;8;;;40;
48;15;24;0;;Injection;2;;;40;
48;16;24;0;;Injection;704;205;;25;
48;17;24;0;;Injection;193;;;30;
48;18;24;0;;Injection;697;413;;30;
48;19;24;0;;Injection;706;240;;30;
48;20;24;0;;Injection;51;;;30;
48;21;24;0;;Injection;54;;;30;
48;22;24;0;;Injection;;;;1;utgang
48;23;24;0;;Injection;;;;30;
48;24;24;0;;Injection;;;;30;
53;1;24;0;;Injection;652;;;30;
53;2;24;0;;Injection;709;318;;30;
53;3;24;0;;Injection;290;;;10;Utgang
53;4;24;0;;Injection;95;;;30;
53;5;24;0;;Injection;96;;;30;
53;6;24;0;;Injection;767;223;;0;Utgang
53;7;24;0;;Injection;97;;;30;
53;8;24;0;;Injection;394;;;30;
53;9;24;0;;Injection;14;;;30;
53;10;24;0;;Injection;710;734;18;30;Gjennomgang til hull 8
53;11;24;0;;Injection;149;;;30;
53;12;24;0;;Injection;;;;;Gjenomgang til hull 19
53;13;24;0;;Injection;722;;;24;utgang
53;14;24;0;;Injection;642;;;30;
53;15;24;0;;Injection;35;;;30;
53;16;24;0;;Injection;576;;;30;
53;17;24;0;;Injection;152;;;24;utgang
53;18;24;0;;Injection;35;;;30;
53;19;24;0;;Injection;53;;;30;
53;20;24;0;;Injection;838;381;;30;
53;21;24;0;;Injection;;;;;Gjennomgang
53;22;24;0;;Injection;54;;;30;
53;23;24;0;;Injection;55;;;30;
53;24;24;0;;Injection;501;;;30;
57;1;24;0;;Injection;735;53;;30;
57;2;24;0;;Injection;783;172;;30;
57;3;24;0;;Injection;;;;;conection from 5
57;4;24;0;;Injection;;;;;conection from 7
57;5;24;4;;Injection;955;46;;30;
57;6;;;hit the shield;;;;;;Conection, not sure from where
57;7;24;0;;Injection;813;709;404;30;
57;8;24;0;;Injection;85;;;30;
57;9;24;0;;Injection;234;;;30;
57;10;24;0;;Injection;2;;;30;
57;11;24;0;;Injection;749;565;;30;
57;12;24;0;;Injection;789;712;368;30;
57;13;24;0;;Injection;768;104;;30;
57;14;;;Hit the shield;;;;;;not drilled
57;15;24;0;;Injection;839;607;;28;Utgang
57;16;24;0;;Injection;661;;;30;
57;17;24;0;;Injection;777;;;30;
57;18;24;0;;Injection;179;;;30;
57;19;24;0;;Injection;;;;;conection
57;20;24;0;;Injection;808;335;;30;
57;21;24;0;;Injection;59;;;30;
57;22;24;0;;Injection;305;;337;30;
57;23;24;0;;Injection;602;50;;30;
57;24;;;Hit the shield;;;;;;
61;1;24;0;;Injection;56;;;30;
61;2;;;;;;;;;
61;3;24;0;;Injection;727;;;30;
61;4;;;;;;;;;
61;5;;;;;;;;;
61;6;24;0;;Injection;431;;;30;
61;7;24;0;;Injection;671;755;;30;
61;8;24;30;;Injection;803;884;;30;
61;9;;;;;;;;;
61;10;24;0;;Injection;605;644;521;30;
61;11;24;0;;Injection;618;28;;30;
61;12;24;30;;Injection;679;707;1457;30;
61;13;24;0;;Injection;655;573;;30;
61;14;;;;;;;;;
61;15;24;100;;Injection;1157;663;96;30;
61;16;24;0;;Injection;763;219;;30;
61;17;;;;;;;;;
61;18;24;0;;Injection;939;769;;30;
61;19;;;;;;;;;
61;20;24;0;;Injection;362;;;30;
61;21;;;;;;;;;
61;22;;;;;;;;;
61;23;24;0;;Injection;926;459;;1;Utgang i CHD
61;24;24;0;;Injection;565;;;30;
63;1;24;0;;Injection;763;705;608;30;
63;2;24;0;;Injection;69;;;30;
63;3;24;0;;Injection;61;;;30;
63;4;24;0;;Injection;55;;;30;
63;5;24;0;;Injection;89;;;30;
63;6;24;0;;Injection;400;341;66;30;
63;7;;;hit the shield;;;;;;not drilled
63;8;24;0;;Injection;378;;;30;
63;9;24;0;;Injection;385;;;30;
63;10;24;0;;Injection;210;;;30;
63;11;24;0;;Injection;705;709;620;30;
63;12;24;0;;Injection;682;710;94;30;
63;13;24;0;;Injection;701;702;1420;0;Stopped because max Liters
63;14;24;50;;Injection;102;7;;30;
63;15;24;0;;Injection;700;139;;30;utgang
63;16;24;0;;Injection;744;477;;30;
63;17;24;0;;Injection;751;683;;30;
63;18;;;hit the shield;;;;;;not drilled
63;19;24;0;;Injection;717;233;;30;
63;20;24;0;;Injection;56;;;30;
63;21;24;0;;Injection;671;;;30;
63;22;;;hit the shield;;;;;;not drilled
63;23;24;0;;Injection;719;1099;;30;
63;24;24;0;;Injection;54;;;;
65;1;;;;;;;;;
65;2;;;;;;;;;
65;3;18;0;;Control;706;569;;30;utgang
65;4;;;;;;;;;
65;5;;;;;;;;;
65;6;;;;;;;;;
65;7;18;0;;Control;760;421;;30;
65;8;;;;;;;;;
65;9;;;;;;;;;
65;10;;;;;;;;;
65;11;18;0;;Control;755;106;;30;
65;12;;;;;;;;;
65;13;;;;;;;;;
65;14;18;0;;Control;;;;;
65;15;;;;;719;785;883;30;
65;16;;;;;;;;;
65;17;;;;;;;;;
65;18;18;0;;Control;216;;;30;
65;19;;;;;;;;;
65;20;;;;;;;;;
65;21;;;;;;;;;
65;22;;;;;;;;;
65;23;18;0;;Control;798;132;;30;
65;24;;;;;;;;;
67;1;;;;;;;;;
67;2;;;;;;;;;
67;3;;;;;;;;;
67;4;;;;;;;;;
67;5;;;;;;;;;
67;6;;;;;;;;;
67;7;;;;;;;;;
67;8;;;;;;;;;
67;9;;;;;;;;;
67;10;;;;;;;;;
67;11;;;;;;;;;
67;12;;;;;;;;;
67;13;24;0;;Injection;597;450;;30;
67;14;24;0;fikk ikke i pakker;Injection;;;;;
67;15;;;;;;;;;
67;16;24;0;;Injection;38;;;30;
67;17;24;0;;Injection;64;;;30;
67;18;24;0;;Injection;48;;;30;
67;19;24;0;;Injection;51;;;30;
67;20;24;0;;Injection;50;;;30;
67;21;24;0;fikk ikke i pakker;Injection;;;;;
67;22;24;0;fikk ikke i pakker;Injection;;;;;
67;23;;;;;;;;;
67;24;24;0;fikk ikke inn pakker;Injection;;;;;
71;1;18;0;fastboring i sleppe;Injection;193;;;30;
71;2;18;0;fastboring i sleppe;Injection;114;;;30;
71;3;24;0;;Injection;121;;;30;
71;4;24;0;;Injection;56;;;30;
71;5;24;0;;Injection;60;;;30;
71;6;24;0;;Injection;53;;;30;
71;7;24;0;;Injection;69;;;30;
71;8;24;0;;Injection;824;;;30;
71;9;24;0;;Injection;10;;;30;
71;10;24;0;;Injection;310;;;30;
71;11;24;0;;Injection;89;;;30;
71;12;;;;;;;;;Ikke boret
71;13;24;0;;Injection;65;;;30;
71;14;24;0;;Injection;89;;;30;
71;15;;;;;;;;;
71;16;24;0;;Injection;30;;;30;
71;17;24;0;;Injection;98;;;30;
71;18;24;0;;Injection;452;;;30;
71;19;24;0;;Injection;50;;;30;
71;20;24;0;;Injection;50;;;30;
71;21;24;0;;Injection;47;;;30;
71;22;24;0;;Injection;320;;;;Utgang i CHD
71;23;24;0;;Injection;150;;;;Utgang i CHD
71;24;24;0;;Injection;292;;;;Utgang i CHD
73;1;;;;;;;;;
73;2;;;;;;;;;
73;3;;;;;;;;;
73;4;18;0;;Control;50;;;30;
73;5;;;;;;;;;
73;6;;;;;;;;;
73;7;18;0;;Control;26;;;30;
73;8;;;;;;;;;
73;9;;;;;;;;;
73;10;;;;;;;;;
73;11;18;0;;Control;32;;;30;
73;12;;;;;;;;;
73;13;;;;;;;;;
73;14;;;;;;;;;
73;15;;;;;;;;;
73;16;;;;;;;;;
73;17;18;0;;Control;39;;;30;
73;18;;;;;;;;;
73;19;;;;;;;;;
73;20;18;0;;Control;40;;;30;
73;21;;;;;;;;;
73;22;;;;;;;;;
73;23;;;;;;;;;
73;24;18;0;;Control;31;;;30;
75;1;;;;;;;;;
75;2;;;;;;;;;
75;3;;;;;;;;;
75;4;;;;;260;;;30;
75;5;24;0;;Injection;50;;;30;
75;6;24;0;;Injection;44;;;30;
75;7;24;0;;Injection;25;;;30;
75;8;24;0;;Injection;;;;;
75;9;24;0;;Injection;263;;;30;
75;10;;;;;;;;;
75;11;24;0;;Injection;68;;;30;
75;12;;;;;;;;;
75;13;24;0;fikk ikke inn pakker;Injection;;;;;
75;14;24;0;;Injection;33;;;30;
75;15;;;;;;;;;
75;16;;;;;;;;;
75;17;;;;;;;;;
75;18;;;;;;;;;
75;19;24;0;;Injection;50;;;30;
75;20;;;;;;;;;
75;21;;;;;;;;;
75;22;;;;;;;;;
75;23;;;;;;;;;
75;24;;;;;;;;;
77;1;;;;;;;;;
77;2;24;0;;Injection;49;;;30;
77;3;24;0;;Injection;46;;;30;
77;4;24;0;;Injection;50;;;30;
77;5;24;0;;Injection;77;;;30;
77;6;24;0;;Injection;69;;;30;
77;7;9;0;boret i gammelt hull;Injection;106;;;30;
77;8;12;0;boret i gammelt hull;Injection;89;;;30;
77;9;24;0;;Injection;220;;;30;
77;10;24;0;;Injection;103;;;30;
77;11;24;0;;Injection;890;;;30;
77;12;24;0;;Injection;584;;;30;
77;13;;;;;;;;;
77;14;;;;;;;;;
77;15;24;0;;Injection;66;;;30;
77;16;;;;;;;;;
77;17;24;0;;Injection;482;;;30;
77;18;;;;;;;;;
77;19;24;0;;Injection;82;;;30;
77;20;;;;;;;;;
77;21;;;;;;;;;
77;22;;;;;;;;;
77;23;;;;;;;;;
77;24;;;;;;;;;
79;1;24;0;;Injection;46;;;30;
79;2;24;0;;Injection;49;;;30;
79;3;24;0;;Injection;50;;;30;
79;4;24;0;;Injection;51;;;30;
79;5;24;0;;Injection;154;;;30;
79;6;24;0;;Injection;56;;;30;
79;7;24;0;;Injection;44;;;30;
79;8;24;0;;Injection;11;;;30;
79;9;24;0;;Injection;92;;;30;
79;10;24;0;;Injection;662;;;30;
79;11;24;0;;Injection;168;;;30;
79;12;24;0;;Injection;197;;;30;
79;13;24;0;;Injection;202;;;30;
79;14;24;0;;Injection;90;;;30;
79;15;24;0;;Injection;435;;;30;
79;16;24;0;;Injection;11;;;30;
79;17;24;0;;Injection;710;;;30;
79;18;24;0;;Injection;149;;;30;
79;19;24;0;;Injection;48;;;30;
79;20;24;0;;Injection;33;;;30;
79;21;24;0;;Injection;350;;;30;
79;22;24;0;;Injection;47;;;30;
79;23;24;0;;Injection;49;;;30;
79;24;24;0;;Injection;45;;;30;
81;1;24;0;;Injection;98;;;30;
81;2;24;0;;Injection;57;;;30;
81;3;24;0;;Injection;30;;;30;
81;4;24;0;;Injection;0;;;30;
81;5;24;0;;Injection;11;;;30;
81;6;24;0;;Injection;23;;;30;
81;7;24;0;;Injection;48;;;30;
81;8;24;0;;Injection;40;;;30;
81;9;24;0;;Injection;15;;;30;
81;10;24;0;;Injection;221;;;30;
81;11;24;0;;Injection;157;;;30;
81;12;24;0;;Injection;213;;;30;
81;13;24;0;;Injection;57;;;30;
81;14;24;0;;Injection;52;;;30;
81;15;24;0;;Injection;74;;;30;
81;16;24;0;;Injection;35;;;30;
81;17;24;0;;Injection;20;;;30;
81;18;24;0;;Injection;37;;;30;
81;19;24;0;;Injection;50;;;30;
81;20;24;0;;Injection;48;;;30;
81;21;24;0;;Injection;54;;;30;
81;22;24;0;;Injection;52;;;30;
81;23;24;0;;Injection;52;;;30;
81;24;24;0;;Injection;138;;;30;
86;1;24;0;;Injection;48;;;30;
86;2;24;0;;Injection;53;;;30;
86;3;24;0;;Injection;5;;;30;
86;4;24;0;;Injection;30;;;30;
86;5;24;0;;Injection;51;;;30;
86;6;24;0;;Injection;115;;;30;
86;7;24;0;;Injection;536;63;;30;
86;8;24;0;;Injection;673;55;;30;
86;9;24;0;;Injection;193;;;30;
86;10;24;0;;Injection;113;;;30;
86;11;24;0;;Injection;13;;;30;
86;12;24;0;;Injection;;;;;could not get packer in
86;13;24;0;;Injection;;;;;colud not get packer in
86;14;24;0;;Injection;22;;;30;
86;15;24;0;;Injection;147;;;30;
86;16;24;0;;Injection;177;;;30;
86;17;24;0;;Injection;49;;;30;
86;18;24;0;;Injection;51;;;30;
86;19;24;0;;Injection;106;;;30;
86;20;24;0;;Injection;5;;;30;
86;21;24;0;;Injection;61;;;30;
86;22;24;0;;Injection;64;;;30;
86;23;24;0;;Injection;50;;;30;
86;24;24;0;;Injection;734;;;30;
88;1;8;0;hit an old hole;Injection;;;;;
88;2;24;0;;Injection;4;;;30;
88;3;0;0;hit the shield;Injection;;;;;
88;4;8;0;hit an old hole;Injection;;;;;
88;5;9;0;hit an old hole;Injection;11;;;30;
88;6;24;0;;Injection;49;;;30;
88;7;24;0;;Injection;54;;;30;
88;8;24;0;;Injection;72;;;30;
88;9;24;0;;Injection;5;;;30;
88;10;24;0;;Injection;148;;;30;
88;11;24;0;;Injection;244;;;1;utgang
88;12;24;0;;Injection;;;;;
88;13;24;0;hole collapse;Injection;;;;;
88;14;24;0;hole collapse;Injection;50;;;1;utgang
88;15;24;0;;Injection;1;;;30;
88;16;8;0;hit an old hole;Injection;;;;;
88;17;24;0;;Injection;2;;;30;
88;18;24;0;;Injection;131;;;30;
88;19;24;0;;Injection;1;;;30;
88;20;24;0;;Injection;0;;;30;
88;21;24;0;;Injection;28;;;30;
88;22;24;0;;Injection;56;;;30;
88;23;24;0;;Injection;61;;;30;
88;24;24;0;;Injection;1;;;30;
92;1;24;0;;Injection;3;;;30;
92;2;;;Traff skjoldet;;;;;;ikke boret
92;3;24;0;;Injection;;;;;fikk ikke montert pakker
92;4;24;0;;Injection;413;;;11;utgang
92;5;24;0;;Injection;35;;;30;
92;6;24;0;;Injection;4;;;30;
92;7;24;0;;Injection;94;;;30;
92;8;24;0;;Injection;49;;;30;
92;9;24;0;;Injection;306;;;30;utgang
92;10;24;0;;Injection;553;;;30;
92;11;24;0;;Injection;0;;;30;gjennomgang
92;12;24;0;;Injection;300;;;30;
92;13;24;0;;Injection;31;;;30;
92;14;24;0;feil med på data;Injection;44;;;30;
92;15;24;0;;Injection;93;;;30;
92;16;24;0;;Injection;10;;;30;
92;17;24;0;;Injection;101;;;30;
92;18;24;0;;Injection;74;;;30;
92;19;24;0;;Injection;20;;;0;utgang
92;20;14;0;borstreng kilte seg;Injection;60;;;20;utgang
92;21;;;traff skjoldet;;;;;;ikke boret
92;22;24;0;;Injection;0;;;0;utgang
92;23;24;0;;Injection;426;;;0;utgang
92;24;24;0;;Injection;5;;;30;
96;1;;;;;;;;;
96;2;40;15;sleppe på 30m - 35m;Injection;;;;0;utgang
96;3;;;;;;;;;
96;4;40;0;;Injection;;;;30;
96;5;;;;;;;;;
96;6;40;3;;Injection;;;;0;
96;7;;;;;;;;;
96;8;40;0;;Injection;;;;30;
96;9;;;;;;;;;
96;10;40;0;;Injection;;;;30;
96;11;;;;;;;;;
96;12;40;0;sleppe 33m;Injection;;;;;
96;13;;;;;;;;;
96;14;;;traff skjoldet;;;;;;
96;15;40;0;;Injection;;;;0;Utgang
96;16;40;0;;Injection;;;;30;
96;17;;;;;;;;;
96;18;40;0;;Injection;;;;;
96;19;;;;;;;;;
96;20;40;0;;Injection;;;;30;
96;21;;;;;;;;;
96;22;40;6;;Injection;;;;30;
96;23;;;;;;;;;
96;24;40;0;;Injection;;;;30;
111;1;;;;;;;;;
111;2;40;0;;Probe;;;;;
111;3;;;;;;;;;
111;4;;;;;;;;;
111;5;;;;;;;;;
111;6;40;0;;Probe;;;;;
111;7;;;;;;;;;
111;8;;;;;;;;;
111;9;;;;;;;;;
111;10;40;0;;Probe;;;;;
111;11;;;;;;;;;
111;12;;;;;;;;;
111;13;;;;;;;;;
111;14;40;0;;Probe;;;;;
111;15;;;;;;;;;
111;16;;;;;;;;;
111;17;;;;;;;;;
111;18;40;5;;Probe;;;;;
111;19;;;;;;;;;
111;20;;;;;;;;;
111;21;;;;;;;;;
111;22;40;0;;Probe;;;;;
111;23;;;;;;;;;
111;24;;;;;;;;;
124;1;40;0;;Injection;208;;;;Utgang
124;2;18;0;Mystet styrestang;Injection;388;;;50;
124;3;;;;;;;;;
124;4;;;;;;;;;
124;5;;;;;;;;;
124;6;40;0;;Injection;277;;;;utgang
124;7;;;;;;;;;
124;8;;;;;;;;;
124;9;;;;;;;;;
124;10;40;0;;Injection;540;103;;50;
124;11;;;;;;;;;
124;12;;;;;;;;;
124;13;;;;;;;;;
124;14;40;0;Pakker ikke plassert;Injection;;;;;
124;15;;;;;;;;;
124;16;;;;;;;;;
124;17;;;;;616;684;;;utgang
124;18;40;5;;Injection;;;;;
124;19;;;;;;;;;
124;20;;;;;;;;;
124;21;;;;;;;;;
124;22;40;0;;Injection;257;;;;utgang
124;23;;;;;;;;;
124;24;;;;;;;;;
138;1;;;;;;;;;
138;2;;;;;;;;;
138;3;40;0;;Injection;;;;45;
138;4;;;;;;;;;
138;5;40;0;;Injection;;;;34;
138;6;;;;;;;;;
138;7;40;25;;Injection;;;;45;
138;8;;;;;;;;;
138;9;40;0;;Injection;;;;36;stoppet på mengde
138;10;40;0;;Injection;;;;50;
138;11;;;;;;;;;
138;12;;;;;;;;;
138;13;;;;;;;;;
138;14;40;0;;Injection;;;;50;
138;15;;;;;;;;;
138;16;40;0;;Injection;;;;3;utgang
138;17;;;;;;;;;
138;18;40;0;;Injection;;;;39;
138;19;;;;;;;;;
138;20;40;0;;Injection;;;;50;
138;21;40;0;;Injection;;;;34;stoppet på mengde
138;22;40;20;;Injection;;;;35;
138;23;;;;;;;;;
138;24;40;0;;Injection;;;;35;
140;1;33;0;;Injection;350;;;50;
140;2;;;;;;;;;
140;3;33;0;;Injection;170;;;50;
140;4;;;;;;;;;
140;5;33;0;;Injection;723;;;50;
140;6;;;;;;;;;
140;7;33;0;;Injection;653;1474;;50;
140;8;;;;;;;;;
140;9;33;0;;Injection;520;753;;50;
140;10;;;;;;;;;
140;11;33;0;;Injection;604;200;;50;
140;12;;;;;;;;;
140;13;33;4;;Injection;507;285;59;50;
140;14;;;;;;;;;
140;15;33;0;;Injection;744;172;;50;
140;16;;;;;;;;;
140;17;33;0;;Injection;336;;;50;
140;18;;;;;;;;;
140;19;33;0;;Injection;831;652;;50;
140;20;;;;;;;;;
140;21;33;1.7;;Injection;1003;703;;50;
140;22;;;;;;;;;
140;23;33;0;;Injection;133;;;50;
140;24;;;;;;;;;
141;1;32.6;0;Ok;Injection;;;;;
141;2;;;;;;;;;
141;3;32.6;2;Ok feilmelding på gi;Injection;;;;;
141;4;;;;;;;;;
141;5;32.6;0;Ok;Injection;;;;;
141;6;;;;;;;;;
141;7;32.6;1;Ok strømbrudd;Injection;;;;;
141;8;;;;;;;;;
141;9;32.6;0;Ok;Injection;;;;;
141;10;;;;;;;;;
141;11;32.6;0;Ok;Injection;;;;;
141;12;;;;;;;;;
141;13;;;;;;;;;
141;14;32.6;0;Ok strømbrudd;Injection;;;;;
141;15;32.6;0;Ok;Injection;;;;;
141;16;;;;;;;;;
141;17;32.6;1;Ok;Injection;;;;;
141;18;;;;;;;;;
141;19;32.6;3;Ok;Injection;;;;;
141;20;;;;;;;;;
141;21;32.6;2;Ok;Injection;;;;;
141;22;;;;;;;;;
141;23;32.6;0;Ok strømbrud;Injection;;;;;
141;24;;;;;;;;;
146;1;;;;;;;;;
146;2;27;0;;Injection;579;;;50;
146;3;;;;;;;;;
146;4;;;;;;;;;
146;5;;;;;;;;;
146;6;27;0;;Injection;721;233;;50;
146;7;;;;;;;;;
146;8;27;0;;Injection;;;;;
146;9;;;;;;;;;
146;10;;;;;;;;;
146;11;;;;;;;;;
146;12;;;;;;;;;
146;13;;;;;;;;;
146;14;;;;;;;;;
146;15;;;;;;;;;
146;16;27;0;;Injection;742;1038;;50;
146;17;;;;;;;;;
146;18;;;;;;;;;
146;19;;;;;700;;;50;
146;20;27;0;;Injection;;;;;
146;21;;;;;;;;;
146;22;;;;;;;;;
146;23;27;0;;Injection;331;;;50;
146;24;;;;;;;;;
148;1;24;0;;Injection;738;290;;35;Liten utgang
148;2;24;0;;Injection;585;;;50;
148;3;;;;;;;;;
148;4;24;0;;Injection;146;;;50;
148;5;24;0;;Injection;574;850;;50;
148;6;;;;;;;;;
148;7;;;;;;;;;
148;8;24;0;;Injection;782;863;567;50;
148;9;24;0;;Injection;571;666;1560;50;
148;10;24;0;;Injection;791;405;;50;
148;11;24;0;;Injection;512;1084;;50;
148;12;24;0;;Injection;526;1427;1867;50;
148;13;24;0;;Injection;116;;;0;Utgang
148;14;24;0;;Injection;635;1188;2403;50;
148;15;24;0;;Injection;642;891;;50;
148;16;24;0;;Injection;710;902;;50;
148;17;24;0;;Injection;576;571;7;50;
148;18;24;0;;Injection;781;551;558;50;
148;19;24;0;;Injection;356;;;50;
148;20;24;0;;Injection;682;1237;103;50;
148;21;24;0;;Injection;3;;;50;
148;22;24;0;;Injection;611;560;;50;
148;23;24;0;;Injection;872;1049;;50;
148;24;24;0;;Injection;661;585;527;50;
158;1;24;0;;Injection;73;;;50;
158;2;24;0;;Injection;77;;;50;
158;3;;;;;;;;;
158;4;;;;;;;;;
158;5;24;0;;Injection;84;;;50;
158;6;24;0;;Injection;81;;;50;
158;7;24;0;;Injection;77;;;50;
158;8;24;0;;Injection;35;;;50;
158;9;24;0;;Injection;670;852;1035;50;
158;10;24;0;;Injection;202;;;50;
158;11;24;0;;Injection;354;;;50;
158;12;;;;;;;;;
158;13;24;0;;Injection;913;733;38;50;
158;14;24;0;;Injection;724;723;174;50;
158;15;24;0;;Injection;121;;;50;
158;16;24;0;;Injection;262;;;50;
158;17;24;0;;Injection;33;;;50;
158;18;24;0;;Injection;25;;;50;
158;19;24;0;;Injection;616;1418;;50;
158;20;24;0;;Injection;641;555;;50;
158;21;24;0;;Injection;309;;;50;
158;22;24;0;;Injection;541;60;;50;
158;23;24;0;;Injection;90;;;50;
158;24;24;0;;Injection;85;;;50;
169;1;;;Fikk ikke satt pakkr;;;;;;
169;2;32.6;20;;Injection;4;;;50;
169;3;32.6;0;;Injection;567;1041;4;50;
169;4;32.6;0;;Injection;181;;;0;Utgang bak pakker
169;5;32.6;0;;Injection;146;;;50;
169;6;32.6;0;;Injection;236;;;50;
169;7;32.6;0;;Injection;34;;;0;Utgang
169;8;32.6;0;;Injection;639;1006;;38;Utgang
169;9;32.6;0;;Injection;619;809;;50;
169;10;32.6;0;;Injection;819;959;;40;Utgang
169;11;32.6;0;;Injection;112;;;50;
169;12;;;Fikk ikke satt pakkr;;;;;;
169;13;;;Fikk ikke satt pakkr;;;;;;
169;14;;;Fikk ikke satt pakkr;;;;;;
169;15;32.6;0;;Injection;895;1028;;50;
169;16;32.6;0;;Injection;91;;;50;
169;17;32.6;0;;Injection;50;;;50;8 m
169;18;32.6;0;;Injection;529;452;;50;
169;19;32.6;0;;Injection;556;1066;4457;28;
169;20;32.6;0;;Injection;596;1053;1557;50;
169;21;32.6;0;;Injection;566;2826;1082;28;Utgang til 22
169;22;32.6;0;;Injection;528;980;1404;50;
169;23;32.6;0;;Injection;222;;;50;Direkte utgang
169;24;;;Fikk ikke satt pakkr;;;;;;
171;1;;;;;;;;;
171;2;27;0;Boret;Control;;;;;Ikke fått i pakker
171;3;;;;;;;;;
171;4;;;;;;;;;
171;5;;;;;;;;;
171;6;;;;;;;;;
171;7;;;;;;;;;
171;8;27;0;Boret 26.7m;Control;;;;;Ikke montert pakker
171;9;;;;;;;;;
171;10;;;;;;;;;
171;11;;;;;;;;;
171;12;;;;;;;;;
171;13;;;;;;;;;
171;14;;;;;;;;;
171;15;27;0;;Control;632;802;;50;
171;16;;;;;;;;;
171;17;;;;;;;;;
171;18;27;0;;Control;288;;;0;Dir utgang
171;19;;;;;;;;;
171;20;;;;;;;;;
171;21;;;;;;;;;
171;22;27;0;;Control;190;;;50;
171;23;;;;;;;;;
171;24;;;;;;;;;
173;1;33;0;;Injection;;;;;Slange dratt ut pga rotering av kutterhode og hull ødelagt, ikke mulig å sette i ny pakker og slange
173;2;33;1.75;;Injection;290;;;50;
173;3;33;4.85;Utgang;Injection;516;663;65;35;Utgang i kutterhode
173;4;33;0;;Injection;522;36;;50;
173;5;33;0;Dir utgang;Injection;556;54;;0;
173;6;33;0;Utgang til 5;Injection;439;;387;45;Dir utgang, begynt m/0.6
173;7;33;0;Utgang til 5-6;Injection;255;;1044;45;Dir utgang, begynt m/0.6
173;8;33;0;;Injection;527;1012;165;50;
173;9;4;0;Boret i skjold;Injection;;;;;Boret i skjold
173;10;4;0;Boret i skjold;Injection;;;;;Boret i skjold
173;11;32;0;Hull rast igjen;;;;;;Er boret, men er så dårlig gjell og løsmasser ikke mulig og få i pakker
173;12;33;0;Hull rast igjen;;;;;;Er boret, men er så dårlig gjell og løsmasser ikke mulig og få i pakker
173;13;30;0;Hull rast igjen;;;;;;Er boret, men er så dårlig gjell og løsmasser ikke mulig og få i pakker
173;14;33;0;;Injection;524;1016;3609;50;
173;15;33;0;;Injection;518;1131;1237;50;
173;16;33;0;Utgang;Injection;308;1007;145;50;
173;17;33;0;;Injection;3;;;50;
173;18;33;0;;Injection;520;1005;;;
173;19;33;0;;Injection;490;;;50;
173;20;33;0;Utgang;Injection;464;;;30;
173;21;33;0;;Injection;0;;;50;
173;22;33;0;Utgang;Injection;486;;68;35;Utgang i kutterhode
173;23;33;0;Utgang;Injection;333;;71;30;Utgang i kutterhode
173;24;33;0;;Injection;;;;;Slange dratt ut pga rotering av kutterhode og hull ødelagt, ikke mulig å sette i ny pakker og slange
175;1;;;;;;;;;
175;2;27;0;;Injection;648;304;;50;
175;3;;;;;;;;;
175;4;;;;;;;;;
175;5;27;0;;Injection;12;;;50;
175;6;;;;;;;;;
175;7;;;;;;;;;
175;8;;;;;;;;;
175;9;27;0;;Injection;650;;;50;
175;10;;;;;;;;;
175;11;;;;;;;;;
175;12;;;;;;;;;
175;13;;;;;;;;;
175;14;27;0;;Injection;558;341;;50;
175;15;;;;;;;;;
175;16;;;;;;;;;
175;17;;;;;;;;;
175;18;27;0;;Injection;215;;;50;
175;19;;;;;;;;;
175;20;;;;;;;;;
175;21;27;0;;Injection;301;;;50;
175;22;;;;;;;;;
175;23;;;;;;;;;
175;24;;;;;;;;;
183;1;32.6;4;utgang;Injection;32.6;700;103;16;
183;2;32.6;0;;Injection;32.6;4;;50;
183;3;32.6;0;utgang i skjold;Injection;32.6;119;;;
183;4;32.6;0;;Injection;32.6;758;310;50;
183;5;32.6;0;;Injection;;508;696;50;
183;6;32.6;0;;Injection;;332;;39;
183;7;32.6;0;;Injection;;190;;36;
183;8;32.6;0;;Injection;;84;;34;
183;9;32.6;0;;Injection;;69;;32;
183;10;32.6;0;mengde;Injection;;687;762;38;
183;11;32.6;0;mengde;Injection;;686;655;26;
183;12;;;Kan ikke bores;Injection;;;;;
183;13;;;Kan ikke bores;Injection;;;;;
183;14;32.6;0;mengde;Injection;;74;;50;
183;15;32.6;0;mengde;Injection;;663;729;34;
183;16;32.6;0;;Injection;;609;658;36;
183;17;32.6;0;;Injection;;228;;32;
183;18;32.6;0;;Injection;;141;;34;starttrykk
183;19;32.6;0;;Injection;;88;;31;
183;20;32.6;0;;Injection;;515;553;50;
183;21;32.6;16;;Injection;;446;;50;
183;22;32.6;0;;Injection;;;;;
183;23;32.6;0;;Injection;;775;354;50;
183;24;32.6;2;;Injection;;709;558;50;
185;1;;;;;;;;50;
185;2;;;;;351;;;;
185;3;;;;;;;;;
185;4;;;;;;;;;
185;5;;;;;;;;;
185;6;;;;;788;677;;50;
185;7;;;;;;;;;
185;8;;;;;;;;;
185;9;;;;;;;;;
185;10;;;;;504;;;50;
185;11;;;;;;;;;
185;12;;;;;;;;;
185;13;;;;;;;;;
185;14;;;;;67;;;50;
185;15;;;;;;;;;
185;16;;;;;;;;;
185;17;;;;;;;;;
185;18;;;;;702;722;;50;
185;19;;;;;;;;;
185;20;;;;;;;;;
185;21;;;;;;;;;
185;22;;;;;876;999;2088;50;
185;23;;;;;;;;;
185;24;;;;;;;;;
199;1;32.6;0;;Injection;633;1022;50;;50
199;2;32.6;0;;Injection;553;1210;1565;;50
199;3;32.6;0;;Injection;625;593;;;50
199;4;32.6;0;;Injection;96;;;;0
199;5;32.6;0;;Injection;190;;;;50
199;6;32.6;0;;Injection;331;;;;0
199;7;32.6;0;;Injection;30;;;;50
199;8;32.6;0;;Injection;303;;;;50
199;9;22;0;dårlig fjell;Injection;469;;;;8
199;10;18;0;boret tett;Injection;401;;;;50
199;11;32.6;0;;Injection;702;1159;2350;;50
199;12;32.6;0;;Injection;31;;;;50
199;13;32.6;0;;Injection;712;590;;;50
199;14;32.6;0;;Injection;705;692;;;50
199;15;32.6;1;;Injection;740;708;450;;5
199;16;32.6;0;;Injection;218;;;;
199;17;32.6;0;;Injection;;;;;
199;18;32.6;0;;Injection;497;;;;8
199;19;32.6;0;;Injection;4;;;;50
199;20;32.6;0;;Injection;556;1016;432;;50
199;21;32.6;0;;Injection;525;1042;947;;31
199;22;32.6;0;;Injection;515;163;;;50
199;23;32.6;0;;Injection;548;757;;;50
199;24;32.6;0;;Injection;514;199;;;50
201;1;;;;;;;;;
201;2;27;0;;Injection;;;;;
201;3;;;;;;;;;
201;4;;;;;;;;;
201;5;;;;;;;;;
201;6;27;0;;Injection;;;;;
201;7;;;;;;;;;
201;8;27;0;;Injection;;;;;
201;9;;;;;;;;;
201;10;;;;;;;;;
201;11;;;;;;;;;
201;12;;;;;;;;;
201;13;;;;;;;;;
201;14;;;;;;;;;
201;15;;;;;;;;;
201;16;27;0;;Injection;;;;;
201;17;;;;;;;;;
201;18;;;;;;;;;
201;19;27;0;;Injection;;;;;
201;20;;;;;;;;;
201;21;;;;;;;;;
201;22;;;;;;;;;
201;23;27;0;;Injection;;;;;
201;24;;;;;;;;;
208;1;32.6;0;;Injection;102;;;50;
208;2;32.6;0;;Injection;72;;;50;
208;3;32.6;0;;Injection;4;;;50;
208;4;32.6;0;;Injection;894;;;50;
208;5;32.6;0;;Injection;1030;;;50;
208;6;32.6;0;;Injection;1001;232;;50;
208;7;;;;;;;;;
208;8;;;;;;;;;
208;9;;;;;;;;;
208;10;24;0;;Injection;107;;;50;
208;11;;;;;;;;;
208;12;;;;;;;;;
208;13;;;;;;;;;
208;14;;;;;;;;;
208;15;;;;;;;;;
208;16;;;;;;;;;
208;17;;;;;;;;;
208;18;32.6;0;;Injection;53;;;50;
208;19;32.6;0;;Injection;1087;135;;50;
208;20;32.6;0;;Injection;365;;;0;Utgang i skjold
208;21;32.6;0;;Injection;369;;;50;
208;22;32.6;0;;Injection;852;;;50;
208;23;32.6;0;;Injection;1001;706;;50;
208;24;;;;;;;;;
212;1;32.6;0;;Injection;;;;37;utgang
212;2;32.6;0;;Injection;;;;53;
212;3;32.6;0;;Injection;;;;51;
212;4;;;Traff skjoldet;;;;;;
212;5;32.6;0;;Injection;;;;51;
212;6;32.6;0;;Injection;;;;47;utgang
212;7;32.6;0;;Injection;;;;50;
212;8;32;0;;Injection;;;;17;utgang
212;9;32.6;0;;Injection;;;;;
212;10;;;Dårlig fjell;;;;;;
212;11;;;Dårlig fjell;;;;;;
212;12;;;Dårlig fjell;;;;;;
212;13;;;Dårlig fjell;;;;;;
212;14;32.6;0;ikke montert pakker;Injection;;;;;
212;15;32.6;0;;Injection;;;;48;utgang
212;16;32.6;0;;Injection;;;;50;
212;17;32.6;0;;Injection;;;;49;
212;18;32.6;0;;Injection;;;;50;
212;19;32.6;0;;Injection;;;;50;
212;20;32.6;0;;Injection;;;;50;
212;21;32.6;0;;Injection;;;;50;
212;22;32.6;0;;Injection;;;;51;
212;23;32.6;0;;Injection;;;;50;
212;24;32.6;0;;Injection;;;;51;
214;1;;;;;;;;;
214;2;27;0;Tørt;Injection;;;;37;Utgang
214;3;;;;;;;;;
214;4;;;;;;;;;
214;5;;;;;;;;;
214;6;27;0;Tørt;Injection;;;;50;
214;7;;;;;;;;;
214;8;;;;;;;;;
214;9;27;0;Tørt;Injection;;;;50;
214;10;;;;;;;;;
214;11;;;;;;;;;
214;12;;;;;;;;;
214;13;27;0;Tørt;Injection;;;;50;
214;14;;;;;;;;;
214;15;;;;;;;;;
214;16;;;;;;;;;
214;17;27;0;Tørt;Injection;;;;50;
214;18;;;;;;;;;
214;19;;;;;;;;;
214;20;;;;;;;;;
214;21;27;0;Tørt;Injection;;;;50;
214;22;;;;;;;;;
214;23;;;;;;;;;
214;24;;;;;;;;;
224;1;;;;;;;;;
224;2;27;0;;Injection;;;;40;
224;3;;;;;;;;;
224;4;;;;;;;;;
224;5;27;0.3;;Injection;;;;40;
224;6;;;;;;;;;
224;7;;;;;;;;;
224;8;;;;;;;;;
224;9;27;0;;Injection;;;;40;
224;10;;;;;;;;;
224;11;;;;;;;;;
224;12;;;;;;;;;
224;13;27;0;;Injection;;;;40;
224;14;;;;;;;;;
224;15;;;;;;;;;
224;16;;;;;;;;;
224;17;27;0;;Injection;;;;40;
224;18;;;;;;;;;
224;19;;;;;;;;;
224;20;;;;;;;;;
224;21;27;0;;Injection;;;;40;
224;22;;;;;;;;;
224;23;;;;;;;;;
224;24;;;;;;;;;
232;1;32.6;0;;Injection;;;;45;
232;2;32.6;0;;Injection;;;;45;
232;3;32.6;0;;Injection;;;;45;
232;4;32.6;0;;Injection;;;;45;
232;5;32.6;1;;Injection;;;;45;
232;6;32.6;0;;Injection;;;;45;
232;7;32.6;0;;Injection;;;;45;
232;8;32.6;0;;Injection;;;;45;
232;9;32.6;0;;Injection;;;;45;
232;10;32.6;0;;Injection;;;;45;
232;11;32.6;0;;Injection;;;;45;
232;12;32.6;0;;Injection;;;;45;
232;13;32.6;0;;Injection;;;;45;
232;14;32.6;0;;Injection;;;;45;
232;15;32.6;0;;Injection;;;;45;
232;16;32.6;0;;Injection;;;;45;
232;17;32.6;0;;Injection;;;;45;
232;18;32.6;0;;Injection;;;;45;
232;19;32.6;0;;Injection;;;;45;
232;20;32.6;0;;Injection;;;;45;
232;21;32.6;0;;Injection;;;;45;
232;22;32.6;0;;Injection;;;;45;
232;23;32.6;0;;Injection;;;;45;
232;24;32.6;0;;Injection;;;;45;
234;1;;;;;;;;;
234;2;27;0;;Injection;;;;45;
234;3;;;;;;;;;
234;4;;;;;;;;;
234;5;27;0;;Injection;;;;45;
234;6;;;;;;;;;
234;7;;;;;;;;;
234;8;;;;;;;;;
234;9;27;0;;Injection;;;;45;
234;10;;;;;;;;;
234;11;;;;;;;;;
234;12;;;;;;;;;
234;13;;;;;;;;;
234;14;27;0;;Injection;;;;45;
234;15;;;;;;;;;
234;16;;;;;;;;;
234;17;27;0;;Injection;;;;45;
234;18;;;;;;;;;
234;19;;;;;;;;;
234;20;;;;;;;;;
234;21;27;0;;Injection;;;;45;
234;22;;;;;;;;;
234;23;;;;;;;;;
234;24;;;;;;;;;
242;1;32.6;0;;Injection;;;;45;
242;2;9;0;Traff skjoldet;Injection;;;;;
242;3;32.6;0;;Injection;;;;45;
242;4;32.6;0;;Injection;;;;45;
242;5;32.6;0;;Injection;;;;45;
242;6;32.6;2;;Injection;;;;45;
242;7;32.6;0;;Injection;;;;45;
242;8;32.6;0;;Injection;;;;45;
242;9;32.6;0;;Injection;;;;45;
242;10;32.6;2;;Injection;;;;45;gjennomgang til hull 11
242;11;32.6;0;;Injection;;;;45;
242;12;32.6;0;;Injection;;;;45;
242;13;0;0;Traff skjoldet;Injection;;;;;traff skjoldet.
242;14;32.6;0;;Injection;;;;45;
242;15;32.6;1;;Injection;;;;45;
242;16;32.6;0;;Injection;;;;45;
242;17;32.6;1;;Injection;;;;45;
242;18;32.6;0;;Injection;;;;45;
242;19;32.6;0;;Injection;;;;45;
242;20;32.6;0;;Injection;;;;45;
242;21;32.6;0;;Injection;;;;45;
242;22;32.6;0;;Injection;;;;45;
242;23;32.6;0;;Injection;;;;45;
242;24;12;0;Bora tett / Leire;Injection;;;;45;
244;1;;;;;;;;;
244;2;27;0;;Injection;;;;45;
244;3;;;;;;;;;
244;4;;;;;;;;;
244;5;27;0;;Injection;;;;45;
244;6;;;;;;;;;
244;7;;;;;;;;;
244;8;;;;;;;;;
244;9;;;;;;;;;
244;10;27;0;;Injection;;;;45;
244;11;;;;;;;;;
244;12;;;;;;;;;
244;13;;;;;;;;;
244;14;27;0;;Injection;;;;45;
244;15;;;;;;;;;
244;16;;;;;;;;;
244;17;;;;;;;;;
244;18;27;0;;Injection;;;;45;
244;19;;;;;;;;;
244;20;;;;;;;;;
244;21;;;;;;;;;
244;22;27;0;;Injection;;;;45;
244;23;;;;;;;;;
244;24;;;;;;;;;
252;1;32.6;0;dårlig fjell;Injection;;;;45;
252;2;32.6;0;dårlig fjell;Injection;;;;45;
252;3;32.6;0;dårlig fjell;Injection;;;;45;
252;4;32.6;0;;Injection;;;;45;
252;5;32.6;0;;Injection;;;;45;
252;6;32.6;0;;Injection;;;;45;
252;7;32.6;0;;Injection;;;;45;
252;8;32.6;0;;Injection;;;;45;
252;9;32.6;0;;Injection;;;;45;
252;10;32.6;0;;Injection;;;;45;
252;11;32.6;0;;Injection;;;;45;
252;12;0;0;Traff skjoldet;Injection;;;;0;ikke boret
252;13;32.6;0;;Injection;;;;45;
252;14;32.6;0;;Injection;;;;45;
252;15;32.6;5;;Injection;;;;45;
252;16;32.6;0;;Injection;;;;45;
252;17;32.6;0;;Injection;;;;45;
252;18;32.6;0;;Injection;;;;45;
252;19;32.6;0;;Injection;;;;45;
252;20;32.6;0;;Injection;;;;45;
252;21;32.6;0;;Injection;;;;45;
252;22;32.6;0;dårlig fjell;Injection;;;;45;
252;23;32.6;0;dårlig fjell;Injection;;;;45;
252;24;32.6;0;dårlig fjell;Injection;;;;45;
254;1;;;;;;;;;
254;2;27;0;;Injection;;;;45;
254;3;;;;;;;;;
254;4;;;;;;;;;
254;5;27;0;;Injection;;;;45;
254;6;;;;;;;;;
254;7;;;;;;;;;
254;8;;;;;;;;;
254;9;27;0;;Injection;;;;45;
254;10;;;;;;;;;
254;11;;;;;;;;;
254;12;;;;;;;;;
254;13;27;0;;Injection;;;;39;Liten utgang
254;14;;;;;;;;;
254;15;;;;;;;;;
254;16;;;;;;;;;
254;17;27;0;;Injection;;;;45;
254;18;;;;;;;;;
254;19;;;;;;;;;
254;20;27;0;;Injection;;;;45;
254;21;;;;;;;;;
254;22;;;;;;;;;
254;23;;;;;;;;;
254;24;;;;;;;;;
262;1;;;;;;;;;
262;2;18;0;KNEKT SKØYTESTANG;Injection;;;;;
262;3;;;;;;;;;
262;4;;;;;;;;;
262;5;32.6;0;;Injection;7;;;45;
262;6;;;;;;;;;
262;7;;;;;;;;;
262;8;;;;;;;;;
262;9;32.6;0;;Injection;510;963;;45;
262;10;32.6;0;;Injection;565;975;;45;
262;11;32.6;0;FIKK IKKE PAKKER;Injection;;;;;
262;12;;;;;;;;;
262;13;;;;;;;;;
262;14;32.6;0;;Injection;570;713;;45;
262;15;32.6;0;;Injection;523;476;;45;
262;16;32.6;0;;Injection;621;;;45;
262;17;13;0;FIKK IKKE PAKKER;Injection;517;;;45;
262;18;32.6;0;;Injection;;;;;
262;19;32.6;0;;Injection;1020;257;;45;
262;20;32.6;0.8;;Injection;199;;;45;
262;21;32.6;0;;Injection;113;;;45;
262;22;32.6;0;;Injection;93;;;45;
262;23;32.6;0;;Injection;;;;;
262;24;32.6;0;;Injection;;;;;
264;1;;;;;;;;;
264;2;27;0;;Control;74;;;45;
264;3;27;0;;Control;73;;;45;
264;4;;;;;;;;;
264;5;27;0;;Control;4;;;45;
264;6;27;0;;Control;18;;;45;
264;7;;;;;;;;;
264;8;27;0;;Control;800;;;45;
264;9;;;;;;;;;
264;10;;;;;;;;;
264;11;;;;;;;;;
264;12;27;0;;Control;564;193;;45;
264;13;27;0;;Control;517;923;;45;
264;14;;;;;;;;;
264;15;;;;;;;;;
264;16;27;0;;Control;606;209;;45;
264;17;;;;;;;;;
264;18;27;0;;Control;77;;;45;
264;19;;;;;;;;;
264;20;27;0;;Control;61;;;45;
264;21;;;;;;;;;
264;22;20;0;Bom stopp 20m;Control;;;;;
264;23;;;;;;;;;
264;24;;;;;;;;;
272;1;33;0;;Injection;;303;;36;
272;2;33;0;;Injection;37;;;45;
272;3;33;0;;Injection;789;718;163;34;
272;4;4;0;Gikk i skjold;Injection;;;;;
272;5;33;0;;Injection;687;826;15;45;
272;6;33;0;;Injection;405;;;45;
272;7;33;0;;Injection;567;898;;45;
272;8;33;0;;Injection;723;723;212;45;
272;9;33;0;;Injection;601;695;307;45;
272;10;33;0;;Injection;158;;;1;Utgang
272;11;33;0;;Injection;591;861;346;45;
272;12;33;0;;Injection;;;;;
272;13;0;0;Dårlig fjell;Injection;;;;;Fikk ikke pakker i
272;14;33;0;;Injection;526;713;1581;45;
272;15;33;0;;Injection;582;314;;45;
272;16;33;0;;Injection;585;728;254;45;
272;17;33;0;;Injection;13;;;45;
272;18;33;0;;Injection;459;;;45;
272;19;33;0;;Injection;702;816;198;30;
272;20;33;0;;Injection;768;320;;45;
272;21;33;0;;Injection;;59;;37;
272;22;33;0;;Injection;;79;;38;
272;23;33;0.5;Sleppe 19 m;Injection;;129;;35;
272;24;0;0;Skade i hull;Injection;;;;;Ikke boret
274;1;;;;;;;;;
274;2;;;;;;;;;
274;3;;;;;;;;;
274;4;27;0;;Control;27;;;40;
274;5;;;;;;;;;
274;6;;;;;;;;;
274;7;;;;;;;;;
274;8;27;0;;Control;385;;;40;
274;9;;;;;;;;;
274;10;;;;;;;;;
274;11;27;0;;Control;85;;;40;
274;12;;;;;;;;;
274;13;;;;;;;;;
274;14;27;0;;Control;92;;;40;
274;15;;;;;;;;;
274;16;;;;;;;;;
274;17;;;;;;;;;
274;18;27;0;;Control;296;;;40;
274;19;;;;;;;;;
274;20;;;;;;;;;
274;21;;;;;;;;;
274;22;27;0;;Control;430;;;40;
274;23;;;;;;;;;
274;24;;;;;;;;;
282;1;16;0;stop 16m;Probe;;;;;
282;2;20;0;stop 20m;Probe;501;65;;34;grout coming into the cutter head
282;3;19;0;brocken driller;Probe;;;;;
282;4;32.6;0.5;;Probe;467;;;35;grout coming into the cutter head
282;5;32.6;0;slope 30,4-31m;Probe;630;178;;50;
282;6;32.6;0;;Probe;4;;;50;
282;7;32.6;0;slope 12-13m;Probe;557;755;;50;
282;8;32.6;0;;Probe;637;1088;609;50;
282;9;32.6;0;;Probe;14;;;50;
282;10;32.6;0;;Probe;274;;;50;
282;11;32.6;0;;Probe;883;1009;700;50;
282;12;32.6;0;;Probe;92;;;50;
282;13;28;0;stop 28m;Probe;4;;;50;
282;14;32.6;0;;Probe;62;;;50;
282;15;32.6;0;;Probe;108;;;50;
282;16;32.6;0;;Probe;72;;;50;
282;17;32.6;0;;Probe;171;;;50;
282;18;32.6;0;;Probe;37;;;50;
282;19;32.6;0;;Probe;527;1002;513;43;grout coming into the cutter head
282;20;32.6;3;;Probe;4;;;50;
282;21;30;2;;Probe;509;288;;40;
282;22;30;0;;Probe;550;335;;45;
282;23;17;0;bomb stoped 16,6m;Probe;196;;;;
282;24;0;0;Hole yet to fix;Probe;;;;;
284;1;;;;;;;;;
284;2;27;0;crack 17-17,9m;Control;3;;;50;
284;3;;;;;;;;;
284;4;;;;;;;;;
284;5;27;0;;Control;580;279;;43;grout coming out of cutterhead
284;6;;;;;;;;;
284;7;;;;;;;;;
284;8;;;;;;;;;
284;9;27;0;;Control;531;981;132;50;
284;10;;;;;;;;;
284;11;;;;;;;;;
284;12;;;;;;;;;
284;13;27;0;;Control;281;;;50;
284;14;;;;;;;;;
284;15;;;;;;;;;
284;16;;;;;;;;;
284;17;27;0;;Control;413;;;50;
284;18;;;;;;;;;
284;19;;;;;;;;;
284;20;;;;;;;;;
284;21;27;0;;Control;145;;;35;grout coming out of cutterhead
284;22;;;;;;;;;
284;23;;;;;;;;;
284;24;;;;;;;;;
292;1;33;0;;Injection;326;;;0;Direkte utgang
292;2;33;0;;Injection;583;588;;42;Utgang
292;3;33;0;;Injection;120;;;0;Direkte utgang
292;4;33;0;Sleppe 23,0-24,63m;Injection;507;169;;50;
292;5;33;0;;Injection;576;1049;;50;
292;6;33;0;;Injection;639;1005;1117;45;Utgang venstre side
292;7;33;0;;Injection;302;399;;0;Ikke trykk. Utgang skjold.
292;8;33;0;;Injection;564;1017;1048;45;Utgang venstre side
292;9;33;0;Sleppe 20,2-20,8m;Injection;76;;;40;Utgang
292;10;33;0;;Injection;513;846;;50;
292;11;33;0;;Injection;91;;;50;
292;12;33;0;;Injection;611;1140;;50;
292;13;33;0;Sleppe 7,8-8,5m;Injection;18;;;50;
292;14;33;0;;Injection;83;;;50;
292;15;33;0;;Injection;515;893;;50;
292;16;33;0;;Injection;3;;;50;
292;17;33;0;;Injection;516;82;;50;
292;18;33;0;;Injection;382;;;25;Utgang i skjold
292;19;33;0;;Injection;576;866;;50;
292;20;33;0;;Injection;594;1044;520;30;Utgang i skjold
292;21;33;0;;Injection;550;1193;356;50;
292;22;33;0;;Injection;511;490;;40;Pakker kom ut
292;23;8;0;;Injection;;;;;
292;24;0;0;Mangler rør;Injection;;;;;
294;1;;;;;;;;;
294;2;27;0;;Control;9;;;50;
294;3;;;;;;;;;
294;4;;;;;;;;;
294;5;;;;;;;;;
294;6;27;0;;Control;85;;;50;
294;7;;;;;;;;;
294;8;;;;;;;;;
294;9;27;0;;Control;513;;;50;
294;10;;;;;;;;;
294;11;;;;;;;;;
294;12;;;;;;;;;
294;13;27;0;;Control;83;;;50;
294;14;;;;;;;;;
294;15;27;0;;Control;76;;;50;
294;16;;;;;;;;;
294;17;;;;;;;;;
294;18;;;;;;;;;
294;19;;;;;;;;;
294;20;;;;;;;;;
294;21;;;;;;;;;
294;22;;;;;;;;;
294;23;;;;;353;;;10;utgang i kotterskjold
294;24;;;;;;;;;
296;1;24;0;;Control;558;1010;75;50;
296;2;;;;;;;;;
296;3;;;;;;;;;
296;4;24;0;;Control;141;;;35;Utgang
296;5;;;;;;;;;
296;6;;;;;;;;;
296;7;;;;;;;;;
296;8;;;;;;;;;
296;9;;;;;;;;;
296;10;;;;;;;;;
296;11;24;0;;Control;91;;;50;
296;12;;;;;;;;;
296;13;;;;;;;;;
296;14;;;;;;;;;
296;15;;;;;;;;;
296;16;;;;;;;;;
296;17;24;0;;Control;634;1107;660;50;
296;18;;;;;;;;;
296;19;24;1.5;;Control;62;;;50;
296;20;;;;;;;;;
296;21;24;0;;Control;553;1019;490;50;
296;22;;;;;;;;;
296;23;;;;;;;;;
296;24;;;;;;;;;
302;1;32.6;0;;Injection;92;;;30;utgang
302;2;;;bort i skjold;;;;;;
302;3;32.6;0;;Injection;65;;;50;
302;4;32.6;0;;Injection;54;;;50;
302;5;32.6;0;;Injection;57;;;50;
302;6;32.6;0;;Injection;268;;;50;
302;7;28.5;0;;Injection;521;769;;50;
302;8;32.6;0;;Injection;511;402;;50;
302;9;32.6;0;;Injection;765;136;;50;
302;10;32.6;0;;Injection;823;451;;50;
302;11;32.6;0;;Injection;504;174;;1;
302;12;32.6;0;;Injection;511;493;;1;
302;13;32.6;0;;Injection;;;;;
302;14;32.6;0;;Injection;111;;;50;
302;15;32.6;0;;Injection;51;;;50;
302;16;32.6;0;;Injection;2;;;50;
302;17;32.6;0;;Injection;781;;;50;
302;18;32.6;0;;Injection;22;;;50;
302;19;32.6;0;;Injection;584;754;;50;
302;20;32.6;0;;Injection;501;1085;;50;
302;21;32.6;0;;Injection;91;;;50;
302;22;32.6;0;;Injection;522;377;;50;
302;23;32.6;0;;Injection;54;;;50;
302;24;;;ikke boret;;;;;;
304;1;;;;;;;;;
304;2;;;;;;;;;
304;3;;;;;;;;;
304;4;;;;;;;;;
304;5;;;;;;;;;
304;6;;;;;;;;;
304;7;;;;;;;;;
304;8;;;;;;;;;
304;9;;;;;;;;;
304;10;27;0;;;;;;;
304;11;;;;;;;;;
304;12;;;;;;;;;
304;13;;;;;;;;;
304;14;;;;;;;;;
304;15;11;0;;;;;;;
304;16;;;;;;;;;
304;17;;;;;;;;;
304;18;;;;;;;;;
304;19;;;;;;;;;
304;20;;;;;;;;;
304;21;;;;;;;;;
304;22;;;;;;;;;
304;23;;;;;;;;;
304;24;;;;;;;;;
312;1;;;;;;;;;
312;2;;;;;;;;;
312;3;;;;;;;;;
312;4;;;;;;;;;
312;5;;;;;;;;;
312;6;;;;;;;;;
312;7;;;;;;;;;
312;8;;;;;;;;;
312;9;;;15545;;;;;;
312;10;;;;;;;;;
312;11;;;;;;;;;
312;12;;;;;;;;;
312;13;;;;;;;;;
312;14;;;;;;;;;
312;15;;;;;;;;;
312;16;;;;;;;;;
312;17;;;;;;;;;
312;18;;;;;;;;;
312;19;;;;;;;;;
312;20;;;;;;;;;
312;21;;;;;;;;;
312;22;;;;;;;;;
312;23;;;;;;;;;
312;24;;;;;;;;;
314;1;;;;;;;;;
314;2;27;0;;Control;61;;;50;
314;3;;;;;;;;;
314;4;;;;;;;;;
314;5;27;0;;Control;62;;;50;
314;6;;;;;;;;;
314;7;;;;;;;;;
314;8;;;;;;;;;
314;9;27;0;;Control;73;;;8;exit grout
314;10;;;;;;;;;
314;11;;;;;;;;;
314;12;;;;;;;;;
314;13;;;;;;;;;
314;14;27;0;;Control;2;;;50;
314;15;;;;;;;;;
314;16;;;;;;;;;
314;17;27;0;;Control;122;;;50;
314;18;;;;;;;;;
314;19;;;;;;;;;
314;20;;;;;;;;;
314;21;27;0;;Control;67;;;50;
314;22;;;;;;;;;
314;23;;;;;;;;;
314;24;;;;;;;;;
317;1;;;;;;;;;
317;2;;;;;;;;;
317;3;;;;;;;;;
317;4;;;;;;;;;
317;5;;;;;;;;;
317;6;;;;;;;;;
317;7;;;;;;;;;
317;8;;;;;;;;;
317;9;;;;;;;;;
317;10;;;;;;;;;
317;11;;;;;;;;;
317;12;;;;;;;;;
317;13;;;;;;;;;
317;14;;;;;;;;;
317;15;;;;;;;;;
317;16;;;;;;;;;
317;17;;;;;;;;;
317;18;;;;;;;;;
317;19;;;;;;;;;
317;20;;;;;;;;;
317;21;;;;;;;;;
317;22;;;;;;;;;
317;23;;;;;;;;;
317;24;;;;;;;;;
322;1;32.6;6;;Probe;139;;;22;grout exit in shield
322;2;32.6;0;;Probe;147;;;27;grout exit in shield
322;3;32.6;0;;Probe;130;;;26;
322;4;32.6;4;;Probe;738;545;;38;grout exit
322;5;32.6;0;;Probe;568;;;50;
322;6;32.6;0;;Probe;;;;;
322;7;32.6;0;;Probe;570;512;;39;grout exit
322;8;32.6;0;;Probe;548;709;46;50;
322;9;32.6;0.7;;Probe;115;660;378;38;early change 0,8 to 0,6
322;10;32.6;0;;Probe;2;;;50;
322;11;32.6;0;;Probe;518;1040;104;50;
322;12;28;0;;Probe;;;;;couldn't pleace packer
322;13;32.6;0;slope at 21m;Probe;127;;;0;grout exit
322;14;32.6;0;;Probe;538;1006;981;50;
322;15;32.6;0;;Probe;1;;;50;
322;16;32.6;0;;Probe;167;;;2.5;grout exit
322;17;32.6;0;;Probe;399;748;192;50;
322;18;32.6;0;;Probe;572;985;572;50;
322;19;32.6;0;;Probe;507;189;;50;
322;20;32.6;0;;Probe;48;;;50;
322;21;32.6;0;;Probe;92;;;50;
322;22;32.6;0;;Probe;59;;;50;
322;23;13.5;0;crack at 8m;Probe;1;;;50;
322;24;0;0;;Probe;;;;50;
324;1;;;;;;;;;
324;2;27;0;;Control;704;394;;31;grouting coming out
324;3;;;;;;;;;
324;4;;;;;;;;;
324;5;;;;;;;;;
324;6;27;0;;Control;604;;;28;grouting coming out
324;7;;;;;;;;;
324;8;;;;;;;;;
324;9;;;;;;;;;
324;10;27;0;;Control;36;;;50;
324;11;;;;;;;;;
324;12;;;;;;;;;
324;13;;;;;;;;;
324;14;27;0;;Control;94;;;50;
324;15;;;;;;;;;
324;16;;;;;;;;;
324;17;;;;;;;;;
324;18;27;0;;Control;339;;;20;
324;19;;;;;;;;;
324;20;;;;;;;;;
324;21;;;;;;;;;
324;22;27;0;;Control;733;742;480;10;
324;23;;;;;;;;;
324;24;;;;;;;;;
330;1;;;;;;;;;
330;2;;;;;;;;;
330;3;;;;;840;773;93;50;
330;4;;;;;18;;;50;
330;5;;;;;700;711;162;50;
330;6;;;;;741;701;675;50;
330;7;;;;;782;;;50;
330;8;;;;;639;;;50;
330;9;;;;;722;638;;50;
330;10;;;;;;;;;
330;11;;;;;622;;;50;
330;12;;;;;687;;;50;
330;13;;;;;;;;;
330;14;;;;;783;722;1050;50;
330;15;;;;;718;713;264;50;
330;16;;;;;;;;;
330;17;;;;;627;12;;50;
330;18;;;;;384;;;50;
330;19;;;;;702;747;389;50;
330;20;;;;;700;716;848;50;
330;21;;;;;858;;;50;
330;22;;;;;33;;;50;
330;23;;;;;297;;;50;
330;24;;;;;416;;;50;
332;1;;;;;;;;;
332;2;24;0;;Control;178;;;50;
332;3;;;;;;;;;
332;4;;;;;;;;;
332;5;;;;;;;;;
332;6;;;;;;;;;
332;7;24;0;Leirsleppe;Control;4;;;50;
332;8;;;;;;;;;
332;9;;;;;;;;;
332;10;;;;;;;;;
332;11;24;0;;Control;219;;;50;
332;12;;;;;;;;;
332;13;;;;;;;;;
332;14;24;0;;Control;78;;;50;
332;15;;;;;;;;;
332;16;;;;;;;;;
332;17;;;;;;;;;
332;18;24;0;;Control;10;;;50;
332;19;;;;;;;;;
332;20;;;;;;;;;
332;21;;;;;;;;;
332;22;24;0;;Control;192;;;50;
332;23;;;;;;;;;
332;24;;;;;;;;;
342;1;27;0;;Control;45;;;40;
342;2;;;;;;;;;
342;3;;;;;;;;;
342;4;;;;;;;;;
342;5;;;;;;;;;
342;6;27;0;;Control;63;;;40;
342;7;;;;;;;;;
342;8;;;;;;;;;
342;9;;;;;;;;;
342;10;27;0;;Control;701;140;;40;
342;11;;;;;;;;;
342;12;;;;;;;;;
342;13;;;;;;;;;
342;14;;;;;;;;;
342;15;27;0;;Control;657;;;40;
342;16;;;;;;;;;
342;17;;;;;;;;;
342;18;27;0;;Control;506;;;40;
342;19;;;;;;;;;
342;20;;;;;;;;;
342;21;;;;;;;;;
342;22;27;0;;Control;702;381;;40;
342;23;;;;;;;;;
342;24;;;;;;;;;
350;1;32.6;16;;Injection;882;707;;45;142 measurement (Volum 0.6 mic 2p MP W/C 0.6)
350;2;32.6;8;;Injection;179;;;45;
350;3;0;0;Skjold;;;;;;
350;4;32.6;0;;Injection;209;;;45;
350;5;0;0;Skjold;;;;;;
350;6;32.6;7;leire @ 19m;Injection;861;900;;45;
350;7;32.6;5;leire @ 20m;Injection;373;;;45;
350;8;32.6;0;Pakker kom ut;Injection;433;;;45;
350;9;32.6;0;;Injection;75;;;45;
350;10;32.6;0;;Injection;3;;;45;
350;11;32.6;0;;Injection;799;;;45;
350;12;32.6;0;;Injection;1048;;;45;
350;13;32.6;0;utgang;Injection;51;;;45;
350;14;32.6;0;;Injection;825;1423;;22;
350;15;32.6;0;utgang;Injection;484;;;45;
350;16;32.6;0;gjenomg til 17;Injection;726;207;;7;
350;17;32.6;0;;Injection;707;214;;45;
350;18;32.6;0;gjenomg til 17;Injection;729;568;;45;
350;19;32.6;0;;Injection;1065;97;;45;
350;20;32.6;0;;Injection;609;;;45;
350;21;32.6;1;;Injection;554;;;45;
350;22;32.6;0;;Injection;437;;;45;
350;23;32.6;0;Skjold;Injection;;;;;
350;24;32.6;0;ikke pakker;Injection;;;;;
353;1;;;;;;;;;
353;2;27;0;;Control;13;;;40;
353;3;;;;;;;;;
353;4;;;;;;;;;
353;5;;;;;;;;;
353;6;;;;;;;;;
353;7;27;0;;Control;584;;;40;
353;8;;;;;;;;;
353;9;;;;;;;;;
353;10;;;;;;;;;
353;11;11;0;;Control;86;;;40;
353;12;;;;;;;;;
353;13;;;;;;;;;
353;14;27;0;;Control;171;;;40;
353;15;;;;;;;;;
353;16;;;;;;;;;
353;17;;;;;;;;;
353;18;27;0;;Control;22;;;40;
353;19;;;;;;;;;
353;20;;;;;;;;;
353;21;;;;;;;;;
353;22;27;0;;Control;31;;;40;
353;23;;;;;;;;;
353;24;;;;;;;;;
360;1;32.6;1;;Injection;535;;;40;
360;2;32.6;0;;Injection;709;343;;40;
360;3;0;0;;Injection;;;;;
360;4;0;0;;Injection;;;;;
360;5;32.6;0;;Injection;702;;;40;
360;6;32.6;1;;Injection;793;253;;40;
360;7;32.6;0;;Injection;719;253;;40;
360;8;32.6;0;;Injection;703;726;313;40;
360;9;32.6;0;;Injection;;;;;
360;10;32.6;0;;Injection;715;;;40;
360;11;32.6;0;;Injection;595;719;709;40;
360;12;32.6;0;;Injection;550;736;1178;40;
360;13;32.6;0;;Injection;501;416;;40;
360;14;32.6;0;;Injection;502;84;;40;
360;15;32.6;0;;Injection;141;;;40;
360;16;32.6;0;;Injection;529;;;40;
360;17;32.6;0;;Injection;533;58;;40;
360;18;32.6;0;;Injection;535;729;597;40;
360;19;32.6;0;;Injection;527;731;1570;40;
360;20;32.6;0;;Injection;9;;;40;
360;21;32.6;0;;Injection;12;;;40;
360;22;32.6;0;;Injection;562;;;40;
360;23;32.6;1;;Injection;458;;;40;
360;24;32.6;4;;Injection;493;;;40;
370;1;;;;;;;;;
370;2;;;;;;;;;
370;3;32.6;0;;Injection;;;;;
370;4;32.6;0;;Injection;56;;;45;
370;5;32.6;0;;Injection;52;;;50;
370;6;32.6;1;;Injection;87;;;45;
370;7;32.6;0;;Injection;89;;;45;
370;8;32.6;0;;Injection;79;;;45;
370;9;32.6;0;;Injection;380;;;0;
370;10;32.6;0;;Injection;604;;;50;
370;11;32.6;0;;Injection;506;731;724;45;
370;12;32.6;0;;Injection;568;705;1156;45;
370;13;32.6;0;;Injection;627;740;1258;50;
370;14;32.6;0;;Injection;736;787;1444;45;
370;15;32.6;0;;Injection;606;1184;;45;
370;16;32.6;6;;Injection;535;;;50;
370;17;32.6;0;;Injection;553;1101;;45;
370;18;32.6;10;;Injection;546;897;1375;14;
370;19;32.6;0;;Injection;588;954;2583;40;
370;20;32.6;0;;Injection;459;1027;2338;45;
370;21;32.6;30;;Injection;620;801;293;45;
370;22;32.6;0;;Injection;8;;;50;
370;23;32.6;0;;Injection;505;154;;45;
370;24;;;;;;;;;
372;1;;;;;;;;;
372;2;;;;;;;;;
372;3;;;;;;;;;
372;4;27;0;;Control;63;;;40;
372;5;;;;;;;;;
372;6;27;0;;Control;66;;;40;
372;7;;;;;;;;;
372;8;;;;;;;;;
372;9;;;;;;;;;
372;10;27;0;;Control;47;;;40;
372;11;;;;;;;;;
372;12;;;;;;;;;
372;13;;;;;;;;;
372;14;27;0;;Control;7;;;40;
372;15;;;;;;;;;
372;16;;;;;;;;;
372;17;;;;;;;;;
372;18;27;0;;Control;67;;;40;
372;19;;;;;;;;;
372;20;;;;;;;;;
372;21;;;;;;;;;
372;22;27;0;;Control;;;;;
372;23;;;;;;;;;
372;24;;;;;;;;;
380;1;32.6;0;;Injection;8;;;;
380;2;32.6;0;;Injection;395;;;;
380;3;32.6;0;;Injection;755;;;;
380;4;32.6;0;;Injection;513;1562;;;
380;5;32.6;0;;Injection;483;289;;;
380;6;32.6;0;;Injection;106;;;;
380;7;32.6;0;;Injection;519;259;;;
380;8;32.6;0;;Injection;654;425;;;
380;9;32.6;0;;Injection;70;;;;
380;10;32.6;0;;Injection;511;802;;;
380;11;32.6;0;;Injection;519;738;1145;;
380;12;0;0;Not drilled;Injection;;;;;
380;13;9;0;Unable to drill more;Injection;;;;;
380;14;32.6;0;;Injection;509;783;795;;
380;15;32.6;0;;Injection;531;758;215;;
380;16;32.6;0;;Injection;108;;;;
380;17;32.6;0;;Injection;86;;;;
380;18;32.6;0;;Injection;522;;;;
380;19;32.6;0;;Injection;524;1059;1794;;
380;20;32.6;0;;Injection;87;;;;
380;21;32.6;0;;Injection;515;589;;;
380;22;32.6;0;;Injection;47;;;;
380;23;32.6;0;;Injection;62;;;;
380;24;32.6;0;;Injection;39;;;;
382;1;;;;;;;;;
382;2;27;0;;Control;77;;;50;
382;3;;;;;;;;;
382;4;;;;;;;;;
382;5;;;;;;;;;
382;6;;;;;;;;;
382;7;27;0;;Control;497;;;50;
382;8;;;;;;;;;
382;9;;;;;;;;;
382;10;;;;;;;;;
382;11;27;0;;Control;209;;;50;
382;12;;;;;;;;;
382;13;;;;;;;;;
382;14;;;;;;;;;
382;15;27;0;;Control;77;;;50;
382;16;;;;;;;;;
382;17;;;;;;;;;
382;18;;;;;;;;;
382;19;27;0;;Control;175;;;50;
382;20;;;;;;;;;
382;21;;;;;;;;;
382;22;;;;;;;;;
382;23;27;0;;Control;73;;;50;
382;24;;;;;;;;;
383;1;32.6;0;;Probe;91;;;50;
383;2;32.6;0;;Probe;80;;;45;
383;3;32.6;0;;Probe;592;862;;45;
383;4;32.6;0;;Probe;57;;;50;
383;5;32.6;0;;Probe;60;;;40;
383;6;32.6;0;;Probe;85;;;50;
383;7;32.6;0;;Probe;95;;;45;
383;8;32.6;0;;Probe;386;;;18;
383;9;32.6;0;;Probe;594;1443;;45;
383;10;32.6;0;;Probe;593;954;140;45;
383;11;32.6;0;;Probe;479;812;95;29;
383;12;32.6;0;;Probe;491;1118;428;45;
383;13;32.6;0;;Probe;537;;;50;
383;14;32.6;0;;Probe;;;;;
383;15;32.6;0;;Probe;280;;;50;
383;16;32.6;0;;Probe;404;;;50;
383;17;32.6;0;;Probe;529;948;;40;
383;18;32.6;0;;Probe;756;;;45;
383;19;32.6;0;;Probe;571;842;;40;
383;20;32.6;0;;Probe;560;1175;;45;
383;21;32.6;0;;Probe;867;;;45;
383;22;5;0;telescopic shield;Probe;;;;;
383;23;32.6;0;;Probe;1144;;;40;
383;24;4;0;telescopic shield;Probe;;;;;
390;1;32.6;0;;Injection;91;;;50;
390;2;32.6;0;;Injection;80;;;45;
390;3;32.6;0;;Injection;592;862;;45;
390;4;32.6;0;;Injection;57;;;50;
390;5;32.6;0;;Injection;60;;;40;
390;6;32.6;0;;Injection;85;;;50;
390;7;32.6;0;;Injection;95;;;45;
390;8;32.6;0;UTGANG;Injection;386;;;18;
390;9;32.6;0;;Injection;594;1443;;45;
390;10;32.6;0;;Injection;593;954;140;45;
390;11;32.6;0;UTGANG;Injection;479;812;45;29;
390;12;32.6;0;;Injection;491;1118;428;45;
390;13;32.6;0;;Injection;537;;;50;
390;14;15;0;bora tett;Injection;0;;;;
390;15;32.6;0;;Injection;280;;;50;
390;16;32.6;0;;Injection;404;;;50;
390;17;32.6;0;;Injection;529;448;;40;
390;18;32.6;0;;Injection;756;;;45;
390;19;32.6;0;;Injection;571;842;;40;
390;20;32.6;0;;Injection;560;1175;;45;
390;21;32.6;0;;Injection;867;;;45;
390;22;5;0;Skjold;Injection;;;;;
390;23;32.6;0;;Injection;1144;;;40;
390;24;4;0;Skjold;Injection;;;;;
391;1;;;;;;;;;
391;2;27;0;;Control;77;;;50;
391;3;;;;;;;;;
391;4;;;;;;;;;
391;5;;;;;;;;;
391;6;;;;;;;;;
391;7;27;0;;Control;497;;;50;
391;8;;;;;;;;;
391;9;;;;;;;;;
391;10;;;;;;;;;
391;11;28;0;;Control;209;;;50;
391;12;;;;;;;;;
391;13;;;;;;;;;
391;14;;;;;;;;;
391;15;27;0;;Control;77;;;50;
391;16;;;;;;;;;
391;17;;;;;;;;;
391;18;;;;;;;;;
391;19;27;0;;Control;175;;;50;
391;20;;;;;;;;;
391;21;;;;;;;;;
391;22;;;;;;;;;
391;23;27;0;;Control;73;;;;
391;24;;;;;;;;;
392;1;;;;;;;;;
392;2;27;0;;Control;188;;;40;
392;3;;;;;;;;;
392;4;;;;;;;;;
392;5;;;;;;;;;
392;6;;;;;;;;;
392;7;27;0;;Control;70;;;40;
392;8;;;;;;;;;
392;9;;;;;;;;;
392;10;;;;;;;;;
392;11;27;0;;Control;549;;;40;
392;12;;;;;;;;;
392;13;;;;;;;;;
392;14;;;;;;;;;
392;15;27;0;;Control;657;;;40;
392;16;;;;;;;;;
392;17;;;;;;;;;
392;18;27;0;;Control;50;;;40;
392;19;;;;;;;;;
392;20;;;;;;;;;
392;21;;;;;;;;;
392;22;27;0;;Control;165;;;40;
392;23;;;;;;;;;
392;24;;;;;;;;;
393;1;;;;;;;;;
393;2;27;0;;Control;188;;;40;
393;3;;;;;;;;;
393;4;;;;;;;;;
393;5;;;;;;;;;
393;6;;;;;;;;;
393;7;27;0;;Control;70;;;40;
393;8;;;;;;;;;
393;9;;;;;;;;;
393;10;;;;;;;;;
393;11;27;0;;Control;549;;;40;
393;12;;;;;;;;;
393;13;;;;;;;;;
393;14;;;;;;;;;
393;15;27;0;;Control;657;;;40;
393;16;;;;;;;;;
393;17;;;;;;;;;
393;18;27;0;;Control;50;;;40;
393;19;;;;;;;;;
393;20;;;;;;;;;
393;21;;;;;;;;;
393;22;27;0;;Control;165;;;40;
393;23;;;;;;;;;
393;24;;;;;;;;;
401;1;32.6;0;;Probe;113;;;30;
401;2;32.6;1.5;;Probe;4;;;50;
401;3;32.6;0;;Probe;417;;;30;
401;4;3;0;shield;Probe;;;;;
401;5;32.6;0;;Probe;535;687;209;50;
401;6;5;0;shield;Probe;;;;;
401;7;32.6;0;;Probe;342;11;;35;
401;8;32.6;0;;Probe;498;68;;42;
401;9;32.6;0;;Probe;553;740;435;50;
401;10;32.6;0;;Probe;502;;;0;grout coming out
401;11;32.6;0;;Probe;508;724;732;50;
401;12;32.6;0;;Probe;78;;;50;
401;13;32.6;0;;Probe;536;743;986;50;
401;14;32.6;0;;Probe;103;;;50;
401;15;32.6;0;;Probe;553;753;700;50;
401;16;32.6;0;;Probe;98;;;0;grout coming out
401;17;32.6;0;;Probe;523;762;40;50;
401;18;32.6;0;;Probe;569;698;1207;50;
401;19;32.6;0;;Probe;559;721;2993;50;
401;20;32.6;0;;Probe;85;;;50;
401;21;32.6;0;;Probe;544;707;392;50;
401;22;5.5;0;shield;Probe;;;;;
401;23;5;0;shield;Probe;;;;;
401;24;32.6;1;;Probe;535;693;2227;50;
403;1;;;;;;;;;
403;2;;;;;;;;;
403;3;27;0;;Control;527;419;;50;
403;4;;;;;;;;;
403;5;;;;;;;;;
403;6;;;;;;;;;
403;7;27;0;;Control;132;;;50;
403;8;;;;;;;;;
403;9;;;;;;;;;
403;10;;;;;;;;;
403;11;27;0;;Control;76;;;50;
403;12;;;;;;;;;
403;13;;;;;;;;;
403;14;;;;;;;;;
403;15;27;0;;Control;281;;;50;
403;16;;;;;;;;;
403;17;;;;;;;;;
403;18;;;;;;;;;
403;19;27;0;16+10,8;Control;78;;;50;
403;20;;;;;;;;;
403;21;;;;;;;;;
403;22;;;;;;;;;
403;23;;;;;;;;;
403;24;27;0;;Control;108;;;5;grout coming out
411;1;32.6;0;;Injection;285;;;50;
411;2;32.6;0;;Injection;526;322;;45;
411;3;32.6;0;;Injection;26;;;50;
411;4;32.6;0;;Injection;36;;;50;
411;5;32.6;0;;Injection;55;;;50;
411;6;32.6;0;;Injection;831;;;50;
411;7;32.6;0;;Injection;1091;;;50;
411;8;32.6;0;;Injection;706;921;;50;
411;9;32.6;0;;Injection;578;;;50;
411;10;32.6;0;;Injection;485;;;50;
411;11;32.6;0;;Injection;518;1013;187;50;
411;12;32.6;0;;Injection;101;;;50;
411;13;32.6;0;;Injection;536;1031;1074;47;
411;14;32.6;0;;Injection;510;618;;50;
411;15;32.6;0;Sleppe 24m;Injection;592;71;;50;
411;16;32.6;0;;Injection;443;;;50;
411;17;32.6;0;;Injection;669;1024;;50;
411;18;32.6;0;;Injection;74;;;50;
411;19;32.6;0;Sleppe 22m;Injection;58;;;50;
411;20;32.6;0;;Injection;56;;;50;
411;21;32.6;0;;Injection;676;;;50;
411;22;32.6;0;Sleppe 22m;Injection;831;;;50;
411;23;32.6;0;;Injection;242;;;50;
411;24;0;0;Hit the shield;Injection;;;;;
413;1;32.6;0;;Probe;285;;;50;
413;2;32.6;0;;Probe;526;322;;45;
413;3;32.6;0;;Probe;26;;;50;
413;4;32.6;0;;Probe;36;;;50;
413;5;32.6;0;;Probe;55;;;50;
413;6;32.6;0;;Probe;831;;;50;
413;7;32.6;0;;Probe;1091;;;50;
413;8;32.6;0;;Probe;706;921;;50;
413;9;32.6;0;;Probe;578;;;50;
413;10;32.6;0;;Probe;485;;;50;
413;11;32.6;0;;Probe;518;1013;187;50;
413;12;32.6;0;;Probe;101;;;50;
413;13;32.6;0;;Probe;536;1031;1074;47;
413;14;32.6;0;;Probe;510;618;;50;
413;15;32.6;0;slope 24m;Probe;592;71;;50;
413;16;32.6;0;;Probe;443;;;50;
413;17;32.6;0;;Probe;669;1024;;50;
413;18;32.6;0;;Probe;74;;;50;
413;19;32.6;0;slope 22m;Probe;58;;;50;
413;20;32.6;0;;Probe;56;;;50;
413;21;32.6;0;;Probe;676;;;50;
413;22;32.6;0;slope 22m;Probe;831;;;50;
413;23;32.6;0;;Probe;242;;;50;
413;24;0;0;telescopic shield;Probe;;;;;
421;1;32.6;0;;Injection;686;1038;1116;25;
421;2;32.6;0;;Injection;618;1047;1182;0;
421;3;32.6;0;;Injection;85;;;50;
421;4;32.6;0;;Injection;81;;;50;
421;5;32.6;0;;Injection;98;;;50;
421;6;32.6;0;;Injection;87;;;50;
421;7;32.6;0;;Injection;79;;;50;
421;8;32.6;0;;Injection;292;;;35;
421;9;32.6;0;;Injection;558;1230;;50;
421;10;32.6;0;;Injection;539;1071;924;50;
421;11;32.6;0;logg feil;Injection;241;;;50;
421;12;32.6;0;;Injection;75;;;50;
421;13;32.6;0;;Injection;;;;;ikke pakker
421;14;32.6;0;;Injection;511;1110;359;50;
421;15;32.6;0;;Injection;573;1135;1764;45;
421;16;32.6;0;;Injection;211;;;50;
421;17;32.6;0;;Injection;802;;;50;
421;18;32.6;0;;Injection;612;674;;50;
421;19;32.6;0;;Injection;430;1034;246;50;
421;20;32.6;0;;Injection;;1119;196;50;
421;21;32.6;0;;Injection;85;;;50;
421;22;32.6;0;;Injection;91;;;50;
421;23;30;0;;Injection;122;;;0;stor utgang
421;24;32.6;0;;Injection;82;;;50;
431;1;32.6;0;;Injection;60;;;40;
431;2;32.6;0;;Injection;139;;;40;
431;3;32.6;0;;Injection;330;;182;40;
431;4;32.6;0;;Injection;34;;;40;
431;5;32.6;0;;Injection;33;;;40;
431;6;32.6;0;;Injection;87;;;40;
431;7;32.6;0;;Injection;135;;;40;
431;8;32.6;0;Sleppe 7-11m;Injection;553;1038;;40;
431;9;32.6;0;Sleppe 8,5m;Injection;482;802;531;50;
431;10;32.6;0;Sleppe 9m;Injection;526;1100;1152;47;
431;11;32.6;0;;Injection;212;;;0;utgang
431;12;32.6;0;Sleppe 11.3m;Injection;235;;;50;
431;13;32.6;0;;Injection;552;848;1266;45;
431;14;6.86;0;Hit shield;Injection;;;;;
431;15;32.6;0;;Injection;616;223;;50;
431;16;32.6;0;;Injection;138;;;50;
431;17;32.6;0;;Injection;182;;;0;utgang
431;18;32.6;0;;Injection;465;;;50;
431;19;5.05;0;Hit shield;Injection;;;;;
431;20;32.6;0;;Injection;852;504;;40;
431;21;32.6;0;;Injection;;;;;Pakker vart funnet i kutterhodet.
431;22;32.6;0;;Injection;85;;;40;
431;23;32.6;0;;Injection;;;;;
431;24;32.6;0;;Injection;;;;;Pakker vart funnet i kutterhodet.
441;1;32.6;0;;Probe;78;;;40;
441;2;32.6;0;;Probe;98;;;40;
441;3;32.6;0;;Probe;60;;;40;
441;4;32.6;0;;Probe;33;;;40;
441;5;32.6;0;;Probe;208;;;40;
441;6;32.6;0;;Probe;31;;;40;
441;7;32.6;0;2 drill bits broke;Probe;199;;;40;
441;8;0;0;2 drill bits broke;Probe;;;;0;
441;9;32.6;0;;Probe;546;259;;40;
441;10;32.6;0;;Probe;128;;;40;
441;11;11;0;hit something;Probe;;;;50;
441;12;32.6;0;;Probe;;;;0;
441;13;32.6;0;;Probe;503;465;;40;
441;14;5;0;hit shield;Probe;;;;0;
441;15;32.6;0;;Probe;538;235;;40;
441;16;32.6;0;;Probe;68;;;40;
441;17;32.6;0;;Probe;29;;;40;
441;18;32.6;0;;Probe;142;;;40;
441;19;32.6;0;;Probe;12;;;40;
441;20;32.6;0;;Probe;42;;;40;
441;21;3.2;0;hit shield;Probe;;;;0;
441;22;32.6;0;;Probe;6;;;50;
441;23;32.6;0;;Probe;104;;;40;
441;24;32.6;0;;Probe;537;41;;40;
450;1;32.6;0;;Injection;89;;;40;
450;2;32.6;0;;Injection;6;;;40;
450;3;32.6;0;;Injection;0;;;45;
450;4;32.6;0;;Injection;519;;709;0;
450;5;32.6;0.5;;Injection;56;174;;40;
450;6;32.6;0;;Injection;703;931;43;40;
450;7;32.6;0;;Injection;691;;;40;
450;8;32.6;0;;Injection;128;;;40;
450;9;32.6;0;;Injection;170;;;40;
450;10;32.6;0;;Injection;516;;;40;
450;11;32.6;0;;Injection;72;;;40;
450;12;32.6;0;;Injection;715;703;;40;
450;13;32.6;0;;Injection;722;705;539;40;
450;14;32.6;0;;Injection;64;;;40;
450;15;32.6;0;;Injection;718;709;39;40;
450;16;32.6;0;;Injection;116;;;40;
450;17;32.6;0;;Injection;636;;;40;
450;18;32.6;0;;Injection;115;;;40;
450;19;32.6;0;;Injection;797;589;;40;
450;20;32.6;0.5;;Injection;712;149;;40;
450;21;0;0;hole collapsed;Injection;;;;0;
450;22;32.6;0;;Injection;74;;;40;
450;23;32.6;0;;Injection;;;;40;
450;24;32.6;0;;Injection;30;;;40;
461;1;32.6;0;Pakker i kutt hodet;Injection;;;;;Packer in cutter head
461;2;32.6;0;;Injection;905;107;;40;
461;3;32.6;0;;Injection;868;208;;40;
461;4;32.6;0;;Injection;506;106;;27;
461;5;32.6;0;;Injection;83;;;40;
461;6;32.6;0;;Injection;281;;;40;
461;7;32.6;0;;Injection;599;498;;25;
461;8;32.6;0;;Injection;121;;;40;
461;9;32.6;0;;Injection;72;;;40;
461;10;32.6;0;;Injection;535;64;;0;Exit,No pressure
461;11;32.6;0;;Injection;;;;;
461;12;32.6;0;;Injection;;;;;
461;13;32.6;0;;Injection;83;;;0;Dir, exit
461;14;32.6;0;;Injection;;;;;
461;15;32.6;0;;Injection;542;1016;;40;I
461;16;32.6;0;;Injection;523;1046;1884;40;
461;17;32.6;0;;Injection;605;;;40;
461;18;32.6;0;;Injection;58;;;40;
461;19;32.6;0;Streng fast;Injection;;;;;
461;20;32.6;0.5;;Injection;41;;;40;
461;21;32.6;0.5;;Injection;105;;;40;
461;22;0;0;;Injection;;;;;
461;23;32.6;0;;Injection;106;;;40;
461;24;32.6;0;OTV;Injection;215;;;40;
465;1;32.6;0;;Injection;96;;;40;
465;2;32.6;0;;Injection;700;700;298;40;
465;3;32.6;0;;Injection;107;;;40;
465;4;32.6;0;;Injection;619;;;0;Exit
465;5;32.6;0;;Injection;;;;;
465;6;12.5;0;Traff kutt hodet;Injection;;;;;
465;7;32.6;0;;Injection;452;;;40;
465;8;32.6;0;;Injection;;;;;
465;9;32.6;0;;Injection;700;312;;0;Exit
465;10;32.6;0;;Injection;717;288;;40;
465;11;32.6;0;;Injection;63;;;40;
465;12;32.6;0;;Injection;129;;;40;
465;13;32.6;0;;Injection;56;;;40;
465;14;32.6;0;;Injection;96;;;40;
465;15;32.6;0;;Injection;;;;;
465;16;32.6;0;;Injection;58;;;40;
465;17;32.6;0;;Injection;193;;;33;
465;18;32.6;0;;Injection;46;;;40;
465;19;32.6;0;;Injection;176;;;40;
465;20;32.6;0;;Injection;41;;;40;
465;21;32.6;0;;Injection;136;;;40;
465;22;32.6;0;;Injection;221;;;40;
465;23;32.6;0;;Injection;76;;;40;
465;24;32.6;0;;Injection;30;;;40;
475;1;;;;;;;;;
475;2;;;;;;;;;
475;3;;;;;;;;;
475;4;;;;;;;;;
475;5;32.6;0;Sleppe 20m;;;;;;
475;6;;;;;;;;;
475;7;;;;;;;;;
475;8;;;;;;;;;
475;9;;;;;;;;;
475;10;32.6;0;Ok;Injection;;;;;
475;11;32.6;0;Hol rasa;Injection;;;;;
475;12;;;;;;;;;
475;13;;;;;;;;;
475;14;;;;;;;;;
475;15;;;;;;;;;
475;16;;;;;;;;;
475;17;;;;;;;;;
475;18;;;;;;;;;
475;19;;;;;;;;;
475;20;;;;;;;;;
475;21;;;;;;;;;
475;22;;;;;;;;;
475;23;;;;;;;;;
475;24;;;;;;;;;
480;1;;;;;;;;;
480;2;;;;;4;;;40;
480;3;33;0;;Injection;;;;;
480;4;32.6;0;;Injection;65;;;40;
480;5;33;0;utgang;Injection;128;;;40;
480;6;33;0;utgang;Injection;115;;;40;
480;7;33;0;utgang;Injection;62;;;40;
480;8;33;0;;Injection;713;245;;40;
480;9;;;;;;;;;
480;10;32.6;0;;Injection;48;;;40;
480;11;;;;;;;;;
480;12;;;;;;;;;
480;13;;;;;;;;;
480;14;;;;;;;;;
480;15;33;0;;Injection;704;14;;40;
480;16;33;0;;Injection;116;;;40;
480;17;33;0;;Injection;651;;;40;
480;18;33;0;;Injection;161;;;40;
480;19;33;0;;Injection;799;704;36;40;
480;20;33;0;;Injection;461;;;40;
480;21;33;0;;Injection;759;704;81;40;
480;22;32.6;0;utgang;Injection;115;;;40;
480;23;5.2;0;Fjell rasa ut;Injection;;;;;
480;24;;;;;;;;;
490;1;0;0;;;;;;;
490;2;32.6;1;;Injection;73;;;40;
490;3;0;0;;;;;;;
490;4;32.6;0;;Injection;246;;;40;
490;5;32.6;3;;Injection;109;;;40;
490;6;32.6;0;;Injection;209;;;40;
490;7;32.6;0;;Injection;524;348;;40;
490;8;32.6;0;;Injection;518;849;19;40;
490;9;32.6;0;Utgang;Injection;540;;;40;
490;10;32.6;0;;Injection;800;359;;40;
490;11;32.6;0;Pakker;Injection;;;;;
490;12;32.6;0;;Injection;;;;;
490;13;0;0;;;;;;;
490;14;32.6;0;;Injection;729;130;;40;
490;15;32.6;0;;Injection;30;;;40;
490;16;32.6;0;;Injection;730;928;92;40;
490;17;32.6;0;;Injection;10;;;40;
490;18;32.6;0;;Injection;56;;;40;
490;19;32.6;0;;Injection;158;;;40;
490;20;32.6;0;;Injection;177;;;40;
490;21;32.6;0;;Injection;2;;;40;
490;22;32.6;3;;Injection;58;;;40;
490;23;32.6;0;;Injection;318;;;40;
490;24;0;0;;;;;;;
491;1;;;;;;;;;
491;2;32.6;1;;Injection;;;;40;v/c 0,5 is v/c 1,2
491;3;;;;;;;;;
491;4;32.6;0;;Injection;;;;40;v/c 0,5 is v/c 1,2
491;5;32.6;3;;Injection;;;;40;v/c 0,5 is v/c 1,2
491;6;32.6;0;;Injection;;;;40;v/c 0,5 is v/c 1,2
491;7;32.6;0;;Injection;348;;;40;v/c 0,5 is v/c 1,2
491;8;32.6;0;;Injection;849;19;;40;v/c 0,5 is v/c 1,2
491;9;32.6;0;utgang;Injection;;;;40;v/c 0,5 is v/c 1,2
491;10;32.6;0;;Injection;359;;;40;v/c 0,5 is v/c 1,2
491;11;32.6;0;utgang;Injection;;;;;
491;12;;;;;;;;;
491;13;;;;;;;;;
491;14;32.6;0;;Injection;130;;;40;v/c 0,5 is v/c 1,2
491;15;32.6;0;;Injection;;;;40;v/c 0,5 is v/c 1,2
491;16;32.6;0;;Injection;928;92;;40;v/c 0,5 is v/c 1,2
491;17;32.6;0;;Injection;;;;40;v/c 0,5 is v/c 1,2
491;18;32.6;0;;Injection;;;;40;v/c 0,5 is v/c 1,2
491;19;32.6;0;;Injection;;;;40;v/c 0,5 is v/c 1,2
491;20;32.6;0;;Injection;;;;40;v/c 0,5 is v/c 1,2
491;21;32.6;0;;Injection;;;;40;v/c 0,5 is v/c 1,2
491;22;32.6;0;;Injection;;;;40;v/c 0,5 is v/c 1,2
491;23;32.6;0;;Injection;;;;40;v/c 0,5 is v/c 1,2
491;24;;;;;;;;;
500;1;32.6;0;;Injection;33;;;40;
500;2;32.6;0;;Injection;162;;;40;
500;3;32.6;0;;Injection;75;;;40;
500;4;32.6;0;;Injection;485;;;40;
500;5;32.6;0;;Injection;139;;;40;
500;6;32.6;0;;Injection;43;;;40;
500;7;32.6;0;;Injection;60;;;40;
500;8;32.6;0;;Injection;154;;;40;
500;9;32.6;0;;Injection;549;580;;40;
500;10;32.6;0;;Injection;587;117;;40;
500;11;32.6;0;;Injection;38;;;40;
500;12;32.6;0;Sleppe;Injection;724;143;;40;
500;13;32.6;0;;Injection;485;;;40;
500;14;32.6;0;;Injection;429;;;40;
500;15;32.6;0;;Injection;116;;;40;
500;16;32.6;0;;Injection;52;;;40;
500;17;32.6;0;Sleppe på 10m;Injection;1;;;40;
500;18;32.6;0;;Injection;615;299;;40;
500;19;32.6;0;;Injection;9;;;40;
500;20;32.6;0.5;;Injection;10;;;40;
500;21;32.6;0;;Injection;359;;;40;
500;22;32.6;0;;Injection;28;;;40;
500;23;32.6;0;;Injection;61;;;40;
500;24;32.6;0;;Injection;54;;;40;
501;1;;;;;;;;;
501;2;;;;;;;;;
501;3;;;;;;;;;
501;4;;;;;;;;;
501;5;;;;;;;;;
501;6;;;;;;;;;
501;7;;;;;;;;;
501;8;;;;;;;;;
501;9;;;;;;;;;
501;10;;;;;;;;;
501;11;;;;;;;;;
501;12;;;;;;;;;
501;13;;;;;;;;;
501;14;;;;;;;;;
501;15;;;;;;;;;
501;16;;;;;;;;;
501;17;;;;;;;;;
501;18;;;;;;;;;
501;19;;;;;;;;;
501;20;;;;;;;;;
501;21;;;;;;;;;
501;22;;;;;;;;;
501;23;;;;;;;;;
501;24;;;;;;;;;
511;1;32.6;0.2;Leirsleppe;Injection;63;;;18;Utgang I skjolde bak
511;2;32.6;0.5;;Injection;759;232;;40;
511;3;32.6;0.5;;Injection;702;211;;21;Utgang I skjolde bak
511;4;32.6;0;;Injection;59;;;40;
511;5;32.6;0;Knekt stang. Fikk ut;Injection;54;;;40;
511;6;32.6;0;;Injection;615;9;;40;
511;7;32.6;0;;Injection;517;800;48;40;
511;8;32.6;0;;Injection;670;847;48;40;
511;9;32.6;0;;Injection;156;;;40;
511;10;32.6;0;;Injection;550;526;;40;
511;11;32.6;0;;Injection;553;130;;40;
511;12;32.6;0;;Injection;576;725;87;40;
511;13;32.6;0;;Injection;190;;;40;
511;14;32.6;0;;Injection;525;714;56;40;
511;15;32.6;0;;Injection;16;;;40;
511;16;32.6;0;;Injection;579;712;;40;
511;17;32.6;0;Quartz;Injection;434;;;40;
511;18;32.6;0;;Injection;635;861;20;40;
511;19;32.6;0;;Injection;175;;;40;
511;20;32.6;0;;Injection;98;;;40;
511;21;32.6;0;;Injection;615;840;615;40;
511;22;32.6;0;;Injection;572;950;368;40;
511;23;32.6;0;;Injection;916;139;;40;
511;24;32.6;0.5;Otv;Injection;;;;;
521;1;32.6;0;;Injection;;;;;Utgang
521;2;32.6;0;;Injection;66;;;40;
521;3;32.6;0;;Injection;58;;;40;
521;4;32.6;0;;Injection;748;179;;40;
521;5;32.6;0;;Injection;79;;;40;
521;6;;;Skjold;;;;;;
521;7;32.6;0;;Injection;508;85;;40;
521;8;;0;;;;;;;
521;9;32.6;0;;Injection;575;254;;40;
521;10;32.6;0;;Injection;538;240;;40;
521;11;32.6;0;;Injection;376;;;40;
521;12;;;;;;;;;
521;13;;;;;;;;;
521;14;32.6;0;;Injection;567;760;212;40;
521;15;32.6;0;;Injection;344;;;40;
521;16;32.6;0;;Injection;509;532;;40;
521;17;32.6;0;;Injection;48;;;40;
521;18;32.6;0;;Injection;522;1200;135;40;
521;19;32.6;0;;Injection;11;;;40;
521;20;32.6;0;;Injection;581;747;546;40;
521;21;;;;;;;;;
521;22;32.6;0;;Injection;91;;;40;
521;23;32.6;0;;Injection;85;;;40;
521;24;32.6;0;;Injection;;;;;
531;1;32.6;0;;Injection;89;;;45;
531;2;32.6;0;;Injection;9;;;45;
531;3;32.6;0;;Injection;77;;;45;
531;4;32.6;0;;Injection;531;;;45;
531;5;32.6;0;;Injection;661;812;;45;
531;6;32.6;0;;Injection;1597;;;45;
531;7;32.6;0;;Injection;117;;;45;
531;8;32.6;0;;Injection;588;;;45;
531;9;32.6;0;;Injection;541;604;;20;Leakage in the shield
531;10;32.6;0;;Injection;435;76;;30;Leakage in the shield
531;11;32.6;0;;Injection;65;;;45;
531;12;32.6;0;;Injection;501;230;;45;
531;13;32.6;0;;Injection;787;;;45;
531;14;32.6;0;;Injection;603;;;45;
531;15;32.6;0;;Injection;558;;;45;
531;16;32.6;0;;Injection;651;1043;;45;
531;17;32.6;0;;Injection;0;;;45;
531;18;32.6;0;;Injection;561;350;;45;
531;19;32.6;0;;Injection;32;;;45;
531;20;32.6;3;;Injection;543;1134;;45;
531;21;32.6;0;;Injection;502;1217;;45;
531;22;32.6;0;;Injection;5;;;45;
531;23;32.6;0;;Injection;616;;;45;
531;24;32.6;0;;Injection;94;;;45;
541;1;32.6;0;;Injection;31;;;40;
541;2;32.6;0;;Injection;159;;;40;
541;3;32.6;0;slæppe;Injection;87;;;40;
541;4;32.6;0;;Injection;85;;;40;
541;5;32.6;0;;Injection;171;;;40;
541;6;32.6;0;;Injection;569;1016;;40;
541;7;32.6;0;;Injection;77;;;40;
541;8;32.6;0;;Injection;78;;;40;
541;9;32.6;0;;Injection;583;392;;40;
541;10;32.6;0;;Injection;79;;;40;
541;11;32.6;0;;Injection;582;122;;40;
541;12;32.6;0;;Injection;697;118;;40;
541;13;32.6;0;;Injection;652;288;;40;
541;14;32.6;0;;Injection;594;538;;40;
541;15;32.6;0;;Injection;518;439;;40;
541;16;32.6;0;;Injection;76;;;40;
541;17;4.5;0;Hit shield;Injection;;;;;
541;18;32.6;0;Lost 4 rods;Injection;;;;;
541;19;32.6;0;;Injection;531;1478;;40;
541;20;32.6;0;;Injection;80;;;40;
541;21;32.6;0;;Injection;60;;;40;
541;22;32.6;0;;Injection;46;;;40;
541;23;32.6;0;;Injection;86;;;40;
541;24;32.6;0;;Injection;85;;;40;
551;1;32.6;0;Slæppe 27m;Injection;85;;;40;
551;2;32.6;0;Sleppe 23.6m;Injection;172;;;40;
551;3;32.6;0;;Injection;844;;;40;
551;4;5.15;0;Traff kutterhode;Injection;;;;;
551;5;32.6;0;Slæppe 17m;Injection;126;;;40;
551;6;32.6;0;Slæppe 8m 29m;Injection;871;;;40;
551;7;32.6;0;Slæppe 17m;Injection;857;;;40;
551;8;32.6;0;;Injection;710;;;40;
551;9;32.6;0;Slæppe 17m;Injection;752;;;40;
551;10;32.6;0;;Injection;751;;;40;
551;11;32.6;0;Slæppe 25m;Injection;817;;;40;
551;12;32.6;0;;Injection;349;;;40;
551;13;32.6;0;;Injection;417;;;40;
551;14;32.6;0;;Injection;843;;;40;
551;15;3.6;0;traff skjold;Injection;;;;;
551;16;32.6;0;;Injection;109;;;40;
551;17;32.6;0;slæppe 2m;Injection;93;;;45;
551;18;32.6;0;Slæppe 13m;Injection;199;;;40;
551;19;32.6;0;;Injection;534;136;;0;Leak in shield
551;20;32.6;0;;Injection;91;;;45;
551;21;32.6;0;;Injection;91;;;45;
551;22;32.6;0;;Injection;85;;;45;
551;23;32.6;0;;Injection;521;461;;40;
551;24;32.6;0;;Injection;19;;;45;
555;1;;;;;;;;;
555;2;;;;;;;;;
555;3;;;;;;;;;
555;4;;;;;;;;;
555;5;;;;;;;;;
555;6;;;;;;;;;
555;7;;;;;;;;;
555;8;;;;;;;;;
555;9;;;;;;;;;
555;10;;;;;;;;;
555;11;;;;;;;;;
555;12;;;;;;;;;
555;13;;;;;;;;;
555;14;;;U;;;;;;
555;15;;;;;;;;;
555;16;;;;;;;;;
555;17;;;;;;;;;
555;18;;;;;;;;;
555;19;;;;;;;;;
555;20;;;;;;;;;
555;21;;;;;;;;;
555;22;;;;;;;;;
555;23;;;;;;;;;
555;24;;;;;;;;;
561;1;32.6;0;Slæppe 13m;Injection;635;;;40;
561;2;32.6;0;;Injection;107;;;40;
561;3;32.6;0;Slæppe 23m;Injection;74;;;40;
561;4;5.15;0;Skjold;Injection;;;;;
561;5;32.6;0;Slæppe 7m, 11m;Injection;889;;;40;
561;6;32.6;0.5;Slæppe 9m;Injection;2;;;45;
561;7;32.6;0;Slæppe på 7m groms10;Injection;75;;;45;
561;8;32.6;0;;Injection;30;;;40;
561;9;32.6;0;;Injection;276;;;40;
561;10;32.6;0;Groms 7m;Injection;77;;;40;
561;11;32.6;0;Groms 7m;Injection;267;;;40;
561;12;32.6;0;;Injection;807;;;40;
561;13;32.6;0;;Injection;484;;;40;
561;14;32.6;0;;Injection;567;1037;;40;
561;15;32.6;0;;Injection;247;;;40;
561;16;32.6;0;;Injection;739;;;40;
561;17;32.6;0.5;;Injection;255;;;40;
561;18;32.6;0;;Injection;352;;;40;
561;19;32.6;0;;Injection;12;;;45;
561;20;32.6;0;;Injection;4;;;45;
561;21;32.6;0;;Injection;378;;;40;
561;22;32.6;0;;Injection;17;;;45;
561;23;32.6;0.5;;Injection;698;;;40;
561;24;32.6;0.5;;Injection;403;;;40;
571;1;32.6;0;;Injection;215;;;45;
571;2;32.6;0;;Injection;195;;;40;
571;3;32.6;0;;Injection;481;;;40;
571;4;32.6;0;;Injection;937;;;40;
571;5;32.6;0;;Injection;656;;;40;
571;6;32.6;0;;Injection;583;;;40;
571;7;32.6;0;;Injection;147;;;40;
571;8;32.6;0;;Injection;68;;;40;
571;9;32.6;0;;Injection;84;;;45;
571;10;32.6;0;;Injection;761;;;40;
571;11;32.6;0;;Injection;801;;;40;
571;12;32.6;0;;Injection;873;;;40;
571;13;32.6;0;;Injection;741;;;40;
571;14;32.6;0;;Injection;279;;;40;
571;15;32.6;0;;Injection;92;;;40;
571;16;32.6;0;;Injection;94;;;0;Leakage in shield
571;17;32.6;0;;Injection;150;;;40;
571;18;32.6;0;;Injection;113;;;40;
571;19;32.6;0;;Injection;803;;;40;
571;20;32.6;0;;Injection;4;;;40;
571;21;32.6;0;;Injection;791;;;40;
571;22;32.6;0;;Injection;92;;;45;
571;23;32.6;0;;Injection;899;;;40;
571;24;32.6;0;;Injection;132;;;0;Leakage in shield
581;1;32.6;0;;Injection;245;;;40;
581;2;32.6;0;;Injection;520;326;;40;
581;3;32.6;0.5;;Injection;156;;;40;
581;4;4.6;0;Hit shield;Injection;;;;;
581;5;32.6;0;;Injection;36;;;40;
581;6;32.6;0;;Injection;546;;;40;
581;7;32.6;0;;Injection;593;499;;40;
581;8;32.6;0;;Injection;9;;;45;
581;9;32.6;0;;Injection;198;;;40;
581;10;18;0;Broken sleeve;Injection;717;416;;40;
581;11;32.6;0;Weak zone 22-23m;Injection;739;334;;40;
581;12;32.6;0;Weak zone 21-22,5m;Injection;251;;;40;
581;13;32.6;0;Weak zone 20-23m;Injection;195;;;40;
581;14;32.6;0;;Injection;76;;;40;
581;15;32.6;0;;Injection;680;;;40;
581;16;32.6;0;;Injection;351;;;40;
581;17;32.6;0;;Injection;79;;;40;
581;18;32.6;1;;Injection;102;;;40;
581;19;32.6;0;;Injection;89;;;40;
581;20;32.6;0;;Injection;623;992;;40;
581;21;32.6;0;;Injection;553;956;;40;
581;22;32.6;0.5;;Injection;438;;;40;
581;23;5.15;0;Hit shield;Injection;;;;;
581;24;32.6;0;;Injection;279;;;40;
591;1;32.43;0;;Injection;3;;;40;
591;2;31.62;40;Weak zone 31,50m;Injection;611;764;;40;
591;3;32.6;37;Weak zone 30,9m;Injection;606;792;1098;40;
591;4;4;0;Broken leedrod;Injection;;;;;
591;5;31.2;0;Completely stop 31m;Injection;602;534;;30;Leakage in cutterhead
591;6;32.6;0;;Injection;702;1201;;40;
591;7;32.6;0;;Injection;545;1135;;40;
591;8;32.6;0;;Injection;512;1262;;40;Test
591;9;32.6;0;;Injection;404;;;40;
591;10;32.6;0;;Injection;255;;;40;
591;11;32.6;0;;Injection;706;;;40;
591;12;32.6;0;;Injection;76;;;40;
591;13;7.95;0;Cutterhead;Injection;;;;;
591;14;4.15;0;Shield;Injection;;;;;
591;15;32.6;0;;Injection;680;945;;40;
591;16;32.6;0;;Injection;681;613;;40;
591;17;32.6;0;;Injection;400;;;40;
591;18;32.6;0;Weak zone 5,85m;Injection;520;816;;40;
591;19;32.6;0;;Injection;80;;;40;
591;20;32.6;0;;Injection;83;;;40;
591;21;5.15;0;Cutterhead;Injection;;;;;
591;22;32.6;0;;Injection;83;;;40;
591;23;32.6;0;;Injection;615;;;40;
591;24;32.45;0;;Injection;688;;;40;
593;1;27;0.5;Sleppe ved 17 m;Control;133;;;40;
593;2;;;;;;;;;
593;3;27;0;;Control;46;;;40;
593;4;3.88;0;Skjold;Control;;;;;
593;5;;;;;;;;;
593;6;27;0;;Control;89;;;40;
593;7;;;;;;;;;
593;8;;;;;;;;;
593;9;;;;;;;;;
593;10;;;;;;;;;
593;11;;;;;;;;;
593;12;;;;;;;;;
593;13;;;;;;;;;
593;14;;;;;;;;;
593;15;;;;;;;;;
593;16;;;;;;;;;
593;17;;;;;;;;;
593;18;;;;;;;;;
593;19;27;0;;Control;55;;;40;
593;20;;;;;;;;;
593;21;27;0;Dårlig fjell v 25-26;Control;60;;;40;
593;22;;;;;;;;;
593;23;16;0;Sjøtestang knakk.;Control;251;;;40;
593;24;;;;;;;;;
601;1;32.6;0;;Injection;107;;;40;
601;2;12;0;Completely stopp;Injection;;;;;
601;3;32.6;0;;Injection;88;;;40;
601;4;32.6;0;;Injection;131;;;40;
601;5;32.6;0;;Injection;118;;;40;
601;6;32.6;0;;Injection;145;;;40;
601;7;32.6;0;;Injection;101;;;40;
601;8;32.6;0;;Injection;652;147;;40;
601;9;32.6;0;;Injection;507;;;40;
601;10;32.6;0;Hard to place packer;Injection;530;1004;1768;40;
601;11;32.6;0;Hard to place packer;Injection;524;1024;579;40;
601;12;32.6;0;Hard to place packer;Injection;565;832;518;40;Exit
601;13;32.6;0;Hard to place packer;Injection;517;1007;316;40;
601;14;32.6;0;Hard to place packer;Injection;504;975;57;40;
601;15;32.6;0;;Injection;581;500;;38;Exit
601;16;32.6;0;;Injection;95;;;0;Exit, packer loosened
601;17;32.6;0;;Injection;190;;;3;Large exit
601;18;32.6;0;;Injection;281;;;40;
601;19;32.6;0;;Injection;61;;;40;
601;20;16.33;0;Completely stopp;Injection;;;;;
601;21;32.6;0;;Injection;92;;;40;
601;22;32.6;0;Hard to place packer;Injection;72;;;40;
601;23;32.6;0;29,39m logged;Injection;4;;;50;
601;24;32.6;0;;Injection;82;;;40;
611;1;32.6;0;;Injection;83;;;45;
611;2;32.6;0;;Injection;105;;;40;
611;3;32.6;0;;Injection;492;827;;40;
611;4;32.6;0;;Injection;73;;;40;
611;5;9.5;0;completely stop;Injection;;;;;
611;6;7;1;completety stop;Injection;;;;;
611;7;9.5;0;completely stop;Injection;;;;;
611;8;32.6;0;;Injection;565;932;;40;
611;9;32.6;0;;Injection;595;;;40;
611;10;32.6;0;;Injection;659;;;40;
611;11;32.6;0;;Injection;389;;;40;
611;12;32.6;0;;Injection;539;707;;40;
611;13;32.6;0;;Injection;558;784;;40;
611;14;32.6;0;Ok;Injection;94;;;45;
611;15;32.6;0;;Injection;374;;;40;
611;16;32.6;0;Ok;Injection;706;;;40;
611;17;32.6;0;Ok;Injection;156;;;40;
611;18;32.6;0;Bad conditions;Injection;;;;;
611;19;16.8;0;Bad conditions;Injection;;;;;
611;20;10.9;0;Bad conditions;Injection;;;;;
611;21;32.6;1;Ok;Injection;597;380;;40;
611;22;32.6;0.5;Ok;Injection;98;;;40;
611;23;32.6;0;Ok;Injection;85;;;40;
611;24;32.6;0;Ok;Injection;273;;;40;
621;1;32.6;0;Ok;Injection;4;;;40;
621;2;32.6;0;Ok;Injection;78;;;40;
621;3;4.8;0;Shield;Injection;;;;;
621;4;32.6;0;Ok;Injection;79;;;40;
621;5;32.6;0;Ok;Injection;81;;;40;
621;6;32.6;0;Ok.;Injection;55;;;40;
621;7;32.6;0;Ok;Injection;554;244;;40;
621;8;32.6;0;Ok;Injection;515;493;;40;
621;9;32.6;0;Ok;Injection;549;;;40;
621;10;32.6;0;Ok;Injection;36;;;40;
621;11;15.6;0;Collapsed hole;Injection;588;;;40;
621;12;8;0;Full stop;Injection;;;;;
621;13;32.6;0;Weak zone 28m;Injection;;;;;
621;14;32.6;0;Ok;Injection;11;;;40;
621;15;32.6;0;Ok;Injection;19;;;40;
621;16;32.6;0;Ok;Injection;388;;;40;
621;17;32.6;0;Ok;Injection;94;;;40;
621;18;32.6;0;Ok;Injection;523;551;;40;
621;19;32.6;0;Ok;Injection;1;;;40;
621;20;32.6;0;Ok;Injection;15;;;40;
621;21;32.6;0;Ok;Injection;104;;;40;
621;22;32.6;0;Ok;Injection;87;;;40;
621;23;32.6;0;Ok;Injection;237;;;0;Packer loosened
621;24;32.6;0;Ok;Injection;82;;;40;
630;1;;;;;;;;;
630;2;;;;;;;;;
630;3;;;;;;;;;
630;4;;;;;;;;;
630;5;32.6;0;;Injection;;;;;
630;6;;;;;;;;;
630;7;;;;;;;;;
630;8;;;;;;;;;
630;9;;;;;;;;;
630;10;;;;;;;;;
630;11;;;;;;;;;
630;12;32.6;0;;Injection;;;;;
630;13;32.6;0;;Injection;;;;;
630;14;;;;;;;;;
630;15;;;;;;;;;
630;16;;;;;;;;;
630;17;;;;;;;;;
630;18;;;;;;;;;
630;19;;;;;;;;;
630;20;;;;;;;;;
630;21;;;;;;;;;
630;22;;;;;;;;;
630;23;;;;;;;;;
630;24;;;;;;;;;
631;1;;0;Traff skjold;;;;;;
631;2;32.6;0;1 styre i hulle;Injection;368;;;60;
631;3;32.6;0.5;;Injection;210;;;40;
631;4;32.6;0;;Injection;92;;;40;
631;5;32.6;0;;Injection;705;706;266;40;
631;6;32.6;0;;Injection;731;701;90;40;
631;7;32.6;0;;Injection;33;;;41;
631;8;32.6;0;;Injection;179;;;40;
631;9;32.6;0;;Injection;521;705;392;40;
631;10;32.6;0;;Injection;1;;;45;
631;11;32.6;0;;Injection;520;998;107;40;
631;12;32.6;0;;Injection;505;81;;40;
631;13;32.6;0;;Injection;534;1004;408;40;
631;14;28.8;0;Complete stop;Injection;68;;;40;
631;15;32.6;0;;Injection;58;;;25;exit
631;16;32.6;0;Weak zone 10m;Injection;33;;;40;
631;17;32.6;0;;Injection;12;;;40;
631;18;32.6;0;;Injection;10;;;40;
631;19;32.6;0;;Injection;512;;;40;
631;20;32.6;0;;Injection;715;705;22;40;
631;21;32.6;0;;Injection;749;709;28;40;
631;22;15.5;0;1 styre,2skøjtt ihul;Injection;;;;;
631;23;32.6;0;;Injection;701;755;1496;43;
631;24;32.6;1;;Injection;137;;;41;
641;1;32.6;0;slepper;Injection;413;;;40;
641;2;0;0;stoppet;Injection;;;;;
641;3;32.6;0;daarlig fjell;Injection;592;923;;40;
641;4;32.6;0;daarlig fjell;Injection;4;;;45;
641;5;32.6;0;daarlig;Injection;545;175;;40;
641;6;32.6;0;DAARLIG FJELL;Injection;39;;;45;
641;7;32.6;0;daarlig fjell;Injection;537;318;;40;
641;8;32.6;0;daarlig fjell;Injection;510;380;;40;
641;9;32.6;0;sleppe ved 27m;Injection;514;1003;;40;
641;10;32.6;0;daarlig fjell;Injection;499;973;293;40;
641;11;32.6;0;SLEPPE VED 23M;Injection;737;1047;467;40;
641;12;32.6;0;sleppe ved 20m;Injection;202;;;40;
641;13;32.6;0;SLEPPE VED 8M;Injection;521;78;;40;
641;14;24.5;35;SLEPPE MED GRUS$AND$VANN;Injection;709;371;2276;40;exit 15
641;15;24.4;0;SLEPPE MED GRUS$AND$VANN;Injection;;;;;placed packer 2-3m in to stop exit
641;16;25.5;20;SLEPPE MED GRUS$AND$VANN;Injection;243;;;40;exit
641;17;23.2;55;SLEPPE MED GRUS$AND$VANN;Injection;701;767;1065;40;exit 15
641;18;32.6;0;rasa ingen pakker;Injection;;;;;no packer placed
641;19;32.6;100;sleppe paa 25m;Injection;4;;;40;logged on 18 on bever
641;20;4;0;sleppe kiling.;Injection;;;;;
641;21;29.5;53;sleppe 28m;Injection;5;;;40;
641;22;32.6;54;sleppe 28m;Injection;517;925;1565;40;low pressure, earlier 0,6
641;23;28;37;stopp 28m;Injection;544;683;1903;40;low oressure, earlier 0,6
641;24;32.6;0;sleppe hele veien.;Injection;521;998;186;40;
643;1;;;;;;;;;
643;2;;;;;;;;;
643;3;;;;;;;;;
643;4;27;0;daarlig fjell;Control;91;;;40;
643;5;;;;;;;;;
643;6;;;;;;;;;
643;7;;;;;;;;;
643;8;27;0;;Control;277;;;40;
643;9;;;;;;;;;
643;10;;;;;;;;;
643;11;;;;;;;;;
643;12;;;;;;;;;
643;13;;;;;;;;;
643;14;;;;;;;;;
643;15;;;;;;;;;
643;16;27;0;;Control;104;;;40;
643;17;;;;;;;;;
643;18;27;0;;Control;658;641;;10;exit
643;19;;;;;;;;;
643;20;;;;;;;;;
643;21;27;0;;Control;765;530;;40;
643;22;;;;;;;;;
643;23;;;;;;;;;
643;24;27;0;;Control;95;;;40;
651;1;32.6;0;;Injection;200;;;20;exit CH
651;2;32.6;0;;Injection;97;;;40;
651;3;32.6;0;;Injection;80;;;40;
651;4;32.6;0;;Injection;189;;;40;
651;5;32.6;0.8;;Injection;193;;;40;
651;6;32.6;0;;Injection;510;152;;40;
651;7;32.6;0;;Injection;118;;;40;
651;8;15;0;slepper paa 14m;Injection;621;671;;40;
651;9;22;0;slepper paa 15m;Injection;55;;;40;
651;10;32.6;0;;Injection;831;952;;40;
651;11;32.6;0;;Injection;268;;;40;
651;12;32.6;0;rasa;Injection;123;;;0;exit.
651;13;32.6;0;rasa;Injection;557;;;0;exit.
651;14;32.6;0;;Injection;731;702;263;40;
651;15;32.6;0;;Injection;708;31;;40;
651;16;32.6;0;;Injection;528;1084;256;40;
651;17;32.6;0;;Injection;551;548;;40;
651;18;32.6;0;;Injection;544;936;;40;
651;19;32.6;0;;Injection;69;;;40;
651;20;32.6;1;;Injection;511;228;;40;
651;21;32.6;0;;Injection;516;567;;40;
651;22;32.6;0;;Injection;612;1037;404;40;
651;23;32.6;0;;Injection;548;1035;87;40;
651;24;32.6;0;;Injection;91;;;40;
661;1;32.6;0;;Injection;99;;;40;
661;2;27;0;;Injection;62;;;40;
661;3;32.6;0;;Injection;80;;;40;
661;4;32.6;0;;Injection;1;;;40;
661;5;32.6;0;;Injection;79;;;40;
661;6;32.6;0;;Injection;481;;;40;
661;7;32.6;0;;Injection;257;;;40;
661;8;32.6;0;;Injection;34;;;40;
661;9;32.6;0;Dårlig fell;Injection;508;1034;381;40;
661;10;32.6;0;Dårlig fell;Injection;566;703;;;exit.
661;11;32.6;0;Rast;Injection;;;;;
661;12;32.6;0;;Injection;97;;;0;exit
661;13;3.5;0;Stop;Injection;;;;;
661;14;3;0;Stop;Injection;;;;;
661;15;32.6;0;;Injection;94;;;40;
661;16;4.8;0;Stop;Injection;;;;;
661;17;32.6;0;;Injection;543;1029;231;40;
661;18;32.6;0;;Injection;564;1011;154;40;
661;19;32.6;0;;Injection;71;;;40;
661;20;32.6;0;;Injection;700;745;;40;
661;21;32.6;0;;Injection;701;701;;40;
661;22;32.6;0;;Injection;648;;;40;
661;23;32.6;0;;Injection;81;;;40;
661;24;7.4;0;Stop cutterhead;Injection;;;;;
671;1;32.6;0;;Injection;193;;;40;
671;2;32.6;0;;Injection;74;;;40;
671;3;32.6;0;;Injection;78;;;40;
671;4;32.6;0;;Injection;85;;;;pakker kommer ut
671;5;10;0;Stor sleppe 10m;Injection;216;;;;utgang
671;6;32.6;0;;Injection;5;;;40;
671;7;32.6;0;;Injection;17;;;40;
671;8;32.6;0;;Injection;95;;;40;
671;9;32.6;0;;Injection;512;759;73;40;
671;10;32.6;0;;Injection;18;;;;Pakker kom ut
671;11;32.6;0;;Injection;47;;;40;
671;12;32.6;0;;Injection;36;;;40;
671;13;32.6;0;;Injection;112;;;40;
671;14;32.6;0;;Injection;547;943;1088;40;
671;15;32.6;0;;Injection;591;758;;40;
671;16;32.6;0;;Injection;744;808;645;40;
671;17;32.6;0;;Injection;120;;;40;
671;18;32.6;0;Dårlig berg 10m;Injection;599;874;718;;
671;19;32.6;0;Dårlig berg 10 m;Injection;73;;;40;
671;20;32.6;0;Sleppe 7m og 12m;Injection;85;;;40;
671;21;32.6;0;;Injection;73;;;40;
671;22;32.6;0;;Injection;4;;;40;
671;23;32.6;0;;Injection;77;;;40;
671;24;32.6;0;;Injection;93;;;36;pakker kommer ut
681;1;;;;;;;;;
681;2;32.6;0;Sleppe 12m;Injection;857;548;;2.5;EXIT
681;3;;;;;;;;;
681;4;32.6;0;ok;Injection;69;;;40;
681;5;;;;;;;;;
681;6;32.6;0;ok;Injection;52;;;40;
681;7;;;;;;;;;
681;8;32.6;0;ok;Injection;166;;;40;
681;9;;;;;;;;;
681;10;32.6;0;ok;Injection;205;;;40;
681;11;;;;;;;;;
681;12;32.6;0;Rasa, ingen;Injection;;;;;
681;13;;;;;166;;;40;
681;14;14.3;0;Sleppe, stopp 14,3;Injection;443;;;0;EXIT
681;15;;;;;;;;;
681;16;32.6;0;ok;Injection;14;;;40;
681;17;;;;;;;;;
681;18;32.6;0;ok;Injection;88;;;40;
681;19;;;;;;;;;
681;20;32.6;0;ok;Injection;87;;;40;
681;21;;;;;;;;;
681;22;32.6;0;ok;Injection;86;;;40;
681;23;;;;;;;;;
681;24;32.6;0;ok;Injection;68;;;40;
691;1;32.6;0;;Injection;67;;;40;
691;2;;;;;;;;;
691;3;32.6;0;;Injection;244;;;40;
691;4;;;;;;;;;
691;5;32.6;0;;Injection;7;;;40;
691;6;;;;;;;;;
691;7;32.6;0;;Injection;477;;;0;exit.pakker kom ut.
691;8;;;;;;;;;
691;9;32.6;0;;Injection;245;;;40;
691;10;;;;;;;;;
691;11;32.6;0;Fikk ikke Inn pakker;Injection;;;;;
691;12;;;;;;;;;
691;13;32.6;0;;Injection;90;;;40;
691;14;;;;;;;;;
691;15;32.6;0;;Injection;98;;;40;
691;16;;;;;;;;;
691;17;32.6;0;;Injection;242;;;40;
691;18;;;;;;;;;
691;19;32.6;0;;Injection;141;;;40;
691;20;;;;;;;;;
691;21;32.6;0;;Injection;4;;;40;
691;22;;;;;;;;;
691;23;32.6;0;;Injection;140;;;40;
691;24;;;;;;;;;
701;1;;;;;;;;;
701;2;32.6;0;;Injection;88;;;40;
701;3;32.6;0;Sleppe 14m;Injection;86;;;40;
701;4;3.4;0;Traff skjold;Injection;;;;;
701;5;32.6;0;;Injection;87;;;40;
701;6;3;0;Traff skjold;Injection;;;;;
701;7;;;;;;;;;
701;8;32.6;0;;Injection;535;773;;40;
701;9;;;;;;;;;
701;10;32.6;0;;Injection;562;759;1287;40;
701;11;;;;;;;;;
701;12;32.6;0;;Injection;526;392;;40;
701;13;;;;;;;;;
701;14;32.6;0;Fikk ikke Inn pakker;Injection;;;;;
701;15;;;;;;;;;
701;16;32.6;0;;Injection;165;;;40;
701;17;;;;;;;;;
701;18;32.6;0;Sleppe paa 20m;Injection;28;;;40;
701;19;;;;;;;;;
701;20;32.6;0;;Injection;79;;;40;
701;21;;;;;;;;;
701;22;32.6;0;;Injection;85;;;40;
701;23;;;;;;;;;
701;24;32.6;0;;Injection;;;;;
711;1;32.6;0;;Injection;79;;;40;
711;2;;;;;;;;;
711;3;32.6;0;;Injection;525;254;;40;
711;4;;;;;;;;;
711;5;32.6;0;;Injection;520;378;;40;
711;6;;;;;;;;;
711;7;32.6;0;;Injection;237;;;40;
711;8;;;;;;;;;
711;9;32.6;0;;Injection;533;727;;40;
711;10;;;;;;;;;
711;11;32.6;0;;Injection;531;441;;40;
711;12;;;;;;;;;
711;13;32.6;0;;Injection;26;;;40;
711;14;;;;;;;;;
711;15;32.6;0;;Injection;142;;;40;
711;16;;;;;;;;;
711;17;32.6;0;;Injection;104;;;40;
711;18;;;;;;;;;
711;19;32.6;0;;Injection;76;;;40;
711;20;;;;;;;;;
711;21;32.6;0;;Injection;81;;;40;
711;22;;;;;;;;;
711;23;32.6;0;;Injection;511;445;;40;
711;24;;;;;;;;;
712;1;;;;;;;;;
712;2;;;;;560;;;40;
712;3;;;;;;;;;
712;4;;;;;88;;;40;
712;5;;;;;;;;;
712;6;;;;;215;;;40;
712;7;;;;;;;;;
712;8;;;;;524;;;40;
712;9;;;;;;;;;
712;10;;;;;701;177;;40;
712;11;;;;;;;;;
712;12;;;;;714;43;;40;
712;13;;;;;;;;;
712;14;;;;;16;;;40;
712;15;;;;;;;;;
712;16;;;;;221;;;40;
712;17;;;;;;;;;
712;18;;;;;498;;;9;gjenomgang til20
712;19;;;;;;;;;
712;20;;;;;673;;;7;exit
712;21;;;;;;;;;
712;22;;;;;100;;;;exit  pakker kom ut
712;23;;;;;;;;;
712;24;;;;;719;131;;40;
721;1;;;;;;;;;
721;2;32.6;0;;Injection;560;71;;;
721;3;;;;;;;;;
721;4;32.6;0;Leire sleppe 10m;Injection;88;;;;
721;5;;;;;;;;;
721;6;32.6;1;Ok;Injection;215;;;;
721;7;;;;;;;;;
721;8;32.6;0;Ok;Injection;529;;;;
721;9;;;;;;;;;
721;10;32.6;0;Ok0;Injection;702;177;;;
721;11;;;;;;;;;
721;12;32.6;0;Ok;Injection;714;43;;;
721;13;;;;;;;;;
721;14;32.6;0;;Injection;16;;;;
721;15;;;;;;;;;
721;16;32.6;0;Ok;Injection;221;;;;
721;17;;;;;;;;;
721;18;32.6;0;Ok;Injection;498;;;;
721;19;;;;;;;;;
721;20;32.6;0;;Injection;673;;;;
721;21;;;;;;;;;
721;22;32.6;0;;Injection;100;;;;
721;23;;;;;;;;;
721;24;32.6;0;;Injection;719;131;;;
731;1;40;0;;Injection;12;;;40;
731;2;;;;;;;;;
731;3;40;0;;Injection;62;;;40;gjenom gang til hull nr 1
731;4;;;;;;;;;
731;5;40;0;;Injection;256;;;40;
731;6;;;;;;;;;
731;7;40;0;;Injection;701;236;;40;
731;8;;;;;;;;;
731;9;40;0;;Injection;360;;;40;
731;10;;;;;;;;;
731;11;40;0;;Injection;649;;;40;
731;12;;;;;;;;;
731;13;40;0;;Injection;807;405;;40;
731;14;;;;;;;;;
731;15;40;0;;Injection;353;;;40;
731;16;;;;;;;;;
731;17;40;0;;Injection;207;;;40;
731;18;;;;;;;;;
731;19;40;0;;Injection;1088;;;40;
731;20;;;;;;;;;
731;21;40;0;;Injection;154;;;40;
731;22;;;;;;;;;
731;23;40;0;;Injection;54;;;40;
731;24;;;;;;;;;
743;1;;;;;;;;;
743;2;40;0;;Injection;106;;;40;
743;3;;;;;;;;;
743;4;40;0;;Injection;226;;;40;
743;5;;;;;;;;;
743;6;40;0;;Injection;10;;;40;
743;7;;;;;;;;;
743;8;40;0;;Injection;558;;;40;
743;9;;;;;;;;;
743;10;40;0;;Injection;114;;;40;
743;11;;;;;;;;;
743;12;40;0;;Injection;182;;;40;
743;13;;;;;;;;;
743;14;40;0;;Injection;564;;;40;
743;15;;;;;;;;;
743;16;40;0;;Injection;235;;;40;
743;17;;;;;;;;;
743;18;40;0;;Injection;37;;;40;
743;19;;;;;;;;;
743;20;40;0;;Injection;4;;;40;
743;21;;;;;;;;;
743;22;40;0;;Injection;58;;;40;
743;23;;;;;;;;;
743;24;40;0;;Injection;54;;;40;
755;1;40;0;ok;Injection;787;;;40;
755;2;;;;;;;;;
755;3;40;0;ok;Injection;717;471;;40;
755;4;;;;;;;;;
755;5;40;0;Ok;Injection;185;;;40;
755;6;;;;;;;;;
755;7;40;0;Leire 37m;Injection;4;;;40;
755;8;;;;;;;;;
755;9;40;0;ok;Injection;716;374;;40;
755;10;;;;;;;;;
755;11;40;0;Sleppe 37m;Injection;789;;;40;
755;12;;;;;;;;;
755;13;40;0;Sleppe 28m;Injection;169;;;40;
755;14;;;;;;;;;
755;15;40;0;Ok;Injection;25;;;40;
755;16;;;;;;;;;
755;17;40;0;Sleppe35m;Injection;11;;;40;
755;18;;;;;;;;;
755;19;40;0;ok;Injection;694;656;;40;pumpet over prossedyre pga hoyt pumpetrykk
755;20;;;;;;;;;
755;21;40;0;ok;Injection;660;751;;40;pumpet over prossedyre pga hoyt pumpetrykk
755;22;;;;;;;;;
755;23;38;0;ok;Injection;105;;;35;avsluttet paa 35 bar da pakker var paa tur ut
755;24;;;;;;;;;
767;1;;;;;;;;;
767;2;40;0;;Injection;104;;;40;
767;3;;;;;;;;;
767;4;40;0;;Injection;728;723;;40;
767;5;;;;;;;;;
767;6;40;0;;Injection;631;599;;40;
767;7;;;;;;;;;
767;8;40;0;;Injection;1337;436;;40;
767;9;;;;;;;;;
767;10;40;0;;Injection;700;1024;;40;
767;11;;;;;;;;;
767;12;40;0;;Injection;3;;;40;
767;13;;;;;;;;;
767;14;40;0;;Injection;622;;;40;
767;15;;;;;;;;;
767;16;40;0;;Injection;2;;;40;
767;17;;;;;;;;;
767;18;40;0;;Injection;816;138;;40;
767;19;;;;;;;;;
767;20;40;0;;Injection;525;;;40;
767;21;;;;;;;;;
767;22;40;0;;Injection;780;128;;40;
767;23;;;;;;;;;
767;24;40;0;;Injection;599;;;40;
779;1;40;3;Ok;Injection;734;;;40;
779;2;;;;;;;;;
779;3;40;3;Ok;Injection;860;;;40;
779;4;;;;;;;;;
779;5;40;0;Ok;Injection;645;481;;40;
779;6;;;;;;;;;
779;7;40;0;ok;Injection;750;485;;40;
779;8;;;;;;;;;
779;9;40;0;Ok;Injection;1025;632;;40;
779;10;;;;;;;;;
779;11;40;0;Ok leire;Injection;698;351;;40;
779;12;;;;;;;;;
779;13;40;0;Ok leire;Injection;106;;;40;
779;14;;;;;;;;;
779;15;40;0;Ok;Injection;156;;;40;
779;16;;;;;;;;;
779;17;40;0;Ok;Injection;346;;;40;
779;18;;;;;;;;;
779;19;40;0;Ok;Injection;983;559;;40;
779;20;;;;;;;;;
779;21;40;0;Ok;Injection;816;1124;;40;
779;22;;;;;;;;;
779;23;40;0;ok;Injection;731;857;;40;
779;24;;;;;;;;;
791;1;;;;;;;;;
791;2;40;0;Ok;Injection;382;;;40;liten exit.
791;3;;;;;;;;;
791;4;40;0;Ok;Injection;271;;;40;
791;5;;;;;;;;;
791;6;40;0;Ok;Injection;364;;;40;
791;7;;;;;;;;;
791;8;40;0;Ok;Injection;179;;;40;
791;9;;;;;;;;;
791;10;40;0;Ok;Injection;194;;;0;exit.
791;11;;;;;;;;;
791;12;40;0;Ok;Injection;312;;;40;
791;13;;;;;;;;;
791;14;40;0;Ok;Injection;385;;;40;
791;15;;;;;;;;;
791;16;40;0;Ok;Injection;135;;;40;
791;17;;;;;;;;;
791;18;40;0;Ok;Injection;581;56;;40;
791;19;;;;;;;;;
791;20;40;0;Ok;Injection;533;33;;40;
791;21;;;;;;;;;
791;22;40;0;Ok;Injection;6;;;40;
791;23;;;;;;;;;
791;24;40;0;Ok;Injection;131;;;40;
803;1;40;0;ok;Injection;93;;;40;
803;2;;;;;;;;;
803;3;40;0;ok;Injection;208;;;40;
803;4;;;;;;;;;
803;5;40;0;ok;Injection;7;;;40;
803;6;;;;;;;;;
803;7;40;0;ok;Injection;474;;;40;
803;8;;;;;;;;;
803;9;40;0;ok;Injection;36;;;40;
803;10;;;;;;;;;
803;11;40;0;ok;Injection;75;;;40;
803;12;;;;;;;;;
803;13;40;0;ok;Injection;727;537;;40;
803;14;;;;;;;;;
803;15;40;0;sleppe 24m;Injection;742;362;;40;
803;16;;;;;;;;;
803;17;40;0;ok;Injection;264;;;40;
803;18;;;;;;;;;
803;19;40;0;sleppe 12m;Injection;267;;;40;
803;20;;;;;;;;;
803;21;40;0;ok;Injection;181;;;32;liten exit.
803;22;;;;;;;;;
803;23;40;0;ok;Injection;736;;;40;
803;24;;;;;;;;;
813;1;;;;;;;;;
813;2;40;0;;Injection;122;;;43;
813;3;;;;;;;;;
813;4;40;0;;Injection;88;;;40;
813;5;;;;;;;;;
813;6;40;0;;Injection;10;;;40;
813;7;;;;;;;;;
813;8;40;0;;Injection;109;;;40;
813;9;;;;;;;;;
813;10;40;0;;Injection;389;;;40;
813;11;;;;;;;;;
813;12;40;0;;Injection;124;;;40;
813;13;;;;;;;;;
813;14;40;0;;Injection;652;281;;40;
813;15;;;;;;;;;
813;16;40;0;;Injection;609;486;;44;
813;17;;;;;;;;;
813;18;40;0;;Injection;12;;;40;
813;19;;;;;;;;;
813;20;40;0;;Injection;86;;;40;
813;21;;;;;;;;;
813;22;40;0;;Injection;829;;;40;
813;23;;;;;;;;;
813;24;40;0;;Injection;121;;;40;
822;1;40;0;;Injection;118;;;40;
822;2;;;;;;;;;
822;3;40;0;;Injection;661;;;40;
822;4;;;;;;;;;
822;5;40;0;;Injection;367;;;40;
822;6;;;;;;;;;
822;7;40;0;;Injection;373;;;40;
822;8;;;;;;;;;
822;9;40;0;;Injection;591;;;40;
822;10;;;;;;;;;
822;11;40;0;;Injection;371;;;40;
822;12;;;;;;;;;
822;13;40;0;;Injection;58;;;40;
822;14;;;;;;;;;
822;15;40;0;;Injection;;;;;
822;16;;;;;256;;;40;
822;17;40;0;;Injection;450;;;40;
822;18;;;;;;;;;
822;19;40;0;;Injection;528;;;40;
822;20;;;;;;;;;
822;21;40;0;;Injection;71;;;40;
822;22;;;;;;;;;
822;23;40;0;;Injection;83;;;40;
822;24;;;;;;;;;
835;1;;;;;;;;;
835;2;40;0.5;Ok;Injection;502;560;;40;
835;3;;;;;;;;;
835;4;40;0.5;Ok;Injection;524;203;;40;
835;5;;;;;;;;;
835;6;40;0.5;Ok;Injection;99;;;40;
835;7;;;;;;;;;
835;8;40;0;Ok;Injection;586;;;22;leak in cutterhead
835;9;;;;;;;;;
835;10;40;0;Ok;Injection;98;;;40;
835;11;;;;;;;;;
835;12;40;0;Ok;Injection;98;;;40;
835;13;;;;;;;;;
835;14;40;0;Logged 27,36m;Injection;100;;;40;
835;15;;;;;;;;;
835;16;40;0;Ok;Injection;130;;;40;
835;17;;;;;;;;;
835;18;40;0;Ok;Injection;159;;;40;
835;19;;;;;;;;;
835;20;40;0;Ok;Injection;539;620;;40;
835;21;;;;;;;;;
835;22;40;0;Ok;Injection;363;;;40;
835;23;;;;;;;;;
835;24;40;0.5;Ok;Injection;957;;;40;
846;1;;;;;;;;;
846;2;;;;;;;;;
846;3;;;;;;;;;
846;4;;;;;;;;;
846;5;;;;;;;;;
846;6;;;;;;;;;
846;7;;;;;;;;;
846;8;;;;;;;;;
846;9;;;;;;;;;
846;10;;;;;;;;;
846;11;;;;;;;;;
846;12;;;;;;;;;
846;13;;;;;;;;;
846;14;;;;;;;;;
846;15;;;;;;;;;
846;16;;;;;;;;;
846;17;;;;;;;;;
846;18;;;;;;;;;
846;19;;;;;;;;;
846;20;;;;;;;;;
846;21;;;;;;;;;
846;22;;;;;;;;;
846;23;;;;;;;;;
846;24;;;;;;;;;
847;1;40;0;Ok;Injection;220;;;40;
847;2;;;;;;;;;
847;3;40;0;Ok;Injection;105;;;40;
847;4;;;;;;;;;
847;5;40;0;Ok;Injection;311;;;42;
847;6;;;;;;;;;
847;7;40;0;Ok;Injection;4;;;48;
847;8;;;;;;;;;
847;9;40;0;Ok;Injection;490;;;40;
847;10;;;;;;;;;
847;11;40;0;Ok;Injection;496;;;32;Leak cutterhead
847;12;;;;;;;;;
847;13;40;0;Ok;Injection;566;;;40;logget p[ hull nr 12
847;14;;;;;;;;;
847;15;;;;;;;;;
847;16;40;0;Ok;Injection;645;;;40;
847;17;40;0;Ok;Injection;165;;;40;
847;18;;;;;;;;;
847;19;40;0.5;Ok;Injection;700;380;;40;
847;20;;;;;;;;;
847;21;40;0.5;Ok;Injection;595;798;;40;
847;22;;;;;;;;;
847;23;40;17;Ok;Injection;564;1189;;40;
847;24;;;;;;;;;
858;1;;;;;;;;;
858;2;40;0;;Injection;614;461;;40;
858;3;;;;;;;;;
858;4;40;0;;Injection;99;;;40;
858;5;;;;;;;;;
858;6;40;0;;Injection;600;386;;32;small leak
858;7;;;;;;;;;
858;8;40;0;;Injection;474;;;40;
858;9;;;;;;;;;
858;10;40;0;;Injection;111;;;40;
858;11;;;;;;;;;
858;12;40;0;;Injection;371;;;40;
858;13;;;;;;;;;
858;14;40;0;;Injection;2;;;40;
858;15;;;;;;;;;
858;16;40;0;;Injection;177;;;40;
858;17;;;;;;;;;
858;18;40;0;;Injection;541;;;40;
858;19;;;;;;;;;
858;20;40;0;;Injection;272;;;40;
858;21;;;;;;;;;
858;22;40;0;;Injection;166;;;40;
858;23;;;;;;;;;
858;24;40;0;;Injection;914;;;40;
871;1;40;0.5;Ok;Injection;243;;;40;
871;2;;;;;;;;;
871;3;40;0;Ok;Injection;316;;;42;
871;4;;;;;;;;;
871;5;40;0;Ok;Injection;615;;;40;
871;6;;;;;;;;;
871;7;40;0;Ok;Injection;593;;;41;
871;8;;;;;;;;;
871;9;40;0;Ok;Injection;544;1583;;30;small leak in shield
871;10;;;;;;;;;
871;11;40;0;Ok;Injection;549;;;40;
871;12;;;;;;;;;
871;13;40;0;Ok;Injection;249;;;41;
871;14;;;;;;;;;
871;15;;;;;;;;;
871;16;40;0;Ok;Injection;567;856;;40;
871;17;40;0;Ok;Injection;116;;;40;
871;18;;;;;;;;;
871;19;40;0;Ok;Injection;218;;;40;
871;20;;;;;;;;;
871;21;40;0;Ok;Injection;71;;;40;
871;22;;;;;;;;;
871;23;40;0;Ok;Injection;170;;;40;
871;24;;;;;;;;;
883;1;;;;;;;;;
883;2;40;1;Ok;Injection;503;61;;45;
883;3;;;;;;;;;
883;4;40;5;Ok;Injection;513;844;;45;
883;5;;;;;;;;;
883;6;;;;;;;;;
883;7;40;0;Dårlig fjell;Injection;613;986;;45;
883;8;11.8;0;Dårlig fjell stop.;Injection;;;;;
883;9;40;0;Dårlig fjell;Injection;511;1019;415;45;
883;10;40;0;Couldn't place packe;Injection;;;;;
883;11;;;;;;;;;
883;12;3;0;Hit shield;;;;;;
883;13;3.8;0;Hit shield;;;;;;
883;14;40;0;Ok, packer 8m inside;Injection;41;;;45;
883;15;;;;;;;;;
883;16;40;0;Ok;Injection;624;1032;508;45;
883;17;;;;;;;;;
883;18;40;30;Ok;Injection;558;1022;68;3;exit
883;19;;;;;;;;;
883;20;40;40;;Injection;509;364;;45;
883;21;;;;;;;;;
883;22;40;9;Ok;Injection;522;289;;45;
883;23;;;;;;;;;
883;24;40;0.5;Ok;Injection;702;;;43;
885;1;6;0;Shield;;;;;;
885;2;33;0;Ok;Injection;89;;;43;
885;3;;;;;;;;;
885;4;;;;;;;;;
885;5;33;0;Ok;Control;87;;;40;
885;6;;;;;;;;;
885;7;27.05;0;Ok;Injection;73;;;40;
885;8;;;;;;;;;
885;9;33;0;Ok;Injection;760;;;30;leak in shield
885;10;33;0;Ok;Injection;67;;;40;
885;11;5.88;0;Shield;Injection;;;;;
885;12;;;;;;;;;
885;13;;;;;;;;;
885;14;33;0;Ok;Control;79;;;43;
885;15;;;;;;;;;
885;16;;;;;;;;;
885;17;33;0;Ok;Control;103;;;40;
885;18;;;;;;;;;
885;19;33;0;Ok;Control;227;;;40;
885;20;;;;;;;;;
885;21;33;12;Ok;Control;529;;;40;
885;22;;;;;;;;;
885;23;33;4;Ok;Control;106;;;42;
885;24;33;0.5;Ok;Injection;98;;;40;
895;1;;;;;;;;;
895;2;40;0.5;Ok;Injection;569;;;40;
895;3;;;;;;;;;
895;4;40;0.5;Ok;Injection;11;;;40;
895;5;;;;;;;;;
895;6;40;0;Ok, bever says 23.03;Injection;113;;;40;
895;7;;;;;;;;;
895;8;40;0;Ok;Injection;557;;;35;leak in shield
895;9;;;;;;;;;
895;10;40;0;Ok;Injection;544;1015;;40;
895;11;;;;;;;;;
895;12;40;0;Ok;Injection;713;;;40;
895;13;;;;;;;;;
895;14;40;0;Ok;Injection;553;232;;45;
895;15;;;;;;;;;
895;16;40;0;Ok;Injection;22;;;44;
895;17;;;;;;;;;
895;18;40;22;Ok;Injection;511;1135;527;40;
895;19;;;;;;;;;
895;20;40;2;Ok;Injection;874;;;40;
895;21;;;;;;;;;
895;22;40;11;Ok;Injection;537;692;;40;
895;23;;;;;;;;;
895;24;40;2;Ok;Injection;109;;;40;
909;1;40;70;Ok;Injection;503;1008;428;40;
909;2;40;40;Ok;Injection;603;;;40;
909;3;37;60;Stop at 37m;Injection;519;145;;40;
909;4;4;0;Shield;;;;;;
909;5;40;30;;Injection;627;593;;40;
909;6;40;60;;Injection;516;245;;40;
909;7;40;2;;Injection;535;391;;0;exit
909;8;40;40;;Injection;572;1104;386;40;
909;9;7;0;Stopp 7m;;;;;;
909;10;40;50;Ok;Injection;588;1090;478;40;
909;11;4.16;0;Shield;;;;;;
909;12;0;0;Not possible;;;;;;
909;13;40;0;;Injection;119;;;40;
909;14;0;0;Not possible;;;;;;
909;15;3;0;Shield;;;;;;
909;16;40;0;Ok;Injection;153;;;40;
909;17;40;0;Ok;Injection;276;;;20;leak in shield
909;18;3.2;0;Shield;;;;;;
909;19;5.5;0;Shield;;;;;;
909;20;31;60;Stop at 31m;Injection;510;;;40;
909;21;40;30;Ok;Injection;675;1080;655;40;
909;22;40;2;Bever says 4,17m....;Injection;256;;;44;
909;23;40;0;;Injection;504;1210;35;40;
909;24;31;0;Stop 31m;Injection;574;22;;40;
911;1;;;;;;;;;
911;2;;;;;131;;;45;
911;3;;;;;;;;;
911;4;;;;;;;;;
911;5;;;;;;;;;
911;6;33;0;Hard to place packe;Control;650;;;12;exit cutterhead
911;7;;;;;;;;;
911;8;;;;;;;;;
911;9;;;;;;;;;
911;10;33;0;;Control;31;;;45;
911;11;;;;;;;;;
911;12;;;;;;;;;
911;13;;;;;;;;;
911;14;;;;;;;;;
911;15;;;;;;;;;
911;16;33;0;;Control;30;;;45;
911;17;;;;;;;;;
911;18;;;;;;;;;
911;19;33;0;;Control;118;;;45;
911;20;;;;;;;;;
911;21;;;;;;;;;
911;22;;;;;;;;;
911;23;33;0;;Control;89;;;45;
911;24;;;;;;;;;
923;1;40;0;Ok;Injection;533;1004;482;45;
923;2;40;1;Ok;Injection;524;1074;151;45;
923;3;40;5;Ok;Injection;521;1056;731;45;
923;4;40;0;;Injection;114;;;0;packer placed 5-6m in, direct exit
923;5;40;3;ok;Injection;530;622;;45;
923;6;40;0;;Injection;54;;;0;packer placed 5-6m in, direct exit
923;7;40;60;Ok;Injection;528;1031;324;45;packer loosened, replaced new
923;8;40;0;Couldnt place packer;Injection;;;;;
923;9;40;150;Ok;Injection;562;1093;76;45;
923;10;40;300;Ok;Injection;512;622;485;0;no pressure, started early 0,6. EXIT
923;11;40;50;Ok;Injection;566;1118;108;45;
923;12;40;0;Couldnt place packer;Injection;;;;;
923;13;;;;;;;;;
923;14;4;0;Shield.;Injection;;;;;
923;15;32.89;35;Stop 33m;Injection;343;;;0;direct Exit
923;16;40;100;Ok;Injection;522;777;;45;
923;17;40;20;Ok;Injection;585;363;;45;
923;18;40;45;Ok. Mye slepper.;Injection;540;1037;697;45;
923;19;40;40;Sleppe ved 6m;Injection;348;;;0;direct exit,packer plced at 6m
923;20;40;7;Ok;Injection;232;;;0;packer placed 8-9m in. direct exit
923;21;40;1.5;Ok;Injection;534;1051;438;50;
923;22;40;2.5;Ok;Injection;503;1021;255;45;
923;23;40;0;Ok;Injection;581;1026;328;45;
923;24;40;0;Ok;Injection;511;1001;590;45;
924;1;;;;;;;;;
924;2;;;;;;;;;
924;3;;;;;;;;;
924;4;;;;;;;;;
924;5;;;;;;;;;
924;6;;;;;;;;;
924;7;;;;;;;;;
924;8;;;;;;;;;
924;9;;;;;;;;;
924;10;;;;;;;;;
924;11;;;;;;;;;
924;12;;;;;;;;;
924;13;;;;;;;;;
924;14;;;;;;;;;
924;15;;;;;;;;;
924;16;;;;;;;;;
924;17;;;;;;;;;
924;18;;;;;;;;;
924;19;;;;;;;;;
924;20;;;;;;;;;
924;21;;;;;;;;;
924;22;;;;;;;;;
924;23;;;;;;;;;
924;24;;;;;;;;;
927;1;29;2;Ok;Control;336;;;45;
927;2;;;;;;;;;
927;3;29;3;Ok;Control;557;969;;45;
927;4;;;;;;;;;
927;5;;;;;;;;;
927;6;;;;;;;;;
927;7;29;10;Ok;Control;599;570;;45;
927;8;;;;;;;;;
927;9;29;0;Ok;Control;514;648;34;0;EXIT,STARTED 0,6. DIRECT EXIT.
927;10;29;0;Ok;Control;418;;;45;
927;11;;;;;;;;;
927;12;10.5;0;Couldnt place packer;Control;;;;;
927;13;;;;;;;;;
927;14;4.5;0;Complete stop.;Control;;;;;
927;15;;;;;;;;;
927;16;16;1;Ok;Control;525;685;;45;
927;17;;;;;;;;;
927;18;;;;;;;;;
927;19;29;1;Ok;Control;564;946;;0;EXIT
927;20;;;;;;;;;
927;21;;;;;;;;;
927;22;;;;;;;;;
927;23;;;;;;;;;
927;24;;;;;;;;;
935;1;40;0;;Injection;605;1094;2510;40;
935;2;40;1;slepper;Injection;582;;;45;
935;3;40;2;;Injection;504;1118;241;50;
935;4;40;2.5;slepper;Injection;1059;714;;45;
935;5;40;5;;Injection;510;303;;45;Packer loosened, replaced new
935;6;40;150;Mye slepper;Injection;1001;622;;45;
935;7;20;6.5;crack;Injection;171;;;45;
935;8;40;21;Ok;Injection;1002;1112;1914;45;
935;9;40;100;water diff measure;Injection;1016;1033;180;45;
935;10;31.3;100;Slepper.;Injection;1004;617;;45;
935;11;40;40;;Injection;1016;719;333;45;
935;12;;;;;;;;;
935;13;;;skiped, much water;;;;;;
935;14;20;0;crack,instead of H15;Injection;462;;;45;
935;15;;;stoped at 5m;;;;;;
935;16;40;0;Slepper;Injection;1000;675;;45;
935;17;40;20;;Injection;1029;111;;45;
935;18;30.1;42;Bom stop. Slepper;Injection;1016;1037;288;45;
935;19;40;30;;Injection;919;;;45;
935;20;40;5;Ok;Injection;245;;;45;
935;21;40;15;;Injection;502;;;45;
935;22;40;0;Ok;Injection;1025;1002;1121;45;
935;23;20;13.5;;Injection;511;1042;320;50;
935;24;40;0;Ok;Injection;1001;803;;49;
939;1;;;;;;;;;
939;2;;;;;;;;;
939;3;29;0;Ok;Control;113;;;45;
939;4;;;;;;;;;
939;5;29;1.5;Ok;Control;505;122;;45;
939;6;;;;;;;;;
939;7;;;;;;;;;
939;8;;;;;;;;;
939;9;29;0;Ok;Control;526;1154;454;45;
939;10;;;;;;;;;
939;11;;;;;;;;;
939;12;;;;;;;;;
939;13;;;;;;;;;
939;14;;;;;;;;;
939;15;;;;;;;;;
939;16;;;;;;;;;
939;17;21;20;Stor sleppe 21 meter;Control;512;1044;352;45;
939;18;;;;;;;;;
939;19;17;20;Stor sleppe  stop 17;Control;528;1029;17;45;
939;20;;;;;;;;;
939;21;29;0.5;Ok;Control;298;;;45;
939;22;;;;;;;;;
939;23;6;0;;Control;13;;;0;Direct exit, packer placed 6m in
939;24;;;;;;;;;
945;1;;;;;;;;;
945;2;40;0.2;Ok;Injection;112;;;40;
945;3;;;;;;;;;
945;4;40;0.2;Slepper;Injection;20;;;40;
945;5;;;;;;;;;
945;6;40;0.5;Slepper;Injection;43;;;40;
945;7;;;;;;;;;
945;8;40;0.2;Slepper;Injection;527;174;;40;
945;9;;;;;;;;;
945;10;;;;;;;;;
945;11;8.5;0;Stopp, kolaps;Injection;;;;;
945;12;6.5;0;Sleppe på 4m,kolaps;Injection;;;;;
945;13;5.5;0;Sleppe på 4m, kolaps;Injection;;;;;
945;14;6.5;0;Sleppe på 4m kolaps;Injection;;;;;
945;15;40;0;Slepper;Injection;56;;;0;Direct exit
945;16;6;0;Sleppe,stopp og kola;Injection;;;;;
945;17;;;;;;;;;
945;18;9;0;Sleppe på 4m,kolaps;Injection;94;;;0;Direct exit
945;19;;;;;;;;;
945;20;24.5;24;Bom stop.24,5m;Injection;563;1001;438;40;
945;21;;;;;;;;;
945;22;40;5;Ok;Injection;588;521;;40;
945;23;;;;;;;;;
945;24;40;3;Slepper;Injection;314;;;40;packer loosened, replaced new
947;1;32.6;0.5;Ok;Control;380;;;40;
947;2;;;;;;;;;
947;3;;;;;;;;;
947;4;;;;;;;;;
947;5;;;;;;;;;
947;6;;;;;;;;;
947;7;33;5;Ok;Control;1054;1007;92;40;
947;8;;;;;;;;;
947;9;;;;;;;;;
947;10;33;100;Mye slepper;Control;1004;709;1482;0;ekstra packer. exit cuterhead.
947;11;;;;;;;;;
947;12;;;;;;;;;
947;13;;;;;;;;;
947;14;;;;;;;;;
947;15;;;;;;;;;
947;16;4;0;Rast.;Control;;;;;
947;17;4;0;Rast.;Control;;;;;
947;18;;;;;;;;;
947;19;24.5;0;Packer 7m. Slepper;Control;37;;;0;Direct exit
947;20;;;;;;;;;
947;21;33;18;Ok;Control;569;;;40;
947;22;;;;;;;;;
947;23;33;1;Ok;Control;193;;;40;
947;24;;;;;;;;;
958;1;;;;;;;;;
958;2;;;;;;;;;
958;3;40;0;Ok;Injection;234;;;40;
958;4;;;;;;;;;
958;5;40;0;Ok;Injection;108;;;40;
958;6;;;;;;;;;
958;7;40;10;Ok;Injection;482;;;0;EXIT.
958;8;;;;;;;;;
958;9;40;0;Ok;Injection;466;;;0;EXIT.
958;10;;;;;;;;;
958;11;40;0;Kolaps;Injection;;;;;
958;12;;;;;;;;;
958;13;;;;;;;;;
958;14;40;0;Ok.;Injection;688;;;40;
958;15;40;0;Ok.;Injection;100;;;40;
958;16;;;;;;;;;
958;17;40;0;Ok;Injection;824;;;5;DIREKT EXIT.
958;18;40;10;;Injection;1011;111;;40;
958;19;40;0;Kolaps;Injection;;;;;
958;20;;;;;;;;;
958;21;40;0;Slepper;Injection;355;;;;EXIT
958;22;;;;;;;;;
958;23;40;0.5;Ok;Injection;614;;;40;
958;24;;;;;;;;;
970;1;;;;;;;;;
970;2;40;1;slepper;Injection;529;220;;40;
970;3;;;;;;;;;
970;4;40;1;slepper;Injection;124;;;40;
970;5;;;;;;;;;
970;6;40;0;slepper;Injection;176;;;40;
970;7;;;;;;;;;
970;8;40;0;slepper;Injection;252;;;40;
970;9;;;;;;;;;
970;10;40;0;slepper;Injection;518;725;194;40;
970;11;;;;;;;;;
970;12;40;0;slepper;Injection;510;702;30;40;
970;13;;;;;;;;;
970;14;40;0;slepper;Injection;525;874;38;40;
970;15;;;;;;;;;
970;16;40;0;kolaps;;;;;;
970;17;10;0;kolaps;;;;;;
970;18;40;1;slepper;Injection;318;;;40;
970;19;;;;;;;;;
970;20;40;1;slepper;Injection;432;;;40;
970;21;;;;;;;;;
970;22;40;0;slepper;Injection;114;;;40;
970;23;;;;;;;;;
970;24;40;0;slepper;Injection;90;;;40;
984;1;;;;;;;;;
984;2;;;;;;;;;
984;3;;;;;;;;;
984;4;40;0;Ok;Injection;134;;;40;
984;5;;;;;;;;;
984;6;40;0;Ok;Injection;29;;;40;
984;7;;;;;;;;;
984;8;40;0;Ok;Injection;396;;;40;
984;9;;;;;;;;;
984;10;40;0;Ok;Injection;16;;;40;
984;11;;;;;;;;;
984;12;;;;;;;;;
984;13;;;;;;;;;
984;14;;;;;;;;;
984;15;;;;;;;;;
984;16;40;0;Ok;Injection;538;;;40;
984;17;;;;;;;;;
984;18;40;0;Ok;Injection;664;518;;40;
984;19;;;;;;;;;
984;20;40;0;;Injection;261;;;40;
984;21;;;;;;;;;
984;22;40;0;;Injection;120;;;40;
984;23;;;;;;;;;
984;24;40;0;Ok;Injection;555;;;40;
985;1;;;;;;;;;
985;2;;;;;;;;;
985;3;;;;;;;;;
985;4;;;;;134;;;40;
985;5;;;;;;;;;
985;6;;;;;29;;;40;
985;7;;;;;;;;;
985;8;;;;;396;;;40;
985;9;;;;;;;;;
985;10;;;;;16;;;45;
985;11;;;;;;;;;
985;12;;;;;;;;;
985;13;;;;;;;;;
985;14;;;;;;;;;
985;15;;;;;;;;;
985;16;;;;;538;;;40;
985;17;;;;;;;;;
985;18;;;;;664;518;;40;
985;19;;;;;;;;;
985;20;;;;;261;;;40;
985;21;;;;;;;;;
985;22;;;;;120;;;40;
985;23;;;;;;;;;
985;24;;;;;555;;;40;
998;1;40;0;;Injection;44;;;40;
998;2;;;;;;;;;
998;3;;;;;;;;;
998;4;;;;;;;;;
998;5;40;0;;Injection;281;;;40;
998;6;;;;;;;;;
998;7;;;;;;;;;
998;8;;;;;;;;;
998;9;40;0;;Injection;32;;;40;
998;10;;;;;;;;;
998;11;;;;;;;;;
998;12;;;;;;;;;
998;13;40;0;;Injection;45;;;40;
998;14;;;;;;;;;
998;15;40;0;;Injection;727;74;;40;
998;16;;;;;;;;;
998;17;40;0;;Injection;633;;;40;
998;18;;;;;;;;;
998;19;;;;;;;;;
998;20;;;;;;;;;
998;21;40;0;;Injection;51;;;40;
998;22;;;;;;;;;
998;23;40;0;;Injection;38;;;40;
998;24;;;;;;;;;
1012;1;;;;;;;;;
1012;2;;;;;;;;;
1012;3;40;0;ok;Injection;62;;;40;
1012;4;;;;;;;;;
1012;5;;;;;;;;;
1012;6;;;;;;;;;
1012;7;40;0;ok;Injection;60;;;40;
1012;8;;;;;;;;;
1012;9;;;;;;;;;
1012;10;;;;;;;;;
1012;11;40;0;ok;Injection;311;;;40;
1012;12;;;;;;;;;
1012;13;;;;;;;;;
1012;14;;;;;;;;;
1012;15;40;0;ok;Injection;71;;;40;
1012;16;;;;;;;;;
1012;17;;;;;;;;;
1012;18;;;;;;;;;
1012;19;40;0;ok;Injection;76;;;40;
1012;20;;;;;;;;;
1012;21;;;;;;;;;
1012;22;;;;;;;;;
1012;23;40;5;ok;Injection;248;;;40;
1012;24;;;;;;;;;
1022;1;;;;;;;;;
1022;2;40;0;;Injection;79;;;40;
1022;3;;;;;;;;;
1022;4;;;;;;;;;
1022;5;;;;;;;;;
1022;6;;0;knekt streng;;;;;;
1022;7;40;0;;Injection;14;;;40;
1022;8;;;;;;;;;
1022;9;;;;;;;;;
1022;10;40;0;;Injection;13;;;40;
1022;11;;;;;;;;;
1022;12;;;;;;;;;
1022;13;;;;;;;;;
1022;14;40;0;;Injection;4;;;40;
1022;15;;;;;;;;;
1022;16;;;;;;;;;
1022;17;;;;;;;;;
1022;18;40;0;;Injection;81;;;40;
1022;19;;;;;;;;;
1022;20;;;;;;;;;
1022;21;;;;;;;;;
1022;22;40;1;;Injection;124;;;40;
1022;23;;;;;;;;;
1022;24;;;;;;;;;
1037;1;;;;;;;;;
1037;2;;;;;;;;;
1037;3;40;0;Ok;Injection;38;;;45;
1037;4;;;;;;;;;
1037;5;;;;;;;;;
1037;6;;;;;;;;;
1037;7;40;0;Ok;Injection;5;;;45;
1037;8;;;;;;;;;
1037;9;;;;;;;;;
1037;10;;;;;;;;;
1037;11;40;0;Ok;Injection;15;;;45;
1037;12;;;;;;;;;
1037;13;;;;;;;;;
1037;14;;;;;;;;;
1037;15;40;0;Ok;Injection;29;;;45;
1037;16;;;;;;;;;
1037;17;;;;;;;;;
1037;18;;;;;;;;;
1037;19;40;0;Ok;Injection;85;;;45;
1037;20;;;;;;;;;
1037;21;;;;;;;;;
1037;22;;;;;;;;;
1037;23;40;0;Ok;Injection;67;;;45;
1037;24;;;;;;;;;
1050;1;40;150;;Injection;616;1009;244;45;
1050;2;40;0;;Probe;529;896;;40;
1050;3;40;0;;Injection;614;;;40;
1050;4;40;4;;Injection;265;;;40;
1050;5;40;0;;Injection;630;869;44;40;
1050;6;40;200;;Injection;545;959;376;40;
1050;7;40;600;;Probe;675;949;3841;40;
1050;8;40;0;;Injection;1;;;40;
1050;9;40;0;;Injection;511;;;40;
1050;10;40;0;;Probe;658;789;;40;
1050;11;40;0;;Injection;528;113;;40;
1050;12;;;;;;;;;
1050;13;;;;;;;;;
1050;14;40;110;;Probe;711;857;166;40;
1050;15;40;0;;Injection;741;1003;236;40;
1050;16;40;0;;Probe;539;210;494;40;
1050;17;40;0;;Injection;416;;;40;
1050;18;40;0;;Injection;549;728;266;40;
1050;19;40;0;;Injection;679;570;;40;
1050;20;40;0;;Injection;795;;;40;
1050;21;40;0;;Injection;119;;;40;
1050;22;40;0;;Probe;681;1033;;40;
1050;23;40;0;;Injection;506;;;40;
1050;24;40;0;;Injection;525;1025;;45;
1052;1;33;0;Ok;Control;152;;;40;
1052;2;;;;;;;;;
1052;3;;;;;;;;;
1052;4;;;;;;;;;
1052;5;;;;;;;;;
1052;6;;;;;;;;;
1052;7;33;1.5;Ok;Control;662;;;40;
1052;8;;;;;;;;;
1052;9;;;;;;;;;
1052;10;33;0;Ok;Control;81;;;40;
1052;11;;;;;;;;;
1052;12;;;;;;;;;
1052;13;;;;;;;;;
1052;14;;;;;;;;;
1052;15;;;;;;;;;
1052;16;33;0;Ok;Control;182;;;40;
1052;17;;;;;;;;;
1052;18;;;;;;;;;
1052;19;33;0;Ok;Control;168;;;40;
1052;20;;;;;;;;;
1052;21;33;0;ok;Control;85;;;45;
1052;22;;;;;;;;;
1052;23;;;;;;;;;
1052;24;;;;;;;;;
1061;1;;;;;;;;;
1061;2;40;50;OK;Injection;16;;;40;
1061;3;;;;;;;;;
1061;4;40;10;OK;Injection;21;;;40;
1061;5;;;;;;;;;
1061;6;40;0;OK;Injection;190;;;40;
1061;7;;;;;;;;;
1061;8;40;0;OK;Injection;136;;;40;
1061;9;;;;;;;;;
1061;10;40;0;OK;Injection;536;500;;40;
1061;11;40;0;OK;Injection;501;36;;40;
1061;12;;;;;;;;;
1061;13;;;;;;;;;
1061;14;40;0;OK;Injection;601;252;;40;
1061;15;;;;;;;;;
1061;16;40;10;OK;Injection;853;1012;2577;40;
1061;17;;;;;;;;;
1061;18;40;0;OK;Injection;225;;;40;
1061;19;;;;;;;;;
1061;20;40;0;OK;Injection;114;;;40;
1061;21;;;;;;;;;
1061;22;40;0;OK;Injection;1;;;40;
1061;23;;;;;;;;;
1061;24;40;0;OK;Injection;3;;;40;
1063;1;33;0;Ok;Control;193;;;40;
1063;2;;;;;;;;;
1063;3;;;;;;;;;
1063;4;;;;;;;;;
1063;5;;;;;;;;;
1063;6;;;;;;;;;
1063;7;33;0;Ok;Control;84;;;40;
1063;8;;;;;;;;;
1063;9;;;;;;;;;
1063;10;33;0;Ok;Control;104;;;40;
1063;11;;;;;;;;;
1063;12;;;;;;;;;
1063;13;;;;;;;;;
1063;14;;;;;;;;;
1063;15;33;0;Ok;Control;114;;;40;
1063;16;;;;;;;;;
1063;17;;;;;;;;;
1063;18;;;;;;;;;
1063;19;33;1.5;Ok;Control;38;;;40;
1063;20;;;;;;;;;
1063;21;;;;;;;;;
1063;22;33;0;ok;Control;123;;;40;Logged in hole 21 in bever
1063;23;;;;;;;;;
1063;24;;;;;;;;;
1075;1;40;0;Ok;Injection;392;;;40;
1075;2;41;0;Bever fault;Injection;100;;;40;
1075;3;40;17;Ok;Injection;524;1605;;40;
1075;4;41;0;Not logged in bever;Injection;60;;;44;
1075;5;40;0;Ok;Injection;520;997;;40;
1075;6;41;0;Ok;Injection;147;;;45;
1075;7;40;0;Ok;Injection;703;696;;40;
1075;8;41;0;Ok;Injection;104;;;40;
1075;9;5;0;Shield;;;;;;
1075;10;40;0;Ok;Injection;677;;;40;
1075;11;40;0;Ok;Injection;300;;;40;
1075;12;;0;;;;;;;
1075;13;;0;;;;;;;
1075;14;3;0;Shield;;;;;;
1075;15;40;1;ok;Injection;663;;;40;
1075;16;40;0;Ok;Injection;136;;;0;Leak in cutterhead
1075;17;40;200;Ok;Injection;601;1039;3849;10;leak in cutterhead
1075;18;3;0;Shield;;;;;;
1075;19;40;6;Ok;Injection;373;;;40;
1075;20;0;0;Not possible;;;;;;
1075;21;40;0;Weak zone 29-33m.;Injection;107;;;40;
1075;22;0;0;Not possible;;;;;;
1075;23;40;0;Ok;Injection;491;941;663;40;
1075;24;0;0;Not possible;;;;;;
1077;1;;;;;;;;;
1077;2;;;;;;;;;
1077;3;33;0.5;Ok;Control;172;;;40;
1077;4;;;;;;;;;
1077;5;;;;;;;;;
1077;6;;;;;;;;;
1077;7;;;;;;;;;
1077;8;;;;;;;;;
1077;9;33;0;Ok;Control;110;;;40;
1077;10;;;;;;;;;
1077;11;;;;;;;;;
1077;12;;;;;;;;;
1077;13;;;;;;;;;
1077;14;;;;;;;;;
1077;15;;;;;;;;;
1077;16;;;;;;;;;
1077;17;33;0;Ok;Control;169;;;40;
1077;18;;;;;;;;;
1077;19;33;0;Ok;Control;138;;;40;
1077;20;;;;;;;;;
1077;21;;;;;;;;;
1077;22;33;0;Ok;Control;80;;;45;
1077;23;;;;;;;;;
1077;24;33;0.5;Ok;Control;521;;;40;
1089;1;;;;;;;;;
1089;2;40;12;Ok;Injection;507;185;;45;
1089;3;;;;;;;;;
1089;4;;;;;;;;;
1089;5;;;;;;;;;
1089;6;40;3;Ok;Injection;570;313;;40;Replaced packer
1089;7;;;;;;;;;
1089;8;;;;;;;;;
1089;9;;;;;;;;;
1089;10;40;0;Ok;Injection;505;1042;566;40;
1089;11;;;;;;;;;
1089;12;;;;;;;;;
1089;13;;;;;;;;;
1089;14;40;0;Ok;Injection;511;280;;40;
1089;15;;;;;;;;;
1089;16;;;;;;;;;
1089;17;;;;;;;;;
1089;18;40;0;Ok;Injection;551;;;40;Replaced packer
1089;19;;;;;;;;;
1089;20;;;;;;;;;
1089;21;;;;;;;;;
1089;22;40;5.5;Ok;Injection;378;;;40;
1089;23;;;;;;;;;
1089;24;;;;;;;;;
1103;1;;;;;;;;;
1103;2;;;;;;;;;
1103;3;6.6;0;Stop.6,6m;Probe;;;;;
1103;4;40;1.5;;Probe;100;;;40;
1103;5;;;;;;;;;
1103;6;;;;;;;;;
1103;7;40;0;Ok;Probe;185;;;40;
1103;8;;;;;;;;;
1103;9;;;;;;;;;
1103;10;;;;;;;;;
1103;11;40;0;Ok;Probe;424;;;40;
1103;12;;;;;;;;;
1103;13;;;;;;;;;
1103;14;;;;;;;;;
1103;15;40;0;Ok;Probe;118;;;40;
1103;16;;;;;;;;;
1103;17;;;;;;;;;
1103;18;;;;;;;;;
1103;19;40;0;Ok;Probe;335;;;40;
1103;20;;;;;;;;;
1103;21;;;;;;;;;
1103;22;40;0;13-16 dårlig fjell;Probe;4;;;40;
1103;23;15.7;6;Stop at 15,7m;Probe;139;;;0;Direct exit
1103;24;;;;;;;;;
1117;1;;;;;;;;;
1117;2;40;0;Ok;Injection;111;;;40;
1117;3;;;;;;;;;
1117;4;;;;;;;;;
1117;5;;;;;;;;;
1117;6;40;0;Ok;Injection;117;;;40;
1117;7;;;;;;;;;
1117;8;;;;;;;;;
1117;9;;;;;;;;;
1117;10;40;0;Ok;Injection;262;;;40;
1117;11;;;;;;;;;
1117;12;;;;;;;;;
1117;13;;;;;;;;;
1117;14;40;0;Ok;Injection;264;;;40;
1117;15;;;;;;;;;
1117;16;;;;;;;;;
1117;17;;;;;;;;;
1117;18;40;0;Ok;Injection;630;;;40;
1117;19;;;;;;;;;
1117;20;;;;;;;;;
1117;21;;;;;;;;;
1117;22;40;0;Ok;Injection;66;;;40;
1117;23;;;;;;;;;
1117;24;;;;;;;;;
1131;1;;;;;;;;;
1131;2;;;;;;;;;
1131;3;40;1.5;ok;Injection;634;581;;40;
1131;4;;;;;;;;;
1131;5;;;;;;;;;
1131;6;;;;;;;;;
1131;7;40;2;Ok;Injection;618;917;;40;
1131;8;;;;;;;;;
1131;9;;;;;;;;;
1131;10;;;;;;;;;
1131;11;40;0;Ok;Injection;14;;;40;
1131;12;;;;;;;;;
1131;13;;;;;;;;;
1131;14;;;;;;;;;
1131;15;40;0;Ok;Injection;157;;;40;
1131;16;;;;;;;;;
1131;17;;;;;;;;;
1131;18;;;;;;;;;
1131;19;40;0;Ok;Injection;99;;;40;
1131;20;;;;;;;;;
1131;21;;;;;;;;;
1131;22;;;;;;;;;
1131;23;40;0;Ok;Injection;108;;;40;
1131;24;;;;;;;;;
1143;1;;;;;;;;;
1143;2;;;;;;;;;
1143;3;;;;;;;;;
1143;4;;;;;;;;;
1143;5;;;;;;;;;
1143;6;;;;;;;;;
1143;7;;;;;;;;;
1143;8;;;;;;;;;
1143;9;;;;;;;;;
1143;10;32.6;0;Ok;Injection;;;;;
1143;11;;;;;;;;;
1143;12;;;;;;;;;
1143;13;;;;;;;;;
1143;14;;;;;;;;;
1143;15;32.6;0;Ok;Injection;;;;;
1143;16;;;;;;;;;
1143;17;;;;;;;;;
1143;18;;;;;;;;;
1143;19;;;;;;;;;
1143;20;;;;;;;;;
1143;21;;;;;;;;;
1143;22;32.6;0;Ok;Injection;;;;;
1143;23;;;;;;;;;
1143;24;;;;;;;;;
1145;1;;;;;;;;;
1145;2;40;0;;Probe;112;;;40;
1145;3;;;;;;;;;
1145;4;;;;;;;;;
1145;5;;;;;;;;;
1145;6;;;;;;;;;
1145;7;40;0;;Probe;144;;;40;
1145;8;;;;;;;;;
1145;9;;;;;;;;;
1145;10;40;0;;Probe;225;;;40;
1145;11;;;;;;;;;
1145;12;;;;;;;;;
1145;13;;;;;;;;;
1145;14;40;0;;Probe;220;;;40;
1145;15;;;;;;;;;
1145;16;;;;;;;;;
1145;17;;;;;;;;;
1145;18;;;;;;;;;
1145;19;40;0;;Probe;181;;;40;
1145;20;;;;;;;;;
1145;21;;;;;;;;;
1145;22;40;1.5;;Probe;503;;;40;
1145;23;;;;;;;;;
1145;24;;;;;;;;;
1159;1;;;;;;;;;
1159;2;;;;;;;;;
1159;3;40;0;;Injection;521;958;;40;
1159;4;;;;;;;;;
1159;5;;;;;;;;;
1159;6;;;;;;;;;
1159;7;;;;;;;;;
1159;8;40;0;;Injection;520;1006;94;40;
1159;9;;;;;;;;;
1159;10;;;;;;;;;
1159;11;40;0;Ok;Injection;538;1072;102;40;
1159;12;;;;;;;;;
1159;13;;;;;;;;;
1159;14;;;;;;;;;
1159;15;;;;;;;;;
1159;16;40;0;;Injection;524;415;;40;
1159;17;;;;;;;;;
1159;18;;;;;;;;;
1159;19;40;0;;Injection;603;1031;1707;40;
1159;20;;;;;;;;;
1159;21;;;;;;;;;
1159;22;;;;;;;;;
1159;23;40;2;Ok;Injection;513;1063;;40;
1159;24;;;;;;;;;
1173;1;;;;;;;;;
1173;2;40;5;Ok 2 PACKERS;Probe;;;;;
1173;3;;;;;;;;;
1173;4;;;;;;;;;
1173;5;;;;;;;;;
1173;6;40;0;Ok;Probe;121;;;30;
1173;7;;;;;;;;;
1173;8;;;;;;;;;
1173;9;;;;;;;;;
1173;10;40;0;Ok;Probe;588;910;800;30;
1173;11;;;;;;;;;
1173;12;;;;;;;;;
1173;13;40;6;OK. 2 PACKERS;Probe;562;803;428;40;
1173;14;3;0;Skjold;Probe;;;;;
1173;15;3;0;Skjold;Probe;;;;;
1173;16;3;0;Skjold;Probe;;;;;
1173;17;;;;;;;;;
1173;18;40;7;Ok;Probe;599;887;112;30;
1173;19;;;;;;;;;
1173;20;;;;;;;;;
1173;21;;;;;;;;;
1173;22;40;0;Ok;Probe;613;955;107;30;
1173;23;;;;;;;;;
1173;24;;;;;;;;;
1187;1;;;;;;;;;
1187;2;;;;;;;;;
1187;3;40;0;Ok;Probe;320;;;40;
1187;4;;;;;;;;;
1187;5;;;;;;;;;
1187;6;;;;;;;;;
1187;7;17.5;1;ok;Probe;590;;;40;
1187;8;;;;;;;;;
1187;9;;;;;;;;;
1187;10;;;;;;;;;
1187;11;40;0;Ok;Probe;274;;;40;
1187;12;;;;;;;;;
1187;13;;;;;;;;;
1187;14;;;;;;;;;
1187;15;37.5;0;Ok. Stop 37,5m;Probe;563;;;40;
1187;16;;;;;;;;;
1187;17;;;;;;;;;
1187;18;;;;;;;;;
1187;19;40;0;Ok;Probe;143;;;40;
1187;20;;;;;;;;;
1187;21;;;;;;;;;
1187;22;;;;;;;;;
1187;23;40;0.4;Ok;Probe;321;;;40;
1187;24;;;;;;;;;
1196;1;;;;;;;;;
1196;2;40;0;Sleppe 7,5 m;Probe;155;;;40;
1196;3;;;;;;;;;
1196;4;;;;;;;;;
1196;5;;;;;;;;;
1196;6;40;0;;Probe;531;1012;55;40;
1196;7;;;;;;;;;
1196;8;;;;;;;;;
1196;9;;;;;;;;;
1196;10;40;0;Ok;Probe;119;;;40;
1196;11;;;;;;;;;
1196;12;;;;;;;;;
1196;13;;;;;;;;;
1196;14;40;0;Godt fjell;Probe;98;;;40;
1196;15;;;;;;;;;
1196;16;;;;;;;;;
1196;17;;;;;;;;;
1196;18;40;4;Godt fjell;Probe;516;973;;40;
1196;19;;;;;;;;;
1196;20;;;;;;;;;
1196;21;;;;;;;;;
1196;22;40;0;Ok, sleppe 28m.;Probe;155;;;40;
1196;23;;;;;;;;;
1196;24;;;;;;;;;
1210;1;;;;;;;;;
1210;2;;;;;;;;;
1210;3;40;12;Ok;Probe;542;1037;282;40;
1210;4;;;;;;;;;
1210;5;;;;;;;;;
1210;6;;;;;;;;;
1210;7;40;4;Ok;Probe;523;1022;877;40;
1210;8;;;;;;;;;
1210;9;;;;;;;;;
1210;10;;;;;;;;;
1210;11;40;0;Ok;Probe;519;1014;162;40;
1210;12;;;;;;;;;
1210;13;;;;;;;;;
1210;14;;;;;;;;;
1210;15;40;0;Ok;Probe;76;;;40;
1210;16;;;;;;;;;
1210;17;;;;;;;;;
1210;18;;;;;;;;;
1210;19;40;0;Ok;Probe;105;;;40;
1210;20;;;;;;;;;
1210;21;;;;;;;;;
1210;22;;;;;;;;;
1210;23;40;0;Ok;Probe;112;;;40;
1210;24;;;;;;;;;
1224;1;;;;;;;;;
1224;2;40;3.5;Ok;Injection;81;;;40;
1224;3;;;;;;;;;
1224;4;;;;;;;;;
1224;5;40;3.5;Sleppe 20m;Injection;545;;;40;
1224;6;2;0;Traff skjold;Injection;;;;;
1224;7;;;;;;;;;
1224;8;;;;;;;;;
1224;9;;;;;;;;;
1224;10;40;0;Ok;Injection;640;842;342;;
1224;11;;;;;;;;;
1224;12;;;;;;;;;
1224;13;;;;;;;;;
1224;14;40;0;Ok;Injection;722;763;167;40;
1224;15;;;;;;;;;
1224;16;;;;;;;;;
1224;17;;;;;;;;;
1224;18;40;0;;Injection;600;733;;40;
1224;19;;;;;;;;;
1224;20;;;;;;;;;
1224;21;;;;;;;;;
1224;22;40;9;;Injection;679;270;;40;
1224;23;;;;;;;;;
1224;24;;;;;;;;;
1236;1;33;0;Ok;Injection;591;921;323;45;
1236;2;33;0;Ok;Injection;82;;;45;
1236;3;3;0;Shield;;;;;;
1236;4;33;0;Ok;Injection;77;;;45;
1236;5;33;0;Ok;Injection;79;;;45;
1236;6;2;0;Shield;Injection;;;;;
1236;7;33;2;Ok;Injection;537;512;;45;
1236;8;33;0;Ok;Injection;503;1184;;45;
1236;9;;;Couldn't drill;;;;;;
1236;10;33;0;Ok;Injection;488;261;;13;Leak in shield
1236;11;33;0;Ok;Injection;513;386;;45;
1236;12;33;0;Ok;Injection;269;;;45;
1236;13;33;0;Ok;Injection;627;;;45;
1236;14;3;0;Shield;;;;;;
1236;15;33;0;Ok;Injection;278;;;45;
1236;16;33;0;Ok;Injection;354;;;45;
1236;17;33;0;Ok;Injection;666;827;;40;
1236;18;33;0.5;Ok;Injection;736;;;45;
1236;19;33;0;Ok;Injection;552;1164;243;45;
1236;20;33;0;Ok;Injection;95;;;45;
1236;21;3;0;Shield;;;;;;
1236;22;33;0;Ok;Injection;601;737;218;45;
1236;23;33;0;Ok;Injection;77;;;45;
1236;24;33;0.5;Ok;Injection;76;;;45;
1247;1;33;0;Ok;Injection;60;;;45;
1247;2;33;0;Ok;Injection;71;;;45;
1247;3;33;0.5;Ok;Injection;77;;;45;
1247;4;3;0;Shield;;;;;;
1247;5;33;0;Ok;Injection;535;1071;462;41;
1247;6;33;0;Ok;Injection;754;;;45;
1247;7;33;0;Ok;Injection;51;;;50;
1247;8;33;0;Ok;Injection;79;;;45;
1247;9;33;0;Ok;Injection;855;;;45;
1247;10;33;0;Ok;Injection;260;;;45;
1247;11;33;0;Ok;Injection;83;;;45;
1247;12;;;Not possible;;;;;;
1247;13;3;0;Completely stop;;;;;;
1247;14;3.2;0;Shield;;;;;;
1247;15;4.4;0;Completely stop;;;;;;
1247;16;4.23;0;Completely stop;;;;;;
1247;17;33;0;Ok;Injection;505;801;;45;
1247;18;33;0;Ok;Injection;502;1273;;45;
1247;19;;;Shield;Injection;;;;;
1247;20;33;0;Ok;Injection;2;;;45;
1247;21;33;0;Ok;Injection;69;;;45;
1247;22;33;0;Ok;Injection;82;;;45;
1247;23;33;0;Ok;Injection;28;;;0;Exit shield
1247;24;33;0;Ok;Injection;93;;;45;
1257;1;33;0;Ok;Injection;521;782;;45;
1257;2;33;0;Ok;Injection;508;998;;45;
1257;3;3.4;0;Shield;;;;;;
1257;4;33;10;Ok;Injection;463;;;45;
1257;5;33;0;Ok;Injection;332;;;45;
1257;6;33;0;Ok;Injection;48;;;50;
1257;7;3;0;Shield;;;;;;
1257;8;33;0;Ok;Injection;30;;;45;
1257;9;33;0;Ok;Injection;8;;;45;
1257;10;33;0;Ok;Injection;3;;;50;
1257;11;33;0;Ok;Injection;188;;;45;
1257;12;33;0;Ok;Injection;24;;;45;
1257;13;33;0;Ok;Injection;542;459;;45;
1257;14;3;0;Shield;;;;;;
1257;15;33;0;Ok;Injection;504;680;;45;
1257;16;33;0;Ok;Injection;541;858;;42;
1257;17;33;0;Ok;Injection;530;1100;271;41;
1257;18;33;1.5;Ok;Injection;28;;;0;Exit
1257;19;33;0;Ok;Injection;507;1456;;45;
1257;20;33;0;Ok;Injection;347;;;0;Exit
1257;21;33;0;Ok;Injection;527;1074;;45;
1257;22;33;0;Ok;Injection;575;1198;406;40;Leak cutterhead
1257;23;33;0;Ok;Injection;533;1034;;45;
1257;24;33;0;Ok;Injection;111;;;45;
1267;1;33;0;Ok;Injection;712;;;45;
1267;2;33;0;Ok;Injection;84;;;45;
1267;3;33;0;Ok;Injection;114;;;45;
1267;4;33;0;Ok;Injection;122;;;45;
1267;5;33;0;Ok;Injection;112;;;0;Exit
1267;6;;;Skjold;;;;;;
1267;7;33;0;Ok;Injection;65;;;50;
1267;8;33;0;Ok;Injection;380;;;45;
1267;9;33;0;Ok;Injection;496;955;230;45;
1267;10;33;0;Ok;Injection;505;933;220;45;
1267;11;;;Skjold;;;;;;
1267;12;33;0;Ok;Injection;161;;;45;
1267;13;33;0;Ok;Injection;59;;;45;
1267;14;33;0;Ok;Injection;77;;;45;
1267;15;33;0;Ok;Injection;79;;;45;
1267;16;33;0;Ok;Injection;265;;;50;
1267;17;33;0;Ok;Injection;527;445;;45;
1267;18;;;Skjold;;;;;;
1267;19;33;0;Ok;Injection;73;;;45;
1267;20;33;0;Ok;Injection;78;;;45;
1267;21;33;0;Ok;Injection;80;;;46;
1267;22;33;0;Ok;Injection;82;;;45;
1267;23;33;0;Ok;Injection;74;;;45;
1267;24;33;0;Ok;Injection;576;;;45;
1277;1;33;0;Ok;Injection;93;;;45;
1277;2;33;10;Ok;Injection;577;351;;45;
1277;3;33;0;Ok;Injection;563;534;;45;
1277;4;3;0;Shield;Injection;;;;;
1277;5;33;5;Ok;Injection;609;175;;45;
1277;6;33;0;Ok;Injection;37;;;45;
1277;7;33;0;Ok;Injection;511;685;;45;
1277;8;33;0;Ok;Injection;494;433;;45;
1277;9;33;0;Ok;Injection;538;1022;;45;
1277;10;33;0;Ok;Injection;4;;;45;
1277;11;33;0;Ok;Injection;520;583;;45;
1277;12;;;Not possible;;;;;;
1277;13;33;0;Ok, hard to place pa;Injection;73;;;45;
1277;14;33;0;Ok;Injection;501;107;;45;
1277;15;33;0;Ok;Injection;42;;;45;
1277;16;33;0;Ok;Injection;528;284;;45;
1277;17;33;0;Ok;Injection;17;;;45;
1277;18;33;0;Ok;Injection;275;;;45;
1277;19;;;Shield;;;;;;
1277;20;33;0;Ok;Injection;527;710;;45;
1277;21;33;0;Ok;Injection;556;271;;45;
1277;22;;;Shield;;;;;;
1277;23;33;0;Ok;Injection;583;389;;45;
1277;24;33;10;Ok;Injection;497;669;;45;
1287;1;2;0;Shield;Injection;;;;;
1287;2;40;0;Ok;Injection;493;1007;533;45;
1287;3;40;0;Ok;Injection;9;;;45;
1287;4;3.8;0;Shield;Injection;;;;;
1287;5;40;0;Ok;Injection;104;;;45;
1287;6;40;0;Ok;Injection;97;;;45;
1287;7;40;0;Ok;Injection;499;987;;45;
1287;8;40;0;Ok;Injection;518;586;;45;
1287;9;40;60;Ok;Injection;609;696;;45;
1287;10;40;0;Ok;Injection;494;1007;1848;45;
1287;11;40;105;Ok;Injection;547;1042;2292;45;
1287;12;40;150;black water at end;Injection;542;1253;1125;45;
1287;13;40;12;Ok;Injection;11;;;45;
1287;14;3.2;0;Shield;Injection;;;;;
1287;15;40;2;Ok;Injection;33;;;0;Direct exit
1287;16;3.6;0;Shield;Injection;;;;;
1287;17;40;0;Ok;Injection;95;;;45;
1287;18;40;0;Ok;Injection;565;1148;2455;45;
1287;19;40;5;Ok;Injection;575;1014;3122;45;
1287;20;40;0;Ok;Injection;202;;;45;
1287;21;40;0;Ok;Injection;480;449;;45;
1287;22;40;2.5;Ok;Injection;582;1005;1308;45;
1287;23;40;0;Ok;Injection;95;;;45;
1287;24;40;2;Sleppe 38,5m;Injection;507;137;;45;
1289;1;;;;;;;;;
1289;2;33;0;Ok;Control;;;;;
1289;3;;;;;;;;;
1289;4;;;;;;;;;
1289;5;;;;;;;;;
1289;6;33;0;Ok;Control;;;;;
1289;7;;;;;;;;;
1289;8;;;;;;;;;
1289;9;;;;;;;;;
1289;10;;;;;;;;;
1289;11;33;0;Ok;Control;;;;;
1289;12;;;;;;;;;
1289;13;;;;;;;;;
1289;14;33;0;Ok;Control;;;;;
1289;15;;;;;;;;;
1289;16;;;;;;;;;
1289;17;;;;;;;;;
1289;18;;;;;;;;;
1289;19;33;0;Ok;Control;;;;;
1289;20;;;;;;;;;
1289;21;;;;;;;;;
1289;22;;;;;;;;;
1289;23;33;0;Ok;Control;;;;;
1289;24;;;;;;;;;
1301;1;40;1;Ok;Injection;292;;;45;
1301;2;40;0;Ok;Injection;513;309;;45;
1301;3;40;0.5;Ok;Injection;509;;;45;
1301;4;3.2;0;Shield;Injection;;;;;
1301;5;40;0;Ok;Injection;478;451;;45;
1301;6;40;3;Ok;Injection;654;1080;;45;
1301;7;40;0;Ok;Injection;607;623;;45;
1301;8;40;0;Ok;Injection;490;1260;895;45;
1301;9;40;0;Ok;Injection;480;1170;1172;45;
1301;10;40;0;Ok;Injection;630;1287;1202;45;
1301;11;40;55;Ok;Injection;502;1070;980;45;
1301;12;40;0;Ok;Injection;11;;;45;
1301;13;40;0;Ok;Injection;321;;;45;
1301;14;28.3;0;Ok;Injection;9;;;45;
1301;15;40;0;Ok;Injection;755;1152;112;45;
1301;16;40;0;Ok;Injection;668;635;;45;
1301;17;40;0;Varierende fjell.;Injection;553;966;113;45;
1301;18;40;0;Ok;Injection;44;;;45;
1301;19;40;0;Ok;Injection;82;;;45;
1301;20;40;0;Ok;Injection;107;;;45;
1301;21;40;0;Ok;Injection;110;;;45;
1301;22;40;0;Sleppe 17M.;Injection;109;;;45;
1301;23;40;0;Ok;Injection;124;;;45;
1301;24;40;0.3;Ok;Injection;107;;;45;
1315;1;40;1;Ok;Injection;546;1011;227;45;
1315;2;40;1;Ok;Injection;527;593;;45;
1315;3;40;12;Ok;Injection;534;1042;304;45;
1315;4;31;10;Stop 31m;Injection;519;935;;45;
1315;5;20.3;3;Bad conditions;Injection;509;1044;150;45;
1315;6;6;0;Cutterhead;Injection;;;;;
1315;7;40;0;Ok;Injection;553;1015;303;45;
1315;8;17;0;Stop 17m;Injection;617;253;;45;
1315;9;17;0;Stop 17m;Injection;535;973;;45;
1315;10;40;0;Poor condition 23-30;Injection;527;1027;745;45;
1315;11;40;0;Poor condition 23-30;Injection;124;;;0;Direct exit
1315;12;;0;;;;;;;
1315;13;;0;;;;;;;
1315;14;3.1;0;Shield;Injection;;;;;
1315;15;40;0;Ok;Injection;53;;;45;
1315;16;40;0;Ok;Injection;13;;;45;
1315;17;40;0;Ok;Injection;27;;;45;
1315;18;40;0;Ok;Injection;98;;;45;
1315;19;40;0;Ok;Injection;108;;;45;
1315;20;39.5;30;Ok. Stop 39,5m;Injection;518;1034;2040;45;
1315;21;40;2;Ok;Injection;523;1172;642;45;
1315;22;40;5;Ok;Injection;531;124;;45;
1315;23;40;1;Ok;Injection;22;;;45;
1315;24;31.35;2;Ok, stop at 31,35m;Injection;0;;;45;
1329;1;40;3;Ok;Injection;514;353;;45;
1329;2;40;5;Ok;Injection;381;;;45;
1329;3;40;0;Ok;Injection;184;;;45;
1329;4;40;2;Sleppe 20m;Injection;471;;;45;
1329;5;16.6;5;Stop 16,6m;Injection;395;;;45;
1329;6;40;0.5;Ok;Injection;581;382;96;45;
1329;7;40;0;Ok;Injection;560;469;;45;
1329;8;40;0;Slepper;Injection;399;;;45;
1329;9;40;0;Ok;Injection;512;95;;45;
1329;10;40;0;Ok;Injection;226;;;0;Exit
1329;11;40;0;;Injection;500;300;;45;
1329;12;40;0;Ok;Injection;509;1024;297;45;
1329;13;;;;;;;;;
1329;14;40;0;Ok;Injection;286;;;45;
1329;15;40;0;Couldnt place packer;Injection;;;;;
1329;16;21;0;Leiresleppe stop 21m;Injection;116;;;45;
1329;17;40;0;Ok;Injection;45;;;45;
1329;18;40;0;Ok;Injection;26;;;45;
1329;19;40;0;Ok;Injection;536;1005;98;45;
1329;20;40;1.5;Ok;Injection;534;1009;451;45;
1329;21;40;3;Ok;Injection;509;924;281;45;
1329;22;40;2;Ok;Injection;572;684;464;45;
1329;23;40;1;Ok;Injection;1;;;45;
1329;24;40;1;Ok;Injection;535;99;;45;
1343;1;40;0.5;Ok;Injection;147;;;45;
1343;2;40;0.8;Ok;Injection;202;;;45;
1343;3;40;0.5;Ok;Injection;605;1031;2186;45;
1343;4;40;0;Ok;Injection;217;;;45;
1343;5;40;1.5;Ok;Injection;263;;;45;
1343;6;40;0;Ok;Injection;345;;;45;
1343;7;40;0;Ok;Injection;521;85;;45;Connection 4
1343;8;40;1;Ok;Injection;512;1081;;45;
1343;9;40;0;Ok;Injection;205;;;45;
1343;10;40;0;Ok;Injection;400;;;45;
1343;11;3;0;Shield;Injection;;;;;
1343;12;;;;;;;;;
1343;13;40;0;Fekk ikke inn pakkar;Injection;;;;;
1343;14;10;0;Fikk ikke inn pakker;Injection;;;;;
1343;15;;;;;;;;;
1343;16;7;0;Leirsleppe;Injection;275;;;0;Direct exit CH
1343;17;40;0;Leirsleppe stopper p;Injection;131;;;0;Direct exit
1343;18;40;0;Ok;Injection;526;1016;552;45;
1343;19;40;0;Ok;Injection;510;105;;45;
1343;20;40;0.8;Ok;Injection;113;;;45;
1343;21;3;0;Shield.;Injection;;;;;
1343;22;40;0;Ok;Injection;114;;;45;
1343;23;33.9;1.5;Stop 33,9m;Injection;382;;;45;
1343;24;8;0;Cutterhead;Injection;;;;;
1347;1;;;;;;;;;
1347;2;;;;;;;;;
1347;3;;;;;;;;;
1347;4;;;;;;;;;
1347;5;;;;;;;;;
1347;6;;;;;;;;;
1347;7;;;;;;;;;
1347;8;;;;;;;;;
1347;9;;;;;;;;;
1347;10;;;;;;;;;
1347;11;;;;;;;;;
1347;12;33;0;Ok;Injection;93;;;45;
1347;13;;;;;;;;;
1347;14;33;0;Ok;Injection;77;;;45;
1347;15;4;0;Shield;Injection;;;;;
1347;16;;;;;;;;;
1347;17;;;;;;;;;
1347;18;;;;;;;;;
1347;19;;;;;;;;;
1347;20;;;;;;;;;
1347;21;;;;;;;;;
1347;22;;;;;;;;;
1347;23;;;;;;;;;
1347;24;;;;;;;;;
1357;1;40;0;ok;Injection;126;;;45;
1357;2;;;;;;;;;
1357;3;;;;;;;;;
1357;4;40;0.5;ok;Injection;97;;;45;
1357;5;;;;;;;;;
1357;6;40;0;ok;Injection;107;;;45;
1357;7;;;;;;;;;
1357;8;40;0;Slepper;Injection;541;13;;45;
1357;9;;;;;210;;;45;
1357;10;40;0;ok;Injection;129;;;45;
1357;11;40;0;Ok;Injection;406;;;45;
1357;12;40;0;Ok;Injection;533;73;;45;
1357;13;40;0.5;Ok;Injection;336;;;45;
1357;14;40;0;Ok;Injection;546;82;;45;
1357;15;;;;;321;;;45;
1357;16;;;;;;;;;
1357;17;40;1;ok;Injection;14;;;45;
1357;18;;;;;;;;;
1357;19;;;;;;;;;
1357;20;;;;;;;;;
1357;21;;;;;107;;;45;
1357;22;;;;;;;;;
1357;23;;;;;;;;;
1357;24;;;;;;;;;
1371;1;40;0;Ok;Injection;522;788;145;45;
1371;2;;;;;;;;;
1371;3;40;0;Ok;Injection;107;;;45;
1371;4;;;;;;;;;
1371;5;40;0;Ok;Injection;103;;;45;
1371;6;;;;;;;;;
1371;7;40;0;Ok;Injection;103;;;45;
1371;8;;;;;;;;;
1371;9;40;0;Ok;Injection;38;;;45;
1371;10;;;;;;;;;
1371;11;40;0;Ok;Injection;508;700;194;45;
1371;12;;;;;;;;;
1371;13;40;0;Ok;Injection;83;;;45;
1371;14;;;;;;;;;
1371;15;40;0;Ok;Injection;290;;;45;
1371;16;;;;;;;;;
1371;17;40;0;Ok;Injection;99;;;45;
1371;18;;;;;;;;;
1371;19;40;2;Ok;Injection;526;199;;45;
1371;20;;;;;;;;;
1371;21;40;0;Ok;Injection;123;;;45;
1371;22;;;;;;;;;
1371;23;40;0;;Injection;105;;;45;
1371;24;;;;;;;;;
1384;1;;;;;;;;;
1384;2;40;0;;Injection;328;;;45;
1384;3;;;;;;;;;
1384;4;40;0;;Injection;110;;;45;
1384;5;;;;;;;;;
1384;6;;;;;;;;;
1384;7;40;2;;Injection;528;528;;45;
1384;8;15;0;Bora fast som F;Injection;;;;;
1384;9;;;;;;;;;
1384;10;40;0;;Injection;137;;;45;
1384;11;;;;;;;;;
1384;12;40;0;;Injection;436;;;45;
1384;13;;;;;;;;;
1384;14;40;0;;Injection;507;729;;45;
1384;15;;;;;;;;;
1384;16;40;0;;Injection;501;1;;45;
1384;17;;;;;;;;;
1384;18;40;0;;Injection;145;;;45;
1384;19;;;;;;;;;
1384;20;40;0;;Injection;66;;;45;
1384;21;;;;;;;;;
1384;22;40;0;;Injection;104;;;45;
1384;23;;;;;;;;;
1384;24;40;0;;Injection;107;;;45;
1399;1;40;0;;Injection;;;;;
1399;2;;;;;;;;;
1399;3;40;0;;Injection;208;;;45;
1399;4;;;;;;;;;
1399;5;40;0;;Injection;458;;;45;
1399;6;;;;;;;;;
1399;7;40;0;;Injection;360;;;50;
1399;8;;;;;;;;;
1399;9;40;0;;Injection;271;;;50;
1399;10;;;;;;;;;
1399;11;40;0;;Injection;912;698;70;45;
1399;12;;;;;;;;;
1399;13;40;0;;Injection;12;;;45;
1399;14;;;;;;;;;
1399;15;40;0;;Injection;877;182;;45;
1399;16;;;;;;;;;
1399;17;40;0;;Injection;782;463;;45;
1399;18;;;;;;;;;
1399;19;40;2;;Injection;173;;;45;
1399;20;;;;;;;;;
1399;21;40;0;;Injection;105;;;45;
1399;22;;;;;;;;;
1399;23;40;2;;Injection;93;;;45;
1399;24;;;;;;;;;
1412;1;;;;;;;;;
1412;2;40;0;;Injection;116;;;45;
1412;3;;;;;;;;;
1412;4;40;0;;Injection;828;414;;45;
1412;5;;;;;;;;;
1412;6;40;0;;Injection;;;;;
1412;7;;;;;94;;;45;
1412;8;40;2;;Injection;272;;;45;
1412;9;;;;;;;;;
1412;10;40;0;;Injection;;;;;
1412;11;;;;;;;;;
1412;12;40;0;;Injection;528;;;;
1412;13;;;;;;;;;
1412;14;40;0;;Injection;124;;;45;
1412;15;;;;;;;;;
1412;16;40;0;;Injection;42;;;45;
1412;17;;;;;;;;;
1412;18;40;0;;Injection;650;416;;45;
1412;19;;;;;;;;;
1412;20;;;Skjold, dårlig anset;;;;;;
1412;21;;;;;;;;;
1412;22;40;0;;Injection;249;;;45;
1412;23;;;;;;;;;
1412;24;40;3;;Injection;130;;;45;
1427;1;;;;;;;;;
1427;2;;;;;3;;;45;
1427;3;;;;;;;;;
1427;4;5.7;0;Sleppe på 3m. Kommer;;73;;;45;
1427;5;;;;;;;;;
1427;6;40;0;Ok;Injection;29;;;45;
1427;7;;;;;;;;;
1427;8;40;0;;Injection;13;;;45;
1427;9;;;;;;;;;
1427;10;40;0;;Injection;61;;;45;
1427;11;;;;;;;;;
1427;12;40;0;Ok;Injection;261;;;45;
1427;13;;;;;;;;;
1427;14;40;0;;Injection;379;;;35;
1427;15;;;;;;;;;
1427;16;40;0;Ok;Injection;193;;;45;
1427;17;;;;;;;;;
1427;18;40;1;Ok;Injection;645;;;45;
1427;19;;;;;;;;;
1427;20;40;0;;Injection;86;;;45;
1427;21;;;;;;;;;
1427;22;40;0;;Injection;96;;;45;
1427;23;;;;;;;;;
1427;24;40;0;;Injection;;;;;
1438;1;40;0;;Injection;4;;;45;
1438;2;;;;;;;;;
1438;3;40;1;;Injection;316;;;45;
1438;4;;;;;;;;;
1438;5;40;0;;Injection;38;;;45;
1438;6;;;;;;;;;
1438;7;40;0;;Injection;52;;;45;
1438;8;;;;;;;;;
1438;9;40;0;;Injection;19;;;45;
1438;10;;;;;;;;;
1438;11;40;0;;Injection;34;;;45;
1438;12;;;;;;;;;
1438;13;;;;;;;;;
1438;14;40;0;;Injection;116;;;45;
1438;15;;;;;;;;;
1438;16;;;;;;;;;
1438;17;40;0;;Injection;139;;;45;
1438;18;;;;;;;;;
1438;19;40;0;;Injection;103;;;45;
1438;20;;;;;;;;;
1438;21;40;0;;Injection;6;;;45;
1438;22;;;;;;;;;
1438;23;49;0;;Injection;85;;;45;
1438;24;;;;;;;;;
1453;1;;;;;;;;;
1453;2;40;0;Ok;Injection;126;;;45;
1453;3;;;;;;;;;
1453;4;40;0;Ok;Injection;114;;;45;
1453;5;;;;;;;;;
1453;6;40;0;Ok;Injection;170;;;45;
1453;7;40;0;Ok;Injection;112;;;45;
1453;8;40;0;Ok, bad first 8m;Injection;311;;;45;
1453;9;;0;Shield;;;;;;
1453;10;;0;Shield;;;;;;
1453;11;;0;Shield;;;;;;
1453;12;40;0;Ok;Injection;109;;;45;
1453;13;;;;;;;;;
1453;14;;0;Shield;;;;;;
1453;15;38;0;Ok;Injection;122;;;45;
1453;16;40;0;Ok, bad first 8m;Injection;142;;;45;
1453;17;;;;;;;;;
1453;18;40;0;Ok, bad first 8m;Injection;122;;;45;
1453;19;4.1;0;Shield;;;;;;
1453;20;;0;Broken rod;;;;;;
1453;21;40;0;Ok;Injection;98;;;45;
1453;22;40;0;Ok;Injection;108;;;45;
1453;23;40;0;Ok;Injection;90;;;45;
1453;24;14.25;0;Broken rod 14m;;;;;;
1467;1;40;0;Ok;Injection;130;;;45;
1467;2;40;0;Ok;Injection;384;;;45;
1467;3;;0;Shield;;;;;;
1467;4;;;;;;;;;
1467;5;40;0;Ok;Injection;75;;;45;
1467;6;;;;;;;;;
1467;7;40;0;Ok;Injection;186;;;45;
1467;8;40;0;Ok;Injection;314;;;45;
1467;9;;0;Shield;;;;;;
1467;10;;;;;;;;;
1467;11;40;0;Ok;Injection;904;;;45;
1467;12;;;;;;;;;
1467;13;;;;;;;;;
1467;14;40;0;Ok;Injection;701;836;;45;
1467;15;40;0;Ok;Injection;254;;;45;
1467;16;;;;;;;;;
1467;17;40;0;Ok;Injection;524;1471;;45;
1467;18;3.5;0;Shield;;;;;;
1467;19;;0;Shield;;;;;;
1467;20;;;;;;;;;
1467;21;40;0;Ok;Injection;398;;;50;
1467;22;;;;;;;;;
1467;23;40;0;Ok;Injection;114;;;45;
1467;24;;;;;;;;;
1481;1;0;0;Sjold;;;;;;
1481;2;;;;;;;;;
1481;3;40;0;;Injection;126;;;45;
1481;4;;;;;;;;;
1481;5;40;0;;Injection;152;;;45;
1481;6;;;;;;;;;
1481;7;0;0;Skjold;;;;;;
1481;8;40;0;;Injection;352;;;38;Leak in shield
1481;9;40;0;;Injection;229;;;45;
1481;10;;;;;;;;;
1481;11;40;0;;Injection;622;;;45;
1481;12;;;;;;;;;
1481;13;40;0;;Injection;135;;;45;
1481;14;;;;;;;;;
1481;15;40;0;;Injection;771;;;45;
1481;16;;;;;;;;;
1481;17;40;0;;Injection;558;;;45;
1481;18;;;;;;;;;
1481;19;40;3;;Injection;325;;;45;
1481;20;;;;;;;;;
1481;21;40;2;;Injection;276;;;45;
1481;22;;;;;;;;;
1481;23;40;3;;Injection;102;;;45;
1481;24;40;0;;Injection;143;;;45;
1494;1;40;0;Ok;Injection;106;;;;
1494;2;40;0;Ok;Injection;87;;;;
1494;3;;;;;;;;;
1494;4;40;0;Ok;Injection;107;;;;
1494;5;;;;;;;;;
1494;6;;;;;;;;;
1494;7;40;0;Ok;Injection;1258;;;;
1494;8;40;30;Ok;Injection;659;1244;;;
1494;9;;;;;;;;;
1494;10;40;0;Ok;Injection;383;;;;
1494;11;;;;;;;;;
1494;12;40;0;Ok;Injection;226;;;;
1494;13;;;;;;;;;
1494;14;;0;Skjold;;;;;;
1494;15;40;0;Ok;Injection;967;;;;
1494;16;40;0;Ok;Injection;677;;;;
1494;17;;;;;;;;;
1494;18;40;3;Ok;Injection;298;;;;Leak in shield
1494;19;;;;;;;;;
1494;20;40;0;Ok;Injection;665;771;;;
1494;21;;;;;;;;;
1494;22;40;0;Ok;Injection;180;;;;
1494;23;;;;;;;;;
1494;24;;;;;;;;;
1509;1;40;0;Ok;Injection;104;;;45;
1509;2;;;;;;;;;
1509;3;40;0;Ok;Injection;5;;;45;
1509;4;;;;;;;;;
1509;5;40;0;Ok;Injection;110;;;45;
1509;6;;;;;;;;;
1509;7;;0;Shield;;;;;;
1509;8;40;0;Ok;Injection;815;;;45;
1509;9;38.5;0;Ok;Injection;593;515;;45;
1509;10;;;;;;;;;
1509;11;40;0;Ok, hard to place pa;Injection;135;;;45;
1509;12;;;;;;;;;
1509;13;40;0;Ok, hard to place pa;Injection;140;;;45;
1509;14;;;;;;;;;
1509;15;40;2;Ok;Injection;619;855;;45;
1509;16;;;;;;;;;
1509;17;40;5;Ok;Injection;687;;;45;
1509;18;;;;;;;;;
1509;19;40;0;Ok;Injection;113;;;45;
1509;20;;;;;;;;;
1509;21;40;0;Ok;Injection;826;;;50;
1509;22;;;;;;;;;
1509;23;40;0;Ok;Injection;11;;;45;
1509;24;;;;;;;;;
1523;1;;;;;;;;;
1523;2;40;4;Ok;Injection;494;307;;45;
1523;3;;;;;;;;;
1523;4;40;1;Ok;Injection;143;;;45;
1523;5;;;;;;;;;
1523;6;40;0;Ok;Injection;360;;;45;
1523;7;;0;Shield;;;;;;
1523;8;;0;Shield;;;;;;
1523;9;;0;Shield;;;;;;
1523;10;25;0;Completely stop 25m;Injection;519;1327;;50;
1523;11;;0;Shield;;;;;;
1523;12;40;0;;Injection;;;;0;
1523;13;;;;;;;;;
1523;14;40;0;Ok;Injection;538;168;;45;
1523;15;;;;;159;;;45;
1523;16;40;0;Ok;Injection;455;;;45;
1523;17;30;5;29-;Injection;;;;;Logged in hole 15
1523;18;25;60;completely stop 25m;Injection;521;1047;185;45;
1523;19;12;0;Stop 12m;Injection;529;1066;164;45;
1523;20;40;2;Ok;Injection;631;336;;45;
1523;21;;;;;;;;;
1523;22;40;0;Ok;Injection;126;;;45;
1523;23;;;;;;;;;
1523;24;40;2;Ok;Injection;395;;;45;
1525;1;33;0;Ok;Control;181;;;40;
1525;2;;;;;;;;;
1525;3;;;;;;;;;
1525;4;;;;;;;;;
1525;5;33;0.5;Ok;Control;8;;;45;
1525;6;;;;;;;;;
1525;7;;;;;;;;;
1525;8;33;0;Ok. Sleppe 31m;Control;10;;;45;
1525;9;3.4;0;Skjold;Control;;;;;
1525;10;10.6;0;Stop 10,6m;Control;;;;;
1525;11;;;;;;;;;
1525;12;;;;;;;;;
1525;13;;;;;;;;;
1525;14;;;;;;;;;
1525;15;30.5;0;Ok, stop 30,5m;Control;620;;;0;Exit, new packer,exit
1525;16;;;;;;;;;
1525;17;29.8;27.5;Sleppe 23,5m og 28m.;Control;27;;;44;
1525;18;3.4;0;Skjold;Control;;;;;
1525;19;3;0;Skjold;Control;;;;;
1525;20;;;;;;;;;
1525;21;33;0;Ok;Control;278;;;4;Exit cutterhead
1525;22;;;;;;;;;
1525;23;;;;;;;;;
1525;24;;;;;;;;;
1537;1;40;0;Ok;Injection;507;214;;45;
1537;2;;;;;;;;;
1537;3;40;2;Ok;Injection;528;524;;45;
1537;4;;;;;;;;;
1537;5;40;1;Ok;Injection;534;66;;45;
1537;6;;;;;;;;;
1537;7;10.5;0;Stop 10,5m;Injection;508;145;;45;
1537;8;40;0;Ok;Injection;102;;;45;
1537;9;40;0;Ok;Injection;7;;;45;
1537;10;9.5;0;Skjold;Injection;;;;;
1537;11;7;0;Skjold.;Injection;;;;;
1537;12;;;;;;;;;
1537;13;;;;;;;;;
1537;14;3.5;0;Skjold;Injection;;;;;
1537;15;3.5;0;Skjold;Injection;;;;;
1537;16;40;0;Ok.bra etter 6m.;Injection;215;;;45;
1537;17;3.5;0;Skjold.;Injection;;;;;
1537;18;40;2;Sleppe 8m,12m;Injection;439;;;45;
1537;19;40;14;Ok;Injection;514;495;;45;
1537;20;;;;;;;;;
1537;21;40;1;Ok;Injection;516;613;;45;Packer loosened, replaced
1537;22;;;;;;;;;
1537;23;40;0;Ok;Injection;106;;;45;
1537;24;;;;;;;;;
1551;1;;;;;;;;;
1551;2;40;0.5;Ok;Injection;181;;;45;
1551;3;;;;;;;;;
1551;4;40;0;Ok;Injection;381;;;45;
1551;5;;;;;;;;;
1551;6;40;0;Ok;Injection;66;;;45;
1551;7;;;;;;;;;
1551;8;40;0;Ok;Injection;511;118;;45;
1551;9;40;0;Ok;Injection;149;;;45;
1551;10;40;0;Ok;Injection;584;1050;47;45;
1551;11;3.5;0;Skjold;Injection;;;;;
1551;12;;;;;;;;;
1551;13;;;;;;;;;
1551;14;3.5;0;Skjold;Injection;;;;;
1551;15;40;0;Ok;Injection;517;353;;45;
1551;16;40;0;Ok;Injection;82;;;45;
1551;17;;;;;;;;;
1551;18;40;0;Ok;Injection;97;;;45;
1551;19;;;;;;;;;
1551;20;40;0;Ok;Injection;100;;;45;
1551;21;;;;;;;;;
1551;22;40;0;Ok;Injection;518;39;;45;
1551;23;;;;;;;;;
1551;24;40;0;Ok;Injection;104;;;45;
1565;1;40;1;Ok;Injection;369;;;45;
1565;2;;;;;;;;;
1565;3;40;1;Ok;Injection;541;152;;45;
1565;4;;;;;;;;;
1565;5;40;0.5;Ok;Injection;508;713;;45;
1565;6;;;;;;;;;
1565;7;3;0;Skjold;;;;;;
1565;8;3;0;Skjold;;;;;;
1565;9;40;0;Ok;Injection;281;;;45;
1565;10;40;0;Ok;Injection;252;;;45;
1565;11;40;0;Ok;Injection;307;;;45;
1565;12;;;;;;;;;
1565;13;40;0;Feilmelding på lengd;Injection;514;;;45;
1565;14;;;;;;;;;
1565;15;40;0;Ok;Injection;531;220;;45;
1565;16;;;;;;;;;
1565;17;40;0;Ok;Injection;514;307;;45;
1565;18;;;;;;;;;
1565;19;40;0;Ok;Injection;100;;;45;
1565;20;;;;;;;;;
1565;21;40;1;Ok;Injection;521;343;;45;
1565;22;;;;;;;;;
1565;23;40;0.5;Ok;Injection;516;370;;45;
1565;24;;;;;;;;;
1577;1;;;;;;;;;
1577;2;40;2;Ok,;Injection;295;;;45;
1577;3;;;;;;;;;
1577;4;40;2;Ok;Injection;647;;;45;
1577;5;;;;;;;;;
1577;6;40;2;Ok;Injection;744;794;92;45;
1577;7;40;0;Ok;Injection;108;;;45;
1577;8;6;0;Rast.;Injection;;;;;
1577;9;;;;;;;;;
1577;10;40;0;Ok;Injection;25;;;50;
1577;11;40;0;Ok;Injection;104;;;45;
1577;12;;;;;;;;;
1577;13;;;;;;;;;
1577;14;40;0;Ok;Injection;123;;;45;
1577;15;;;;;;;;;
1577;16;40;0;Ok.;Injection;97;;;45;
1577;17;;;;;;;;;
1577;18;40;1;Ok;Injection;106;;;45;
1577;19;;;;;;;;;
1577;20;40;0.5;Ok;Injection;188;;;45;
1577;21;;;;;;;;;
1577;22;40;1;Ok;Injection;309;;;45;
1577;23;;;;;;;;;
1577;24;40;0;Ok;Injection;318;;;45;
1591;1;40;0;Ok;Injection;1036;1001;;45;
1591;2;;;;;;;;;
1591;3;40;1;Slepper;Injection;241;;;0;Exit
1591;4;;;;;;;;;
1591;5;40;20;Slepper;Injection;1007;701;;45;
1591;6;;;;;;;;;
1591;7;40;3;Slepper;Injection;1038;1041;124;45;
1591;8;;;;;;;;;
1591;9;40;0;Ok;Injection;1030;630;;45;
1591;10;40;0;Ok;Injection;1015;226;;45;
1591;11;15.5;0;Gikk i stuff,stang s;Injection;;;;;
1591;12;;;;;;;;;
1591;13;;;;;;;;;
1591;14;40;0;Slepper;Injection;474;;;45;
1591;15;40;0;Ok;Injection;1163;1171;217;45;
1591;16;;;;;;;;;
1591;17;40;0;Ok;Injection;1038;1031;366;45;
1591;18;;;;;;;;;
1591;19;40;0;Ok;Injection;1037;442;;45;
1591;20;;;;;;;;;
1591;21;40;0;Ok;Injection;332;;;45;
1591;22;;;;;;;;;
1591;23;40;1;Ok;Injection;50;;;45;
1591;24;;;;;;;;;
1605;1;26.5;10;Stopp I sleppe;Injection;1055;326;;45;
1605;2;25.7;50;Stop 25,7m;Injection;1030;1001;581;45;
1605;3;0;0;Gjekk I skjold.;Injection;;;;;
1605;4;21;120;Stop 21m;Injection;1020;943;;45;
1605;5;21;10;Stopp I sleppe;Injection;1008;611;;45;Logged on nr 7 on bever
1605;6;17.5;60;Stop 17,5m;Injection;1865;522;;45;
1605;7;18;1;Stopp I sleppe.;Injection;;;;;
1605;8;40;0;Ok;Injection;1524;1081;74;45;
1605;9;40;0;Ok;Injection;1035;1012;723;45;
1605;10;40;0;Ok;Injection;1;;;55;
1605;11;40;0;Ok;Injection;55;;;45;
1605;12;40;0;Ok;Injection;121;;;45;
1605;13;40;0;Ok;Injection;567;;;45;
1605;14;40;0;Ok;Injection;145;;;45;
1605;15;40;0;Ok;Injection;1063;479;;45;
1605;16;40;0;Ok;Injection;156;;;45;
1605;17;40;0;Ok;Injection;97;;;45;
1605;18;40;0;Ok;Injection;1565;1053;231;45;
1605;19;40;0;Ok;Injection;306;;;45;
1605;20;40;0.5;Ok;Injection;100;;;45;
1605;21;40;0.5;Ok;Injection;943;;;45;
1605;22;37.5;20;Stop 37,5m;Injection;1435;1106;;;
1605;23;37.5;20;Stopp I sleppe.;Injection;1018;1003;176;45;
1605;24;29;30;Stop 29m;Injection;1051;1072;285;45;
1609;1;;;;;;;;;
1609;2;40;0;;Injection;138;;;45;
1609;3;;;;;;;;;
1609;4;40;0;;Injection;71;;;45;
1609;5;;;;;;;;;
1609;6;;;;;;;;;
1609;7;40;0;;Injection;37;;;45;
1609;8;40;0;;Injection;179;;;45;
1609;9;;;;;;;;;
1609;10;40;0;;Injection;1320;1390;430;45;
1609;11;;;;;;;;;
1609;12;40;0;;Injection;553;;;45;
1609;13;;;;;;;;;
1609;14;40;0;;Injection;49;;;;
1609;15;;;;;;;;;
1609;16;40;0;;Injection;3;;;45;
1609;17;;;;;;;;;
1609;18;40;0;;Injection;48;;;45;
1609;19;;;;;;;;;
1609;20;40;0;;Injection;69;;;45;
1609;21;;;;;;;;;
1609;22;40;0;;Injection;14;;;45;
1609;23;;;;;;;;;
1609;24;40;2;;Injection;1024;256;;45;
1623;1;40;0;;Injection;1000;86;;45;
1623;2;;;;;;;;;
1623;3;40;0;;Injection;1002;1132;;45;
1623;4;40;0;;Injection;87;;;45;
1623;5;;;;;;;;;
1623;6;;;;;;;;;
1623;7;40;0;;Injection;1008;855;;45;
1623;8;;;;;;;;;
1623;9;40;0;;Injection;100;;;45;
1623;10;;;;;;;;;
1623;11;40;0;;Injection;560;;;45;
1623;12;;0;;;;;;;
1623;13;;0;;;;;;;
1623;14;;0;;;;;;;
1623;15;;;;;;;;;
1623;16;;;;;;;;;
1623;17;40;0;;Injection;125;;;45;
1623;18;;;;;;;;;
1623;19;40;0;;Injection;233;;;45;
1623;20;;;;;;;;;
1623;21;40;0;;Injection;793;;;45;
1623;22;;;;;;;;;
1623;23;40;0;;Injection;108;;;45;
1623;24;;;;;;;;;
1637;1;;;;;;;;;
1637;2;35;50;Stopp I sleppe 35m;Injection;1248;1078;38;45;
1637;3;;;;;;;;;
1637;4;40;0;Ok;Injection;81;;;45;
1637;5;;;;;;;;;
1637;6;40;0;Ok;Injection;490;;;45;
1637;7;;;;;;;;;
1637;8;40;0;Ok;Injection;60;;;45;
1637;9;;;;;;;;;
1637;10;40;0;Ok;Injection;35;;;45;
1637;11;;;;;;;;;
1637;12;40;0;Ok;Injection;1009;588;;45;
1637;13;;;;;;;;;
1637;14;;;;;;;;;
1637;15;20;0;;Injection;1003;65;;45;
1637;16;21;0;;Injection;1386;1211;;45;
1637;17;;;;;;;;;
1637;18;35;5;;Injection;118;;;45;
1637;19;;;;;;;;;
1637;20;40;0;Ok;Injection;1027;1350;;45;
1637;21;;;;;;;;;
1637;22;32;20;Stopp I sleppe 32m;Injection;1180;;;45;
1637;23;;;;;;;;;
1637;24;40;0;Ok;Injection;;;;;
1651;1;40;1;;Injection;93;;;45;
1651;2;;;;;;;;;
1651;3;40;2;;Injection;40;;;45;
1651;4;;;;;;;;;
1651;5;40;0;;Injection;106;;;45;
1651;6;;;;;;;;;
1651;7;40;0;;Injection;109;;;45;
1651;8;;;;;;;;;
1651;9;40;0;;Injection;1422;1557;;45;
1651;10;;;;;;;;;
1651;11;40;0;;Injection;48;;;45;
1651;12;;;;;;;;;
1651;13;40;0;;Injection;340;;;45;
1651;14;;;;;;;;;
1651;15;;;;;;;;;
1651;16;40;0;;Injection;1398;729;;45;
1651;17;40;0;;Injection;98;;;45;
1651;18;;;;;;;;;
1651;19;40;0;;Injection;817;;;45;
1651;20;;;;;;;;;
1651;21;40;0;;Injection;158;;;45;
1651;22;;;;;;;;;
1651;23;40;0;;Injection;33;;;45;
1651;24;;;;;;;;;
1665;1;;;;;;;;;
1665;2;37;0;Power loss, machine;Injection;108;;;45;
1665;3;;;;;;;;;
1665;4;40;0;Bever reset,ok;Injection;60;;;45;
1665;5;;;;;;;;;
1665;6;;;Shield;;;;;;
1665;7;40;0;Ok;Injection;171;;;45;
1665;8;40;0;Powerloss,ok;Injection;1072;;;45;
1665;9;4;0;Shield;;;;;;
1665;10;40;0;Bever reset,ok;Injection;115;;;45;
1665;11;4.6;0;Shield;;;;;;
1665;12;40;0;Ok;Injection;146;;;45;
1665;13;;;;;;;;;
1665;14;4.2;0;Shield;;;;;;
1665;15;40;0;Ok;Injection;1040;274;;45;
1665;16;40;0;Ok;Injection;1007;337;;45;
1665;17;;;;;;;;;
1665;18;40;0;;Injection;990;;;45;
1665;19;;;;;;;;;
1665;20;40;0;Power loss, ok;Injection;219;;;45;
1665;21;;;;;;;;;
1665;22;40;3;Ok;Injection;1240;1335;511;45;
1665;23;;;;;;;;;
1665;24;40;0;Ok;Injection;244;;;45;
1679;1;6.7;0;Cutterhead;;;;;;
1679;2;;;;;;;;;
1679;3;40;0;Ok;Injection;109;;;47;
1679;4;;0;Shield, bad conditio;;;;;;
1679;5;;0;Shield, bad conditio;;;;;;
1679;6;;0;Shield,  bad conditi;;;;;;
1679;7;;0;Shield, bad conditio;;;;;;
1679;8;;0;Shield, bad conditio;;;;;;
1679;9;40;0;Ok;Injection;989;1067;669;45;
1679;10;40;0;Ok;Injection;32;;;45;
1679;11;40;2;Ok;Injection;1037;1033;;45;
1679;12;;;;;;;;;
1679;13;40;7;Ok;Injection;1068;1007;2150;45;
1679;14;;;;;;;;;
1679;15;40;55;Ok, some poor rock;Injection;1003;1067;266;45;
1679;16;;;;;;;;;
1679;17;31;2;Stop 31m. Bad condit;Injection;1032;1217;;45;
1679;18;;;;;;;;;
1679;19;40;5;Ok, bad conditions;Injection;1036;1292;1253;45;
1679;20;;;;;;;;;
1679;21;40;2;Ok, bad conditions;Injection;1283;63;;45;
1679;22;;;;;;;;;
1679;23;40;0;Ok;Injection;1233;882;;45;
1679;24;40;0;Ok;Injection;104;;;45;
1687;1;40;0;Ok;Injection;5;;;50;
1687;2;40;0;Ok;Injection;46;;;50;
1687;3;;;;;;;;;
1687;4;;0;Shield;;;;;;
1687;5;40;0;Ok, bever problem?;Injection;258;;;45;
1687;6;;0;Shield;;;;;;
1687;7;40;0;Ok;Injection;99;;;50;
1687;8;40;0;Ok;Injection;98;;;45;
1687;9;40;0;Ok;Injection;586;;;45;
1687;10;;0;Shield;;;;;;
1687;11;5.7;0;Stop,collapsing hole;;;;;;
1687;12;;;;;;;;;
1687;13;;;;;;;;;
1687;14;40;35;Ok;Injection;1004;1023;1159;45;
1687;15;40;2;Ok, bever problem?;Injection;301;;;45;
1687;16;;0;Broken leedrod;;;;;;
1687;17;40;23;Ok;Injection;979;1188;680;45;
1687;18;40;4;Ok;Injection;1015;929;280;45;
1687;19;;;;;;;;;
1687;20;40;7;Ok;Injection;962;;;45;
1687;21;;;;;;;;;
1687;22;40;4;Ok,bever problem?;Injection;1124;252;;45;
1687;23;;;;;;;;;
1687;24;;0;Cutterhead;;;;;;
1695;1;3;0;Skjold;;;;;;
1695;2;40;0;Ok;Injection;55;;;48;
1695;3;40;0;Ok;Injection;88;;;45;
1695;4;;;;;;;;;
1695;5;40;0;Ok;Injection;84;;;45;
1695;6;;;;;;;;;
1695;7;3;0;Skjold;;;;;;
1695;8;40;0;Ok;Injection;94;;;45;
1695;9;3;0;Skjold;;;;;;
1695;10;40;0;Ok;Injection;96;;;45;
1695;11;40;0;Ok;Injection;1038;1021;210;45;
1695;12;;;;;;;;;
1695;13;40;10;Ok;Injection;1032;1017;53;45;
1695;14;;;;;;;;;
1695;15;40;15;Ok;Injection;1022;974;1117;45;
1695;16;;;;;;;;;
1695;17;40;3;Ok;Injection;1045;911;;45;
1695;18;;;;;;;;;
1695;19;40;0;Ok;Injection;710;;;45;
1695;20;;;;;;;;;
1695;21;40;0;Ok;Injection;223;;;45;
1695;22;;;;;;;;;
1695;23;40;0;Ok;Injection;98;;;48;
1695;24;;;;;;;;;
1703;1;;;;;;;;;
1703;2;40;0;;Injection;87;;;45;
1703;3;;;;;;;;;
1703;4;40;0;;Injection;61;;;45;
1703;5;40;0;;Injection;98;;;45;
1703;6;;;;;;;;;
1703;7;40;0;;Injection;68;;;45;
1703;8;40;0;;Injection;79;;;45;
1703;9;;;;;;;;;
1703;10;40;0;;Injection;28;;;45;
1703;11;;;;;;;;;
1703;12;;;;;;;;;
1703;13;;;;;;;;;
1703;14;40;0;;Injection;839;;;45;
1703;15;;;;;;;;;
1703;16;;;;;;;;;
1703;17;;;;;;;;;
1703;18;40;0;;Injection;97;;;45;
1703;19;;;;;;;;;
1703;20;40;0;;Injection;79;;;45;
1703;21;;;;;;;;;
1703;22;40;0;;Injection;98;;;45;
1703;23;;;;;;;;;
1703;24;40;0;;Injection;;;;;
1711;1;40;1;Ok;Injection;151;;;45;
1711;2;;;;;;;;;
1711;3;40;0;Ok;Injection;73;;;45;
1711;4;;;;;;;;;
1711;5;40;0;Ok;Injection;98;;;45;
1711;6;;;;;;;;;
1711;7;40;0;Ok;Injection;96;;;45;
1711;8;;;;;;;;;
1711;9;40;0;Ok;Injection;107;;;45;
1711;10;;;;;;;;;
1711;11;40;0;Ok;Injection;183;;;47;
1711;12;;;;;;;;;
1711;13;;;;;;;;;
1711;14;40;0;Ok;Injection;109;;;45;
1711;15;;0;Shield;;;;;;
1711;16;40;0;Ok;Injection;142;;;8;Leak shield
1711;17;40;0;Ok;Injection;233;;;45;
1711;18;;;;;;;;;
1711;19;40;0;Ok;Injection;65;;;45;
1711;20;;;;;;;;;
1711;21;40;0;Ok;Injection;78;;;45;
1711;22;;;;;;;;;
1711;23;40;0;Ok;Injection;68;;;45;
1711;24;;;;;;;;;
1718;1;40;0;;Injection;;;;;
1718;2;;;;;116;;;45;
1718;3;40;0;;Injection;;;;;
1718;4;;;;;85;;;45;
1718;5;;;;;;;;;
1718;6;;;;;;;;;
1718;7;40;0;;Injection;10;;;45;
1718;8;40;0;;Injection;56;;;45;
1718;9;;;;;;;;;
1718;10;40;0;;Injection;233;;;45;
1718;11;;;;;;;;;
1718;12;40;0;;Injection;931;;;45;
1718;13;;;;;;;;;
1718;14;40;0;;Injection;365;;;45;
1718;15;;;;;;;;;
1718;16;40;0;;Injection;33;;;45;
1718;17;;;;;;;;;
1718;18;40;0;;Injection;253;;;45;
1718;19;;;;;;;;;
1718;20;40;0;;Injection;44;;;45;
1718;21;;;;;;;;;
1718;22;40;0;;Injection;35;;;45;
1718;23;;;;;;;;;
1718;24;40;0;;Injection;44;;;45;
1727;1;40;0;Ok;Injection;106;;;45;
1727;2;;;;;;;;;
1727;3;40;0.5;Ok;Injection;1034;1023;248;45;
1727;4;;;;;;;;;
1727;5;40;0;Ok;Injection;1012;1005;19;45;
1727;6;;;;;;;;;
1727;7;4.5;0;Skjold.;Injection;;;;;
1727;8;40;0;Ok;Injection;78;;;45;
1727;9;40;0;Ok;Injection;1028;296;;45;
1727;10;;;;;;;;;
1727;11;40;0;Ok;Injection;1009;1013;1462;45;
1727;12;;;;;;;;;
1727;13;;;;;;;;;
1727;14;40;0;Ok;Injection;294;;;45;
1727;15;40;0;Ok;Injection;1057;916;;45;
1727;16;;;;;;;;;
1727;17;40;0;Ok;Injection;140;;;45;
1727;18;;;;;;;;;
1727;19;40;0;Ok;Injection;1092;895;;45;
1727;20;;;;;;;;;
1727;21;40;0;Ok;Injection;128;;;45;
1727;22;;;;;;;;;
1727;23;40;0;Ok;Injection;97;;;45;
1727;24;;;;;;;;;
1735;1;;;;;;;;;
1735;2;40;0;Ok;Injection;176;;;45;
1735;3;;;;;;;;;
1735;4;40;0;Ok;Injection;336;;;45;
1735;5;;;;;;;;;
1735;6;3;0;Shield;Injection;;;;;
1735;7;40;0;Ok;Injection;564;;;48;
1735;8;40;0;Ok;Injection;108;;;45;
1735;9;;;;;;;;;
1735;10;40;0;Ok;Injection;47;;;45;
1735;11;40;0;Ok;Injection;143;;;45;
1735;12;;;;;;;;;
1735;13;;;;;;;;;
1735;14;40;0;Ok;Injection;186;;;45;
1735;15;;;;;;;;;
1735;16;40;0;Ok;Injection;184;;;45;
1735;17;;;;;;;;;
1735;18;40;0;Ok;Injection;144;;;45;
1735;19;;;;;;;;;
1735;20;40;0;Ok;Injection;97;;;45;
1735;21;;;;;;;;;
1735;22;40;0;Ok;Injection;56;;;45;
1735;23;;;;;;;;;
1735;24;40;0;Ok;Injection;171;;;45;
1743;1;40;30;Sleppe on 39 meters;Injection;1003;1088;28;45;
1743;2;40;30;Sleppe on 38 meters;Injection;1011;1019;1319;45;
1743;3;3.5;0;Shield;;;;;;
1743;4;;;;;;;;;
1743;5;40;30;Sleppe on 36 meters;Injection;1084;926;440;45;
1743;6;;;;;;;;;
1743;7;40;0;Ok;Injection;1076;1007;853;40;Small leak in shield
1743;8;;;;;;;;;
1743;9;40;0;Ok;Injection;269;;;45;
1743;10;;;;;;;;;
1743;11;40;0;Ok;Injection;336;;;45;
1743;12;;;;;;;;;
1743;13;;;;;;;;;
1743;14;40;0;Ok;Injection;119;;;45;
1743;15;40;0;Ok;Injection;243;;;45;
1743;16;;;;;;;;;
1743;17;40;0;Ok;Injection;59;;;45;
1743;18;;;;;;;;;
1743;19;40;0;Ok;Injection;103;;;45;
1743;20;;;;;;;;;
1743;21;40;0;Ok;Injection;123;;;45;
1743;22;;;;;;;;;
1743;23;40;0;Ok;Injection;98;;;45;
1743;24;;;;;;;;;
1751;1;;;;;;;;;
1751;2;40;4;Ok;Injection;474;;;45;
1751;3;;;;;;;;;
1751;4;40;3;Ok;Injection;927;;;45;
1751;5;;;;;;;;;
1751;6;3;0;Shield;;;;;;
1751;7;40;0;Ok;Injection;230;;;45;
1751;8;40;0;Ok;Injection;146;;;45;
1751;9;;;;;;;;;
1751;10;40;0;Ok;Injection;548;;;37;Smal Leak cutterhead
1751;11;40;0;Ok;Injection;753;;;45;
1751;12;;;;;;;;;
1751;13;;;;;;;;;
1751;14;40;0;Ok;Injection;283;;;45;
1751;15;;;;;;;;;
1751;16;40;0;Ok;Injection;180;;;0;Exit shield
1751;17;;;;;;;;;
1751;18;40;0;Ok;Injection;200;;;45;
1751;19;;;;;;;;;
1751;20;40;4;Ok;Injection;1072;593;;45;
1751;21;;;;;;;;;
1751;22;40;0;Ok;Injection;108;;;45;
1751;23;;;;;;;;;
1751;24;40;4;Ok;Injection;1208;;;45;
1759;1;40;5;;Injection;189;;;15;Exit shield
1759;2;;;;;;;;;
1759;3;40;1.5;Ok;Injection;452;;;19;Exit shield
1759;4;;;;;;;;;
1759;5;40;0;Ok;Injection;374;;;14;Exit shield
1759;6;;;;;;;;;
1759;7;40;0;Ok;Injection;327;;;7;Exit shield
1759;8;;;;;;;;;
1759;9;40;0;Ok;Injection;309;;;20;Exit shield
1759;10;;;;;;;;;
1759;11;40;0;Ok, 3drillrods insid;Injection;132;;;25;Exit shield
1759;12;;;;;;;;;
1759;13;;;;;;;;;
1759;14;40;0;Ok;Injection;1049;222;;45;
1759;15;40;0;Ok;Injection;1020;227;;45;Packer loosened, placed new
1759;16;;;;;;;;;
1759;17;40;0;Ok;Injection;86;;;45;
1759;18;;;;;;;;;
1759;19;40;0;Ok;Injection;114;;;45;
1759;20;;;;;;;;;
1759;21;40;5;Ok;Injection;8;;;47;
1759;22;;;;;;;;;
1759;23;40;3;Ok;Injection;186;;;17;Exit shield
1759;24;;;;;;;;;
1767;1;;;;;;;;;
1767;2;40;0;Ok;Injection;1013;836;;45;
1767;3;;;;;;;;;
1767;4;34.45;0;Completely stopp;Injection;1027;1005;726;45;
1767;5;;;;;;;;;
1767;6;40;0;Ok;Injection;108;;;45;
1767;7;;;;;;;;;
1767;8;40;0;Ok;Injection;1047;1029;233;45;
1767;9;;;;;;;;;
1767;10;40;0;Ok, check comment.;Injection;599;;;45;
1767;11;40;0;Ok;Injection;271;;;45;
1767;12;;;;;;;;;
1767;13;;;;;;;;;
1767;14;40;0;Ok;Injection;272;;;45;
1767;15;;;;;;;;;
1767;16;40;0;Ok;Injection;1039;1032;102;45;
1767;17;;;;;;;;;
1767;18;40;0;Ok;Injection;180;;;45;
1767;19;;;;;;;;;
1767;20;40;0;Ok;Injection;1105;995;70;45;
1767;21;;;;;;;;;
1767;22;40;5;Ok;Injection;1047;1029;135;45;
1767;23;;;;;;;;;
1767;24;40;12;Ok;Injection;9;;;45;
1775;1;40;2;Sleppe 32m;Injection;797;;;45;
1775;2;;;;;;;;;
1775;3;4;0;Skjold;Injection;;;;;
1775;4;40;45;;Injection;1087;1040;122;45;
1775;5;40;10;Ok;Injection;1089;1074;312;45;
1775;6;;;;;;;;;
1775;7;40;10;Ok;Injection;1052;351;;45;
1775;8;;;;;;;;;
1775;9;40;0;Ok;Injection;1048;1061;250;45;
1775;10;;;;;;;;;
1775;11;40;0;Ok;Injection;1030;1042;547;45;
1775;12;;;;;;;;;
1775;13;;;;;;;;;
1775;14;40;0;Ok;Injection;96;;;45;
1775;15;40;0;Ok;Injection;127;;;45;
1775;16;;;;;;;;;
1775;17;40;8;Ok;Injection;1082;1028;110;45;
1775;18;;;;;;;;;
1775;19;40;0;Ok;Injection;113;;;45;
1775;20;;;;;;;;;
1775;21;40;0;Ok;Injection;111;;;45;
1775;22;;;;;;;;;
1775;23;40;2;Ok;Injection;690;;;45;
1775;24;;;;;;;;;
1783;1;;;;;;;;;
1783;2;40;7;;Injection;1045;1030;185;45;
1783;3;;;;;;;;;
1783;4;28;10;Stopp I sleppe;Injection;976;211;;5;Exit CH $AND$ shield
1783;5;;;;;;;;;
1783;6;40;5;;Injection;1114;1055;132;45;
1783;7;;;;;;;;;
1783;8;40;4;;Injection;1026;1089;;45;
1783;9;;;;;;;;;
1783;10;40;0;36m Def stang men 40;Injection;145;;;45;
1783;11;40;0;;Injection;106;;;45;
1783;12;;;;;;;;;
1783;13;;;;;;;;;
1783;14;40;0;;Injection;1011;1070;53;45;
1783;15;;;;;;;;;
1783;16;40;0;;Injection;224;;;45;
1783;17;;;;;;;;;
1783;18;40;0;;Injection;464;;;45;
1783;19;;;;;;;;;
1783;20;40;10;;Injection;1015;1021;114;45;
1783;21;;;;;;;;;
1783;22;40;22;Slep 30m;Injection;1059;1024;304;45;
1783;23;;;;;;;;;
1783;24;40;10;;Injection;1051;1025;29;45;
1791;1;40;0;Ok;Injection;1024;1057;;45;
1791;2;;;;;;;;;
1791;3;;;;;;;;;
1791;4;;;;;;;;;
1791;5;40;0;Ok;Injection;1014;666;;45;
1791;6;;;;;;;;;
1791;7;40;0;;Injection;1013;1279;;45;
1791;8;;;;;;;;;
1791;9;40;0;Ok;Injection;1002;1503;97;45;
1791;10;;;;;;;;;
1791;11;40;0;Ok;Injection;1003;1534;71;45;
1791;12;;;;;;;;;
1791;13;;;;;;;;;
1791;14;36.5;0;Stans I leiresleppe;Injection;1000;101;;45;
1791;15;40;0;Ok;Injection;1000;1666;191;45;
1791;16;;;;;;;;;
1791;17;40;2;Ok;Injection;1046;1508;417;45;
1791;18;;;;;;;;;
1791;19;40;20;Slepper;Injection;58;;;45;
1791;20;;;;;;;;;
1791;21;24.5;75;Stans I sleppe;Injection;1037;1378;16;45;
1791;22;40;15;;Injection;1000;613;;45;
1791;23;22.5;1;Stans I sleppe;Injection;1024;1564;3558;25;
1791;24;;;;;;;;;
1794;1;;;;;;;;;
1794;2;;;;;98;;;45;
1794;3;;;;;;;;;
1794;4;;;;;500;338;;45;
1794;5;;;;;;;;;
1794;6;;;;;500;265;;0;Exit cutter head.
1794;7;;;;;;;;;
1794;8;;;;;348;;;45;
1794;9;;;;;;;;;
1794;10;;;;;301;;;45;
1794;11;;;;;275;;;45;
1794;12;;;;;;;;;
1794;13;;;;;;;;;
1794;14;;;;;515;211;;45;
1794;15;;;;;;;;;
1794;16;;;;;500;1411;;45;
1794;17;;;;;;;;;
1794;18;;;;;505;1555;347;45;
1794;19;;;;;;;;;
1794;20;;;;;152;;;45;
1794;21;;;;;;;;;
1794;22;;;;;177;;;45;
1794;23;;;;;;;;;
1794;24;;;;;502;191;;45;
1795;1;;;;;;;;;
1795;2;40;0;Ok,data stoppet;Injection;98;;;45;
1795;3;;;;;;;;;
1795;4;40;0;Ok;Injection;500;338;;45;
1795;5;;;;;;;;;
1795;6;40;0;Ok;Injection;500;265;;0;Exit
1795;7;;;;;;;;;
1795;8;40;0;Ok;Injection;348;;;45;
1795;9;;;;;;;;;
1795;10;40;0;Ok;Injection;301;;;45;
1795;11;40;0;Ok;Injection;275;;;45;
1795;12;;;;;;;;;
1795;13;;;;;;;;;
1795;14;40;0;Ok;Injection;515;211;;45;
1795;15;;;;;;;;;
1795;16;40;0;Ok;Injection;528;1411;;45;
1795;17;;;;;;;;;
1795;18;40;2;Sleppe 17m,23m;Injection;505;1555;349;45;
1795;19;;;;;;;;;
1795;20;40;3;Ok;Injection;152;;;45;
1795;21;;;;;;;;;
1795;22;40;1;"Slepp 11m s
Oppstart";Injection;177;;;45;
1795;23;;;Sleppe 11m,;;;;;;
1795;24;40;13;Ok sleppe 11m telt f;Injection;502;191;;45;
1809;1;40;0;Ok;Injection;176;;;45;
1809;2;;;;;;;;;
1809;3;40;25;Ok;Injection;521;548;;45;
1809;4;;;;;;;;;
1809;5;40;2;Ok;Injection;520;651;;45;
1809;6;;;;;;;;;
1809;7;;;Dårlig fjell ansett;;;;;;
1809;8;40;0;Ok;Injection;404;;;45;
1809;9;40;0;Ok;Injection;515;;;45;
1809;10;;;;;;;;;
1809;11;40;0;Ok;Injection;478;;;45;
1809;12;;;;;;;;;
1809;13;;;;;;;;;
1809;14;40;0;Sleppe,8m;Injection;165;;;45;
1809;15;40;0;Sleppe,8m;Injection;522;116;;45;
1809;16;;;;;;;;;
1809;17;40;0;Ok;Injection;171;;;45;
1809;18;;;;;;;;;
1809;19;40;6;Ok;Injection;569;499;;45;
1809;20;;;;;;;;;
1809;21;40;1;Ok;Injection;362;;;45;
1809;22;;;;;;;;;
1809;23;40;1;Ok;Injection;269;;;45;
1809;24;;;;;;;;;
1823;1;;;;;;;;;
1823;2;40;2;Ok;Injection;411;;;45;
1823;3;;;;;;;;;
1823;4;40;6;Ok;Injection;169;;;45;
1823;5;;;;;;;;;
1823;6;40;2;Ok strømbrudd;Injection;94;;;45;
1823;7;;;;;;;;;
1823;8;40;0;Ok;Injection;44;;;45;
1823;9;;;;;;;;;
1823;10;40;0;Ok;Injection;225;;;45;
1823;11;40;0;Ok;Injection;424;;;45;
1823;12;;;;;;;;;
1823;13;;;;;;;;;
1823;14;40;0;Ok strømbrudd;Injection;500;523;;45;
1823;15;;;;;;;;;
1823;16;40;0;Ok;Injection;174;;;45;
1823;17;;;;;;;;;
1823;18;40;0;0 L strømbrudd;Injection;175;;;45;
1823;19;;;;;;;;;
1823;20;40;4;Ok;Injection;68;;;45;
1823;21;;;;;;;;;
1823;22;40;1;"Ok
Ok";Injection;66;;;45;
1823;23;;;;;;;;;
1823;24;40;4;Ok;Injection;101;;;45;
1837;1;32.6;0;OK;Injection;70;;;45;
1837;2;;;;;;;;;
1837;3;32.6;2;OK, feilmelding give;Injection;88;;;45;
1837;4;;;;;;;;;
1837;5;32.6;0;OK;Injection;69;;;45;
1837;6;;;;;;;;;
1837;7;32.6;1;OK, strømbrudd;Injection;14;;;45;
1837;8;;;;;;;;;
1837;9;32.6;0;OK;Injection;100;;;45;
1837;10;;;;;;;;;
1837;11;32.6;0;OK;Injection;154;;;45;
1837;12;;;;;;;;;
1837;13;;;;;;;;;
1837;14;32.6;0;OK, strømbrudd;Injection;207;;;45;
1837;15;32.6;0;OK;Injection;587;;;45;
1837;16;;;;;;;;;
1837;17;32.6;1;OK;Injection;95;;;45;
1837;18;;;;;;;;;
1837;19;32.6;3;OK;Injection;85;;;45;
1837;20;;;;;;;;;
1837;21;32.6;2;OK;Injection;81;;;45;
1837;22;;;;;;;;;
1837;23;32.6;0;OK, strømbrudd;Injection;45;;;45;
1837;24;;;;;;;;;
1847;1;;;;;;;;;
1847;2;32.6;0;Ok giverfeil;Injection;103;;;45;
1847;3;;;;;;;;;
1847;4;32.6;0;Ok giverfeil;Injection;82;;;45;
1847;5;;;;;561;;;45;Er nr18.
1847;6;32.6;0;Ok giverfeil;Injection;23;;;45;
1847;7;;;;;;;;;
1847;8;32.6;0;Ok;Injection;114;;;45;
1847;9;;;;;;;;;
1847;10;32.6;0;Ok;Injection;71;;;45;
1847;11;32.6;0;Ok;Injection;299;;;45;
1847;12;;;;;;;;;
1847;13;;;;;;;;;
1847;14;32.6;0;Ok 1 time heft;Injection;758;;;45;
1847;15;;;;;;;;;
1847;16;32.6;0;Ok;Injection;451;;;45;
1847;17;;;;;;;;;
1847;18;32.6;0;Ok;Injection;;;;;Er logged som nr 5.
1847;19;;;;;;;;;
1847;20;32.6;0;Ok;Injection;100;;;45;
1847;21;;;;;;;;;
1847;22;32.6;1;Ok;Injection;81;;;45;
1847;23;;;;;;;;;
1847;24;32.6;0;Ok;Injection;87;;;45;
1856;1;34.4;0;;Injection;87;;;45;
1856;2;;;;;;;;;
1856;3;34.4;0;;Injection;70;;;45;
1856;4;;;;;;;;;
1856;5;34.4;0;;Injection;89;;;45;
1856;6;;;;;;;;;
1856;7;34.4;0;;Injection;56;;;45;
1856;8;;;;;;;;;
1856;9;34.4;0;;Injection;46;;;45;
1856;10;;;;;;;;;
1856;11;34.4;0;;Injection;10;;;45;
1856;12;;;;;;;;;
1856;13;34.4;0;;Injection;;;;;
1856;14;;;;;;;;;
1856;15;34.4;0;;Injection;17;;;45;
1856;16;;;;;;;;;
1856;17;34.4;0;;Injection;18;;;45;
1856;18;34.4;0;;Injection;15;;;45;
1856;19;;;;;;;;;
1856;20;;;;;;;;;
1856;21;34.4;0;;Injection;77;;;45;
1856;22;;;;;;;;;
1856;23;34.4;0;;Injection;96;;;45;
1856;24;;;;;;;;;
1867;1;;;;;;;;;
1867;2;32.6;0;;Injection;83;;;45;
1867;3;;;;;;;;;
1867;4;28;0;;Injection;57;;;45;
1867;5;;;;;;;;;
1867;6;;;;;;;;;
1867;7;32.6;0;;Injection;128;;;45;
1867;8;32.6;0;;;334;;;;
1867;9;;;;;;;;;
1867;10;32.6;0;;Injection;17;;;45;
1867;11;32.6;0;;Injection;;;;;
1867;12;;;;;;;;;
1867;13;;;;;;;;;
1867;14;8;0;X;;;;;;
1867;15;8;0;X;;;;;;
1867;16;32.6;0;;Injection;3;;;45;
1867;17;32.6;0;;Injection;;;;;
1867;18;;;;;4;;;45;
1867;19;;;;;;;;;
1867;20;32.6;0;;Injection;82;;;45;
1867;21;;;;;;;;;
1867;22;32.6;0;;Injection;89;;;45;
1867;23;;;;;;;;;
1867;24;32.6;0;;Injection;100;;;45;
1877;1;32.6;0;Okslepp 18m;Injection;436;;;45;
1877;2;;;;;;;;;
1877;3;32.6;0;Ok sleppe 17m;Injection;74;;;45;
1877;4;;;;;;;;;
1877;5;32.6;0;Ok;Injection;78;;;45;
1877;6;;;;;;;;;
1877;7;32.6;0;Ok strømbrud;Injection;79;;;45;
1877;8;;;;;;;;;
1877;9;32.6;1;Ok;Injection;51;;;45;
1877;10;;;;;;;;;
1877;11;32.6;0;Ok;Injection;53;;;45;
1877;12;;;;;;;;;
1877;13;;;;;;;;;
1877;14;32.6;0;Ok strømbrudd;Injection;1035;;;45;
1877;15;32.5;0;Ok;Injection;77;;;45;
1877;16;;;;;;;;;
1877;17;32.6;0;Ok;Injection;13;;;45;
1877;18;;;;;;;;;
1877;19;32.6;0;Ok;Injection;50;;;45;
1877;20;;;;;;;;;
1877;21;32.6;0;Ok;Injection;83;;;45;
1877;22;;;;;;;;;
1877;23;32.6;0;Ok strømbrudd;Injection;83;;;45;
1877;24;;;;;;;;;
1887;1;;;;;;;;;
1887;2;32.6;0;;Injection;75;;;45;
1887;3;;;;;;;;;
1887;4;32.6;0;;Injection;87;;;45;
1887;5;32.6;0;;Injection;811;;;45;
1887;6;;;;;;;;;
1887;7;;;;;;;;;
1887;8;32.6;0;;Injection;51;;;45;
1887;9;32.6;0;;Injection;3;;;45;
1887;10;10;0;Fucked;;;;;;
1887;11;;;;;;;;;
1887;12;32.6;0;;Injection;733;;;45;
1887;13;;;;;;;;;
1887;14;32.6;0;;Injection;193;;;45;
1887;15;;;;;;;;;
1887;16;32.6;0;;Injection;700;;;45;
1887;17;;;;;;;;;
1887;18;32.6;5;;Injection;1530;1491;169;45;
1887;19;;;;;;;;;
1887;20;32.6;40;;Injection;1514;1182;;45;
1887;21;;;;;;;;;
1887;22;32.6;15;;Injection;667;;;45;
1887;23;;;;;;;;;
1887;24;32.6;0;;Injection;78;;;45;
1895;1;32.6;0;Ok;Injection;1529;183;;45;
1895;2;;;;;;;;;
1895;3;32.6;1;Ok strømbrud;Injection;1578;;;45;
1895;4;;;;;;;;;
1895;5;32.6;2;Ok;Injection;917;;;45;
1895;6;;;;;;;;;
1895;7;32.6;0;Ok;Injection;127;;;45;
1895;8;;;;;;;;;
1895;9;32.6;26;Ok;Injection;718;;;45;
1895;10;;;;;;;;;
1895;11;32.6;5;;Injection;1658;1153;;45;
1895;12;;;;;;;;;
1895;13;;;;;;;;;
1895;14;;;;;;;;;
1895;15;32.6;0;Ok;Injection;1518;;;45;
1895;16;;;;;;;;;
1895;17;32.6;0;Ok;Injection;1034;;;45;
1895;18;;;;;;;;;
1895;19;32.6;10;Ok;Injection;1521;1402;1946;45;
1895;20;;;;;;;;;
1895;21;32.6;3;Ok sleppe 15m;Injection;1150;;;45;
1895;22;11;20;Fastboring;Injection;894;;;45;
1895;23;15;0;Knekt borstreng i sl;Injection;;;;;
1895;24;19;20;Fastboring sleppe 20;Injection;1818;540;;45;
1897;1;;;;;;;;;
1897;2;27;0;Ok;Probe;69;;;45;
1897;3;;;;;;;;;
1897;4;;;;;;;;;
1897;5;27;1;Ok;Probe;694;;;45;
1897;6;;;;;;;;;
1897;7;;;;;;;;;
1897;8;;;;;;;;;
1897;9;;;;;;;;;
1897;10;27;0;Ok;Probe;194;;;45;
1897;11;;;;;;;;;
1897;12;;;;;;;;;
1897;13;;;;;;;;;
1897;14;;;;;196;;;45;
1897;15;;;;;;;;;
1897;16;;;;;;;;;
1897;17;;;;;;;;;
1897;18;;;;;817;;;45;
1897;19;;;;;;;;;
1897;20;;;;;576;;;45;
1897;21;;;;;;;;;
1897;22;;;;;;;;;
1897;23;;;;;;;;;
1897;24;;;;;;;;;
1904;1;;;;;540;;;45;
1904;2;;;;;;;;;
1904;3;;;;;;;;;
1904;4;;;;;;;;;
1904;5;5.3;0;;Injection;;;;;
1904;6;;;;;;;;;
1904;7;2;0;;Injection;;;;;
1904;8;;;;;;;;;
1904;9;6.2;0;;Injection;;;;;
1904;10;4.6;0;Pota;Injection;;;;;
1904;11;2;0;Skjold;Injection;;;;;
1904;12;3;0;Skjold;Injection;;;;;
1904;13;5.2;0;;Injection;;;;;
1904;14;4.4;0;;Injection;;;;;
1904;15;;;;;;;;;
1904;16;;;;;;;;;
1904;17;;;;;;;;;
1904;18;;;;;;;;;
1904;19;;;;;46;;;45;
1904;20;;;;;;;;;
1904;21;;;;;75;;;45;
1904;22;;;;;;;;;
1904;23;;;;;;;;;
1904;24;;;;;;;;;
1908;1;32.6;0;Ok;Injection;76;;;45;
1908;2;32.6;0;Ok;Injection;119;;;45;
1908;3;7.6;0;Cutterhead?;;;;;;
1908;4;32.6;6;Ok;Injection;79;;;45;
1908;5;4;0;Shield;;;;;;
1908;6;;;;;;;;;
1908;7;32.6;0;Ok;Injection;184;;;0;Exit shield
1908;8;;;;;;;;;
1908;9;32.6;5;Ok;Injection;84;;;47;
1908;10;;;;;;;;;
1908;11;32.6;0;Ok;Injection;81;;;45;
1908;12;;;;;;;;;
1908;13;32.6;0;Ok;Injection;27;;;50;
1908;14;;;;;;;;;
1908;15;32.6;0;Ok;Injection;81;;;50;
1908;16;;;;;;;;;
1908;17;32.6;0;Ok;Injection;83;;;45;
1908;18;;;;;;;;;
1908;19;32.6;0;Ok;Injection;82;;;45;
1908;20;;;;;;;;;
1908;21;32.6;0;Ok;Injection;80;;;45;
1908;22;;;;;;;;;
1908;23;32.6;0;Ok;Injection;71;;;45;
1908;24;;;;;;;;;
1917;1;;;;;;;;;
1917;2;32.6;0;;Injection;84;;;45;
1917;3;;;;;;;;;
1917;4;32.6;0;;Injection;82;;;45;
1917;5;;;;;;;;;
1917;6;;;;;;;;;
1917;7;;;;;;;;;
1917;8;32.6;0;;Injection;1822;1013;;45;
1917;9;32.6;0;;Injection;60;;;45;
1917;10;32.6;0;;Injection;4;;;45;
1917;11;;;;;;;;;
1917;12;32.6;0;;Injection;73;;;45;
1917;13;;;;;;;;;
1917;14;32.6;0;;Injection;1768;1167;;45;
1917;15;;;;;;;;;
1917;16;32.6;0;;Injection;48;;;45;
1917;17;;;;;;;;;
1917;18;32.6;30;;Injection;1694;1025;;45;
1917;19;;;;;;;;;
1917;20;32.6;0.5;;Injection;1872;1281;;45;
1917;21;;;;Injection;;;;;
1917;22;32.6;0;;Injection;1553;1426;;45;
1917;23;;;;;;;;;
1917;24;32.6;20;;Injection;1475;1209;;45;
1927;1;32.6;20;Ok;Injection;1060;1295;;45;
1927;2;;;;;;;;;
1927;3;32.6;1;Ok;Injection;69;;;45;
1927;4;32.6;0;Ok;Injection;1364;1112;1498;45;
1927;5;32.6;0;Ok;Injection;1522;1043;1142;45;
1927;6;;;;;;;;;
1927;7;4;0;Skjold;Injection;;;;;
1927;8;8;0;Uvist.;Injection;;;;;
1927;9;5;0;Skjold;;;;;;
1927;10;32.6;0;Ok;Injection;320;;;45;
1927;11;32.6;0;Ok;Injection;29;;;45;
1927;12;;;;;;;;;
1927;13;;;;;;;;;
1927;14;32.6;0;Ok;Injection;3;;;45;
1927;15;32.6;0;Ok;Injection;1516;1118;414;45;
1927;16;;;;;;;;;
1927;17;32.6;0;Ok;Injection;1680;1424;2155;45;
1927;18;;;;;;;;;
1927;19;32.6;0;Ok;Injection;1618;1565;;45;
1927;20;;;;;;;;;
1927;21;32.6;1;Ok;Injection;73;;;45;
1927;22;;;;;;;;;
1927;23;32.6;4;Ok;Injection;1857;;;45;
1927;24;;;;;;;;;
1935;1;;;;;;;;;
1935;2;32.6;20;Ok;Injection;1732;1163;;45;
1935;3;32.6;4;Ok;Injection;921;;;45;
1935;4;32.6;0;Ok;Injection;1570;934;;45;
1935;5;32.6;5;Ok;Injection;88;;;45;
1935;6;3.3;0;Skjold;;;;;;
1935;7;32.6;2;Ok;Injection;317;;;45;
1935;8;32.6;0;Ok;Injection;90;;;45;
1935;9;32.6;0;Ok;Injection;1323;;;45;
1935;10;32.6;0;Ok;Injection;23;;;45;
1935;11;5;0;Ok;;;;;;
1935;12;32.6;0;Ok;Injection;372;;;45;
1935;13;;;;;;;;;
1935;14;32.6;0;;Injection;446;;;45;
1935;15;4;0;Skjold;;;;;;
1935;16;32.6;0;Ok;Injection;53;;;45;
1935;17;32.6;0;Ok;Injection;1119;;;45;
1935;18;32.6;0;Ok;Injection;89;;;45;
1935;19;32.6;0;Ok;Injection;70;;;45;
1935;20;32.6;0;Ok;Injection;80;;;45;
1935;21;32.6;0;Ok;Injection;85;;;45;
1935;22;32.6;2;Ok;Injection;50;;;45;
1935;23;;;;;;;;;
1935;24;32.6;0;Ok;Injection;710;;;45;
1943;1;5;0;Skjold;;;;;;
1943;2;32.6;2;Ok;Injection;142;;;45;
1943;3;32.6;0;Ok;Injection;62;;;45;
1943;4;27.5;0;Stang knakk;Injection;63;;;45;
1943;5;32.6;0;Ok;Injection;547;;;45;
1943;6;;;;;;;;;
1943;7;32.6;0;Ok;Injection;1627;333;;45;
1943;8;32.6;0;Ok;Injection;150;;;45;
1943;9;32.6;2;Ok;Injection;38;;;;
1943;10;32.6;0;Ok, datafeil;Injection;1578;1359;;45;
1943;11;32.6;1;Ok;Injection;1615;;;;
1943;12;;;;;;;;;
1943;13;;;;;;;;;
1943;14;32.6;0;Ok;Injection;1577;1175;;45;
1943;15;32.6;0;Ok, datafeil;Injection;128;;;45;
1943;16;32.6;5;Ok;Injection;29;;;45;
1943;17;32.6;0;Ok;Injection;41;;;45;
1943;18;32.6;3;Ok;Injection;147;;;45;
1943;19;;0;Shield;;;;;;
1943;20;32.6;1;Ok;Injection;84;;;45;
1943;21;;0;Shield;Injection;;;;;
1943;22;32.6;1;Ok, datafeil;Injection;41;;;45;
1943;23;32.6;4;Ok;Injection;544;;;45;
1943;24;32.6;2;Ok;Injection;108;;;45;
1951;1;;0;Shield;;316;;;45;
1951;2;32.6;0;Ok;Injection;362;;;45;
1951;3;32.6;0;Ok;Injection;154;;;45;
1951;4;32.6;0;Ok;Injection;;;;;
1951;5;32.6;1;Ok;Injection;283;;;45;
1951;6;32.6;0;Ok;Injection;299;;;45;
1951;7;32.6;1;Ok;Injection;251;;;45;
1951;8;;0;Shield;;;;;;
1951;9;32.6;0;Ok;Injection;32;;;45;
1951;10;32.6;0;Ok;Injection;62;;;45;
1951;11;32.6;0;Ok;Injection;134;;;45;
1951;12;;0;;;;;;;
1951;13;;0;;;;;;;
1951;14;32.6;0;Ok;Injection;42;;;45;
1951;15;32.6;0;Ok;Injection;86;;;45;
1951;16;29;0;Ok;Injection;;;;;
1951;17;32.6;0;Ok;Injection;107;;;45;
1951;18;32.6;0;Ok;Injection;67;;;45;
1951;19;32.6;0;Ok;Injection;36;;;45;
1951;20;;0;;;;;;;
1951;21;32.6;0;Ok;Injection;90;;;45;
1951;22;;0;;;;;;;
1951;23;32.6;0;Ok;Injection;60;;;45;
1951;24;32.6;0;Ok;Injection;99;;;45;
1961;1;32.6;0;Ok;Injection;266;;;45;
1961;2;32.6;0;Ok;Injection;890;;;45;
1961;3;;;;;;;;;
1961;4;32.6;0;Ok;Injection;95;;;45;
1961;5;;;;;;;;;
1961;6;32.6;0;Ok;Injection;77;;;45;
1961;7;;;;;;;;;
1961;8;32.6;0;Ok;Injection;390;;;45;
1961;9;32.6;0;Ok;Injection;445;;;45;
1961;10;32.6;0;Ok;Injection;287;;;45;
1961;11;;;Shield;;;;;;
1961;12;;0;Not possible;;;;;;
1961;13;;0;Not possible;;;;;;
1961;14;32.6;0;Ok;Injection;732;;;45;
1961;15;;;;;;;;;
1961;16;32.6;5;Ok;Injection;1644;;;45;
1961;17;;;;;;;;;
1961;18;32.6;0;Ok;Injection;320;;;45;
1961;19;;;;;;;;;
1961;20;32.6;0;Ok;Injection;120;;;45;
1961;21;;;;;;;;;
1961;22;32.6;0;Ok;Injection;424;;;45;
1961;23;;;;;;;;;
1961;24;;;;;;;;;
1971;1;4;0;Skjold;Injection;;;;;
1971;2;;;;;;;;;
1971;3;32.6;0;Ok;Injection;82;;;45;
1971;4;;;;;;;;;
1971;5;32.6;0;Ok;Injection;84;;;45;
1971;6;;;;;;;;;
1971;7;32.6;0;Ok;Injection;5;;;45;
1971;8;;;;;;;;;
1971;9;32.6;0;Ok;Injection;34;;;45;
1971;10;;;;;;;;;
1971;11;32.6;0;Ok;Injection;290;;;45;
1971;12;;;;;;;;;
1971;13;;;;;;;;;
1971;14;32.6;0;Dårlig fjell.;Injection;323;;;45;
1971;15;32.6;0;Poor condition;Injection;83;;;45;
1971;16;;;;;;;;;
1971;17;32.6;0;Ok;Injection;488;;;45;
1971;18;;;;;;;;;
1971;19;32.6;0;Ok;Injection;88;;;45;
1971;20;;;;;;;;;
1971;21;;;Shield;;;;;;
1971;22;32.6;0;Ok;Injection;67;;;45;
1971;23;32.6;0;Ok;Injection;95;;;45;
1971;24;32.6;0;Ok;Injection;87;;;45;
1981;1;;;;;;;;;
1981;2;32.6;0;Ok;Injection;225;;;45;
1981;3;;;;;;;;;
1981;4;32.6;7;Ok;Injection;1653;;;45;
1981;5;;;;;;;;;
1981;6;32.6;0;Ok;Injection;272;;;45;
1981;7;;;;;;;;;
1981;8;32.6;0;Ok;Injection;1302;;;45;
1981;9;;;;;;;;;
1981;10;32.6;0;Ok;Injection;59;;;45;
1981;11;32.6;0;Ok;Injection;180;;;45;
1981;12;;;;;;;;;
1981;13;;;;;;;;;
1981;14;4;0;Skjold;Injection;;;;;
1981;15;32.6;0;Ok;Injection;3;;;45;
1981;16;32.6;0;Sleppe 28m;Injection;60;;;45;
1981;17;;;;;;;;;
1981;18;32.6;0;Ok;Injection;80;;;45;
1981;19;;;;;;;;;
1981;20;32.6;70;Ok;Injection;1508;1330;;45;
1981;21;;;;;;;;;
1981;22;32.6;0;Ok;Injection;1520;1226;;45;
1981;23;;;;;;;;;
1981;24;32.6;0;Ok;Injection;49;;;45;
1989;1;32.6;10;Ok;Injection;645;;;45;
1989;2;;;;;;;;;
1989;3;32.6;10;Ok;Injection;1520;598;;45;
1989;4;;;;;;;;;
1989;5;30.86;0;Stop 30,86m;Injection;15;;;45;
1989;6;;;;;;;;;
1989;7;32.6;0;Ok;Injection;313;;;45;
1989;8;;;;;;;;;
1989;9;32.6;0;Ok;Injection;1580;1372;1055;45;
1989;10;;;;;;;;;
1989;11;32.6;0;Ok;Injection;317;;;45;
1989;12;;;;;;;;;
1989;13;;;;;;;;;
1989;14;32.6;0;Sleppe 19m;Injection;1215;;;45;
1989;15;32.6;0;Ok;Injection;25;;;45;
1989;16;;;;;;;;;
1989;17;32.6;0;Ok;Injection;196;;;45;
1989;18;;;;;;;;;
1989;19;32.6;0;Ok;Injection;831;;;45;Packer loosened, replaced new
1989;20;;;;;;;;;
1989;21;32.6;0;Ok;Injection;64;;;45;
1989;22;;;;;;;;;
1989;23;32.6;0;Ok;Injection;85;;;45;
1989;24;;;;;;;;;
2000;1;;;;;;;;;
2000;2;40;0;Ok;Injection;879;;;45;
2000;3;;;;;;;;;
2000;4;40;25;Ok;Injection;1148;;;45;
2000;5;;;;;;;;;
2000;6;40;5;Ok;Injection;1501;106;;45;
2000;7;;;;;;;;;
2000;8;40;0;Ok;Injection;183;;;45;
2000;9;;;;;;;;;
2000;10;40;0;Ok;Injection;302;;;45;
2000;11;40;0;Ok;Injection;876;;;45;
2000;12;;;;;;;;;
2000;13;;;;;;;;;
2000;14;40;0;Ok;Injection;12;;;45;
2000;15;;;;;;;;;
2000;16;40;0;Ok;Injection;160;;;45;
2000;17;;;;;;;;;
2000;18;40;0;Ok;Injection;88;;;45;
2000;19;;;;;;;;;
2000;20;40;0;Ok;Injection;1520;111;;45;
2000;21;;;;;;;;;
2000;22;40;0;Ok;Injection;128;;;45;
2000;23;;;;;;;;;
2000;24;40;0;Ok;Injection;113;;;45;
2014;1;37.7;30;Ok;Injection;1506;481;;45;
2014;2;;;;;;;;;
2014;3;40;6;Ok;Injection;1498;;;45;
2014;4;;;;;;;;;
2014;5;40;8;Ok;Injection;1537;1344;106;45;
2014;6;;;;;;;;;
2014;7;40;0;Ok;Injection;994;;;45;
2014;8;;;;;;;;;
2014;9;40;0;Ok;;1556;1236;452;45;
2014;10;;;;;;;;;
2014;11;40;0;Ok;Injection;1537;451;;45;
2014;12;;;;;;;;;
2014;13;;;;;;;;;
2014;14;40;0;Ok;Injection;1512;132;;45;
2014;15;40;0;Ok;Injection;1541;757;;45;
2014;16;;;;;;;;;
2014;17;40;0;Ok;Injection;1508;850;;45;
2014;18;;;;;;;;;
2014;19;40;0;Ok;Injection;1263;;;45;
2014;20;;;;;;;;;
2014;21;40;0;Ok;Injection;101;;;45;
2014;22;;;;;;;;;
2014;23;40;40;Ok;Injection;1510;1115;;45;
2014;24;;;;;;;;;
2028;1;;;;;121;;;45;
2028;2;40;1;Ok;Injection;;;;;
2028;3;;;;;;;;;
2028;4;40;0;Ok;Injection;101;;;45;
2028;5;;;;;;;;;
2028;6;40;0;Ok;Injection;112;;;45;
2028;7;;;;;;;;;
2028;8;40;0;Ok;Injection;400;;;45;
2028;9;;;;;;;;;
2028;10;40;0;Ok;Injection;492;;;45;
2028;11;40;0;Ok;Injection;1523;102;;45;
2028;12;;;;;;;;;
2028;13;;;;;;;;;
2028;14;40;0;Ok;Injection;882;;;45;
2028;15;;;;;;;;;
2028;16;40;2;Ok;Injection;187;;;45;
2028;17;;;;;;;;;
2028;18;40;0;Ok;Injection;259;;;45;
2028;19;;;;;;;;;
2028;20;40;8;Ok;Injection;785;;;45;
2028;21;;;;;;;;;
2028;22;40;4;Ok;Injection;65;;;45;
2028;23;;;;;;;;;
2028;24;40;0;Ok;Injection;100;;;45;
2042;1;40;0;Ok;Injection;105;;;50;
2042;2;;;;;;;;;
2042;3;40;0;Ok;Injection;108;;;50;
2042;4;;;;;;;;;
2042;5;36.2;0;Traff dårlig sone 35;Injection;43;;;50;
2042;6;;;;;73;;;50;
2042;7;40;0;Ok;Injection;2012;581;;50;
2042;8;;;;;;;;;
2042;9;40;1;Ok tell feil ei stan;Injection;2016;1224;253;50;
2042;10;;;;;;;;;
2042;11;40;0;Dårlig Annsett;Injection;2057;1215;;50;
2042;12;;;;;;;;;
2042;13;;;;;;;;;
2042;14;6;0;Matte gi opp;Injection;;;;;
2042;15;40;0;Dårlig til 10m knekt;Injection;446;;;50;
2042;16;40;0;Ok;Injection;2106;1164;;50;
2042;17;40;1;Ok;Injection;2023;1277;341;50;
2042;18;;;;;;;;;
2042;19;40;2;Ok;Injection;1009;;;50;
2042;20;;;;;;;;;
2042;21;40;0;Ok;Injection;101;;;50;
2042;22;;;;;;;;;
2042;23;40;1;Ok;Injection;139;;;50;
2042;24;;;;;;;;;
2056;1;;;;;;;;;
2056;2;40;0;Ok;Injection;1141;;;50;
2056;3;;;;;;;;;
2056;4;40;1;Ok;Injection;2118;290;;;
2056;5;;;;;;;;;
2056;6;40;0;Ok;Injection;79;;;50;
2056;7;;;;;;;;;
2056;8;40;0;Ok;Injection;2007;1504;;50;
2056;9;;;;;;;;;
2056;10;40;0;Ok;Injection;26;;;50;
2056;11;;;;;;;;;
2056;12;;;;;;;;;
2056;13;;;;;;;;;
2056;14;40;0;Ok;Injection;2045;1508;;50;
2056;15;40;0;Ok;Injection;2064;1509;;50;
2056;16;40;0;Ok;Injection;2048;1540;;50;
2056;17;;;;;;;;;
2056;18;40;0;Ok;Injection;2054;1570;;50;
2056;19;;;;;;;;;
2056;20;40;2;Ok;Injection;4;;;50;
2056;21;;;;;;;;;
2056;22;40;1;Ok;Injection;26;;;50;
2056;23;;;;;;;;;
2056;24;40;0;Ok;Injection;1600;;;50;
2070;1;40;0;Ok;Injection;157;;;50;
2070;2;;;;;;;;;
2070;3;40;3;Ok;Injection;;;;;
2070;4;;;;;;;;;
2070;5;40;0;Ok;Injection;109;;;50;
2070;6;;;;;;;;;
2070;7;40;1;Ok;Injection;2035;1604;;50;
2070;8;;;;;;;;;
2070;9;40;0;Ok;Injection;40;;;50;
2070;10;;;;;;;;;
2070;11;40;0;Ok;Injection;2018;1711;;50;
2070;12;;;;;;;;;
2070;13;40;0;Ok;Injection;2010;1529;;50;
2070;14;;;;;;;;;
2070;15;40;0;Ok;Injection;2135;1447;;50;
2070;16;;;;;;;;;
2070;17;40;0;Ok;Injection;1220;;;50;
2070;18;;;;;;;;;
2070;19;40;1;Ok;Injection;120;;;50;
2070;20;;;;;;;;;
2070;21;40;4;Ok;Injection;190;;;50;
2070;22;;;;;;;;;
2070;23;40;0;Ok;Injection;109;;;50;
2070;24;;;;;;;;;
2084;1;;;;;;;;;
2084;2;40;0;Ok;Injection;53;;;50;
2084;3;;;;;;;;;
2084;4;40;2;Ok;Injection;561;;;50;
2084;5;;;;;;;;;
2084;6;40;0;Ok strøm brudd;Injection;120;;;50;
2084;7;;;;;;;;;
2084;8;40;1;Ok;Injection;748;;;50;
2084;9;;;;;;;;;
2084;10;40;0;Ok;Injection;2049;1677;;50;
2084;11;;;;;;;;;
2084;12;40;0;Ok  strømbrudd;Injection;1578;;;50;
2084;13;;;;;;;;;
2084;14;40;0;Ok;Injection;32;;;50;
2084;15;;;;;;;;;
2084;16;40;0;Ok;Injection;2261;1740;;50;
2084;17;;;;;;;;;
2084;18;40;2;Ok strømbrudd;Injection;142;;;50;
2084;19;;;;;;;;;
2084;20;40;1;Ok;Injection;2248;569;;50;
2084;21;;;;;;;;;
2084;22;40;0;Ok;Injection;142;;;50;
2084;23;;;;;;;;;
2084;24;40;1;Ok;Injection;549;;;50;
2098;1;40;6;Ok;Injection;744;;;50;
2098;2;;;;;;;;;
2098;3;40;1;Ok;Injection;106;;;50;
2098;4;;;;;;;;;
2098;5;40;2;Ok;Injection;1136;;;50;
2098;6;;;;;;;;;
2098;7;40;0;ok;Injection;493;;;50;
2098;8;;;;;;;;;
2098;9;40;0;ok;Injection;352;;;50;
2098;10;40;0;Ok;Injection;551;;;50;
2098;11;2;0;Gikk I skjold;;;;;;
2098;12;;;;;;;;;
2098;13;40;0;Ok;Injection;994;;;50;
2098;14;;;;;;;;;
2098;15;40;0;ok;Injection;1225;;;50;
2098;16;;;;;;;;;
2098;17;40;0;Ok;Injection;150;;;50;
2098;18;;;;;;;;;
2098;19;40;0;Ok;Injection;344;;;50;
2098;20;;;;;;;;;
2098;21;40;0;Ok;Injection;952;;;50;
2098;22;;;;;;;;;
2098;23;40;1;Ok;Injection;996;;;50;
2098;24;;;;;;;;;
2111;1;;;;;;;;;
2111;2;40;0;Ok;Injection;;;;;
2111;3;;;;;;;;;
2111;4;40;0;Ok;Injection;;;;;
2111;5;;;;;;;;;
2111;6;40;0;Ok;Injection;;;;;
2111;7;;;;;;;;;
2111;8;40;0;Ok;Injection;;;;;
2111;9;;;;;;;;;
2111;10;40;0;Ok;Injection;;;;;
2111;11;;;;;;;;;
2111;12;40;0;Ok;Injection;;;;;
2111;13;;;;;;;;;
2111;14;40;0;Ok;Injection;;;;;
2111;15;;;;;;;;;
2111;16;40;0;Ok;Injection;;;;;
2111;17;;;;;;;;;
2111;18;40;1;Ok;Injection;;;;;
2111;19;;;;;;;;;
2111;20;40;0;Ok;Injection;;;;;
2111;21;;;;;;;;;
2111;22;40;0;Ok;Injection;;;;;
2111;23;;;;;;;;;
2111;24;40;0;Ok;Injection;;;;;
2112;1;;;;;;;;;
2112;2;40;0;Ok;Injection;441;;;50;
2112;3;;;;;;;;;
2112;4;40;0;Ok;Injection;107;;;50;
2112;5;;;;;;;;;
2112;6;40;0;Ok;Injection;85;;;50;
2112;7;;;;;;;;;
2112;8;40;0;Ok;Injection;85;;;50;
2112;9;;;;;;;;;
2112;10;40;0;Ok;Injection;711;;;50;
2112;11;;;;;;;;;
2112;12;40;0;Ok;Injection;267;;;50;
2112;13;;;;;;;;;
2112;14;40;0;Ok;Injection;464;;;50;
2112;15;;;;;;;;;
2112;16;40;0;Ok;Injection;232;;;50;
2112;17;;;;;;;;;
2112;18;40;1;Ok;Injection;2015;284;;50;
2112;19;;;;;;;;;
2112;20;40;0;Ok;Injection;2033;613;;50;
2112;21;;;;;;;;;
2112;22;40;0;Ok;Injection;214;;;50;
2112;23;;;;;;;;;
2112;24;40;0;Ok;Injection;232;;;50;
2126;1;40;8;Ok;Injection;143;;;50;
2126;2;;;;;;;;;
2126;3;40;2;Feil paa matertilt;Injection;113;;;50;
2126;4;40;0;Ok;Injection;107;;;50;
2126;5;2;0;Skjold;;;;;;
2126;6;;;;;;;;;
2126;7;40;0;Sleppe 39m;Injection;94;;;50;
2126;8;;;;;;;;;
2126;9;40;0;Sleppe 39m;Injection;51;;;50;
2126;10;;;;;;;;;
2126;11;40;0;Sleppe 38m;Injection;18;;;50;
2126;12;;;;;;;;;
2126;13;40;0;Ok;Injection;10;;;50;
2126;14;;;;;;;;;
2126;15;40;0;Ok;Injection;50;;;50;
2126;16;;;;;;;;;
2126;17;40;0;Ok;Injection;100;;;50;
2126;18;;;;;;;;;
2126;19;40;0;Ok;Injection;75;;;50;
2126;20;;;;;;;;;
2126;21;40;0;Ok;Injection;120;;;50;
2126;22;;;;;;;;;
2126;23;40;0;Ok;Injection;141;;;50;
2126;24;;;;;;;;;
2140;1;;;;;;;;;
2140;2;40;0;Ok;Injection;56;;;50;
2140;3;;;;;;;;;
2140;4;40;0;Ok;Injection;93;;;50;
2140;5;;;;;;;;;
2140;6;40;0;Ok;Injection;48;;;50;
2140;7;;;;;;;;;
2140;8;;;;;;;;;
2140;9;40;0;;Injection;136;;;50;
2140;10;40;0;Ok;Injection;532;;;50;
2140;11;40;0;Ok;Injection;856;;;50;
2140;12;;0;Not possible;;;;;;
2140;13;;0;Not possible;;;;;;
2140;14;40;0;Ok;Injection;259;;;50;
2140;15;;;;;;;;;
2140;16;40;0;Ok;Injection;134;;;50;
2140;17;;;;;;;;;
2140;18;40;0;Ok;Injection;94;;;50;
2140;19;;;;;;;;;
2140;20;40;0;Ok;Injection;110;;;50;
2140;21;;;;;;;;;
2140;22;40;0;Ok;Injection;108;;;50;
2140;23;;;;;;;;;
2140;24;40;0;Ok;Injection;96;;;50;
2154;1;40;0;Ok;Injection;99;;;55;
2154;2;;;;;;;;;
2154;3;40;0;Ok;Injection;1059;;;50;
2154;4;;;;;;;;;
2154;5;40;0;Ok;Injection;102;;;50;
2154;6;;;;;;;;;
2154;7;30;0;Ok, stop 30m;Injection;111;;;50;
2154;8;;;;;;;;;
2154;9;40;0;Ok;Injection;57;;;50;
2154;10;;;;;;;;;
2154;11;40;0;Ok, Weakzone 30m;Injection;108;;;50;
2154;12;;;;;;;;;
2154;13;40;0;Ok, hard to place pa;Injection;96;;;50;
2154;14;;;;;;;;;
2154;15;40;0;Ok;Injection;308;;;50;
2154;16;;;;;;;;;
2154;17;40;0;Ok;Injection;488;;;50;
2154;18;;;;;;;;;
2154;19;40;0;Ok;Injection;692;;;50;
2154;20;;;;;;;;;
2154;21;40;0;Ok;Injection;896;;;50;
2154;22;;;;;;;;;
2154;23;40;0;Ok;Injection;107;;;50;
2154;24;;;;;;;;;
2168;1;40;0;Ok;Injection;103;;;50;
2168;2;;;;;;;;;
2168;3;40;0;Ok;Injection;99;;;50;
2168;4;40;0;Ok;Injection;108;;;55;
2168;5;5;0;Skjold;;;;;;
2168;6;;;;;;;;;
2168;7;40;0;Ok;Injection;96;;;51;
2168;8;;;;;;;;;
2168;9;;;;;;;;;
2168;10;40;0;Ok;Injection;1621;;;0;Leak in shield
2168;11;25;0;Knekt stang;Injection;39;;;50;
2168;12;;;;;;;;;
2168;13;40;0;Ok;Injection;2065;391;;50;
2168;14;;;;;;;;;
2168;15;4;0;Skjold;;;;;;
2168;16;40;0;Ok;Injection;2082;684;;50;
2168;17;40;0;Ok;Injection;89;;;57;
2168;18;;;;;;;;;
2168;19;40;0;Datafeil.;Injection;81;;;50;
2168;20;;;;;;;;;
2168;21;40;0;Ok;Injection;333;;;50;
2168;22;;;;;;;;;
2168;23;40;0;Ok;Injection;114;;;56;
2168;24;;;;;;;;;
2182;1;;;;;;;;;
2182;2;40;0;Ok;Injection;84;;;50;
2182;3;;;;;;;;;
2182;4;;;;;;;;;
2182;5;40;0;Datafeil;Injection;13;;;50;
2182;6;40;0;Ok;Injection;103;;;50;
2182;7;40;0;Ok;Injection;52;;;50;
2182;8;;;Skjold;;;;;;
2182;9;;;;;;;;;
2182;10;40;0;Ok;Injection;7;;;50;
2182;11;;;;;;;;;
2182;12;40;0;Ok;Injection;6;;;50;
2182;13;;;;;;;;;
2182;14;40;0;Datafeil;Injection;26;;;50;
2182;15;;;;;;;;;
2182;16;40;0;Ok;Injection;976;;;50;
2182;17;;;;;;;;;
2182;18;40;0;Ok;Injection;2005;;;50;
2182;19;;;;;;;;;
2182;20;40;0;Ok;Injection;1243;;;50;
2182;21;;;;;;;;;
2182;22;40;0;Ok;Injection;108;;;50;
2182;23;;;;;;;;;
2182;24;40;0;Ok;Injection;105;;;50;
2196;1;40;0;Ok;Injection;105;;;50;
2196;2;;;;;;;;;
2196;3;40;0;Ok;Injection;990;;;50;
2196;4;;;;;;;;;
2196;5;40;0;Ok;Injection;107;;;50;
2196;6;;;;;;;;;
2196;7;40;0;Ok;Injection;12;;;50;
2196;8;;;;;;;;;
2196;9;40;0;Ok;Injection;67;;;50;
2196;10;40;0;Ok;Injection;5;;;50;
2196;11;40;0;Ok;Injection;2268;1425;;55;
2196;12;;;;;;;;;
2196;13;;0;Shield;;;;;;
2196;14;;0;Shield;;;;;;
2196;15;40;0;Ok;Injection;36;;;50;
2196;16;;;;;;;;;
2196;17;40;0;Ok;Injection;2101;600;;50;
2196;18;;;;;;;;;
2196;19;40;0;Ok;Injection;2155;1270;199;54;
2196;20;;;;;;;;;
2196;21;40;0;Ok;Injection;86;;;50;
2196;22;;;;;;;;;
2196;23;40;0;Ok;Injection;954;;;50;
2196;24;;;;;;;;;
2210;1;;;;;;;;;
2210;2;40;2;Ok;Injection;2026;1029;942;50;
2210;3;;;;;;;;;
2210;4;40;0;Ok;Injection;2012;25;;50;
2210;5;;;;;;;;;
2210;6;;0;Shield;;;;;;
2210;7;40;30;Ok;Injection;2034;1067;1055;50;
2210;8;40;3;Ok;Injection;2006;1040;;50;
2210;9;;;;;;;;;
2210;10;40;0;Computer fault;Injection;109;;;50;
2210;11;40;0;Ok;Injection;1081;;;0;Exit shield
2210;12;5.3;0;Shield;;;;;;
2210;13;;;;;;;;;
2210;14;40;0;Ok;Injection;123;;;50;
2210;15;;;;;;;;;
2210;16;40;0;Ok;Injection;2050;994;1067;50;
2210;17;;;;;;;;;
2210;18;40;1;Ok;Injection;73;;;50;
2210;19;;;;;;;;;
2210;20;40;200;Ok;Injection;2031;1070;271;50;
2210;21;;;;;;;;;
2210;22;25.77;15;Stop 25m;Injection;2017;770;;50;
2210;23;;;;;;;;;
2210;24;37.51;7;Bad 25-37m stop 37m;Injection;2024;1021;707;50;
2214;1;40;2;Ok;Injection;700;;;50;
2214;2;;;;;;;;;
2214;3;40;0;Ok;Injection;2052;;;50;
2214;4;;;;;;;;;
2214;5;40;0;Ok.;Injection;96;;;50;
2214;6;40;2;Ok;Injection;2118;;;50;
2214;7;;;;;;;;;
2214;8;;;;;;;;;
2214;9;40;0;Ok;Injection;1866;;;50;
2214;10;;;;;;;;;
2214;11;40;0;Ok;Injection;1880;;;57;
2214;12;;;;;;;;;
2214;13;40;0;Ok;Injection;944;;;50;
2214;14;;;;;;;;;
2214;15;40;0;Ok;Injection;299;;;50;
2214;16;;;;;;;;;
2214;17;40;0.5;Ok;Injection;435;;;0;Exit cutterhead
2214;18;;;;;;;;;
2214;19;40;0;Ok;Injection;1751;;;50;
2214;20;;;;;;;;;
2214;21;40;0.5;Ok;Injection;1091;;;50;
2214;22;;;;;;;;;
2214;23;40;2;Ok;Injection;824;;;55;
2214;24;;;;;;;;;
2228;1;;;;;;;;;
2228;2;40;0.5;Ok;Injection;2020;1156;;25;Packer loosened, continue pumping reduce pressure,not possible replace new(placed 1 behind)
2228;3;;;;;;;;;
2228;4;40;0.5;Ok;Injection;1953;1214;3278;38;Avsluttet I samråd med BH
2228;5;;;;;;;;;
2228;6;40;0;Ok;Injection;2123;803;;52;
2228;7;;;;;;;;;
2228;8;40;2;Ok;Injection;1626;;;50;
2228;9;;;;;;;;;
2228;10;40;0;Ok;Injection;2007;1209;;50;
2228;11;;;;;;;;;
2228;12;40;0;Ok;Injection;2014;1221;;50;
2228;13;;;;;;;;;
2228;14;;0;Shield;;;;;;
2228;15;40;5;Ok;Injection;2029;1202;;50;
2228;16;40;7;Ok;Injection;2027;1172;;50;
2228;17;;;;;;;;;
2228;18;40;4;Ok;Injection;2030;1462;;50;
2228;19;;;;;;;;;
2228;20;40;30;Ok;Injection;2009;1132;1302;50;
2228;21;;;;;;;;;
2228;22;30;10;Sleppe 27m;Injection;2037;1217;2081;50;
2228;23;;;;;;;;;
2228;24;40;10;Fractured. Ok;Injection;2097;1211;1779;20;Low pressure,Started 0,6 I samråd med BH. Avsluttet I samråd med BH
2242;1;40;0.5;Ok;Injection;2012;429;;50;
2242;2;;;;;;;;;
2242;3;40;5;Ok;Injection;1747;;;50;
2242;4;40;0;Ok;Injection;165;;;45;
2242;5;;0;Shield;;;;;;
2242;6;;0;Shield;;;;;;
2242;7;40;0;Ok. Weak zone 28m;Injection;1646;25;;40;Exit CH
2242;8;;;;;;;;;
2242;9;40;0;Ok;Injection;1976;1234;2199;40;Exit CH
2242;10;;;;;;;;;
2242;11;40;0;Ok;Injection;2022;953;;0;Packer loosened, replaced new, direct exit behind packer.
2242;12;;;;;;;;;
2242;13;40;0;Ok;Injection;2029;1233;;7;Contact 11,exit 11.
2242;14;;;;;;;;;
2242;15;40;0;Ok, weak zone 30m;Injection;1996;1221;462;50;
2242;16;;;;;;;;;
2242;17;40;0;Ok;Injection;2042;1139;;20;Exit CH, direct exit
2242;18;;;;;;;;;
2242;19;40;2;Ok;Injection;1211;63;;36;Exit CH
2242;20;;;;;;;;;
2242;21;40;0;Ok;Injection;107;;;45;
2242;22;;;;;;;;;
2242;23;40;0.5;Ok;Injection;1573;1211;574;50;
2242;24;;;;;;;;;
2256;1;;;;;;;;;
2256;2;40;6;Ok;Injection;1031;;;0;Packer loosened,  could not replace it, old packer stuck
2256;3;;;;;;;;;
2256;4;40;2;Ok;Injection;2015;1217;;50;
2256;5;;;;;;;;;
2256;6;3;0;Shield;Injection;;;;;
2256;7;40;0;Ok;Injection;2024;1229;;50;
2256;8;40;0;Ok;Injection;1102;;;50;
2256;9;;;;;;;;;
2256;10;40;0;Ok;Injection;2007;1211;300;50;
2256;11;;;;;;;;;
2256;12;40;0;Ok;Injection;2013;420;;50;
2256;13;;;;;;;;;
2256;14;40;0;Ok;Injection;2026;1236;;50;
2256;15;;;;;;;;;
2256;16;40;0;Ok;Injection;2055;58;;50;
2256;17;;;;;;;;;
2256;18;40;0.5;Ok;Injection;996;;;50;
2256;19;;;;;;;;;
2256;20;40;0;Ok;Injection;2068;982;;50;
2256;21;;;;;;;;;
2256;22;40;7;Ok;Injection;2009;1229;;50;
2256;23;;;;;;;;;
2256;24;40;15;Ok;Injection;601;;;50;
2264;1;40;8;Ok;Injection;946;;;50;Screen 2
2264;2;40;6;Ok;Injection;2007;857;;50;Screen 2
2264;3;40;0;Ok;Injection;2015;1205;;50;Screen 2
2264;4;40;8;Ok;Injection;2016;1242;;50;Screen 2
2264;5;40;150;Ok;Injection;2023;1262;;50;Screen 1
2264;6;40;0;Ok;Injection;529;;;50;Screen 2
2264;7;40;0;Ok;Injection;2015;115;;50;Screen 2
2264;8;40;0;Ok;Injection;1034;;;50;Screen 2
2264;9;40;0;Ok;Injection;2018;1238;743;50;Screen 1
2264;10;40;0;Ok;Injection;495;;;50;Screen 2
2264;11;40;0;Ok;Injection;511;;;50;Screen 2
2264;12;40;0;Ok;Injection;2061;725;;50;Screen 1
2264;13;40;0;Ok;Injection;833;;;50;Screen 1
2264;14;;;;;;;;;
2264;15;40;0;Ok;Injection;176;;;50;Screen 2
2264;16;;;;;;;;;
2264;17;40;0;Ok;Injection;2031;885;;50;Screen 1
2264;18;;;;;;;;;
2264;19;40;0;Ok;Injection;105;;;50;Screen 2
2264;20;;;;;;;;;
2264;21;40;0;Ok;Injection;2058;1209;;50;Screen 2
2264;22;;;;;;;;;
2264;23;40;0;Ok;Injection;129;;;50;Screen 2
2264;24;40;0;Ok;Injection;983;;;50;Screen 2
2274;1;40;12;Ok;Injection;1340;;;50;
2274;2;40;4;Ok;Injection;99;;;50;
2274;3;40;0;Ok;Injection;245;;;50;
2274;4;40;1;Ok;Injection;208;;;50;
2274;5;40;4;Ok;Injection;1272;;;50;
2274;6;40;1;Ok;Injection;2141;194;;50;
2274;7;40;0;Ok;Injection;2019;1241;1586;50;
2274;8;40;0;Ok;Injection;1558;;;50;
2274;9;40;0;Ok;Injection;156;;;50;
2274;10;40;0;Ok;Injection;2042;682;;50;
2274;11;;;;;;;;;
2274;12;40;0;40m tellefeil.;Injection;2002;619;;50;
2274;13;;;;;;;;;
2274;14;40;0;Ok;Injection;2031;1204;;50;
2274;15;;;;;;;;;
2274;16;40;0;Ok;Injection;2003;1212;;50;
2274;17;;;;;;;;;
2274;18;40;0;Ok;Injection;2001;315;;50;
2274;19;;;;;;;;;
2274;20;40;3;Ok;Injection;1945;;;50;
2274;21;40;15;Ok;Injection;2017;1235;;50;
2274;22;40;15;Ok;Injection;2041;1292;;50;
2274;23;40;15;Ok;Injection;2129;1191;;50;
2274;24;40;1;Ok;Injection;1509;;;50;
2284;1;40;1;Ok;Injection;118;;;50;
2284;2;40;0;Ok;Injection;1115;;;50;
2284;3;40;0;Ok;Injection;122;;;50;
2284;4;40;0;Ok;Injection;122;;;50;
2284;5;40;0;Ok;Injection;110;;;50;
2284;6;40;0;Ok;Injection;161;;;50;
2284;7;40;2;Ok;Injection;125;;;50;
2284;8;;;;;;;;;
2284;9;40;0;Ok;Injection;117;;;50;
2284;10;;;;;;;;;
2284;11;40;0;Ok;Injection;1678;;;50;
2284;12;;;;;;;;;
2284;13;40;2;Ok;Injection;1109;1269;;50;
2284;14;;;;;;;;;
2284;15;37.2;1;Stop, 37,2m;Injection;2107;444;;50;
2284;16;;;;;;;;;
2284;17;40;1;Ok;Injection;945;;;50;
2284;18;;;;;;;;;
2284;19;40;4;Ok;Injection;491;;;50;
2284;20;40;2;Ok;Injection;104;;;50;
2284;21;40;1;Sleppe 20m;Injection;121;;;50;
2284;22;40;2;Ok;Injection;169;;;50;
2284;23;40;1;Ok;Injection;102;;;50;
2284;24;40;1;Ok;Injection;215;;;50;
2298;1;;;;;;;;;
2298;2;40;0;Ok;Injection;114;;;50;
2298;3;;;;;;;;;
2298;4;40;0;Ok;Injection;95;;;50;
2298;5;;;;;;;;;
2298;6;40;3;Ok;Injection;692;;;50;
2298;7;;;;;;;;;
2298;8;40;1;Ok;Injection;192;;;50;
2298;9;;;;;;;;;
2298;10;40;0;Ok;Injection;2001;202;;50;
2298;11;40;0;Ok;Injection;2014;706;;50;
2298;12;;;;;;;;;
2298;13;;;;;;;;;
2298;14;40;0;Dårlig ansett;Injection;621;;;50;
2298;15;;;;;;;;;
2298;16;40;0;Ok;Injection;1318;;;50;
2298;17;;;;;;;;;
2298;18;33;1;OK, avsluttet sleppe;Injection;46;;;0;Exit shield
2298;19;;;;;;;;;
2298;20;23;0;OK, avsluttet sleppe;Injection;1552;;;3;Exit cutterhead
2298;21;;;;;;;;;
2298;22;40;1;Ok;Injection;109;;;50;
2298;23;;;;;;;;;
2298;24;40;0;Ok;Injection;105;;;50;
2304;1;40;0;Ok;Injection;105;;;50;
2304;2;;;;;;;;;
2304;3;40;0;Ok;Injection;100;;;50;
2304;4;;;;;;;;;
2304;5;40;0;Ok;Injection;169;;;50;
2304;6;;;;;;;;;
2304;7;;;;;648;;;50;
2304;8;;;;;;;;;
2304;9;40;0;Ok;Injection;1148;;;50;
2304;10;;;;;;;;;
2304;11;40;0;Ok;Injection;124;;;50;
2304;12;;;;;;;;;
2304;13;40;0;Ok;Injection;366;;;50;
2304;14;;;;;;;;;
2304;15;40;1;Ok;Injection;550;;;50;
2304;16;;;;;;;;;
2304;17;40;0;Ok;Injection;75;;;55;
2304;18;;;;;;;;;
2304;19;40;0;Ok;Injection;103;;;50;
2304;20;;;;;;;;;
2304;21;40;1;Sleppe 21m;Injection;236;;;50;
2304;22;;;;;;;;;
2304;23;40;1;Ok;Injection;158;;;50;
2304;24;;;;;;;;;
2318;1;;;;;;;;;
2318;2;40;3;Ok;Injection;185;;;50;
2318;3;;;;;;;;;
2318;4;40;1;Ok;Injection;487;;;50;
2318;5;;;;;;;;;
2318;6;40;0;Ok;Injection;103;;;50;
2318;7;;;;;;;;;
2318;8;40;0;Ok;Injection;376;;;50;
2318;9;;;;;;;;;
2318;10;40;0;Ok;Injection;1700;;;50;
2318;11;;;;;;;;;
2318;12;40;0;Ok;Injection;;;;;
2318;13;;;;;;;;;
2318;14;40;0;Ok;Injection;1682;;;50;
2318;15;;;;;;;;;
2318;16;40;0;Ok;Injection;2037;1102;;50;
2318;17;;;;;;;;;
2318;18;40;1;Ok;Injection;69;;;50;
2318;19;;;;;;;;;
2318;20;40;0;Ok;Injection;87;;;50;
2318;21;;;;;;;;;
2318;22;40;0;Ok;Injection;104;;;50;
2318;23;;;;;;;;;
2318;24;40;0;Ok sleppe 20m;Injection;542;;;50;
2332;1;40;0;Ok;Injection;8;;;50;
2332;2;;;;;;;;;
2332;3;40;1;Ok;Injection;14;;;50;
2332;4;;;;;;;;;
2332;5;40;0;Ok;Injection;111;;;50;
2332;6;;;;;;;;;
2332;7;40;0;Ok;Injection;113;;;50;
2332;8;;;;;;;;;
2332;9;40;0;Ok;Injection;2036;1346;;50;
2332;10;;;;;;;;;
2332;11;33.5;0;Bort I sleppe;Injection;2036;1431;;50;
2332;12;;;;;;;;;
2332;13;40;0;Ok;Injection;2293;1574;;50;
2332;14;;;;;;;;;
2332;15;40;0;Ok;Injection;2264;1462;;50;
2332;16;;;;;;;;;
2332;17;40;0;Ok;Injection;66;;;50;
2332;18;;;;;;;;;
2332;19;40;1;Ok;Injection;90;;;50;
2332;20;;;;;;;;;
2332;21;40;2;Ok;Injection;448;;;50;
2332;22;;;;;;;;;
2332;23;40;4;Ok;Injection;154;;;50;
2332;24;;;;;;;;;
2341;1;;;0;;;;;;
2341;2;;;;;;;;;
2341;3;;;;;;;;;
2341;4;;;;;;;;;
2341;5;;;;;;;;;
2341;6;;;;;;;;;
2341;7;;;;;;;;;
2341;8;;;;;;;;;
2341;9;;;;;;;;;
2341;10;;;;;;;;;
2341;11;;;;;;;;;
2341;12;;;;;;;;;
2341;13;;;;;;;;;
2341;14;;;;;;;;;
2341;15;;;;;;;;;
2341;16;;;;;;;;;
2341;17;;;;;;;;;
2341;18;;;;;;;;;
2341;19;;;;;;;;;
2341;20;;;;;;;;;
2341;21;;;;;;;;;
2341;22;;;;;;;;;
2341;23;;;;;;;;;
2341;24;;;;;;;;;
2346;1;;;;;;;;;
2346;2;;;;;;;;;
2346;3;40;0;;Injection;77;;;50;
2346;4;40;0;;Injection;141;;;50;
2346;5;40;0;;Injection;347;;;50;
2346;6;;;;;;;;;
2346;7;;;;;;;;;
2346;8;40;0;;Injection;2246;1506;2010;;
2346;9;40;0;;Injection;2128;1507;2170;50;
2346;10;;;;;;;;;
2346;11;40;0;;Injection;2071;1532;803;;Hull kan se rart ut på loggen
2346;12;;;;;;;;;
2346;13;;;;;;;;;
2346;14;40;0;;Injection;213;;;50;
2346;15;;;;;;;;;
2346;16;40;0;Ok;Injection;2260;1526;;50;
2346;17;;;;;;;;;
2346;18;40;0;Tellefeil matte ut k;Injection;29;;;50;
2346;19;;;;;;;;;
2346;20;40;0;;Injection;50;;;50;
2346;21;;;;;;;;;
2346;22;40;2;;Injection;72;;;50;
2346;23;;;;;;;;;
2346;24;40;0;;Injection;33;;;50;
2360;1;40;0;;Injection;;80;;50;
2360;2;;;;;;;;;
2360;3;40;0;;Injection;;68;;50;
2360;4;40;0;;Injection;97;;;50;
2360;5;;;;;;;;;
2360;6;;;;Injection;;;;;
2360;7;;;;;84;;;50;
2360;8;40;0;;Injection;;;;;
2360;9;40;0;;Injection;339;72;;50;
2360;10;;;;;;;;;
2360;11;40;0;;Injection;1287;;;50;
2360;12;;;;;;;;;
2360;13;40;0;;Injection;1787;399;;50;
2360;14;;;;;;;;;
2360;15;40;0;;Injection;1558;;;50;
2360;16;;;;Injection;;;;;
2360;17;40;0;;Injection;2044;642;;50;
2360;18;;;;;;;;;
2360;19;40;0;;Injection;251;;;50;
2360;20;;;;;;;;;
2360;21;40;4;;Injection;;186;;50;
2360;22;;;;;;;;;
2360;23;40;0;;Injection;;86;;50;
2360;24;;;;;;;;;
2373;1;;;;;;;;;
2373;2;40;0;Ok;Injection;467;;;50;
2373;3;;;;;;;;;
2373;4;40;0;Ok;Injection;1239;;;50;
2373;5;;;;;;;;;
2373;6;;;;;;;;;
2373;7;40;0;Ok;Injection;1140;;;50;
2373;8;40;0;Ok;Injection;432;;;50;
2373;9;;;;;;;;;
2373;10;40;0;Ok;Injection;1963;1112;452;50;
2373;11;;;;;;;;;
2373;12;40;0;Ok;Injection;2014;1168;279;48;
2373;13;;;;;;;;;
2373;14;40;0;Ok;Injection;702;;;50;
2373;15;;;;;;;;;
2373;16;40;0;Ok;Injection;2068;1204;;50;
2373;17;;;;;;;;;
2373;18;40;0;Ok;Injection;1493;;;50;
2373;19;;;;;;;;;
2373;20;40;5;Ok;Injection;1841;845;;10;Exit shield
2373;21;;;;;;;;;
2373;22;35;15;Ok, stop 35m;Injection;1456;;;50;
2373;23;;;;;;;;;
2373;24;40;35;Ok;Injection;800;;;49;
2387;1;33;30;Fractured, stop 33m;Injection;1996;1241;725;45;45 bar avtalt med byggherren
2387;2;;;;;;;;;
2387;3;;0;Shield;;;;;;
2387;4;40;5;Ok;Injection;1941;1142;1382;50;
2387;5;40;0;Ok;Injection;1943;464;;50;
2387;6;;;;;;;;;
2387;7;40;0;Ok;Injection;1845;;;12;Exit cutterhead
2387;8;;;;;;;;;
2387;9;40;0;Ok;Injection;1933;639;;50;
2387;10;;;;;;;;;
2387;11;40;0;Ok;Injection;1949;1149;;50;
2387;12;;;;;;;;;
2387;13;40;0;Ok;Injection;1940;1039;;50;
2387;14;;;;;;;;;
2387;15;40;0;Ok;Injection;1993;1202;;50;
2387;16;;;;;;;;;
2387;17;40;0;Ok;Injection;1757;;;35;Leak shield
2387;18;;;;;;;;;
2387;19;40;0;Ok;Injection;1924;1170;787;48;
2387;20;;;;;;;;;
2387;21;40;0;Ok;Injection;1906;1251;2593;50;
2387;22;;;;;;;;;
2387;23;40;2;Ok, fractured;Injection;2030;1369;1448;45;45 bar avtalt med byggherre
2387;24;;;;;;;;;
2401;1;;;;;;;;;
2401;2;28.45;30;Weak zone 24m;Injection;2058;1745;6143;49;Pause hole from 19:15-20:26 and from 23:35 -00:40
2401;3;;;;;;;;;
2401;4;32.39;5;Stop 32m;Injection;2053;1845;2144;48;Pause hole from 18:45-19:50
2401;5;;;;;;;;;
2401;6;;0;Shield;;;;;;
2401;7;40;0;Ok;Injection;754;;;50;
2401;8;40;5;Ok;Injection;2066;1824;;50;
2401;9;;;;;;;;;
2401;10;38;5;Broken rod(retrived);Injection;1985;1512;;50;
2401;11;;;;;;;;;
2401;12;40;10;Ok;Injection;1984;1774;66;50;
2401;13;;;;;;;;;
2401;14;40;0;Ok;Injection;1941;1028;;50;
2401;15;;;;;;;;;
2401;16;40;0;Ok;Injection;1099;;;50;
2401;17;;;;;;;;;
2401;18;40;0;Ok;Injection;2314;1743;511;50;
2401;19;;;;;;;;;
2401;20;28;100;Ok, stop 28m;Injection;412;;;50;
2401;21;;;;;;;;;
2401;22;40;10;Ok, weak zone 24m-28;Injection;2126;1976;5794;50;Pause from 19:15-20:30 and  from 23:35-00:40
2401;23;;;;;;;;;
2401;24;29.6;40;Ok,weak zone 27m-30;Injection;2026;218;;50;
2405;1;32.6;8;;Injection;6;;;50;
2405;2;;;;;;;;;
2405;3;32.6;5;;Injection;1845;;;50;
2405;4;;;;;;;;;
2405;5;32.6;0;;Injection;2235;;;50;
2405;6;;;;;;;;;
2405;7;32.6;0;;Injection;362;;;50;
2405;8;;;;;;;;;
2405;9;32.6;0;Sleppe 30 m;Injection;696;;;50;
2405;10;;;;;;;;;
2405;11;32.6;0;;Injection;1424;;;50;
2405;12;;;;;;;;;
2405;13;32.6;0;;Injection;1055;;;50;
2405;14;;;;;;;;;
2405;15;32.6;0;;Injection;1532;;;50;
2405;16;;;;;;;;;
2405;17;32.6;0;;Injection;2159;;;;
2405;18;;;;;;;;;
2405;19;19;1;Sleppe 12 og 18 mete;Injection;39;;;50;
2405;20;;;;;;;;;
2405;21;32.6;0;;Injection;20;;;50;
2405;22;;;;;;;;;
2405;23;32.6;0;;Injection;6;;;50;
2405;24;;;;;;;;;
2415;1;;;;;;;;;
2415;2;40;0;Ok;Injection;53;;;50;
2415;3;;;;;;;;;
2415;4;40;14;;Injection;48;;;50;
2415;5;;0;Shield;;;;;;
2415;6;;;;;;;;;
2415;7;26.526;0;Stop 26m;Injection;30;;;50;
2415;8;31.49;0;Stop 31m;Injection;2123;430;;50;
2415;9;40;0;Ok;Injection;84;;;50;
2415;10;40;0;Ok;Injection;74;;;50;
2415;11;40;0;Ok;Injection;1200;;;50;
2415;12;;0;Shield;;;;;;
2415;13;;;;;;;;;
2415;14;40;0;Ok;Injection;1387;;;50;
2415;15;;;;;;;;;
2415;16;40;0;Ok, logging error;Injection;1773;;;50;
2415;17;;;;;;;;;
2415;18;40;0;Ok, weak zone 33m;Injection;945;;;50;
2415;19;;;;;;;;;
2415;20;40;0;;Injection;213;;;50;
2415;21;;;;;;;;;
2415;22;40;2;Ok, weak zone 37-40m;Injection;199;;;50;
2415;23;;;;;;;;;
2415;24;40;0.5;Ok, weak zone 38-40m;Injection;1042;;;50;
2429;1;40;0;Ok, fractured;Injection;74;;;50;
2429;2;;;;;;;;;
2429;3;40;0;Ok;Injection;351;;;50;
2429;4;;;;;;;;;
2429;5;40;0.5;Ok,  fractured;Injection;2003;480;;45;Leak cutterhead
2429;6;;;;;;;;;
2429;7;40;0.5;Ok, fractured;Injection;85;;;50;
2429;8;;;;;;;;;
2429;9;40;0;Ok, fractured;Injection;245;;;0;Exit cutterhead
2429;10;;;;;;;;;
2429;11;40;0;Ok, fractured;Injection;3;;;50;
2429;12;;0;Shield;;;;;;
2429;13;3;0;Shield;;;;;;
2429;14;40;0;Ok fractured;Injection;1984;1295;;48;
2429;15;;;;;;;;;
2429;16;40;0;Ok;Injection;1828;;;50;
2429;17;40;0;Ok;Injection;1559;;;50;
2429;18;;;;;;;;;
2429;19;40;0;Ok, fractured;Injection;345;;;50;
2429;20;;;;;;;;;
2429;21;40;0;Ok,fractured;Injection;169;;;50;
2429;22;;;;;;;;;
2429;23;40;0;Ok;Injection;1017;;;50;
2429;24;;;;;;;;;
2443;1;;;;;;;;;
2443;2;40;0;Ok;Injection;588;;;50;
2443;3;;;;;;;;;
2443;4;40;1;Ok;Injection;739;;;50;
2443;5;;;;;;;;;
2443;6;3.64;0;Shield;Injection;;;;;
2443;7;40;0;Ok;Injection;1104;;;50;
2443;8;36;20;Ok, stop 38m;Injection;1970;1037;;38;Leak in shield
2443;9;;;;;;;;;
2443;10;40;30;Ok, weak zone 36m;Injection;2053;1198;980;50;
2443;11;40;30;Ok, weak zone 36m;Injection;2006;1203;993;50;
2443;12;7.2;0;Shield;Injection;;;;;
2443;13;;;;;;;;;
2443;14;40;2;Weak zone 13m, 34m;Injection;526;;;0;Exit in shield
2443;15;;;;;;;;;
2443;16;40;0;Ok;Injection;2005;1247;;50;
2443;17;;;;;;;;;
2443;18;40;0;Ok;Injection;1953;1173;;50;
2443;19;;;;;;;;;
2443;20;40;0;Ok;Injection;1491;;;50;
2443;21;;;;;;;;;
2443;22;40;0;Ok;Injection;597;;;48;
2443;23;;;;;;;;;
2443;24;40;2;Ok;Injection;430;;;50;
2449;1;40;0;Ok;Injection;834;;;50;
2449;2;;;;;;;;;
2449;3;40;0;Ok;Injection;1299;;;50;
2449;4;;;;;;;;;
2449;5;40;1;Ok;Injection;799;;;50;
2449;6;;;;;;;;;
2449;7;40;0;Ok;Injection;1177;;;50;
2449;8;;;;;;;;;
2449;9;40;0;Ok;Injection;1310;;;50;
2449;10;;;;;;;;;
2449;11;40;0;Ok;Injection;1929;739;;50;
2449;12;;;;;;;;;
2449;13;40;0;Sleppe 9m.;Injection;1844;1187;424;45;Small leak shield, stopped at 45 bar
2449;14;;;;;;;;;
2449;15;40;0;Ok;Injection;1020;;;0;Exit shield
2449;16;;;;;;;;;
2449;17;40;0;Ok;Injection;1919;216;;0;Exit shield
2449;18;;;;;;;;;
2449;19;40;0;Ok;Injection;1360;;;50;
2449;20;;;;;;;;;
2449;21;40;0;Ok;Injection;516;;;50;
2449;22;;;;;;;;;
2449;23;40;0;Ok;Injection;1442;;;50;
2449;24;;;;;;;;;
2463;1;;;;;;;;;
2463;2;40;0;Ok;Injection;2022;1255;;50;
2463;3;;;;;;;;;
2463;4;40;0;Ok;Injection;2034;234;;50;
2463;5;;;;;;;;;
2463;6;40;0;Ok;Injection;1586;;;50;
2463;7;;;;;;;;;
2463;8;40;0;Ok;Injection;139;;;50;
2463;9;;;;;;;;;
2463;10;40;0;Ok;Injection;1891;1529;;50;
2463;11;;;;;;;;;
2463;12;40;0;Fractured 23-40m;Injection;2023;1400;;50;
2463;13;;;;;;;;;
2463;14;40;0;Ok;Injection;1388;;;0;Big exit cutterhead
2463;15;;;;;;;;;
2463;16;40;0;Ok;Injection;2139;1386;;50;
2463;17;;;;;;;;;
2463;18;40;1;Ok;Injection;694;;;0;Exit cutterhead
2463;19;40;0;Ok;Injection;1458;;;43;Leak cutterhead/shield, sleppe on the left side. Stopped at 43 bar.
2463;20;;0;Shield;;;;;;
2463;21;;;;;;;;;
2463;22;40;3;Ok, fracture 36m;Injection;1862;;;50;
2463;23;;;;;;;;;
2463;24;40;10;Ok;Injection;1145;;;50;
2477;1;40;0;Hole collapsing;Injection;;;;;
2477;2;;;;;;;;;
2477;3;8.05;0;Hole collapsing;Injection;;;;;
2477;4;;;;;;;;;
2477;5;40;0;ok;Injection;188;;;40;
2477;6;;;;;;;;;
2477;7;40;0;ok;Injection;185;;;40;
2477;8;;;;;;;;;
2477;9;40;0;ok;Injection;386;;;40;
2477;10;;;;;;;;;
2477;11;40;0;ok;Injection;128;;;40;
2477;12;;;;;;;;;
2477;13;40;0;ok;Injection;298;;;44;
2477;14;;;;;;;;;
2477;15;40;0;ok;Injection;1364;;;50;
2477;16;;;;;;;;;
2477;17;40;0;ok;Injection;48;;;40;
2477;18;40;0;Ok, packer placed 6m;Injection;199;;;40;
2477;19;;;;;;;;;
2477;20;;;;;;;;;
2477;21;;0;Not possible;Injection;;;;;
2477;22;;;;;;;;;
2477;23;24.58;0;Hole collapsing;Injection;;;;;
2477;24;;;;;;;;;
2483;1;40;0;Ok;Injection;;;;;
2483;2;;;;;;;;;
2483;3;40;0;Ok;Injection;1716;261;;50;
2483;4;;;;;;;;;
2483;5;;;;;;;;;
2483;6;40;0;Ok;Injection;2047;1230;217;42;Exit shield
2483;7;;;;;;;;;
2483;8;40;0;Ok;Injection;2013;682;;50;<4 l min
2483;9;;;;;;;;;
2483;10;40;0;Ok;Injection;1850;;;50;
2483;11;40;0;Ok;Injection;2020;789;;50;
2483;12;;;;;;;;;
2483;13;;;;;;;;;
2483;14;40;0;Ok;Injection;2040;1221;809;50;
2483;15;40;0;Packer at 9m;Injection;2048;1208;;40;Packer loosened
2483;16;;;;;;;;;
2483;17;40;0;Ok;Injection;2046;483;;50;
2483;18;;;;;;;;;
2483;19;40;0;Ok;Injection;1906;1240;;50;
2483;20;;;;;;;;;
2483;21;40;0;Ok;Injection;1856;1247;;40;Packer loosened
2483;22;;;;;;;;;
2483;23;40;2;Ok;Injection;9;;;50;
2483;24;;;;;;;;;
2497;1;;;;;;;;;
2497;2;40;0;Tellefeil sleppe 15m;Injection;31;;;50;
2497;3;;;;;;;;;
2497;4;40;0;Ok;Injection;1720;386;;50;Contact whit number 2
2497;5;;;;;;;;;
2497;6;40;0;Ok;Injection;414;;;50;
2497;7;;;;;;;;;
2497;8;40;0;Ok;Injection;757;;;50;
2497;9;;;;;;;;;
2497;10;40;0;Ok;Injection;1147;;;50;
2497;11;;;;;;;;;
2497;12;40;0;Ok;Injection;2008;543;;0;Exit stuff.
2497;13;;;;;;;;;
2497;14;40;0;Ok;Injection;2042;1227;540;50;
2497;15;;;;;;;;;
2497;16;40;0;Ok tellefeil;Injection;149;;;50;
2497;17;;;;;;;;;
2497;18;40;0;Ok;Injection;2000;1201;1965;40;Small leak in CH
2497;19;;;;;;;;;
2497;20;40;1;Ok;Injection;560;;;0;Exit
2497;21;;;;;;;;;
2497;22;40;2;Ok;Injection;1857;416;;50;
2497;23;;;;;;;;;
2497;24;40;0;Ok;Injection;31;;;50;Contact with nr4
2511;1;;;;;;;;;
2511;2;;;;;;;;;
2511;3;32.6;1;Ok;Injection;1100;;;50;
2511;4;;;;;;;;;
2511;5;32.6;1;Ok;Injection;596;;;50;
2511;6;;;;;;;;;
2511;7;32.6;0;Ok;Injection;424;;;50;Contact  nr9
2511;8;;;;;;;;;
2511;9;32.6;0;Ok;Injection;1506;148;;50;
2511;10;;;;;;;;;
2511;11;32.6;0;Ok;Injection;1505;230;;50;
2511;12;;;;;;;;;
2511;13;32.6;0;Ok;Injection;1554;754;;50;Contact  nr17.
2511;14;;;;;;;;;
2511;15;32.6;0;Ok;Injection;1512;469;;50;
2511;16;;;;;;;;;
2511;17;32.6;0;Ok;Injection;1755;243;;50;
2511;18;;;;;;;;;
2511;19;32.6;0;Ok;Injection;263;;;50;
2511;20;;;;;;;;;
2511;21;32.6;0;Ok;Injection;108;;;50;
2511;22;;;;;;;;;
2511;23;32.6;0;Ok;Injection;102;;;50;
2511;24;32.6;0;Ok;Injection;706;;;50;
2521;1;;;;;;;;;
2521;2;32.6;0;Ok;Injection;85;;;50;
2521;3;;;;;;;;;
2521;4;32.6;0;Ok;Injection;106;;;50;
2521;5;;;;;;;;;
2521;6;32.6;0;Ok;Injection;121;;;50;
2521;7;;;;;;;;;
2521;8;32.6;0;Ok;Injection;140;;;50;
2521;9;;;;;;;;;
2521;10;32.6;0;Ok;Injection;38;;;50;
2521;11;;;;;;;;;
2521;12;32.6;0;Ok;Injection;137;;;0;Direct exit
2521;13;;;;;;;;;
2521;14;32.6;0;Ok;Injection;5;;;55;
2521;15;;;;;;;;;
2521;16;32.6;0;Ok;Injection;400;;;50;
2521;17;;;;;;;;;
2521;18;32.6;0;Ok;Injection;780;;;50;
2521;19;;;;;;;;;
2521;20;32.6;0;Ok;Injection;140;;;50;
2521;21;;;;;;;;;
2521;22;32.6;0;Ok;Injection;1920;;;50;Contact nr24.
2521;23;;;;;;;;;
2521;24;32.6;1;Ok;Injection;1814;;;50;
2531;1;32.6;0;Ok;Injection;107;;;50;
2531;2;;;;;;;;;
2531;3;32.6;0;Ok;Injection;90;;;50;
2531;4;;;;;;;;;
2531;5;32.6;0;Ok;Injection;82;;;50;
2531;6;;;;;;;;;
2531;7;32.6;0;Ok;Injection;85;;;50;
2531;8;;;;;;;;;
2531;9;32.6;0;Ok;Injection;104;;;50;
2531;10;;;;;;;;;
2531;11;32.6;0;Ok;Injection;73;;;50;
2531;12;;;;;;;;;
2531;13;32.6;0;Ok;Injection;184;;;50;
2531;14;;;;;;;;;
2531;15;32.6;0;Shield;Injection;246;;;50;
2531;16;;;;;;;;;
2531;17;32.6;0;Ok, tellefeil 28,9m;Injection;609;;;50;
2531;18;;;;;;;;;
2531;19;32.6;0;Ok;Injection;618;;;35;Packer loosened stop at 35bar
2531;20;;;;;;;;;
2531;21;32.6;0;Ok;Injection;86;;;50;
2531;22;;;;;;;;;
2531;23;32.6;0;Ok;Injection;335;;;50;
2531;24;;;;;;;;;
2541;1;;;;;;;;;
2541;2;32.6;0;Ok;Injection;52;;;50;
2541;3;;;;;;;;;
2541;4;32.6;0;Ok;Injection;77;;;50;
2541;5;;;;;;;;;
2541;6;32.6;0;Ok;Injection;39;;;50;
2541;7;;;;;;;;;
2541;8;32.6;0;Ok;Injection;101;;;50;
2541;9;;;;;;;;;
2541;10;32.6;0;Ok;Injection;1268;;;50;
2541;11;;;;;;;;;
2541;12;32.6;0;Ok;Injection;177;;;50;
2541;13;;;;;;;;;
2541;14;32.6;1;Ok;Injection;520;;;50;
2541;15;;;;;;;;;
2541;16;32.6;0;Ok;Injection;123;;;50;
2541;17;32.6;0;Ok;Injection;563;;;50;
2541;18;;;;;;;;;
2541;19;;;;;;;;;
2541;20;32.6;0;Ok;Injection;203;;;50;
2541;21;;;;;;;;;
2541;22;32.6;0;Ok;Injection;76;;;50;
2541;23;;;;;;;;;
2541;24;32.6;0;Ok;Injection;74;;;50;
2551;1;32.6;0;Ok;Injection;76;;;50;
2551;2;;;;;;;;;
2551;3;32.6;3;Ok;Injection;1219;;;50;
2551;4;;;;;;;;;
2551;5;32.6;1;Ok;Injection;65;;;50;
2551;6;;;;;;;;;
2551;7;32.6;0;Ok;Injection;1343;;;50;
2551;8;;;;;;;;;
2551;9;32.6;0;Ok;Injection;113;;;50;Avlasting ble opnet mens pumpe sto på I slutten av hullet.
2551;10;;;;;;;;;
2551;11;32.6;0;Ok;Injection;2016;509;;50;
2551;12;;;;;;;;;
2551;13;0;0;Dårlig ansett;;;;;;
2551;14;32.6;0;Ok;Injection;35;;;50;
2551;15;32.6;0;Ok;Injection;31;;;50;
2551;16;;;;;;;;;
2551;17;32.6;0;Ok;Injection;59;;;50;
2551;18;;;;;;;;;
2551;19;32.6;0;Ok;;187;;;50;
2551;20;;;;;;;;;
2551;21;32.6;0;Ok;Injection;60;;;50;
2551;22;;;;;;;;;
2551;23;32.6;0;Ok;Injection;1231;;;50;
2551;24;;;;;;;;;
2561;1;;;;;;;;;
2561;2;32.6;1;Sleppe 30m;Injection;469;;;50;
2561;3;;;;;;;;;
2561;4;32.6;0;Sleppe 28m;Injection;2;;;50;
2561;5;;;;;;;;;
2561;6;32.6;0;Tellefeil fikk ikke;Injection;123;;;50;Contact nr4
2561;7;32.6;0;Ok;Injection;1512;;;50;
2561;8;32.6;0;Ok;Injection;214;;;50;Contact nr4
2561;9;;;;;;;;;
2561;10;32.6;0;Ok;Injection;1813;;;50;
2561;11;32.6;0;Ok;Injection;1005;;;33;Exit cutterhead.
2561;12;0;0;Gikk I sjold dårlig;;;;;;
2561;13;;;;;;;;;
2561;14;32.6;0;Ok;Injection;1114;;;50;Contact nr16.
2561;15;;;;;;;;;
2561;16;32.6;0;Ok;Injection;1017;;;50;
2561;17;;;;;;;;;
2561;18;32.6;0;Ok;Injection;1415;;;50;
2561;19;;;;;;;;;
2561;20;0;0;Gikk I sjold dårlig;;;;;;
2561;21;32.6;3;Ok;Injection;142;;;50;
2561;22;32.6;4;Sleppe 30m;Injection;204;;;50;
2561;23;;;;;;;;;
2561;24;32.6;1;Ok;Injection;41;;;50;
2571;1;32.6;0;Sleppe 14m og 24m;Injection;71;;;50;
2571;2;;;;;;;;;
2571;3;32.6;0;;Injection;90;;;50;
2571;4;;;;;;;;;
2571;5;32.6;0;Leire sleppe 30m;Injection;606;;;50;
2571;6;;;;;;;;;
2571;7;32.6;0;;Injection;289;;;50;
2571;8;;;;;;;;;
2571;9;32.6;0;;Injection;95;;;50;
2571;10;32.6;0;;Injection;110;;;50;
2571;11;3;0;Shield;;;;;;
2571;12;;;;;;;;;
2571;13;32.6;0;;Injection;231;;;50;
2571;14;;;;;;;;;
2571;15;32.6;0;;Injection;93;;;50;
2571;16;;;;;;;;;
2571;17;32.6;0;;Injection;97;;;50;
2571;18;;;;;;;;;
2571;19;32.6;0;;Injection;;;;;
2571;20;;;;;;;;;
2571;21;32.6;0;Sleppe på 5m og 13m;Injection;40;;;50;
2571;22;;;;;;;;;
2571;23;32.6;0;;Injection;;;;;
2571;24;;;;;;;;;
2581;1;;;;;;;;;
2581;2;32.6;0;Ok;Injection;68;;;50;
2581;3;;;;;;;;;
2581;4;32.6;0;Ok;Injection;81;;;50;
2581;5;;;;;;;;;
2581;6;;;;;;;;;
2581;7;32.6;0;Ok;Injection;43;;;50;
2581;8;32.6;0;Ok;Injection;877;;;50;
2581;9;;;;;;;;;
2581;10;32.6;0;Ok;Injection;942;;;50;
2581;11;;;;;;;;;
2581;12;32.6;0;Ok;Injection;1334;;;50;
2581;13;;;;;;;;;
2581;14;32.6;0;Ok;Injection;1357;;;50;Utgang
2581;15;;;;;;;;;
2581;16;32.6;0;Ok;Injection;35;;;50;
2581;17;;;;;;;;;
2581;18;32.6;0;Ok;Injection;65;;;50;
2581;19;;;;;;;;;
2581;20;32.6;0;Ok;Injection;79;;;50;
2581;21;;;;;;;;;
2581;22;32.6;0;Ok;Injection;80;;;50;
2581;23;;;;;;;;;
2581;24;32.6;0;Ok;Injection;12;;;50;
2589;1;;;Knekt styrestang;;;;;;
2589;2;;;;;;;;;
2589;3;32.6;0;;Injection;82;;;50;
2589;4;;;;;;;;;
2589;5;32.6;0;;Injection;84;;;50;
2589;6;;;;;;;;;
2589;7;32.6;0;;Injection;85;;;50;
2589;8;;;;;;;;;
2589;9;32.6;0;;Injection;562;;;;Stoppa pga utgang
2589;10;;;;;;;;;
2589;11;32.6;0;;Injection;80;;;50;
2589;12;;;;;;;;;
2589;13;32.6;0;;Injection;1213;;;50;
2589;14;;;;;;;;;
2589;15;32.6;0;;Injection;6;;;50;
2589;16;;;;;;;;;
2589;17;32.6;0;;Injection;59;;;50;
2589;18;;;;;;;;;
2589;19;32.6;0;;Injection;392;;;50;
2589;20;;;;;;;;;
2589;21;31.2;0;Kom ikkje inn siste;Injection;75;;;50;
2589;22;;;;;;;;;
2589;23;32.6;0;;Injection;82;;;50;
2589;24;32.6;0;;Injection;84;;;50;
2599;1;;;;;;;;;
2599;2;32.6;0;Ok;Injection;421;;;50;
2599;3;;;;;;;;;
2599;4;32.6;0;Ok;Injection;69;;;50;
2599;5;;;;;;;;;
2599;6;32.6;0;Ok;Injection;217;;;50;
2599;7;;;;;;;;;
2599;8;32.6;0;Ok;Injection;42;;;50;
2599;9;;;;;;;;;
2599;10;32.6;0;Ok;Injection;2543;388;;19;Exit cutterhead.
2599;11;;;;;;;;;
2599;12;32.6;0;Ok;Injection;614;;;50;Contact nr8
2599;13;;;;;;;;;
2599;14;32.6;0;Ok;Injection;1152;;;50;
2599;15;;;;;;;;;
2599;16;32.6;0;Sleppe 30m;Injection;92;;;50;
2599;17;;;;;;;;;
2599;18;32.6;0;Ok;Injection;1123;;;50;Contact nr 20 nr24.
2599;19;;;;;;;;;
2599;20;32.6;0;Ok;Injection;29;;;50;
2599;21;;;;;;;;;
2599;22;32.6;0;Ok;Injection;850;;;50;
2599;23;;;;;;;;;
2599;24;32.6;0;Ok;Injection;85;;;50;
2609;1;32.6;0;;Injection;105;;;50;
2609;2;;;;;;;;;
2609;3;32.6;0;;Injection;82;;;50;
2609;4;;;;;;;;;
2609;5;32.6;0;;Injection;89;;;50;
2609;6;;;;;;;;;
2609;7;32.6;0;;Injection;80;;;50;
2609;8;;;;;;;;;
2609;9;32.6;0;;Injection;1713;;;50;
2609;10;;;;;;;;;
2609;11;32.6;0;Feil på lengdegiver;Injection;206;;;50;
2609;12;;;;;;;;;
2609;13;32.6;0;;Injection;2008;1929;;50;
2609;14;;;;;;;;;
2609;15;32.6;0;;Injection;2004;2004;;50;
2609;16;;;;;;;;;
2609;17;32.6;0;;Injection;2046;386;;50;
2609;18;;;;;;;;;
2609;19;32.6;0;;Injection;197;;;50;
2609;20;;;;;;;;;
2609;21;32.6;0;;Injection;76;;;50;
2609;22;;;;;;;;;
2609;23;32.6;0;;Injection;58;;;50;
2609;24;;;;;;;;;
2614;1;;;;;;;;;
2614;2;32.6;0;;Injection;81;;;50;
2614;3;;;;;;;;;
2614;4;32.6;0;;Injection;77;;;50;
2614;5;;;;;;;;;
2614;6;;;;;;;;;
2614;7;32.6;0;;Injection;141;;;50;
2614;8;32.6;0;;Injection;46;;;50;
2614;9;;;;;;;;;
2614;10;29;0;;Injection;53;;;50;
2614;11;;;;;;;;;
2614;12;32.6;0;;Injection;90;;;50;
2614;13;;;;;;;;;
2614;14;32.6;0;;Injection;88;;;50;
2614;15;;;;;;;;;
2614;16;32.6;0;;Injection;1057;;;50;
2614;17;;;;;;;;;
2614;18;32.6;0;;Injection;79;;;50;
2614;19;;;;;;;;;
2614;20;32.6;0;;Injection;424;;;50;
2614;21;;;;;;;;;
2614;22;32.6;0;;Injection;83;;;50;
2614;23;;;;;;;;;
2614;24;32.6;0;;Injection;83;;;50;
2624;1;32.6;0;Ok;Injection;92;;;40;Packer loosened
2624;2;;;;;;;;;
2624;3;32.6;0;Ok;Injection;85;;;50;
2624;4;;;;;;;;;
2624;5;32.6;0;Ok;Injection;21;;;50;
2624;6;;;;;;;;;
2624;7;32.6;0;Ok;Injection;530;;;50;
2624;8;;;;;;;;;
2624;9;32.6;0;Ok;Injection;1;;;50;
2624;10;32.6;0;Ok;Injection;174;;;50;Connection too nr 9
2624;11;8.99;0;Leirsleppe.;Injection;;;;;
2624;12;;;;;;;;;
2624;13;32.6;0;Ok;Injection;144;;;50;
2624;14;;;;;;;;;
2624;15;32.6;0;Ok;Injection;958;;;50;
2624;16;;;;;;;;;
2624;17;32.6;0;Ok;Injection;94;;;50;
2624;18;;;;;;;;;
2624;19;32.6;0;Ok;Injection;87;;;50;
2624;20;;;;;;;;;
2624;21;32.6;0;Ok;Injection;94;;;50;
2624;22;;;;;;;;;
2624;23;32.6;0;Ok;Injection;740;;;48;
2624;24;;;;;;;;;
2635;1;;;;;;;;;
2635;2;32.6;0;;Injection;2247;;;50;
2635;3;;;;;;;;;
2635;4;30.8;10;Fastboring;Injection;1106;;;50;
2635;5;;;;;;;;;
2635;6;;;;;;;;;
2635;7;32.6;0;;Injection;1186;;;50;
2635;8;32.6;0;;Injection;1748;;;50;
2635;9;;;;;;;;;
2635;10;;;;;;;;;
2635;11;32.6;0;;Injection;1250;;;50;
2635;12;32.6;0;;Injection;308;;;50;
2635;13;;;;;;;;;
2635;14;32.6;0;;Injection;111;;;50;
2635;15;;;;;;;;;
2635;16;32.6;0;;Injection;154;;;50;
2635;17;;;;;;;;;
2635;18;32.6;0;;Injection;162;;;50;
2635;19;;;;;;;;;
2635;20;32.6;0;;Injection;94;;;50;
2635;21;;;;;;;;;
2635;22;32.6;0;;Injection;62;;;50;
2635;23;;;;;;;;;
2635;24;32.6;0;;Injection;88;;;50;
2645;1;32.6;0;Dårlig fjell 30m;Injection;1323;1289;2693;50;
2645;2;;;;;;;;;
2645;3;32.6;20;Ok;Injection;1898;;;50;
2645;4;;;;;;;;;
2645;5;32.6;0;Ok;Injection;85;;;50;
2645;6;;;;;;;;;
2645;7;32.6;0;Ok;Injection;607;;;50;
2645;8;;;;;;;;;
2645;9;32.6;0;Ok;Injection;1308;;;50;
2645;10;;;;;;;;;
2645;11;32.6;0;Ok;Injection;2129;2328;3123;50;
2645;12;;;;;;;;;
2645;13;32.6;0;Ok;Injection;897;;;50;
2645;14;;;;;;;;;
2645;15;32.6;0;Ok;Injection;2000;1588;1489;50;
2645;16;;;;;;;;;
2645;17;3.5;0;Shield;;;;;;
2645;18;32.6;0;Ok;Injection;1222;;;50;
2645;19;8;0;Shield;;;;;;
2645;20;32.6;0;Ok;Injection;81;;;50;
2645;21;32.6;5;Ok;Injection;23;;;50;
2645;22;;;;;;;;;
2645;23;32.6;0;Ok;Injection;1713;1499;4453;50;
2645;24;;;;;;;;;
2653;1;;;;;;;;;
2653;2;32.6;0;Ok;Injection;85;;;50;
2653;3;;;;;;;;;
2653;4;32.6;0;Ok;Injection;69;;;50;
2653;5;32.6;0;Ok;Injection;82;;;50;
2653;6;32.6;0;Ok;Injection;48;;;50;
2653;7;;;;;;;;;
2653;8;32.6;0;Ok;Injection;25;;;50;
2653;9;;;;;;;;;
2653;10;32.6;0;Ok;Injection;185;;;50;
2653;11;;0;Shield;;;;;;
2653;12;;0;Shield;;;;;;
2653;13;;0;Shield;;;;;;
2653;14;32.6;0;;Injection;1912;;;50;
2653;15;32.6;0;Ok;Injection;1299;;;50;
2653;16;32.6;0;Ok;Injection;1756;;;50;
2653;17;;;;;;;;;
2653;18;21;0;Fastbort;Injection;;;;;
2653;19;;;;;;;;;
2653;20;32.6;0;Ok;Injection;86;;;50;
2653;21;;;;;;;;;
2653;22;32.6;0;Ok;Injection;74;;;50;
2653;23;;;;;;;;;
2653;24;32.6;0;Fracture 15m;Injection;7;;;50;
2663;1;32.6;0;Ok;Injection;369;;;50;
2663;2;;;;;;;;;
2663;3;32.6;0;Ok;Injection;85;;;50;
2663;4;;;;;;;;;
2663;5;32.6;0;Ok;Injection;1131;;;50;
2663;6;;;;;;;;;
2663;7;26;0;Stop 26m;Injection;2052;71;;50;
2663;8;;;;;;;;;
2663;9;32.6;0;Ok;Injection;1663;1526;;50;
2663;10;;;;;;;;;
2663;11;32.6;0;Ok;Injection;1262;;;50;
2663;12;;;;;;;;;
2663;13;32.6;0;Ok;Injection;1880;1429;;50;
2663;14;;;;;;;;;
2663;15;32.6;0;Ok;Injection;924;;;50;
2663;16;;;;;;;;;
2663;17;32.6;0;Ok;Injection;2180;738;;50;
2663;18;;;;;;;;;
2663;19;32.6;0;Ok;Injection;2028;49;;50;
2663;20;;;;;;;;;
2663;21;32.6;0;Ok;Injection;158;;;50;
2663;22;;;;;;;;;
2663;23;32.6;0;Fractured 17-20m;Injection;1274;;;50;
2663;24;;;;;;;;;
2673;1;;;;;;;;;
2673;2;32.6;0;Ok;Injection;185;;;50;
2673;3;32.6;0;Ok;Injection;923;;;48;
2673;4;;0;Shield;;;;;;
2673;5;;;;;;;;;
2673;6;32.6;0;Ok;Injection;85;;;50;
2673;7;;;;;;;;;
2673;8;32.6;0;Ok;Injection;432;;;0;Exit teleskopshield
2673;9;;;;;;;;;
2673;10;32.6;0;Ok;Injection;1690;1122;;50;
2673;11;32.6;0;Ok;Injection;304;;;50;
2673;12;;;Not possible;;;;;;
2673;13;;;;;;;;;
2673;14;32.6;0;Ok;Injection;1851;880;;50;
2673;15;;;;;;;;;
2673;16;32.6;0;Ok;Injection;3;;;50;
2673;17;;;;;;;;;
2673;18;32.6;0;Ok;Injection;1003;;;50;
2673;19;;;;;;;;;
2673;20;32.6;0;Ok;Injection;491;;;21;Exit teleskopshield
2673;21;;;;;;;;;
2673;22;32.6;0;Ok;Injection;101;;;50;
2673;23;;;;;;;;;
2673;24;32.6;0;Ok;Injection;127;;;50;
2683;1;32.6;0;Ok, fractured;Injection;1299;;;50;UF
2683;2;;;;;;;;;
2683;3;32.6;0;Ok;Injection;587;;;50;UF
2683;4;;;;;;;;;
2683;5;32.6;0;Ok;Injection;2055;1240;586;50;Contact nr 3. UF/Micro <4 l min
2683;6;;;;;;;;;
2683;7;32.6;0;Ok;Injection;2034;1213;;13;Exit.  micro
2683;8;;;;;;;;;
2683;9;32.6;0;Ok;Injection;277;;;50;UF
2683;10;;;;;;;;;
2683;11;32.6;0;Ok;Injection;238;;;0;Direct exit. UF
2683;12;;;;;;;;;
2683;13;32.6;0;Ok;Injection;336;;;50;UF
2683;14;;;;;;;;;
2683;15;32.6;0;Ok;Injection;204;;;0;Direct exit.  UF
2683;16;;;;;;;;;
2683;17;32.6;0;Ok;Injection;2061;473;;50;UF/Micro
2683;18;;;;;;;;;
2683;19;32.6;0.5;Ok;Injection;305;;;0;Packer loosened,not possible replace new  UF
2683;20;;;;;;;;;
2683;21;4;0;Shield.;Injection;;;;;
2683;22;32.6;0;0-20m soft.;Injection;585;;;50;Contact nr 23. Micro
2683;23;32.6;0;Ok;Injection;44;;;50;Micro
2683;24;;;;;;;;;
2685;1;;;;;;;;;
2685;2;;;;;;;;;
2685;3;;;;;;;;;
2685;4;;;;;;;;;
2685;5;;;;;;;;;
2685;6;27;0;Ok,very dry,no water;Control;413;;;50;
2685;7;;;;;;;;;
2685;8;27;0;Ok, dry,no water;Control;41;;;50;
2685;9;;;;;;;;;
2685;10;27;0;Ok,all dry,no water;Control;595;;;48;
2685;11;;;;;;;;;
2685;12;;;;;;;;;
2685;13;;;;;;;;;
2685;14;;;;;;;;;
2685;15;;;;;;;;;
2685;16;27;0;Ok, dry, no water;Control;85;;;50;
2685;17;;;;;;;;;
2685;18;27;0;Ok, no water, dry;Control;99;;;50;
2685;19;;;;;;;;;
2685;20;;;;;;;;;
2685;21;;;;;;;;;
2685;22;27;0;Ok,super dry,no wate;Control;76;;;55;
2685;23;;;;;;;;;
2685;24;;;;;;;;;
2693;1;;;;;;;;;
2693;2;32.6;0;Ok;Injection;14;;;50;
2693;3;;;;;;;;;
2693;4;32.6;0;Ok;Injection;89;;;50;
2693;5;;;;;;;;;
2693;6;;0;Shield;;;;;;
2693;7;32.6;0;Ok;Injection;54;;;50;
2693;8;32.6;0;Ok;Injection;2015;2;;50;
2693;9;;;;;;;;;
2693;10;32.6;0;Ok;Injection;130;;;50;
2693;11;32.6;0;Ok;Injection;7;;;50;
2693;12;6.92;0;Stop;Injection;;;;;
2693;13;;;;;;;;;
2693;14;32.6;0;Ok;Injection;2034;1122;;50;Exit shield, paused
2693;15;;;;;;;;;
2693;16;32.6;0;Ok;Injection;2042;237;;50;
2693;17;;;;;;;;;
2693;18;32.6;0;Ok;Injection;1735;;;50;
2693;19;;;;;;;;;
2693;20;32.6;1.5;Ok;Injection;114;;;50;
2693;21;;;;;;;;;
2693;22;32.6;0;Ok;Injection;91;;;50;
2693;23;;;;;;;;;
2693;24;32.6;0;Ok;Injection;421;;;50;
2703;1;32.6;0;Ok;Injection;94;;;39;Packer loosened
2703;2;34.32;0;Ok- logging eror;Injection;215;;;48;
2703;3;32.6;0;Ok;Injection;225;;;50;
2703;4;32.6;0;Ok;Injection;93;;;50;
2703;5;32.6;0;Ok,fractured 23-24m;Injection;1004;;;50;
2703;6;;;;;;;;;
2703;7;32.6;0;Ok;Injection;86;;;50;
2703;8;;;;;;;;;
2703;9;32.6;0;Ok;Injection;576;;;50;
2703;10;32.6;0;Ok;Injection;84;;;50;
2703;11;2.82;0;Shield;;;;;;
2703;12;;;;;;;;;
2703;13;32.6;0;Ok;Injection;1044;;;0;Exit cutterhead
2703;14;;;;;;;;;
2703;15;32.6;0;Ok;Injection;1487;;;50;
2703;16;;;;;;;;;
2703;17;32.6;0;Ok;Injection;1571;437;;50;
2703;18;;;;;;;;;
2703;19;2.3;0;Shield;;;;;;
2703;20;32.6;0;Ok;Injection;953;;;50;
2703;21;32.6;0;Ok;Injection;310;;;0;Exit teleskopshield
2703;22;32.6;0;Ok;Injection;779;;;50;
2703;23;32.6;0;Ok;Injection;92;;;50;
2703;24;32.6;0;Ok;Injection;94;;;50;
2713;1;;;;;95;;;55;
2713;2;32.6;0;Ok;Injection;107;;;60;
2713;3;32.6;0;Ok;Injection;74;;;50;
2713;4;32.6;0;Ok;Injection;322;;;50;
2713;5;18;0;Ok;Injection;76;;;50;
2713;6;;0;Shield;;;;;;
2713;7;;;;;;;;;
2713;8;32.6;0;Ok;Injection;1729;1001;;45;Small exit, stopp at 45 bar
2713;9;;;;;;;;;
2713;10;32.6;0;Ok;Injection;1579;1224;;50;
2713;11;;;;;;;;;
2713;12;32.6;0;Ok;Injection;442;;;50;
2713;13;;;;;;;;;
2713;14;32.6;0;Ok;Injection;8;;;50;
2713;15;;;;;;;;;
2713;16;32.6;0;Ok;Injection;1602;;;8;Leak teleskopshield,  pause from 14:16-15:17. EXIT
2713;17;;;;;;;;;
2713;18;32.6;0;Ok;Injection;642;;;50;
2713;19;;;;;;;;;
2713;20;32.6;0;Ok;Injection;487;;;50;
2713;21;32.6;0;Ok;Injection;133;;;50;
2713;22;32.6;0;Ok;Injection;153;;;50;
2713;23;32.6;0;Ok;Injection;314;;;50;
2713;24;32.6;0;Ok;Injection;543;;;50;
2721;1;32.6;0;Ok;Injection;86;;;50;
2721;2;;;;;;;;;
2721;3;;;Shield;;;;;;
2721;4;32.6;0;Ok;Injection;83;;;50;
2721;5;32.6;0;Ok;Injection;84;;;50;
2721;6;;;;;;;;;
2721;7;32.6;0;Ok;Injection;664;;;48;
2721;8;;;;;;;;;
2721;9;32.6;0;Ok;Injection;1491;;;50;
2721;10;;;;;;;;;
2721;11;32.6;0;Ok;Injection;362;;;0;Exit teleskopshield
2721;12;;;;;;;;;
2721;13;40;0;Ok;Injection;1555;994;;46;Leak in teleskopshield,  stopp on 46 bar
2721;14;40;0;Ok;Injection;1516;1371;;50;
2721;15;40;0;Ok;Injection;1073;;;50;
2721;16;40;0;Ok;Injection;399;;;50;
2721;17;40;0;Ok;Injection;498;;;0;Packer loosened, could not replace new, old stuck in hole
2721;18;40;0;Ok;Injection;965;;;50;
2721;19;40;0;Ok;Injection;790;;;50;
2721;20;30.5;0;Sleppe 30,5m;Injection;501;;;50;
2721;21;40;0.5;Ok;Injection;139;;;50;
2721;22;40;0;Ok;Injection;129;;;50;
2721;23;40;0;Ok;Injection;84;;;53;
2721;24;;;;;;;;;
2731;1;;;;;;;;;
2731;2;32.6;0;Ok;Injection;39;;;50;Ultrafin
2731;3;;;;;;;;;
2731;4;32.6;0;Ok;Injection;80;;;40;Packer loosened, Ultrafin
2731;5;32.6;0;Ok;Injection;286;;;50;Ultrafin
2731;6;3;0;Shield;Injection;;;;;
2731;7;32.6;0;Ok;Injection;10;;;50;Ultrafin
2731;8;3.5;0;Shield;Injection;;;;;
2731;9;4;0;Shield;Injection;;;;;
2731;10;32.6;0;Ok;Injection;527;;;50;Ultrafin
2731;11;4;0;Shield;Injection;;;;;
2731;12;32.6;0;Ok;Injection;93;;;50;Ultrafin
2731;13;4.5;0;Shield;Injection;;;;;
2731;14;40;0;Ok;Injection;211;;;50;Ultrafin
2731;15;4;0;Shield;Injection;;;;;
2731;16;40;0;Ok;Injection;1302;;;50;Ultrafin
2731;17;35.6;0;Stop,35,6m;Injection;1987;131;;50;Ultrafin
2731;18;40;0;Ok;Injection;2023;43;;50;Ultrafin
2731;19;40;0;Ok;Injection;115;;;50;Ultrafin
2731;20;40;0;Ok;Injection;865;;;50;Ultrafin
2731;21;40;2;Ok;Injection;914;;;50;Ultrafin <4 l/ min
2731;22;40;0;Ok;Injection;114;;;50;Ultrafin
2731;23;40;0;Ok;Injection;97;;;50;Ultrafin
2731;24;40;0;Ok;Injection;83;;;50;Ultrafin
2741;1;32.6;0;Ok;Injection;96;;;50;
2741;2;;;;;;;;;
2741;3;32.6;1;Ok;Injection;98;;;50;
2741;4;;;;;;;;;
2741;5;32.6;0.5;Ok;Injection;362;;;50;
2741;6;;;;;;;;;
2741;7;32.6;0;Ok;Injection;1277;;;50;
2741;8;;;;;;;;;
2741;9;32.6;0;Ok;Injection;2012;349;;50;Contact 5
2741;10;;;;;;;;;
2741;11;32.6;0;Ok;Injection;2021;1203;;50;
2741;12;;;;;;;;;
2741;13;32.6;0;Ok;Injection;211;;;50;
2741;14;32.6;0;Ok;Injection;197;;;50;
2741;15;32.6;0;Tellefeil, Ok;Injection;56;;;50;
2741;16;30.45;0;Broken drillbit.;Injection;158;;;50;
2741;17;32.6;0;Ok;Injection;1991;569;;50;Contact 23
2741;18;32.6;0;Ok;Injection;123;;;50;
2741;19;32.6;0;Ok;Injection;82;;;50;
2741;20;32.6;0;Ok;Injection;89;;;50;
2741;21;32.6;0;Ok;Injection;86;;;50;
2741;22;32.6;0;Ok;Injection;96;;;50;
2741;23;32.6;0;Ok;Injection;130;;;50;
2741;24;32.6;0;Ok;Injection;2168;443;;50;
2749;1;;;;;;;;;
2749;2;32.6;0;Ok;Injection;80;;;50;
2749;3;;;;;;;;;
2749;4;32.6;0;Ok;Injection;105;;;50;
2749;5;;;;;;;;;
2749;6;2.44;0;Skjold;Injection;;;;;
2749;7;32.6;0;Ok;Injection;2016;557;;50;
2749;8;32.6;0;Ok;Injection;109;;;50;
2749;9;;;;;;;;;
2749;10;32.6;0;Ok;Injection;2086;1327;116;50;
2749;11;;;;;;;;;
2749;12;32.6;0;Ok;Injection;2051;337;;50;
2749;13;;;;;;;;;
2749;14;32.6;0;Ok;Injection;2066;1353;;50;Pause kl 18:45-kl19:45.
2749;15;;;;;;;;;
2749;16;32.6;0;Ok;Injection;2057;755;;50;Contact 20
2749;17;;;;;;;;;
2749;18;32.6;0;Ok;Injection;866;;;50;
2749;19;;;;;;;;;
2749;20;32.6;0;Ok;Injection;86;;;50;
2749;21;;;;;;;;;
2749;22;32.6;0;Ok;Injection;1403;;;50;
2749;23;;;;;;;;;
2749;24;32.6;0;Ok;Injection;1207;;;50;
2759;1;32.6;0;Ok;Injection;89;;;55;
2759;2;;;;;;;;;
2759;3;2.8;0;Skjold;Injection;;;;;
2759;4;32.6;0;Ok;Injection;88;;;50;
2759;5;32.6;1;Ok;Injection;103;;;50;
2759;6;;;;;;;;;
2759;7;32.6;2;Ok;Injection;2006;331;;50;
2759;8;;;;;;;;;
2759;9;32.6;0;Ok;Injection;88;;;50;
2759;10;;;;;;;;;
2759;11;32.6;0;Ok;Injection;2062;1236;756;50;
2759;12;;;;;;;;;
2759;13;32.6;0;Ok;Injection;90;;;50;
2759;14;;;;;;;;;
2759;15;32.6;0;Ok;Injection;2038;1208;712;50;
2759;16;;;;;;;;;
2759;17;32.6;0;Ok;Injection;110;;;50;
2759;18;;;;;;;;;
2759;19;32.6;1;Ok;Injection;1254;;;50;Contact 23
2759;20;;;;;;;;;
2759;21;32.6;1;Ok;Injection;97;;;50;
2759;22;;;;;;;;;
2759;23;32.6;1;Ok;Injection;20;;;50;
2759;24;;;;;;;;;
2769;1;;;;;;;;;
2769;2;40;0;Ok;Injection;2091;742;;50;
2769;3;;;;;;;;;
2769;4;32.6;2;Ok;Injection;2047;147;;50;
2769;5;32.6;0;Ok;Injection;1039;;;50;
2769;6;0;0;Gikk I skjold;;;;;;
2769;7;;;;;;;;;
2769;8;32.6;0;Ok;Injection;2017;1293;;50;
2769;9;;;;;;;;;
2769;10;32.6;0;Ok;Injection;2007;2021;;50;
2769;11;32.6;0;Ok leiresleppe 30m;Injection;1407;;;50;
2769;12;;;Sleppe I ansett;;;;;;
2769;13;;;Sleppe I ansett;;;;;;
2769;14;40;1;Glemte og stille opp;Injection;2023;1340;1871;32;Pause 10:28-11:30. Lost pressure, pause 12:20-13:24. Avsluttet paa 30bar I samråd med BH
2769;15;;;;;;;;;
2769;16;32.6;1;Ok;Injection;2087;1219;585;50;Contact whit 18.pause 10:28-11:30
2769;17;;;;;;;;;
2769;18;32.6;0;Ok;Injection;67;;;50;
2769;19;;;;;;;;;
2769;20;32.6;0;Sleppe 9m;Injection;68;;;55;
2769;21;;;;;;;;;
2769;22;32.6;1;Sleppe 9m;Injection;1978;220;;50;
2769;23;;;;;;;;;
2769;24;32.6;0;Ok;Injection;75;;;50;
2778;1;3.5;0;Gikk I skjold;Injection;;;;;
2778;2;;;;;;;;;
2778;3;40;1.5;Ok;Injection;2038;1209;3157;45;Senket trekking I samråd med BH
2778;4;;;;;;;;;
2778;5;32.6;0;Ok;Injection;2092;298;;50;
2778;6;;;;;;;;;
2778;7;32.6;1;Ok;Injection;2041;1197;44;50;
2778;8;;;;;;;;;
2778;9;32.6;0;Ok;Injection;853;;;50;Packer loosened,replaced new.
2778;10;;;;;;;;;
2778;11;32.6;0;Ok;Injection;1402;;;50;
2778;12;;;;;;;;;
2778;13;32.6;0;Ok;Injection;1879;;;50;
2778;14;;;;;;;;;
2778;15;40;0;Sleppe 24m,29m,34m;Injection;2037;1312;1062;50;
2778;16;;;;;;;;;
2778;17;32.6;0;Sleppe 21m;Injection;405;;;50;
2778;18;32.6;0;Ok;Injection;258;;;50;
2778;19;3.3;0;Gikk I sjold;Injection;;;;;
2778;20;;;;;;;;;
2778;21;32.6;1;Sleppe 26m;Injection;2111;1282;2333;50;Pause 1224-1322
2778;22;;;;;;;;;
2778;23;32.6;0;Sleppe 4,5m 22m;Injection;96;;;50;
2778;24;32.6;3;Ok;Injection;2029;1263;835;50;
2787;1;;;;;;;;;
2787;2;;;;;;;;;
2787;3;40;2;Ok;Injection;125;;;50;
2787;4;32.6;1;OK;Injection;76;;;50;
2787;5;;;;;;;;;
2787;6;32.6;0;Ok;Injection;74;;;50;
2787;7;;;;;;;;;
2787;8;32.6;0;Ok;Injection;975;;;50;Contact nr10
2787;9;;;;;;;;;
2787;10;32.6;0;Ok;Injection;2051;2051;;50;
2787;11;;;;;;;;;
2787;12;32.6;0;Ok;Injection;2020;80;;50;
2787;13;;;;;;;;;
2787;14;32.6;0;OK;Injection;2011;910;;50;Contact nr16
2787;15;;;;;;;;;
2787;16;32.6;0;Ok;Injection;54;;;56;
2787;17;;;;;;;;;
2787;18;32.6;0;Sleppe 28m;Injection;78;;;50;
2787;19;;;;;;;;;
2787;20;32.6;0;Ok;Injection;81;;;50;
2787;21;;;;;;;;;
2787;22;;;;;;;;;
2787;23;40;1;OK;Injection;1213;;;50;Contact nr24
2787;24;32.6;0;Ok;Injection;80;;;50;
2797;1;32.6;0;ok;Injection;1609;;;50;
2797;2;;;;;;;;;
2797;3;40;1;Ok sleppe 39m;Injection;653;;;50;
2797;4;;;;;;;;;
2797;5;32.6;1;Ok;Injection;84;;;50;
2797;6;;;;;;;;;
2797;7;32.6;0;Ok;Injection;49;;;50;
2797;8;;;;;2037;798;;50;Exit
2797;9;32.6;0;;Injection;;;;;
2797;10;;;;;;;;;
2797;11;32.6;0;Ok;Injection;2005;59;;50;Contact nr 8
2797;12;;;;;;;;;
2797;13;32.6;0;Ok;Injection;320;;;50;
2797;14;;;;;;;;;
2797;15;40;0;;Injection;1379;;;50;Extra packer.
2797;16;;;;;;;;;
2797;17;32.6;0;Ok;Injection;355;;;50;
2797;18;;;;;;;;;
2797;19;;;Gikk I skjold;;;;;;
2797;20;32.6;0;;Injection;393;;;50;
2797;21;32.6;1;Ok;Injection;161;;;50;
2797;22;;;;;;;;;
2797;23;32.6;1;Sleppe 30m;Injection;60;;;50;
2797;24;;;;;;;;;
2807;1;;;;;;;;;
2807;2;40;0;Ok;Injection;1500;;;50;
2807;3;;;;;;;;;
2807;4;32.6;0;Ok;Injection;1748;;;50;
2807;5;;;;;;;;;
2807;6;;;;;;;;;
2807;7;32.6;0;Ok;Injection;45;;;50;
2807;8;32.6;0;Ok;Injection;43;;;50;
2807;9;;;;;;;;;
2807;10;32.6;0;Ok;Injection;203;;;50;
2807;11;;;;;;;;;
2807;12;32.6;0;Ok;Injection;1807;;;50;
2807;13;;;;;;;;;
2807;14;40;0;Ok;Injection;11;;;50;
2807;15;;;;;;;;;
2807;16;32.6;0;Ok;Injection;242;;;50;
2807;17;;;;;;;;;
2807;18;32.6;0;Ok;Injection;40;;;50;
2807;19;;;;;;;;;
2807;20;32.6;1;Ok;Injection;1859;;;50;
2807;21;;;;;;;;;
2807;22;32.6;0;Ok;Injection;58;;;50;
2807;23;;;;;;;;;
2807;24;32.6;0;Ok;Injection;80;;;50;
2815;1;32.6;0;;Injection;81;;;50;
2815;2;;;;;;;;;
2815;3;32.6;0;;Injection;82;;;50;
2815;4;32.6;0;;Injection;81;;;50;
2815;5;;;;;;;;;
2815;6;;;;;;;;;
2815;7;32.6;0;;Injection;85;;;50;
2815;8;;;;;;;;;
2815;9;32.6;0;;Injection;;;;;
2815;10;;;;;;;;;
2815;11;32.6;0;;Injection;32;;;50;
2815;12;;;;;;;;;
2815;13;32.6;0;;Injection;1826;;;50;
2815;14;;;;;;;;;
2815;15;40;0;;Injection;2;;;50;
2815;16;;;;;;;;;
2815;17;32.6;0;;Injection;7;;;50;
2815;18;;;;;;;;;
2815;19;32.6;0;;Injection;32;;;50;
2815;20;;;;;;;;;
2815;21;32.6;0;;Injection;77;;;50;
2815;22;;;;;;;;;
2815;23;40;0;;Injection;102;;;50;
2815;24;;;;;;;;;
2825;1;32.6;0;;Injection;83;;;50;
2825;2;;;;;;;;;
2825;3;32.6;0;;Injection;65;;;50;
2825;4;;;;;;;;;
2825;5;32.6;0;;Injection;69;;;50;
2825;6;;;;;;;;;
2825;7;32.6;0;;Injection;63;;;50;
2825;8;;;;;;;;;
2825;9;32.6;0;;Injection;95;;;50;
2825;10;;;;;;;;;
2825;11;32.6;0;;Injection;2094;951;;50;
2825;12;;;;;;;;;
2825;13;32.6;0;;Injection;940;;;50;
2825;14;;;;;;;;;
2825;15;32.6;0;;Injection;2060;1031;;50;
2825;16;;;;;;;;;
2825;17;32.6;0;;Injection;1316;;;50;
2825;18;;;;;;;;;
2825;19;32.6;0;;Injection;74;;;50;
2825;20;;;;;;;;;
2825;21;32.6;0;;Injection;85;;;50;
2825;22;;;;;;;;;
2825;23;32.6;0;;Injection;81;;;50;
2825;24;;;;;;;;;
2835;1;;;;;;;;;
2835;2;32.6;0;Ok;Injection;83;;;50;
2835;3;;;;;;;;;
2835;4;32.6;0;Ok;Injection;124;;;50;
2835;5;;;;;;;;;
2835;6;32.6;0;Ok;Injection;78;;;50;
2835;7;;;;;;;;;
2835;8;32.6;0;Ok;Injection;56;;;50;
2835;9;;;;;;;;;
2835;10;32.6;0;Ok;Injection;1253;;;50;
2835;11;;;;;;;;;
2835;12;32.6;0;Ok;Injection;234;;;50;
2835;13;;;;;;;;;
2835;14;32.6;0;Ok;Injection;160;;;52;
2835;15;;;;;;;;;
2835;16;40;0;Ok;Injection;328;;;0;Exit teleskopshield
2835;17;32.6;0;Ok;Injection;84;;;50;
2835;18;;;Shield;;;;;;
2835;19;;;;;;;;;
2835;20;32.6;0;Ok;Injection;81;;;50;
2835;21;;;;;;;;;
2835;22;32.6;0;Fractured 25-27m;Injection;82;;;56;
2835;23;;;;;;;;;
2835;24;40;0;Fractured 32-36m;Injection;106;;;50;
2845;1;32.6;3;;Injection;351;;;50;
2845;2;;;;;;;;;
2845;3;32.6;0;;Injection;124;;;50;
2845;4;;;;;;;;;
2845;5;32.6;0;;Injection;26;;;50;
2845;6;;;;;;;;;
2845;7;32.6;0;;Injection;1698;581;;50;
2845;8;;;;;;;;;
2845;9;32.6;0;;Injection;1201;682;;50;
2845;10;;;;;;;;;
2845;11;32.6;0;;Injection;960;1925;1098;;Stor utgang
2845;12;;;;;;;;;
2845;13;32.6;0;;Injection;895;877;;50;
2845;14;;;;;;;;;
2845;15;32.6;0;;Injection;1063;1873;1680;50;
2845;16;;;;;;;;;
2845;17;32.6;0;;Injection;963;;;50;
2845;18;;;;;;;;;
2845;19;32.6;0;;Injection;364;;;50;
2845;20;;;;;;;;;
2845;21;32.6;0;;Injection;87;;;50;
2845;22;;;;;;;;;
2845;23;32.6;0;;Injection;44;;;50;
2845;24;;;;;;;;;
2855;1;;;;;;;;;
2855;2;32.6;0;Ok;Injection;1591;889;402;50;
2855;3;;;;;;;;;
2855;4;32.6;0;Ok;Injection;1501;1596;;45;
2855;5;;;;;;;;;
2855;6;3.25;0;Shield;;;;;;
2855;7;32.6;0;Ok;Injection;12;;;45;
2855;8;32.6;0;Ok;Injection;91;;;45;
2855;9;;;;;;;;;
2855;10;20;0;Ok, stop 20m;Injection;1501;331;;45;
2855;11;;;;;;;;;
2855;12;32.6;0;Ok;Injection;1886;1859;615;45;
2855;13;;;;;;;;;
2855;14;32.6;0;Ok;Injection;1797;1382;;45;
2855;15;;;;;;;;;
2855;16;32.6;0;Fractured 12-13m;Injection;1767;1526;506;45;
2855;17;;;;;;;;;
2855;18;32.6;0;Ok;Injection;70;;;50;
2855;19;;;;;;;;;
2855;20;32.6;0;Ok;Injection;88;;;54;
2855;21;;;;;;;;;
2855;22;32.6;0;Ok, fracture 25m;Injection;1847;967;;45;
2855;23;;;;;;;;;
2855;24;32.6;4;Ok;Injection;1982;1904;2186;45;
2865;1;32.6;0;Ok;Injection;1634;1659;1511;50;
2865;2;;;;;;;;;
2865;3;32.6;0;Ok;Injection;84;;;50;
2865;4;;;;;;;;;
2865;5;32.6;0;Ok;Injection;79;;;50;
2865;6;;;;;;;;;
2865;7;32.6;0;Ok;Injection;46;;;50;
2865;8;;;;;;;;;
2865;9;32.6;0;Ok;Injection;2138;1537;826;50;
2865;10;;;;;;;;;
2865;11;32.6;0;Ok;Injection;1;;;50;
2865;12;;;;;;;;;
2865;13;32.6;0;Ok;Injection;51;;;50;
2865;14;;;;;;;;;
2865;15;32.6;0;Ok;Injection;293;;;50;
2865;16;;;;;;;;;
2865;17;32.6;0;Ok;Injection;55;;;50;
2865;18;;;;;;;;;
2865;19;32.6;0;Ok;Injection;10;;;50;
2865;20;;;;;;;;;
2865;21;32.6;0;Ok;Injection;1654;1579;;50;
2865;22;;;;;;;;;
2865;23;32.6;0;Ok;Injection;93;;;50;
2865;24;;;;;;;;;
2872;1;;;;;;;;;
2872;2;32.6;0;Ok;Injection;87;;;45;
2872;3;;;;;;;;;
2872;4;32.6;0;Ok;Injection;118;;;45;
2872;5;;;;;;;;;
2872;6;32.6;0;Ok;Injection;56;;;45;
2872;7;;;;;;;;;
2872;8;;0;Shield;;;;;;
2872;9;32.6;0;Ok;Injection;1603;433;;44;
2872;10;32.6;0;Ok;Injection;1531;223;;50;
2872;11;;;;;;;;;
2872;12;32.6;0;Ok;Injection;83;;;0;Exit teleskopshield
2872;13;;;;;;;;;
2872;14;32.6;0;Ok;Injection;1554;900;;45;
2872;15;;;;;;;;;
2872;16;32.6;0;Ok;Injection;1580;1309;352;45;
2872;17;;;;;;;;;
2872;18;32.6;0;Ok;Injection;138;;;45;Contact nr 20
2872;19;;;;;;;;;
2872;20;32.6;0;Ok;Injection;403;;;45;
2872;21;;;;;;;;;
2872;22;32.6;0;Fractured 26-32m;Injection;91;;;45;
2872;23;;;;;;;;;
2872;24;32.6;0;Fractured 24-29m;Injection;1609;690;;45;
2883;1;32.6;0;Ok;Injection;97;;;45;
2883;2;;;;;;;;;
2883;3;32.6;0;Ok;Injection;81;;;45;
2883;4;;;;;;;;;
2883;5;32.6;0;Ok;Injection;81;;;45;
2883;6;;;;;;;;;
2883;7;32.6;0;Ok;Injection;680;;;45;
2883;8;;;;;;;;;
2883;9;32.6;0;Ok;Injection;891;;;45;
2883;10;;;;;;;;;
2883;11;32.6;0;Ok;Injection;1633;439;;45;
2883;12;;;;;;;;;
2883;13;32.6;0;Ok;Injection;1506;;;45;
2883;14;;;;;;;;;
2883;15;32.6;0;Ok;Injection;1504;13;;45;
2883;16;;;;;;;;;
2883;17;32.6;0;Ok;Injection;186;;;45;Connection too nr 21
2883;18;;;;;;;;;
2883;19;32.6;0;Ok;Injection;481;;;45;
2883;20;;;;;;;;;
2883;21;32.6;0;Ok;Injection;200;;;45;
2883;22;;;;;;;;;
2883;23;32.6;0;Ok;Injection;858;;;45;
2883;24;;;;;;;;;
2893;1;;;;;;;;;
2893;2;32.6;0;Ok;Injection;1546;1239;215;45;Start tidligere 0,6 beskjed fra BH
2893;3;;;;;;;;;
2893;4;32.6;0;Ok;Injection;1654;202;;45;
2893;5;32.6;0;Ok;Injection;5;;;45;
2893;6;;0;Shield;;;;;;
2893;7;;0;Shield;;;;;;
2893;8;32.6;0;Ok;Injection;462;;;0;Direct exit
2893;9;;;;;;;;;
2893;10;32.6;0;Ok;Injection;1698;1217;;45;
2893;11;32.6;0;Ok;Injection;1718;1250;138;45;
2893;12;;0;Shield;;;;;;
2893;13;;;;;;;;;
2893;14;32.6;0;Ok;Injection;1659;1283;188;45;
2893;15;;;;;;;;;
2893;16;28.45;0;Ok, broken rod 28,45;Injection;1602;1227;77;45;
2893;17;;;;;;;;;
2893;18;32.6;0;Ok;Injection;1888;1242;;45;
2893;19;;;;;;;;;
2893;20;32.6;0;Ok;Injection;4;;;50;
2893;21;;;;;;;;;
2893;22;32.6;0;Ok;Injection;1556;;;45;
2893;23;;;;;;;;;
2893;24;32.6;6;Ok;Injection;92;;;45;
2903;1;32.6;0;Ok;Injection;1631;;;47;
2903;2;;;;;;;;;
2903;3;32.6;0;Ok;Injection;1807;;;45;
2903;4;;;;;;;;;
2903;5;32.6;0;Ok;Injection;68;;;50;
2903;6;;;;;;;;;
2903;7;32.6;0;Ok;Injection;82;;;45;
2903;8;;;;;;;;;
2903;9;32.6;0;Ok;Injection;50;;;45;
2903;10;;;;;;;;;
2903;11;32.6;0;Ok;Injection;1659;1455;;35;Leak teleskopshield
2903;12;;;;;;;;;
2903;13;32.6;0;Ok;Injection;1668;1107;;45;
2903;14;;;;;;;;;
2903;15;32.6;0;Ok;Injection;1829;1353;;45;
2903;16;;;;;;;;;
2903;17;32.6;0;Ok;Injection;1715;1121;;45;
2903;18;;;;;;;;;
2903;19;32.6;0;Ok;Injection;79;;;50;
2903;20;;;;;;;;;
2903;21;32.6;0;Ok;Injection;77;;;50;
2903;22;;;;;;;;;
2903;23;32.6;0;Ok, fractured;Injection;846;1057;;45;Liten utgang cutterhead,  starter tidligere med 0.8
2903;24;;;;;;;;;
2913;1;;;;;;;;;
2913;2;32.6;0;Ok;Injection;1715;1529;;45;
2913;3;;;;;;;;;
2913;4;32.6;0;Ok;Injection;1602;1064;;43;Logged on nr 3 in bever. Stopp 08:55 - 10:50 pga tom silo
2913;5;;;;;;;;;
2913;6;4.1;0;Shield;Injection;;;;;
2913;7;32.6;0;Tellefeil (20,2m);Injection;218;;;45;
2913;8;32.6;0;Ok;Injection;1741;1371;1932;45;Stopp 08:55 - 10:50 pga tom silo
2913;9;;;;;;;;;
2913;10;32.6;0;Ok;Injection;3;;;50;
2913;11;;;;;;;;;
2913;12;32.6;0;Ok;Injection;1669;1234;1135;50;Stopp 08:55 - 10:50 pga tom silo
2913;13;;;;;;;;;
2913;14;32.6;0;Ok;Injection;449;;;45;
2913;15;;;;;;;;;
2913;16;32.6;0;Ok;Injection;1659;;;45;
2913;17;;;;;;;;;
2913;18;32.6;0;Ok;Injection;1704;256;;45;
2913;19;;;;;;;;;
2913;20;32.6;0;Ok;Injection;1694;1392;1306;45;Stopp 08:55-10:50 pga tom silo
2913;21;;;;;;;;;
2913;22;32.6;5;Ok;Injection;1551;728;;35;Leak teleskopshield,  stopped at 35 bar
2913;23;;;;;;;;;
2913;24;28.78;1;Stop28,78m brokenbit;Injection;1439;;;45;
2923;1;32.6;1;Ok;Injection;1927;1035;;45;
2923;2;;;;;;;;;
2923;3;32.6;0;Ok;Injection;1474;;;45;
2923;4;;;;;;;;;
2923;5;32.6;0;Sleppe 24m;Injection;1719;1205;;45;
2923;6;;;;;;;;;
2923;7;32.6;0;Ok;Injection;1381;;;45;Contact nr5
2923;8;;;;;;;;;
2923;9;32.6;0;Ok;Injection;2032;318;;45;
2923;10;;;;;;;;;
2923;11;32.6;0;Ok;Injection;1996;1330;2872;43;Pause fra 09:48-11:10 agree with client
2923;12;;;;;;;;;
2923;13;32.6;0;Ok;Injection;258;;;45;
2923;14;;;;;;;;;
2923;15;32.6;0;Ok;Injection;1518;;;45;
2923;16;;;;;;;;;
2923;17;32.6;0;Ok;Injection;562;;;45;
2923;18;;;;;;;;;
2923;19;32.6;0;Ok;Injection;45;;;45;
2923;20;;;;;;;;;
2923;21;32.6;0.5;Ok;Injection;1637;1376;1804;45;
2923;22;;;;;;;;;
2923;23;32.6;0;Ok;Injection;90;;;50;
2923;24;;;;;;;;;
2931;1;;;;;;;;;
2931;2;32.6;0;Ok;Injection;80;;;45;
2931;3;;;;;;;;;
2931;4;32.6;0;Ok;Injection;1461;;;45;
2931;5;;;;;;;;;
2931;6;32.6;0;Ok;Injection;1708;1261;;45;
2931;7;;;;;;;;;
2931;8;32.6;0;Ok;Injection;1725;1203;;45;
2931;9;;;;;;;;;
2931;10;32.6;0;Ok;Injection;792;;;45;
2931;11;;;;;;;;;
2931;12;32.6;0;Ok;Injection;1672;407;;45;
2931;13;;;;;;;;;
2931;14;32.6;0;Ok;Injection;2046;168;;43;
2931;15;;;;;;;;;
2931;16;32.6;0;Ok;Injection;1550;1228;384;45;
2931;17;;;;;;;;;
2931;18;32.6;0;Ok;Injection;82;;;45;
2931;19;;;;;;;;;
2931;20;32.6;0;Ok;Injection;85;;;45;
2931;21;;;;;;;;;
2931;22;32.6;0;Ok;Injection;1651;1042;;45;
2931;23;;;;;;;;;
2931;24;32.6;0;Ok;Injection;85;;;45;
2941;1;3.8;0;Shield;Injection;;;;;
2941;2;32.6;0;Ok;Injection;67;;;45;
2941;3;3;0;Shield;Injection;;;;;
2941;4;;;;;;;;;
2941;5;32.6;0;Ok;Injection;670;;;45;
2941;6;;;;;;;;;
2941;7;32.6;0;Ok;Injection;77;;;40;
2941;8;;;;;;;;;
2941;9;32.6;0;Ok;Injection;2010;1239;;45;
2941;10;;;;;;;;;
2941;11;32.6;0;Ok;Injection;2037;1191;1458;40;
2941;12;;;;;;;;;
2941;13;32.6;0;Ok;Injection;2020;1230;970;40;
2941;14;;;;;;;;;
2941;15;32.6;0;Ok;Injection;1986;1229;;45;
2941;16;;;;;;;;;
2941;17;32.6;0;Ok;Injection;832;;;45;
2941;18;;;;;;;;;
2941;19;32.6;0;Ok;Injection;106;;;45;
2941;20;;;;;;;;;
2941;21;32.6;0;Ok;Injection;255;;;45;
2941;22;;;;;;;;;
2941;23;32.6;0;Ok;Injection;73;;;45;
2941;24;32.6;0;Ok;Injection;79;;;45;
2951;1;;;;;;;;;
2951;2;32.6;2;Ok;Injection;611;;;45;
2951;3;;;;;;;;;
2951;4;32.6;2;Ok;Injection;715;;;45;
2951;5;;;;;;;;;
2951;6;32.6;0;Ok;Injection;2001;413;;45;
2951;7;;;;;;;;;
2951;8;32.6;1;Sleppe 30m;Injection;2010;1084;;45;
2951;9;;;;;;;;;
2951;10;32.6;0;Ok;Injection;2001;1048;;50;
2951;11;;;;;;;;;
2951;12;32.6;0;Ok;Injection;2016;1510;;45;
2951;13;;;;;;;;;
2951;14;32.6;0;Ok;Injection;208;;;45;
2951;15;;;;;;;;;
2951;16;32.6;0;Ok;Injection;1194;;;45;Contact nr18
2951;17;;;;;;;;;
2951;18;32.6;4;Sleppe 28m;Injection;2000;586;;45;
2951;19;;;;;;;;;
2951;20;32.6;1;Ok;Injection;2019;1644;;45;
2951;21;;;;;;;;;
2951;22;32.6;3;Ok;Injection;1916;;;45;
2951;23;;;;;;;;;
2951;24;32.6;1;Sleppe 31m;Injection;1584;;;45;
2961;1;32.6;0.5;Ok;Injection;82;;;45;
2961;2;32.6;15;Ok;Injection;2046;500;1428;42;
2961;3;;;;;;;;;
2961;4;;;;;;;;;
2961;5;32.6;0;Ok;Injection;40;;;45;Contact nr2
2961;6;;;;;;;;;
2961;7;32.6;0;Ok;Injection;2000;500;352;45;
2961;8;;;;;;;;;
2961;9;32.6;0;Ok;Injection;30;;;45;Contact 13
2961;10;;;;;;;;;
2961;11;32.6;0;Ok;Injection;2032;1217;277;45;Contact 9
2961;12;;;;;;;;;
2961;13;32.6;0;Ok, Sleppe 20m.;Injection;2010;1211;89;45;
2961;14;;;;;;;;;
2961;15;32.6;0;Ok;Injection;2017;1226;;45;
2961;16;;;;;;;;;
2961;17;32.6;0;Ok, Sleppe 25m;Injection;2022;1233;;45;
2961;18;;;;;;;;;
2961;19;32.6;0;Ok;Injection;94;;;45;
2961;20;;;;;;;;;
2961;21;32.6;3;Ok;Injection;2003;506;546;45;
2961;22;;;;;;;;;
2961;23;32.6;0;Ok, Sleppe 28m;Injection;82;;;45;
2961;24;;;;;;;;;
2971;1;;;;;;;;;
2971;2;32.6;0;Ok;Injection;2002;912;;45;Smal exit.
2971;3;;;;;;;;;
2971;4;32.6;8;Ok;Injection;2062;743;;45;Contact  nr24.
2971;5;;;;;;;;;
2971;6;32.6;0;Sleppe 30m;Injection;2027;912;;45;
2971;7;;;;;;;;;
2971;8;32.6;0;Ok;Injection;410;;;45;
2971;9;;;;;;;;;
2971;10;32.6;0;Ok;Injection;2117;1214;1262;50;
2971;11;;;;;;;;;
2971;12;3.6;0;Shield;Injection;;;;;
2971;13;32.6;0;Ok,Sleppe 6m;Injection;2084;1226;;45;
2971;14;32.6;0;Ok;Injection;2040;491;784;25;Small leak teleskopshield->0,7. Leak teleskopshield
2971;15;;;;;;;;;
2971;16;32.6;0;Ok;Injection;2034;1221;1219;45;Contact 18
2971;17;;;;;;;;;
2971;18;32.6;0;Ok;Injection;2017;1210;;45;
2971;19;;;;;;;;;
2971;20;32.6;0;Ok;Injection;339;;;45;
2971;21;;;;;;;;;
2971;22;32.6;2;Sleppe 1,8m 26m;Injection;208;;;45;
2971;23;;;;;;;;;
2971;24;32.6;10;Ok;Injection;2022;825;;45;
2981;1;32.6;0;Ok;Injection;103;;;45;
2981;2;;;;;;;;;
2981;3;32.6;0;Ok;Injection;1525;1202;642;9;Surface.
2981;4;;;;;;;;;
2981;5;32.6;0;Ok;Injection;350;1248;411;45;
2981;6;;;;;;;;;
2981;7;32.6;0;Ok;Injection;384;1210;1183;45;
2981;8;;;;;;;;;
2981;9;32.6;0;Ok;Injection;1509;1190;770;45;Contact 3,7 Pause 17:22-20:40.
2981;10;;;;;;;;;
2981;11;32.6;0;Ok;Injection;1512;1221;1209;45;Pause 17:22-20:35.
2981;12;;;;;;;;;
2981;13;32.6;0;Ok;Injection;1539;1207;;45;
2981;14;;;;;;;;;
2981;15;32.6;0;Ok;Injection;1516;1219;121;45;Contact 17,21
2981;16;;;;;;;;;
2981;17;32.6;0;Ok;Injection;1535;1200;758;45;Contact nr19.
2981;18;;;;;;;;;
2981;19;32.6;0;Ok;Injection;302;1203;1358;45;
2981;20;;;;;;;;;
2981;21;32.6;1.5;Ok;Injection;1500;1218;302;6;Surface.
2981;22;;;;;;;;;
2981;23;32.6;1.5;Ok;Injection;1501;1095;;14;Surface.
2981;24;;;;;;;;;
2989;1;;;;;;;;;
2989;2;32.6;0;Ok;Injection;276;;;35;
2989;3;;;;;;;;;
2989;4;32.6;0;Ok;Injection;85;;;35;
2989;5;;;;;;;;;
2989;6;32.6;0;Ok;Injection;88;;;35;
2989;7;;;;;;;;;
2989;8;32.6;0;Ok;Injection;2;;;35;
2989;9;;;;;;;;;
2989;10;32.6;0;Ok;Injection;1093;1015;367;35;Contact 8
2989;11;;;;;;;;;
2989;12;32.6;0;Ok;Injection;1076;998;542;35;
2989;13;;;;;;;;;
2989;14;32.6;0;Ok;Injection;1099;990;118;35;
2989;15;;;;;;;;;
2989;16;32.6;0;Ok;Injection;1010;1007;435;35;Contact 20
2989;17;;;;;;;;;
2989;18;32.6;0;Ok;Injection;1037;670;;35;
2989;19;;;;;;;;;
2989;20;32.6;0;Ok;Injection;807;;;35;
2989;21;;;;;;;;;
2989;22;32.6;0;Ok;Injection;640;;;35;
2989;23;;;;;;;;;
2989;24;32.6;0;Ok;Injection;325;;;35;
2999;1;32.6;2;Ok;Injection;1026;621;887;35;No pressure build up,
2999;2;;;;;;;;;
2999;3;32.6;5;Ok;Injection;573;;;35;
2999;4;;;;;;;;;
2999;5;32.6;3;Ok;Injection;1023;1045;2709;35;
2999;6;;;;;;;;;
2999;7;32.6;0;Ok;Injection;1192;1312;1820;35;Pause 08:48-09:25
2999;8;;;;;;;;;
2999;9;32.6;0;Ok;Injection;962;;;35;
2999;10;;;;;;;;;
2999;11;32.6;0;Sleppe 17m;Injection;1000;346;;35;Contact nr15
2999;12;;;;;;;;;
2999;13;32.6;0;Ok;Injection;1000;1354;1599;35;Pause 07:58-08:58
2999;14;;;;;;;;;
2999;15;32.6;0;Ok;Injection;686;;;35;
2999;16;;;;;;;;;
2999;17;32.6;0;Ok;Injection;68;;;35;Contact nr13
2999;18;;;;;;;;;
2999;19;32.6;0;Ok;Injection;2;;;35;Contact nr17
2999;20;;;;;;;;;
2999;21;32.6;2;"Ok
Ok";Injection;1005;1014;379;35;
2999;22;;;;;;;;;
2999;23;32.6;1;Ok;Injection;45;;;35;
2999;24;;;;;;;;;
3009;1;;;;;;;;;
3009;2;32.6;0;ok;Injection;136;;;35;
3009;3;;;;;;;;;
3009;4;32.6;0;ok;Injection;670;;;35;
3009;5;;;;;;;;;
3009;6;32.6;0;Ok;Injection;217;;;35;
3009;7;;;;;;;;;
3009;8;32.6;0;;Injection;353;;;35;
3009;9;;;;;;;;;
3009;10;32.6;0;;Injection;36;;;35;
3009;11;;;;;;;;;
3009;12;32.6;0;;Injection;695;;;35;
3009;13;;;;;;;;;
3009;14;32.6;16;;Injection;1029;568;;35;
3009;15;;;;;;;;;
3009;16;32.6;0;;Injection;845;;;35;
3009;17;;;;;;;;;
3009;18;32.6;0;Sleppe 25m;Injection;1004;655;43;35;Contact nr22.
3009;19;;;;;;;;;
3009;20;32.6;0;;Injection;80;;;35;
3009;21;;;;;;;;;
3009;22;32.6;0;;Injection;84;;;35;
3009;23;;;;;;;;;
3009;24;32.6;2;Ok;Injection;16;;;35;Contact nr18
3019;1;32.6;0;;Injection;512;;;35;
3019;2;;;;;;;;;
3019;3;32.6;0;;Injection;52;;;35;
3019;4;;;;;;;;;
3019;5;32.6;0;Sleppe17m;Injection;8;;;35;
3019;6;;;;;;;;;
3019;7;32.6;2;Ok;Injection;1566;66;;35;
3019;8;;;;;;;;;
3019;9;32.6;0;Sleppe 10m;Injection;520;;;35;
3019;10;;;;;;;;;
3019;11;32.6;0;Ok;Injection;5;;;35;
3019;12;;;;;;;;;
3019;13;32.6;0;Ok;Injection;1258;;;35;
3019;14;;;;;;;;;
3019;15;32.6;0;;Injection;40;;;35;
3019;16;;;;;;;;;
3019;17;;;;;;;;;
3019;18;32.6;0;Sleppe 10m;Injection;1612;920;;35;
3019;19;0;0;Traff skjold;;;;;;
3019;20;;;;;;;;;
3019;21;32.6;2;Ok;Injection;4;;;35;
3019;22;;;;;;;;;
3019;23;32.6;0;;Injection;1510;1402;949;35;
3019;24;;;;;;;;;
3029;1;;;;;;;;;
3029;2;32.6;5;Ok, tellefeil;Injection;1671;1643;593;40;
3029;3;;;;;;;;;
3029;4;32.6;5;Ok;Injection;1504;566;;40;
3029;5;;;;;;;;;
3029;6;32.6;3;;Injection;1533;110;;42;
3029;7;;;;;;;;;
3029;8;32.6;5;Ok;Injection;1370;;;40;
3029;9;;;;;;;;;
3029;10;32.6;0;Ok;Injection;1500;1311;;40;
3029;11;;;;;;;;;
3029;12;32.6;0;Tett,fekk ikke i pak;Injection;;;;;
3029;13;;;;;;;;;
3029;14;32.6;0;Ok;Injection;26;;;40;Contact nr 16
3029;15;;;;;;;;;
3029;16;32.6;0;Ok;Injection;1240;;;40;
3029;17;;;;;;;;;
3029;18;32.6;0;Ok;Injection;1507;1381;;44;
3029;19;;;;;;;;;
3029;20;32.6;0;Sleppe på 15m;Injection;79;;;45;Contact nr 18
3029;21;32.6;0;Ok;Injection;1511;960;;40;
3029;22;0;0;Traff skjold;;;;;;
3029;23;;;;;;;;;
3029;24;32.6;0;Ok;Injection;164;;;40;
3039;1;32.6;0;ok;Injection;77;;;40;
3039;2;;;;;;;;;
3039;3;32.6;0;ok;Injection;5;;;40;
3039;4;;;;;;;;;
3039;5;32.6;0;ok;Injection;5;;;40;
3039;6;;;;;;;;;
3039;7;32.6;0;ok;Injection;565;;;40;Contact nr5nr3.
3039;8;;;;;;;;;
3039;9;32.6;0;ok;Injection;1511;1335;1085;40;Contact nr 5-3
3039;10;;;;;;;;;
3039;11;32.6;0;ok;Injection;1118;;;40;
3039;12;;;;;;;;;
3039;13;21;0;Fastboring;Injection;1543;60;;40;
3039;14;;;;;;;;;
3039;15;32.6;0;"ok
ok";Injection;1527;845;;40;
3039;16;;;;;;;;;
3039;17;32.6;0;Dårlig fjell;Injection;1034;;;40;Contact nr19
3039;18;;;;;;;;;
3039;19;32.6;0;Ok;Injection;1503;;;40;
3039;20;;;;;;;;;
3039;21;32.6;0;Ok;Injection;1657;398;;40;
3039;22;;;;;;;;;
3039;23;32.6;0;ok;Injection;74;;;40;
3039;24;;;;;;;;;
3049;1;;;;;;;;;
3049;2;32.6;0;Ok;Injection;84;;;40;
3049;3;;;;;;;;;
3049;4;32.6;0;Ok;Injection;77;;;40;
3049;5;;;;;;;;;
3049;6;;;;;;;;;
3049;7;32.6;8;Sleppe 25m;Injection;1859;1450;4819;30;
3049;8;32.6;0;Ok;Injection;970;;;40;
3049;9;;;;;;;;;
3049;10;32.6;0;Ok;Injection;1245;;;40;
3049;11;;;;;;;;;
3049;12;32.6;0;Ok;Injection;671;;;40;
3049;13;;;;;;;;;
3049;14;32.6;0;Ok;Injection;584;;;40;
3049;15;;;;;;;;;
3049;16;32.6;0;Ok;Injection;695;;;40;
3049;17;;;;;;;;;
3049;18;21;0;Dårlig fjell;Injection;335;;;40;
3049;19;;;;;;;;;
3049;20;25;0;Fastbort;Injection;1682;1021;;40;
3049;21;;;;;;;;;
3049;22;32.6;5;Ok;Injection;1645;1435;2119;35;
3049;23;;;;;;;;;
3049;24;32.6;3;Ok;Injection;872;;;40;
3057;1;32.6;1;Ok;Injection;78;;;40;
3057;2;;;;;;;;;
3057;3;32.6;1;Ok;Injection;66;;;40;
3057;4;;;;;;;;;
3057;5;32.6;1;Ok;Injection;77;;;40;
3057;6;;;;;;;;;
3057;7;32.6;1;Ok;Injection;75;;;40;
3057;8;;;;;;;;;
3057;9;32.6;90;Sleppe 28m;Injection;1442;1339;6296;30;
3057;10;;;;;;;;;
3057;11;32.6;100;Dårlig fjell;Injection;1412;1309;5986;30;
3057;12;;;;;;;;;
3057;13;3;0;Dårlig fjell stop på;;;;;;
3057;14;2.5;0;Dårlig fjell stop på;;;;;;
3057;15;32.6;0;Dårlig fjell;Injection;1764;1138;643;40;
3057;16;;;;;;;;;
3057;17;32.6;0;Ok;Injection;1350;29;;40;
3057;18;;;;;;;;;
3057;19;32.6;1;Sleppe 25m;Injection;91;;;40;
3057;20;;;;;;;;;
3057;21;32.6;1;Ok;Injection;75;;;40;
3057;22;;;;;;;;;
3057;23;32.6;2;Ok;Injection;1095;;;40;
3057;24;;;;;;;;;
3059;1;;;;;;;;;
3059;2;28.5;0;Ok;Injection;1438;;;40;
3059;3;;;;;;;;;
3059;4;;;;;340;;;40;
3059;5;;;;;;;;;
3059;6;28.5;0;Ok;Injection;55;;;40;
3059;7;;;;;;;;;
3059;8;28.5;0;Sleppe 21m;Injection;484;;;40;
3059;9;;;;;;;;;
3059;10;28.5;0;Ok;Injection;617;;;40;
3059;11;;;;;;;;;
3059;12;28.5;0;Sleppe 25m dårligfje;Injection;207;;;0;Exit.
3059;13;;;;;;;;;
3059;14;;;;;68;;;40;
3059;15;;;;;;;;;
3059;16;;;;;44;;;40;
3059;17;;;;;;;;;
3059;18;28.5;0;Ok;Injection;68;;;40;
3059;19;;;;;;;;;
3059;20;28.5;0;Ok;Injection;72;;;40;
3059;21;;;;;;;;;
3059;22;;;;;70;;;40;
3059;23;;;;;;;;;
3059;24;;;;;85;;;40;
3067;1;32.6;0;Ok;Injection;105;;;40;
3067;2;;;;;;;;;
3067;3;32.6;3;Ok;Injection;107;;;40;
3067;4;;;;;;;;;
3067;5;32.6;0;Ok;Injection;70;;;40;
3067;6;;;;;;;;;
3067;7;32.6;0;Ok;Injection;38;;;40;
3067;8;;;;;;;;;
3067;9;32.6;0;Ok;Injection;1398;1126;677;40;
3067;10;;;;;;;;;
3067;11;32.6;0;Ok;Injection;1352;1295;1049;40;
3067;12;;;;;;;;;
3067;13;32.6;0;Ok;Injection;126;;;40;
3067;14;;;;;;;;;
3067;15;32.6;0;Ok;Injection;1342;1541;1418;40;
3067;16;;;;;;;;;
3067;17;32.6;0;Ok;Injection;248;;;40;
3067;18;;;;;;;;;
3067;19;32.6;0;Ok;Injection;81;;;40;
3067;20;;;;;;;;;
3067;21;32.6;2;Ok;Injection;467;;;40;
3067;22;;;;;;;;;
3067;23;32.6;4;Ok;Injection;492;;;40;
3067;24;;;;;;;;;
3077;1;32.6;1;Sleppe 6m;Injection;688;;;25;
3077;2;32.6;3;;Injection;93;;;25;
3077;3;;;;;;;;;
3077;4;;;;;;;;;
3077;5;32.6;5;;Injection;1753;;;;Stopp paa Antall liter
3077;6;;;;;;;;;
3077;7;;;;;;;;;
3077;8;;;;;;;;;
3077;9;;;;;;;;;
3077;10;;;;;;;;;
3077;11;;;;;;;;;
3077;12;;;;;;;;;
3077;13;;;;;;;;;
3077;14;;;;;;;;;
3077;15;;;;;;;;;
3077;16;;;;;;;;;
3077;17;;;;;;;;;
3077;18;;;;;;;;;
3077;19;32.6;0;;Injection;74;;;25;
3077;20;;;;;;;;;
3077;21;32.6;1;;Injection;89;;;25;
3077;22;;;;;;;;;
3077;23;32.6;0;;Injection;78;;;25;
3077;24;;;;;;;;;
3079;1;;;;;;;;;
3079;2;28.3;0;Ok;Injection;66;;;30;
3079;3;;;;;;;;;
3079;4;28.3;10;Ok;Injection;64;;;30;
3079;5;;;;;;;;;
3079;6;;;;;;;;;
3079;7;28.3;0;Ok;Injection;65;;;30;
3079;8;28.3;0;Ok;Injection;20;;;30;
3079;9;;;;;;;;;
3079;10;28.3;0;Ok;Injection;910;;;30;
3079;11;;;;;;;;;
3079;12;28.3;0;Ok;Injection;1030;139;;30;
3079;13;;;;;;;;;
3079;14;28.3;0;Ok;Injection;1118;598;;30;
3079;15;;;;;;;;;
3079;16;28.3;0;Ok;Injection;994;892;;30;
3079;17;;;;;;;;;
3079;18;28.3;4;Ok;Injection;66;;;30;
3079;19;;;;;;;;;
3079;20;28.3;2;Ok;Injection;180;;;30;
3079;21;;;;;;;;;
3079;22;28.3;0;Ok;Injection;67;;;30;
3079;23;;;;;;;;;
3079;24;28.3;0;Ok;Injection;66;;;30;
3085;1;;;;;;;;;
3085;2;32.6;0;Ok;Injection;1501;1012;456;19;
3085;3;;;;;;;;;
3085;4;32.6;0;Ok;Injection;79;;;30;
3085;5;32.6;0;Ok;Injection;405;;;30;
3085;6;;;;;;;;;
3085;7;;;;;;;;;
3085;8;;;;;;;;;
3085;9;;;;;;;;;
3085;10;;;;;;;;;
3085;11;;;;;;;;;
3085;12;;;;;;;;;
3085;13;;;;;;;;;
3085;14;;;;;;;;;
3085;15;;;;;;;;;
3085;16;;;;;;;;;
3085;17;;;;;;;;;
3085;18;;;;;;;;;
3085;19;;;;;;;;;
3085;20;32.6;0;Ok;Injection;97;;;30;
3085;21;;;;;;;;;
3085;22;32.6;0;Ok;Injection;84;;;30;
3085;23;;;;;;;;;
3085;24;32.6;0;Ok;Injection;84;;;30;
3087;1;28.6;0;Ok;Injection;74;;;30;
3087;2;;;;;;;;;
3087;3;28.6;0;Ok;Injection;73;;;30;
3087;4;;;;;;;;;
3087;5;28.6;0;Ok;Injection;71;;;30;
3087;6;;;;;;;;;
3087;7;28.6;0;Ok;Injection;71;;;30;
3087;8;;;;;;;;;
3087;9;28.6;0;Ok;Injection;49;;;30;
3087;10;;;;;;;;;
3087;11;28.6;0;Ok;Injection;171;;;30;
3087;12;;;;;;;;;
3087;13;28.6;0;Ok;Injection;78;;;30;
3087;14;;;;;;;;;
3087;15;28.6;0;Ok;Injection;79;;;30;
3087;16;;;;;;;;;
3087;17;28.6;0;Ok;Injection;69;;;30;
3087;18;;;;;;;;;
3087;19;28.6;0;Ok;Injection;71;;;30;
3087;20;;;;;;;;;
3087;21;28.6;0;Ok;Injection;72;;;30;
3087;22;;;;;;;;;
3087;23;28.6;0;Ok;Injection;68;;;30;
3087;24;;;;;;;;;
3093;1;32.6;0;Ok;Injection;1496;502;;25;
3093;2;;;;;;;;;
3093;3;32.6;0;Ok;Injection;1538;1174;244;20;
3093;4;32.6;0;Ok;Injection;1578;1215;386;20;
3093;5;3;0;Skjold;;;;;;
3093;6;;;;;;;;;
3093;7;;;;;;;;;
3093;8;;;;;;;;;
3093;9;;;;;;;;;
3093;10;;;;;;;;;
3093;11;;;;;;;;;
3093;12;;;;;;;;;
3093;13;;;;;;;;;
3093;14;;;;;;;;;
3093;15;;;;;;;;;
3093;16;;;;;;;;;
3093;17;;;;;;;;;
3093;18;;;;;;;;;
3093;19;3;0;Skjold;;;;;;
3093;20;32.6;0;Ok;Injection;1512;584;;25;
3093;21;32.6;0;Ok;Injection;1565;602;;25;
3093;22;;;;;;;;;
3093;23;32.6;0;Ok;Injection;1672;996;200;20;
3093;24;;;;;;;;;
3095;1;;;;;;;;;
3095;2;28.6;0;Ok;Injection;86;;;30;
3095;3;;;;;;;;;
3095;4;28.6;0;Ok;Injection;90;;;30;
3095;5;;;;;;;;;
3095;6;5.19;0;Stopp shield;;;;;;
3095;7;28.6;0;Ok;Injection;88;;;30;
3095;8;3.5;0;Stopp shield;;;;;;
3095;9;28.6;0;Ok;Injection;209;;;30;
3095;10;28.6;0;Ok;Injection;82;;;30;
3095;11;;;;;;;;;
3095;12;28.6;0;Ok;Injection;72;;;30;
3095;13;;;;;;;;;
3095;14;28.6;3;Ok;Injection;950;;;30;
3095;15;;;;;;;;;
3095;16;28.6;0;Ok;Injection;1103;1183;;28;
3095;17;;;;;;;;;
3095;18;28.6;0;Ok;Injection;81;;;30;
3095;19;;;;;;;;;
3095;20;28.6;0;Ok;Injection;73;;;30;
3095;21;;;;;;;;;
3095;22;28.6;0;Ok;Injection;70;;;30;
3095;23;;;;;;;;;
3095;24;28.6;0;Ok;Injection;94;;;30;
3101;1;;;;;;;;;
3101;2;32.6;0;Sleppe 25m;Injection;815;;;30;
3101;3;;;;;;;;;
3101;4;32.6;0;Sleppe 22m;Injection;58;;;30;
3101;5;32.6;0;Ok;Injection;402;;;30;
3101;6;;;;;;;;;
3101;7;;;;;;;;;
3101;8;;;;;;;;;
3101;9;;;;;;;;;
3101;10;;;;;;;;;
3101;11;;;;;;;;;
3101;12;;;;;;;;;
3101;13;;;;;;;;;
3101;14;;;;;;;;;
3101;15;;;;;;;;;
3101;16;;;;;;;;;
3101;17;;;;;;;;;
3101;18;;;;;;;;;
3101;19;;;;;;;;;
3101;20;32.6;10;Ok;Injection;1577;267;;25;
3101;21;;;;;;;;;
3101;22;32.6;0;Ok;Injection;85;;;30;
3101;23;;;;;;;;;
3101;24;32.6;0;Ok;Injection;1599;104;;25;
3103;1;28.6;0;Sleppe 22m;Injection;1089;138;;37;
3103;2;;;;;;;;;
3103;3;28.6;0;;Injection;63;;;30;
3103;4;;;;;;;;;
3103;5;28.6;0;;Injection;97;;;30;
3103;6;;;;;;;;;
3103;7;28.6;0;;Injection;335;;;30;
3103;8;;;;;;;;;
3103;9;3;0;Skjold;;;;;;
3103;10;28.6;0;;Injection;1069;1065;;28;
3103;11;28.6;0;;Injection;75;;;30;
3103;12;;;;;;;;;
3103;13;28.6;0;;Injection;1021;1170;;0;Big exit teleskopshield
3103;14;;;;;;;;;
3103;15;28.6;0;;Injection;1154;41;;30;
3103;16;;;;;;;;;
3103;17;28.6;0;;Injection;197;;;30;
3103;18;28.6;0;;Injection;47;;;30;
3103;19;3;0;Skjold;;;;;;
3103;20;;;;;;;;;
3103;21;28.6;1;;Injection;437;;;30;
3103;22;;;;;;;;;
3103;23;28.6;0;;Injection;68;;;30;
3103;24;;;;;;;;;
3109;1;;;;;;;;;
3109;2;32.6;0;Ok;Injection;67;;;35;
3109;3;;;;;;;;;
3109;4;32.6;0;Ok;Injection;78;;;35;
3109;5;;;;;;;;;
3109;6;32.6;0;Ok;Injection;451;;;35;
3109;7;;;;;;;;;
3109;8;32.6;0;Ok;Injection;990;732;;30;
3109;9;;;;;;;;;
3109;10;32.6;0;Ok;Injection;1110;555;;35;
3109;11;;;;;;;;;
3109;12;32.6;0;Ok;Injection;183;;;35;
3109;13;;;;;;;;;
3109;14;32.6;0;Ok;Injection;5;;;50;
3109;15;;;;;;;;;
3109;16;32.6;0;Ok;Injection;110;;;35;
3109;17;;;;;;;;;
3109;18;32.6;0;Ok;Injection;95;;;35;
3109;19;;;;;;;;;
3109;20;32.6;0;Ok;Injection;1;;;50;
3109;21;;;;;;;;;
3109;22;32.6;0;Ok;Injection;136;;;35;
3109;23;;;;;;;;;
3109;24;32.6;0;Ok;Injection;79;;;35;
3117;1;32.6;5;Ok;Injection;1107;992;;34;
3117;2;;;;;;;;;
3117;3;32.6;5;Ok;Injection;1060;1182;;33;
3117;4;;;;;;;;;
3117;5;17.5;0;Sleppe .borkrone;Injection;1045;881;;35;
3117;6;3;0;Skjold;;;;;;
3117;7;32.6;0;Ok;Injection;1146;1016;;33;
3117;8;3;0;Skjold;;;;;;
3117;9;3;0;Skjold;;;;;;
3117;10;32.6;0;Ok;Injection;45;;;35;
3117;11;32.6;0;Ok;Injection;49;;;35;
3117;12;;;;;;;;;
3117;13;32.6;0;Ok;Injection;318;;;35;
3117;14;;;;;;;;;
3117;15;32.6;0;Ok;Injection;206;;;35;
3117;16;;;;;;;;;
3117;17;;;;;;;;;
3117;18;32.6;0;Ok;Injection;85;;;35;
3117;19;32.6;0;Ok;Injection;175;;;35;
3117;20;;;;;;;;;
3117;21;32.6;0;Sleppe 8m;Injection;77;;;35;
3117;22;;;;;;;;;
3117;23;32.6;10;Ok;Injection;1028;1207;1116;25;
3117;24;;;;;;;;;
3125;1;;;;;;;;;
3125;2;32.6;0;Ok;Injection;24;;;45;
3125;3;;;;;;;;;
3125;4;32.6;0;Ok;Injection;1055;1025;422;30;
3125;5;;;;;;;;;
3125;6;;;;;;;;;
3125;7;32.6;0;Ok;Injection;100;;;40;
3125;8;32.6;0;Ok;Injection;217;;;35;
3125;9;;;;;;;;;
3125;10;32.6;0;Ok;Injection;87;;;35;
3125;11;32.6;0;Ok;Injection;993;1030;;30;
3125;12;3;0;Shield;;;;;;
3125;13;;;;;;;;;
3125;14;32.6;0;Ok;Injection;1032;103;;35;
3125;15;;;;;;;;;
3125;16;32.6;0;Ok;Injection;1061;1071;;35;
3125;17;;;;;;;;;
3125;18;32.6;0;Ok;Injection;82;;;40;
3125;19;;;;;;;;;
3125;20;32.6;0;Ok;Injection;222;;;35;
3125;21;;;;;;;;;
3125;22;32.6;0;Ok;Injection;86;;;40;
3125;23;;;;;;;;;
3125;24;32.6;0;Ok;Injection;984;959;443;30;
3135;1;32.6;0;Ok;Injection;89;;;42;
3135;2;;;;;;;;;
3135;3;32.6;0;Ok;Injection;82;;;37;
3135;4;32.6;0;Ok;Injection;119;;;32;Small exit teleskopshield
3135;5;;;Shield;;;;;;
3135;6;;;Shield;;;;;;
3135;7;32.6;0;Ok;Injection;149;;;35;
3135;8;;;;;;;;;
3135;9;32.6;0;Ok;Injection;95;;;35;
3135;10;;;;;;;;;
3135;11;32.6;0;Ok;Injection;114;;;35;
3135;12;;;;;;;;;
3135;13;32.6;0;Ok;Injection;94;;;35;
3135;14;;;;;;;;;
3135;15;32.6;0;Ok;Injection;114;;;35;
3135;16;32.6;0;Ok;Injection;244;;;35;
3135;17;;;;;;;;;
3135;18;;;;;;;;;
3135;19;32.6;0;Ok;Injection;604;;;32;
3135;20;;;;;;;;;
3135;21;32.6;0;Ok;Injection;81;;;45;
3135;22;;;;;;;;;
3135;23;32.6;0;Ok;Injection;5;;;50;
3135;24;;;;;;;;;
3145;1;;;;;;;;;
3145;2;32.6;0;Ok;Injection;86;;;40;
3145;3;;;;;;;;;
3145;4;32.6;0;Ok;Injection;81;;;35;
3145;5;;;;;;;;;
3145;6;32.6;0;Ok;Injection;618;;;35;
3145;7;;;;;;;;;
3145;8;;;Shield;;;;;;
3145;9;32.6;0;Ok;Injection;195;;;35;
3145;10;32.6;0;Ok;Injection;1038;498;;35;
3145;11;;;;;;;;;
3145;12;32.6;0;Ok;Injection;197;;;35;
3145;13;;;;;;;;;
3145;14;32.6;0;Ok;Injection;501;;;35;
3145;15;;;;;;;;;
3145;16;32.6;0;Ok;Injection;1084;516;;30;Leak in teleskopshield
3145;17;;;;;;;;;
3145;18;32.6;0;Ok;Injection;90;;;38;
3145;19;;;;;;;;;
3145;20;32.6;0;Ok;Injection;95;;;35;
3145;21;;;;;;;;;
3145;22;32.6;0;Ok;Injection;126;;;28;Leak in teleskopshield
3145;23;;;;;;;;;
3145;24;32.6;0;Ok;Injection;92;;;38;
3155;1;32.6;0;Ok;Injection;87;;;40;
3155;2;;;;;;;;;
3155;3;32.6;0;Ok;Injection;80;;;40;
3155;4;;;;;;;;;
3155;5;;;Shield;;;;;;
3155;6;32.6;0;Ok;Injection;1016;966;;40;
3155;7;32.6;0;Ok;Injection;1027;1042;;40;Packerloosened, placed new.
3155;8;;;;;;;;;
3155;9;32.6;0;Ok;Injection;1013;1022;719;35;
3155;10;;;;;;;;;
3155;11;32.6;0;Ok;Injection;1005;20;;40;
3155;12;;;;;;;;;
3155;13;32.6;0;Ok;Injection;1020;1026;;40;
3155;14;;;;;;;;;
3155;15;32.6;0;Ok;Injection;720;;;40;
3155;16;;;;;;;;;
3155;17;32.6;0;Ok;Injection;1070;1014;;40;
3155;18;;;;;;;;;
3155;19;32.6;0;Ok;Injection;1053;1017;;40;
3155;20;;;;;;;;;
3155;21;32.6;0;Ok;Injection;1057;549;;40;
3155;22;;;;;;;;;
3155;23;32.6;0;Ok;Injection;555;;;40;
3155;24;;;;;;;;;
3165;1;;;;;;;;;
3165;2;32.6;1;Ok;Injection;958;;;40;
3165;3;;;;;;;;;
3165;4;32.6;0;Ok;Injection;84;;;45;
3165;5;;;;;;;;;
3165;6;3;0;Shield;;;;;;
3165;7;32.6;0;Ok;Injection;40;;;40;
3165;8;32.6;0;Ok;Injection;1003;572;;43;
3165;9;;;;;;;;;
3165;10;32.6;0;Ok;Injection;1014;1054;;40;
3165;11;;;;;;;;;
3165;12;32.6;0;Ok;Injection;1055;175;;40;
3165;13;;;;;;;;;
3165;14;32.6;0;Ok;Injection;1013;1022;;50;
3165;15;;;;;;;;;
3165;16;32.6;0;Ok;Injection;1095;1021;;53;
3165;17;;;;;;;;;
3165;18;32.6;0;Ok;Injection;744;;;40;
3165;19;;;;;;;;;
3165;20;32.6;0;Ok;Injection;1032;139;;40;
3165;21;;;;;;;;;
3165;22;32.6;0;Ok;Injection;90;;;40;
3165;23;;;;;;;;;
3165;24;32.6;1;Ok;Injection;200;;;40;
3173;1;32.6;0;Ok;Injection;672;;;39;
3173;2;32.6;0;Ok;Injection;86;;;53;
3173;3;;;Shield;;;;;;
3173;4;;;;;;;;;
3173;5;32.6;0;Ok;Injection;1001;162;;40;
3173;6;;;Shield;;;;;;
3173;7;;;Shield;;;;;;
3173;8;32.6;0;Ok;Injection;100;;;40;
3173;9;32.6;0;Ok;Injection;1029;1108;1171;30;
3173;10;;;;;;;;;
3173;11;32.6;0;Ok;Injection;1016;1042;;40;
3173;12;;;;;;;;;
3173;13;32.6;0;Ok;Injection;1042;1101;;40;
3173;14;;;;;;;;;
3173;15;32.6;0;Ok;Injection;1043;263;;40;
3173;16;;;;;;;;;
3173;17;32.6;0;Ok;Injection;1032;1046;62;40;
3173;18;;;;;;;;;
3173;19;32.6;0;Ok;Injection;1015;1028;;37;
3173;20;;;;;;;;;
3173;21;32.6;0;Ok;Injection;82;;;48;
3173;22;;;;;;;;;
3173;23;32.6;0;Ok;Injection;571;;;45;
3173;24;;;;;;;;;
3183;1;;;;;;;;;
3183;2;32.6;0;Ok;Injection;94;;;42;
3183;3;;;;;;;;;
3183;4;32.6;0;Ok;Injection;84;;;40;
3183;5;;;;;;;;;
3183;6;32.6;0;Ok;Injection;81;;;40;
3183;7;;;;;;;;;
3183;8;32.6;0;Ok;Injection;41;;;50;
3183;9;;;;;;;;;
3183;10;32.6;0;Ok;Injection;297;;;45;
3183;11;32.6;0;Ok;Injection;7;;;48;
3183;12;;;Shield;;;;;;
3183;13;;;;;;;;;
3183;14;32.6;0;Ok;Injection;183;;;40;
3183;15;;;;;;;;;
3183;16;32.6;0;Ok;Injection;85;;;40;
3183;17;;;;;;;;;
3183;18;32.6;0;Ok;Injection;1062;1055;47;45;
3183;19;;;;;;;;;
3183;20;32.6;0;Ok;Injection;803;;;40;
3183;21;;;;;;;;;
3183;22;32.6;0;Ok;Injection;700;;;40;
3183;23;;;;;;;;;
3183;24;32.6;5;Ok;Injection;1034;677;;40;
3193;1;18;0;Had to leave rods;Injection;;;;;
3193;2;;;;;;;;;
3193;3;32.6;0;Ok, fractured;Injection;96;;;40;
3193;4;;;;;;;;;
3193;5;32.6;0;Ok;Injection;798;;;40;
3193;6;;;;;;;;;
3193;7;32.6;0;;Injection;176;;;52;
3193;8;32.6;0;Ok;Injection;17;;;50;
3193;9;3.6;0;Shield;;;;;;
3193;10;;;;;;;;;
3193;11;32.6;0;Ok;Injection;0;;;60;
3193;12;;;;;;;;;
3193;13;32.6;0;Ok;Injection;2;;;60;
3193;14;;;;;;;;;
3193;15;32.6;0;Ok;Injection;10;;;50;
3193;16;;;;;;;;;
3193;17;32.6;0;Ok;Injection;16;;;50;
3193;18;;;;;;;;;
3193;19;32.6;0;Ok;Injection;84;;;47;
3193;20;;;;;;;;;
3193;21;32.6;0;Ok,  fractured;Injection;90;;;46;
3193;22;32.6;0;Ok;Injection;100;;;42;
3193;23;32.6;0;Ok,  fractured;Injection;141;;;40;
3193;24;;;;;;;;;
3203;1;;;;;;;;;
3203;2;32.6;0;Ok;Injection;89;;;50;
3203;3;;;;;;;;;
3203;4;32.6;0;Ok;Injection;710;;;40;
3203;5;;;;;;;;;
3203;6;32.6;0;Ok;Injection;285;;;40;
3203;7;;;;;;;;;
3203;8;32.6;0;Ok;Injection;146;;;43;
3203;9;;;;;;;;;
3203;10;32.6;0;Ok;Injection;1024;1034;271;38;
3203;11;;;;;;;;;
3203;12;32.6;0;Ok;Injection;1012;1066;238;35;
3203;13;;;;;;;;;
3203;14;32.6;0;Ok;Injection;130;;;45;
3203;15;;;;;;;;;
3203;16;32.6;0;Ok;Injection;51;;;50;
3203;17;;;;;;;;;
3203;18;32.6;0;Ok;Injection;39;;;50;
3203;19;;;;;;;;;
3203;20;32.6;0;Ok;Injection;89;;;50;
3203;21;;;;;;;;;
3203;22;32.6;0;Ok;Injection;87;;;50;
3203;23;;;;;;;;;
3203;24;32.6;0;Ok;Injection;87;;;46;
3213;1;32.6;0;Ok;Injection;995;449;;43;
3213;2;32.6;0;Ok;Injection;83;;;43;
3213;3;;;Shield;;;;;;
3213;4;;;;;;;;;
3213;5;32.6;0;Ok;Injection;1025;1000;;42;
3213;6;;;;;;;;;
3213;7;32.6;0;Ok;Injection;715;;;40;
3213;8;;;;;;;;;
3213;9;31.19;0;Ok, stop 31m;Injection;1000;610;;40;
3213;10;;;;;;;;;
3213;11;32.6;0;Ok;Injection;1015;1000;;40;
3213;12;;;;;;;;;
3213;13;32.6;0;Ok;Injection;1053;1062;;40;
3213;14;;;;;;;;;
3213;15;32.6;0;Ok;Injection;1021;412;;40;
3213;16;;;;;;;;;
3213;17;32.6;0;Ok;Injection;1047;689;;40;Contact 21
3213;18;;;;;;;;;
3213;19;32.6;0;Ok;Injection;1004;664;;40;
3213;20;;;;;;;;;
3213;21;32.6;0;Ok;Injection;1015;1014;331;38;
3213;22;;;;;;;;;
3213;23;32.6;0;Ok;Injection;32;;;45;
3213;24;;;;;;;;;
3223;1;;;;;;;;;
3223;2;32.6;0;Ok;Injection;1011;191;46;40;Exit shield->0,6
3223;3;;;;;;;;;
3223;4;32.6;0;Ok;Injection;1005;186;;40;
3223;5;;;;;;;;;
3223;6;;;Shield;;;;;;
3223;7;32.6;0;Ok;Injection;1053;297;259;35;Contact 4. Exit CH start 0,6 paused 16:02-17:25
3223;8;32.6;0;Ok;Injection;253;;;0;Direct exit CH
3223;9;;;;;;;;;
3223;10;32.6;0;;Injection;997;1016;326;40;Exit CH start 0,6 paused 16:03-17-34
3223;11;;;;;;;;;
3223;12;32.6;0;Ok;Injection;1017;1016;1;43;Exit CH paused 16:17-17:45
3223;13;;;;;;;;;
3223;14;32.6;0;Ok;Injection;100;;;43;
3223;15;;;;;;;;;
3223;16;32.6;0;Ok;Injection;31;;;55;
3223;17;;;;;;;;;
3223;18;32.6;0;Ok;Injection;49;;;47;
3223;19;;;;;;;;;
3223;20;32.6;0;Ok;Injection;69;;;45;
3223;21;;;;;;;;;
3223;22;32.6;3;Ok;Injection;394;;;40;
3223;23;;;;;;;;;
3223;24;32.6;0;Ok;Injection;1024;85;253;27;Exit shield/CH->0,6
3233;1;32.6;0.5;Ok, sleppe 25m;Injection;922;1002;217;35;
3233;2;;;;;;;;;
3233;3;32.6;0.5;Ok;Injection;1064;355;1627;35;Exit CH->0,7->0,6
3233;4;;;;;;;;;
3233;5;32.6;0;Sleppe 25m;Injection;304;;;40;Contact from 15-17
3233;6;;;;;;;;;
3233;7;32.6;0;Ok;Injection;1006;754;;40;Contact 3 exit CH/ ring build shield->0,7
3233;8;;;;;;;;;
3233;9;32.6;0;Ok;Injection;1013;720;;40;Exit CH/ring build shield->0,7
3233;10;;;;;;;;;
3233;11;32.6;0;Ok;Injection;89;;;44;
3233;12;;;;;;;;;
3233;13;32.6;0;Ok;Injection;168;;;40;
3233;14;;;;;;;;;
3233;15;32.6;0;Ok;Injection;1023;314;773;28;Exit CH->0,6 exit ring build shield
3233;16;;;;;;;;;
3233;17;32.6;0;Ok;Injection;810;185;475;28;Exit CH->0,8 ->0,6 exit ring build shield
3233;18;;;;;;;;;
3233;19;32.6;0;Ok;Injection;543;197;46;40;Contact 21 exit CH->0,8->0,6
3233;20;;;;;;;;;
3233;21;32.6;0;Ok;Injection;313;;;40;
3233;22;;;;;;;;;
3233;23;32.6;1;Ok, sleppe 25m;Injection;1025;1022;251;35;
3233;24;;;;;;;;;
3241;1;;;;;;;;;
3241;2;32.6;0;Ok;Injection;4;;;45;
3241;3;;;;;;;;;
3241;4;32.6;1;Ok;Injection;1507;962;;40;Contact 2
3241;5;;;;;;;;;
3241;6;32.6;0;Ok;Injection;1513;94;;40;
3241;7;;;;;;;;;
3241;8;32.6;0;Ok;Injection;274;;;40;
3241;9;;;;;;;;;
3241;10;32.6;0;Ok;Injection;120;;;40;
3241;11;;;;;;;;;
3241;12;32.6;0;Telte 1 stang feil;Injection;1316;1245;178;40;
3241;13;;;;;;;;;
3241;14;32.6;0;Sleppe 25m;Injection;1471;1221;999;37;
3241;15;;;;;;;;;
3241;16;32.6;0;Dårlig fjell;Injection;1504;253;;40;
3241;17;;;;;;;;;
3241;18;32.6;0;Ok;Injection;465;;;40;
3241;19;;;;;;;;;
3241;20;32.6;3;Ok;Injection;1521;656;;40;Contact 24
3241;21;;;;;;;;;
3241;22;32.6;0;Ok;Injection;1510;1102;;40;
3241;23;;;;;;;;;
3241;24;32.6;1;Ok;Injection;4;;;46;
3251;1;3.2;0;Gjekk I sjoldet;Injection;;;;;
3251;2;32.6;0;Ok;Injection;91;;;45;
3251;3;;;;;;;;;
3251;4;;;;;;;;;
3251;5;32.6;0;Ok;Injection;83;;;45;
3251;6;;;;;;;;;
3251;7;32.6;0;Sleppe 12m;Injection;89;;;40;
3251;8;;;;;;;;;
3251;9;32.6;0;Ok;Injection;42;;;45;Contact nr 10
3251;10;;;;;;;;;
3251;11;32.6;0;Ok;Injection;1304;;;45;
3251;12;;;;;;;;;
3251;13;32.6;0;Ok;Injection;849;;;40;
3251;14;;;;;;;;;
3251;15;32.6;0;Ok;Injection;618;;;45;
3251;16;;;;;;;;;
3251;17;32.6;0;Ok;Injection;162;;;40;
3251;18;;;;;;;;;
3251;19;32.6;0;Sleppe 22m;Injection;73;;;40;
3251;20;;;;;;;;;
3251;21;32.6;0;Ok;Injection;626;;;40;
3251;22;;;;;;;;;
3251;23;32.6;0;Ok;Injection;90;;;41;
3251;24;32.6;0;Ok;Injection;91;;;40;
3261;1;;;;;;;;;
3261;2;32.6;0;Ok;Injection;810;;;40;
3261;3;;;;;;;;;
3261;4;32.6;0;Ok;Injection;223;;;40;
3261;5;;;;;;;;;
3261;6;32.6;0;Ok;Injection;734;;;40;
3261;7;;;;;;;;;
3261;8;32.6;0;Ok;Injection;99;;;41;
3261;9;;;;;;;;;
3261;10;32.6;0;Ok;Injection;1129;;;40;Contact 8,4
3261;11;;;;;;;;;
3261;12;32.6;0;Ok;Injection;168;;;40;
3261;13;;;;;;;;;
3261;14;32.6;0;Sleppe 3m.17m.;Injection;1392;703;;45;Contact 22. Small exit CH->0,8
3261;15;;;;;;;;;
3261;16;32.6;0;Ok;Injection;896;;;40;
3261;17;;;;;;;;;
3261;18;32.6;0;Ok, Sleppe 8m.;Injection;896;;;40;
3261;19;;;;;;;;;
3261;20;32.6;0;Ok;Injection;198;;;40;
3261;21;;;;;;;;;
3261;22;32.6;0;Ok;Injection;437;;;40;
3261;23;;;;;;;;;
3261;24;32.6;0;Ok;Injection;110;;;40;Contact 14-16, exit behind packer 24, placed new behind
3271;1;32.6;0;Ok;Injection;348;;314;22;Exit CH->0,6
3271;2;;;;;;;;;
3271;3;32.6;0;Ok;Injection;84;;;40;
3271;4;;;;;;;;;
3271;5;32.6;0;Ok;Injection;812;;171;24;Exit CH->0,6
3271;6;;;;;;;;;
3271;7;32.6;1;Ok;Injection;513;;;40;
3271;8;;;;;;;;;
3271;9;32.6;0;Ok;Injection;1509;1223;34;27;Exit CH
3271;10;;;;;;;;;
3271;11;32.6;0;Ok;Injection;1511;1223;53;22;Exit CH
3271;12;;;;;;;;;
3271;13;32.6;0;Ok;Injection;1502;1217;12;25;Exit CH
3271;14;;;;;;;;;
3271;15;32.6;0;Ok;Injection;7;;;50;
3271;16;;;;;;;;;
3271;17;32.6;0;Ok;Injection;1514;1236;45;24;Contact 19,21,23. Exit CH
3271;18;;;;;;;;;
3271;19;32.6;0;Ok;Injection;185;;366;24;Exit CH->0,6
3271;20;;;;;;;;;
3271;21;32.6;0;Ok;Injection;155;;406;25;Exit CH->0,6
3271;22;;;;;;;;;
3271;23;32.6;0;Ok;Injection;386;;288;25;Exit CH->0,6
3271;24;;;;;;;;;
3281;1;;;;;;;;;
3281;2;32.6;0;Ok;Injection;505;;;40;
3281;3;;;;;;;;;
3281;4;32.6;2;Ok;Injection;339;;205;40;Exit shield/CH->0,6
3281;5;;;;;;;;;
3281;6;32.6;0;Ok;Injection;52;;;45;
3281;7;;;;;;;;;
3281;8;32.6;0;Ok;Injection;349;;177;38;Exit shield->0,6
3281;9;;;;;;;;;
3281;10;32.6;0;Ok;Injection;648;;722;30;Exit CH->0,6
3281;11;;;;;;;;;
3281;12;32.6;0;Ok;Injection;684;;658;33;Exit CH->0,6
3281;13;;;;;;;;;
3281;14;32.6;0;Ok;Injection;721;;730;30;Exit CH->0,6
3281;15;;;;;;;;;
3281;16;32.6;0;Ok;Injection;757;;225;28;Exit CH->0,6. Pause 09:45-10:45
3281;17;;;;;;;;;
3281;18;32.6;0;Ok;Injection;90;;;40;Contact 16
3281;19;;;;;;;;;
3281;20;32.6;0;Ok;Injection;143;;35;0;Contact 16 Exit CH->0,6 packer loosened, not possible to replace
3281;21;;;;;;;;;
3281;22;32.6;0;Ok;Injection;83;;;42;
3281;23;;;;;;;;;
3281;24;32.6;0;Ok;Injection;322;;;40;
3291;1;32.6;0;Ok;Injection;104;;;40;
3291;2;;;;;;;;;
3291;3;32.6;0;Sleppe 13m;Injection;83;;;40;
3291;4;;;;;81;;;40;
3291;5;3;0;Gjekk I sjoldet;Injection;;;;;
3291;6;;;;;;;;;
3291;7;32.6;0;Ok;Injection;739;;;40;
3291;8;;;;;;;;;
3291;9;32.6;0;Ok;Injection;1507;1007;990;40;
3291;10;;;;;;;;;
3291;11;32.6;0;Sleppe 16m;Injection;1509;625;;40;
3291;12;;;;;;;;;
3291;13;32.6;0;Fekk ikke I pakker;Injection;;;;;
3291;14;32.6;0;Dårlig fjell,kolaps;Injection;;;;;
3291;15;13.8;0;Kolaps;Injection;;;;;
3291;16;;;;;;;;;
3291;17;32.6;0;Ok;Injection;1502;1021;360;40;
3291;18;;;;;;;;;
3291;19;32.6;0;Ok;Injection;1506;1000;450;40;
3291;20;;;;;;;;;
3291;21;32.6;0;Ok;Injection;83;;;40;
3291;22;;;;;;;;;
3291;23;32.6;0;Ok;Injection;83;;;40;
3291;24;;;;;;;;;
3298;1;;;;;;;;;
3298;2;;;;;;;;;
3298;3;;;;;;;;;
3298;4;;;;;;;;;
3298;5;;;;;;;;;
3298;6;;;;;;;;;
3298;7;;;;;;;;;
3298;8;;;;;;;;;
3298;9;;;;;;;;;
3298;10;;;;;;;;;
3298;11;;;;;;;;;
3298;12;;;;;;;;;
3298;13;;;;;;;;;
3298;14;;;;;;;;;
3298;15;;;;;;;;;
3298;16;;;;;;;;;
3298;17;;;;;;;;;
3298;18;;;;;;;;;
3298;19;;;;;;;;;
3298;20;;;;;;;;;
3298;21;;;;;;;;;
3298;22;;;;;;;;;
3298;23;;;;;;;;;
3298;24;;;;;;;;;
3299;1;;;;;;;;;
3299;2;32.6;0;Ok;Injection;134;;;40;Contact nr24
3299;3;;;;;;;;;
3299;4;32.6;1;Ok;Injection;191;;;40;Nr3 are nr4.
3299;5;;;;;;;;;
3299;6;;;Bor I skjold;;;;;;
3299;7;32.6;0;Ok;Injection;149;;;40;
3299;8;;;;;927;;;40;
3299;9;;;;;;;;;
3299;10;32.6;0;;Injection;153;;;40;
3299;11;32.6;0;Tett, dårlig fjell;Injection;;;;;
3299;12;32.6;0;Tett, dårlig fjell;Injection;;;;;
3299;13;;;;;;;;;
3299;14;32.6;0;Dårlig fjell;Injection;589;;;40;Contact nr15.
3299;15;32.6;0;Dårlig fjell;Injection;320;;;40;
3299;16;32.6;0;Ok;Injection;1753;458;;40;
3299;17;;;;;;;;;
3299;18;;;;;;;;;
3299;19;32.6;0;Ok;Injection;1476;;;40;
3299;20;32.6;1;Ok;Injection;322;;;40;
3299;21;;;;;;;;;
3299;22;32.6;0;Ok;Injection;78;;;40;Contact nr24.
3299;23;;;;;;;;;
3299;24;32.6;0;Ok;Injection;64;;;40;
3309;1;32.6;0;Ok;Injection;129;;;40;
3309;2;;;;;;;;;
3309;3;3;0;Gjekk I sjoldet;Injection;;;;;
3309;4;32.6;0;Ok;Injection;41;;;40;
3309;5;32.6;0;Ok;Injection;1098;;;40;
3309;6;;;;;;;;;
3309;7;32.6;0;Ok;Injection;12;;;40;
3309;8;;;;;;;;;
3309;9;32.6;0;Ok;Injection;1516;520;;40;
3309;10;;;;;;;;;
3309;11;32.6;0;Ok;Injection;1531;1060;;40;Contact nr7.
3309;12;;;;;;;;;
3309;13;32.6;0;Dårlig fjell;Injection;1506;504;;40;
3309;14;;;;;;;;;
3309;15;32.6;0;Ok;Injection;536;;;40;
3309;16;;;;;;;;;
3309;17;32.6;0;Ok;Injection;955;;;40;Contact nr19.
3309;18;;;;;;;;;
3309;19;32.6;0;Ok;Injection;56;;;40;
3309;20;;;;;;;;;
3309;21;32.6;0;Ok;Injection;100;;;40;
3309;22;;;;;;;;;
3309;23;32.6;0;Ok;Injection;92;;;40;
3309;24;;;;;;;;;
3319;1;;;;;;;;;
3319;2;32.6;0;Ok;Injection;56;;;40;
3319;3;;;;;;;;;
3319;4;12.61;0;Ok, stop 12,61m;Injection;1501;664;;;Contact nr 2
3319;5;;;;;;;;;
3319;6;32.6;0;Ok;Injection;59;;;40;
3319;7;;;;;;;;;
3319;8;32.6;0;Ok;Injection;279;;;40;Contact nr10
3319;9;;;;;;;;;
3319;10;32.6;0;Ok;Injection;839;;;40;
3319;11;32.6;0;Ok;Injection;821;;;40;
3319;12;;;Shield;;;;;;
3319;13;;;;;;;;;
3319;14;32.6;0;Ok;Injection;1521;1000;556;40;
3319;15;;;;;;;;;
3319;16;32.6;0;Ok;Injection;1506;1010;195;40;Contact nr14
3319;17;;;;;;;;;
3319;18;32.6;0;Ok;Injection;1244;;;40;
3319;19;;;;;;;;;
3319;20;32.6;0;Ok;Injection;276;;;40;Small exit cutterhead,
3319;21;;;;;;;;;
3319;22;32.6;0;Ok,  fractured;Injection;51;;;40;
3319;23;;;;;;;;;
3319;24;32.6;0;Ok, fractured;Injection;48;;;40;
3329;1;36.6;0;Ok;Injection;108;;;50;
3329;2;35.6;0;Ok;Injection;128;;;40;
3329;3;;0;Not possible;;;;;;
3329;4;;;;;;;;;
3329;5;36.6;0;Ok;Injection;77;;;40;
3329;6;;;;;;;;;
3329;7;;0;Not possible;;;;;;
3329;8;36.6;0;;Injection;1523;1210;;40;
3329;9;35.6;0;Ok;Injection;1533;1233;;40;
3329;10;;;;;;;;;
3329;11;36.6;0;Ok;Injection;0;;;50;
3329;12;;;;;;;;;
3329;13;5.56;0;Shield;;;;;;
3329;14;4.66;0;Shield;;;;;;
3329;15;36.6;0;Ok;Injection;93;;;40;
3329;16;36.6;0;Ok;Injection;1504;1204;818;36;
3329;17;36.6;0;Ok;Injection;1503;1202;;40;
3329;18;;;;;;;;;
3329;19;36.6;1.5;Ok;Injection;907;;;50;
3329;20;;;;;;;;;
3329;21;36.6;0;Ok;Injection;103;;;40;
3329;22;;;;;;;;;
3329;23;36.6;0;Ok;Injection;95;;;40;
3329;24;;;;;;;;;
3341;1;;;;;;;;;
3341;2;36.6;0;Ok;Injection;614;;;45;
3341;3;;;;;;;;;
3341;4;36.6;0;Ok;Injection;94;;;45;
3341;5;;;;;;;;;
3341;6;36.6;0;Ok;Injection;747;;;45;
3341;7;;;;;;;;;
3341;8;36.6;0;Ok;Injection;149;;;45;
3341;9;;;;;;;;;
3341;10;36.6;0;Ok;Injection;1521;363;;45;
3341;11;;;;;;;;;
3341;12;36.6;0;Ok;Injection;1540;1537;1623;45;
3341;13;;;;;;;;;
3341;14;36.6;0;Sleppe 7m;Injection;1518;1508;1887;45;
3341;15;;;;;;;;;
3341;16;36.6;0;Sleppe 19m;Injection;1529;1506;;27;Pause from 20:55-21:35 low pressure 18 bar. Small exit teleskopshield
3341;17;36.6;0;Ok;Injection;1372;;;45;
3341;18;22;0;Stangbrudd;;;;;;
3341;19;;;;;;;;;
3341;20;36.6;0;Ok;Injection;90;;;50;
3341;21;;;;;;;;;
3341;22;36.6;3;Ok;Injection;103;;;50;
3341;23;;;;;;;;;
3341;24;36.6;0;Ok;Injection;92;;;50;
3353;1;36.6;0;Ok;Injection;1115;;;45;
3353;2;;;;;;;;;
3353;3;36.6;0;Sleppe 10m;Injection;111;;;40;Exit teleskopshield.
3353;4;;;;;;;;;
3353;5;36.6;0;Sleppe 11m;Injection;1615;;;45;Direct contact nr5
3353;6;;;;;;;;;
3353;7;36.6;0;Ok;Injection;859;;;45;Contact nr5.
3353;8;;;;;;;;;
3353;9;36.6;0;Ok;Injection;1516;1513;;45;
3353;10;;;;;;;;;
3353;11;36.6;0;Dårlig fjell;Injection;1266;;;45;
3353;12;;;;;;;;;
3353;13;36.6;0;Fekk ikke i pakker;Injection;;;;;
3353;14;36.6;0;Ok;Injection;164;;;45;
3353;15;36.6;0;Dårlig fjell;Injection;845;;;45;
3353;16;;;;;;;;;
3353;17;36.6;0;Ok;Injection;1283;;;45;
3353;18;;;;;;;;;
3353;19;36.6;0;Ok;Injection;104;;;45;
3353;20;;;;;;;;;
3353;21;36.6;0;Ok;Injection;194;;;45;Contact nr 23.
3353;22;;;;;;;;;
3353;23;36.6;0;fractured 8m;Injection;257;;;45;Contact nr1.
3353;24;;;;;;;;;
3365;1;;;;;;;;;
3365;2;33.9;0;Ok, stop 33,9m;Injection;98;;;45;
3365;3;;;;;;;;;
3365;4;36.6;0;Ok;Injection;102;;;45;
3365;5;;;;;;;;;
3365;6;36.6;0;Ok;Injection;602;;;45;
3365;7;;;;;;;;;
3365;8;36.6;0;Ok;Injection;1394;;;45;
3365;9;;;;;;;;;
3365;10;36.6;0;Ok;Injection;1521;1506;;45;
3365;11;36.6;0;Ok;Injection;1516;1526;;45;
3365;12;3.4;0;Shield;;;;;;
3365;13;;;;;;;;;
3365;14;36.6;0;Ok;Injection;1506;1501;1220;45;
3365;15;;;;;;;;;
3365;16;36.6;0;Ok;Injection;347;;;0;Big exit teleskopshield
3365;17;;;;;;;;;
3365;18;36.6;0;Ok;Injection;41;;;50;
3365;19;;;;;;;;;
3365;20;36.6;0;Ok;Injection;1037;;;45;
3365;21;;;;;;;;;
3365;22;36.6;0;Fractured 20,8-21,7m;Injection;124;;;45;
3365;23;;;;;;;;;
3365;24;36.6;0;Ok;Injection;96;;;45;
3377;1;36.6;0;Ok;Injection;1152;;;45;
3377;2;;;;;;;;;
3377;3;36.6;0;Ok;Injection;566;;;45;
3377;4;;;;;;;;;
3377;5;25;0;Ok,broken rod 25m;Injection;12;;;45;
3377;6;;;;;;;;;
3377;7;36.6;0;Ok;Injection;2;;;60;
3377;8;;;;;;;;;
3377;9;36.6;0;Ok;Injection;1501;339;;45;Paused from 00:10-01:00
3377;10;;;;;;;;;
3377;11;36.6;0;Ok;Injection;1517;265;;45;Paused from 00:10-01:00
3377;12;;;;;;;;;
3377;13;36.6;0;Ok;Injection;1171;;;40;Small leak teleskopshield
3377;14;;;;;;;;;
3377;15;36.6;0;Ok;Injection;673;;;0;Exit teleskopshield
3377;16;;;;;;;;;
3377;17;36.6;0;Ok;Injection;1346;;;50;
3377;18;;;;;;;;;
3377;19;36.6;0;Ok;Injection;751;;;45;
3377;20;;;;;;;;;
3377;21;36.6;0;Ok;Injection;114;;;50;
3377;22;;;;;;;;;
3377;23;32.39;5;30-31m stop 32,39m;Injection;294;;;45;
3377;24;;;;;;;;;
3389;1;;;;;;;;;
3389;2;40;0;Ok;Injection;3;;;45;
3389;3;;;;;;;;;
3389;4;40;0;Ok;Injection;128;;;40;Contact nr2
3389;5;;;;;;;;;
3389;6;40;0;Ok;Injection;3;;;45;
3389;7;;;;;;;;;
3389;8;0;0;Boring Skjold;;;;;;
3389;9;40;0;Ok;Injection;1533;327;;42;
3389;10;40;0;Ok;Injection;623;;;44;Contact nr6
3389;11;;;;;;;;;
3389;12;36.6;0;Ok;Injection;1503;329;;40;
3389;13;;;;;;;;;
3389;14;40;0;Ok;Injection;1534;469;;45;
3389;15;;;;;;;;;
3389;16;36.6;0;Ok;Injection;85;;;45;Contact number 14.
3389;17;;;;;;;;;
3389;18;40;0;Sleppe 12m;Injection;1501;1026;;45;Contact nr24
3389;19;;;;;;;;;
3389;20;40;0;Ok;Injection;1521;375;;45;
3389;21;;;;;;;;;
3389;22;40;1;Ok;Injection;1584;707;;40;
3389;23;;;;;;;;;
3389;24;40;0;Ok;Injection;4;;;45;
3403;1;32.53;0;Sleppe 7m og 23m;Injection;1997;54;;45;
3403;2;;;;;;;;;
3403;3;32.6;0;Sleppe 23m;Injection;1518;441;;43;Contact  nr1
3403;4;;;;;;;;;
3403;5;32.6;0;Ok;Injection;1501;119;;45;
3403;6;;;;;;;;;
3403;7;32.6;2;Ok;Injection;912;;;45;
3403;8;;;;;891;;;17;Exit.
3403;9;32.6;0;Ok;Injection;;;;;
3403;10;;;;;;;;;
3403;11;32.6;0;Ok;Injection;1340;;;14;Exit griper.
3403;12;;;;;;;;;
3403;13;32.6;0;Ok;Injection;1597;1148;;45;Contact nr15.
3403;14;;;;;;;;;
3403;15;32.6;0;Sleppe 30m;Injection;1524;1189;;44;
3403;16;;;;;;;;;Contact nr13.
3403;17;32.6;0;Sleppe 11m og 18m;Injection;1251;;;45;
3403;18;;;;;;;;;
3403;19;32.6;0;Ok;Injection;627;;;40;
3403;20;;;;;;;;;
3403;21;32.6;1;Sleppe 6m;Injection;80;;;0;Exit gripper.
3403;22;;;;;;;;;
3403;23;32.6;2;Sleppe 22m;Injection;1093;;;40;
3403;24;;;;;;;;;
3413;1;;;;;;;;;
3413;2;40;0;Ok;Injection;110;;;45;
3413;3;;;;;;;;;
3413;4;40;0;Ok;Injection;1222;;;45;
3413;5;;;;;;;;;
3413;6;40;0;Ok;Injection;1506;190;;41;
3413;7;;;;;;;;;
3413;8;40;0;Ok;Injection;208;;;45;
3413;9;;;;;;;;;
3413;10;40;0;Ok;Injection;8;;;45;
3413;11;;;;;;;;;
3413;12;40;0;Ok;Injection;43;;;45;
3413;13;;;;;;;;;
3413;14;40;0;Ok;Injection;5;;;45;
3413;15;;;;;;;;;
3413;16;40;0;Ok;Injection;1524;573;;42;Paused from 02:40 - 03:39    (leak ring builder shield )
3413;17;;;;;;;;;
3413;18;40;0;Ok;Injection;1154;;;43;Contact nr 20 and 22
3413;19;;;;;;;;;
3413;20;40;0;Ok;Injection;1501;246;;45;
3413;21;;;;;;;;;
3413;22;40;0;Ok;Injection;93;;;45;
3413;23;;;;;;;;;
3413;24;40;0;Ok;Injection;504;;;40;Small leak teleskopshield
3427;1;40;0;Ok;Injection;730;;;45;
3427;2;40;0;Ok;Injection;1502;1557;;45;
3427;3;;;Not possible;;;;;;
3427;4;40;0;Sleppe 15,8m;Injection;1525;1161;;45;
3427;5;;;;;;;;;
3427;6;;;;;;;;;
3427;7;40;0;Ok;Injection;1507;1213;;45;
3427;8;;;;;;;;;
3427;9;40;0;Ok;Injection;1503;1603;;45;Contact nr11
3427;10;;;;;;;;;
3427;11;40;0;Ok;Injection;36;;;45;
3427;12;;;;;;;;;
3427;13;40;0;Ok;Injection;1518;1504;;42;
3427;14;;;;;;;;;
3427;15;40;0;Ok;Injection;1506;1521;;45;
3427;16;;;;;;;;;
3427;17;40;0;Ok;Injection;1542;403;;42;
3427;18;;;;;;;;;
3427;19;34;10;Stopp 34m;Injection;1221;;;42;
3427;20;;;;;;;;;
3427;21;40;0;Ok;Injection;1516;;;45;
3427;22;;;;;;;;;
3427;23;40;0;Ok;Injection;1598;;;45;
3427;24;;;;;;;;;
3441;1;;;;;;;;;
3441;2;40;0.5;Ok;Injection;280;;;45;
3441;3;;;;;;;;;
3441;4;40;0;Ok;Injection;84;;;45;
3441;5;;;;;;;;;
3441;6;40;0;Ok;Injection;3;;;45;
3441;7;;;;;;;;;
3441;8;25.12;0;Ok, stop 25m;Injection;175;;;45;
3441;9;;;;;;;;;
3441;10;40;0;Ok;Injection;1507;1510;;45;
3441;11;;;;;;;;;
3441;12;40;0;Ok;Injection;1503;1512;251;45;
3441;13;;;;;;;;;
3441;14;40;0;Ok;Injection;1501;1279;;45;
3441;15;;;;;;;;;
3441;16;40;0;Ok;Injection;1508;1516;;42;
3441;17;;;;;;;;;
3441;18;40;0;Ok;Injection;1507;965;;45;Contact nr 20
3441;19;;;;;;;;;
3441;20;40;0;Ok;Injection;1514;596;;45;
3441;21;;;;;;;;;
3441;22;40;0;Ok;Injection;127;;;45;
3441;23;;;;;;;;;
3441;24;40;0;Ok;Injection;121;;;45;
3453;1;;;;;;;;;
3453;2;;;;;;;;;
3453;3;;;;;;;;;
3453;4;;;;;;;;;
3453;5;;;;;;;;;
3453;6;;;;;;;;;
3453;7;;;;;;;;;
3453;8;;;;;;;;;
3453;9;;;;;;;;;
3453;10;;;;;;;;;
3453;11;;;;;;;;;
3453;12;;;;;;;;;
3453;13;;;;;;;;;
3453;14;;;;;;;;;
3453;15;;;;;;;;;
3453;16;;;;;;;;;
3453;17;;;;;;;;;
3453;18;;;;;;;;;
3453;19;;;;;;;;;
3453;20;;;;;;;;;
3453;21;;;;;;;;;
3453;22;;;;;;;;;
3453;23;;;;;;;;;
3453;24;;;;;;;;;
3455;1;40;0;Ok;Injection;893;;;37;Leak cutterhead
3455;2;40;0;Ok;Injection;887;;;41;
3455;3;;0;Not possible;;;;;;
3455;4;;;;;;;;;
3455;5;40;0;Ok;Injection;948;;;45;
3455;6;;;;;;;;;
3455;7;3;0;Shield;;;;;;
3455;8;40;0;Ok;Injection;665;;;40;
3455;9;40;0;Ok;Injection;1515;1501;;45;
3455;10;;;;;;;;;
3455;11;40;0;Ok;Injection;1511;1060;;45;
3455;12;;;;;;;;;
3455;13;40;0;Ok;Injection;446;;;45;
3455;14;;;;;;;;;
3455;15;40;0;Ok;Injection;1283;;;45;
3455;16;;;;;;;;;
3455;17;40;0;Ok;Injection;1526;1432;;45;Contact nr 21
3455;18;;;;;;;;;
3455;19;40;0;Ok,fractured 7-12m;Injection;;;;;Logged on hole 20
3455;20;;;;;287;;;45;
3455;21;40;0;Ok;Injection;161;;;45;
3455;22;;;;;;;;;
3455;23;40;0;Ok;Injection;137;;;45;
3455;24;;;;;;;;;
3469;1;40;2;Ok;Injection;145;;;43;
3469;2;;;;;;;;;
3469;3;;;;;;;;;
3469;4;40;0;Ok;Injection;198;;;45;
3469;5;;;;;;;;;
3469;6;;;;;;;;;
3469;7;40;0;Ok;Injection;598;;;45;
3469;8;40;0;Ok;Injection;919;;;43;
3469;9;;;;;;;;;
3469;10;40;0;Ok;Injection;965;;;45;
3469;11;;;;;;;;;
3469;12;30.12;0;broken rod 30m;Injection;17;;;45;
3469;13;;;;;;;;;
3469;14;40;0;Ok;Injection;61;;;45;
3469;15;;;;;;;;;
3469;16;40;0;Ok;Injection;1563;465;;35;Leak teleskopshield
3469;17;;;;;;;;;
3469;18;40;0;Ok;Injection;1544;593;;45;
3469;19;;;;;;;;;
3469;20;40;0;Ok;Injection;1369;;;45;
3469;21;;;;;;;;;
3469;22;40;0;Ok;Injection;1087;;;41;
3469;23;40;0;Ok;Injection;900;;;45;
3469;24;;;;;;;;;
3483;1;40;0;Ok;Injection;124;;;45;
3483;2;40;0;Ok;Injection;1328;;;45;
3483;3;;;Shield;;;;;;
3483;4;;;;;;;;;
3483;5;;;Shield;;;;;;
3483;6;40;0;Ok;Injection;1518;1501;300;45;Small leak, pause fra 08:15-08:57
3483;7;40;0;Ok;Injection;1519;1504;461;45;
3483;8;;;;;;;;;
3483;9;40;0;Ok;Injection;1543;1518;50;45;
3483;10;;;;;;;;;
3483;11;40;0;Ok;Injection;1522;1516;1237;45;Paused 04:53-06:17
3483;12;;;;;;;;;
3483;13;40;0;Ok;Injection;1520;1196;;45;
3483;14;;;;;;;;;
3483;15;40;0;Ok;Injection;118;;;0;Packer loosened, not possible replace, direct exit
3483;16;;;;;;;;;
3483;17;40;0;Ok;Injection;1072;1598;731;45;placed new packer behind, no pressure->0,8
3483;18;;;;;;;;;
3483;19;40;0;Ok;Injection;1557;1505;802;35;Leak cutterhead
3483;20;;;;;;;;;
3483;21;40;0;Ok;Injection;1544;1501;;40;
3483;22;;;;;;;;;
3483;23;40;0;Ok;Injection;115;;;45;
3483;24;;;;;;;;;
3497;1;;;;;;;;;
3497;2;40;1;Ok;Injection;1002;17;;45;
3497;3;;;;;;;;;
3497;4;40;0;Ok;Injection;114;;;0;Packer loosened, not possible replace
3497;5;;;;;;;;;
3497;6;40;0;Ok;Injection;379;;;45;
3497;7;;;;;;;;;
3497;8;40;0;Ok;Injection;1008;648;;45;
3497;9;;;;;;;;;
3497;10;40;0;Ok;Injection;1007;1019;111;45;
3497;11;;;;;;;;;
3497;12;40;0;Sleppe 14m.Tellefeil;Injection;269;;;0;Direct exit
3497;13;;;;;;;;;
3497;14;40;0;Ok;Injection;1019;1064;1311;45;Exit CH->0,6
3497;15;;;;;;;;;
3497;16;40;0;Ok;Injection;1060;1057;2126;30;Exit CH->0,6. Pause 02:53-03:48
3497;17;;;;;;;;;
3497;18;40;0;Ok;Injection;1003;860;;45;
3497;19;;;;;;;;;
3497;20;40;1;Ok;Injection;96;;;45;
3497;21;;;;;;;;;
3497;22;40;5;Ok;Injection;1035;724;;45;
3497;23;;;;;;;;;
3497;24;40;2;Sleppe 31m;Injection;1006;267;;45;
3511;1;40;0;Ok;Injection;102;;;45;
3511;2;;;;;;;;;
3511;3;;;;;;;;;
3511;4;40;0;Ok;Injection;7;;;45;
3511;5;;;;;;;;;
3511;6;16;0;Broken;Injection;769;;700;28;Exit CH->0,6 stop exit
3511;7;40;0;Ok;Injection;788;;788;30;Exit CH->0,6 stop exit
3511;8;;;;;;;;;
3511;9;40;0;Ok;Injection;1016;1033;700;40;
3511;10;;;;;;;;;
3511;11;40;0;Ok;Injection;1015;1043;980;30;
3511;12;;;;;;;;;
3511;13;40;0;Ok;Injection;1010;1065;899;32;
3511;14;;;;;;;;;
3511;15;40;0;Ok, fractured 12-15m;Injection;1036;1084;887;30;
3511;16;;;;;;;;;
3511;17;40;0;Ok,fractured 12-15m;Injection;1052;204;303;40;Exit CH->0,6
3511;18;;;;;;;;;
3511;19;40;0;Ok;Injection;1002;102;557;40;Exit CH->0,6
3511;20;;;;;;;;;
3511;21;40;0;Fractured 12-15m;Injection;82;;;45;
3511;22;;;;;;;;;
3511;23;40;0;Ok,fractured 21 m;Injection;44;;;45;
3511;24;;;;;;;;;
3525;1;;;;;;;;;
3525;2;40;0;Ok;Injection;102;;;44;
3525;3;;;;;;;;;
3525;4;40;0;Ok;Injection;1000;867;43;40;
3525;5;;;;;;;;;
3525;6;40;0;Ok;Injection;1000;251;;40;
3525;7;;;;;;;;;
3525;8;40;0;Ok;Injection;468;461;241;40;Exit shield->0,8->0,6.  contact 4
3525;9;;;;;;;;;
3525;10;40;0;Ok;Injection;801;;;40;
3525;11;;;;;;;;;
3525;12;40;0;Ok;Injection;87;;;45;
3525;13;;;;;;;;;
3525;14;40;0;Ok;Injection;1005;65;;40;
3525;15;;;;;;;;;
3525;16;40;0;Ok;Injection;1027;806;115;40;
3525;17;;;;;;;;;
3525;18;40;0;Ok;Injection;1016;688;;41;
3525;19;;;;;;;;;
3525;20;40;0;Ok;Injection;115;;;45;
3525;21;;;;;;;;;
3525;22;40;0;Ok;Injection;1000;206;;40;
3525;23;;;;;;;;;
3525;24;40;0;Ok;Injection;94;;;50;
3539;1;40;0;Ok (Tellefeil);Injection;114;;;40;
3539;2;;0;Shield;;;;;;
3539;3;40;0;Ok;Injection;140;;;40;
3539;4;;;;;;;;;
3539;5;40;0;Ok;Injection;973;;;40;
3539;6;;;;;;;;;
3539;7;40;0;Ok;Injection;1028;713;;40;
3539;8;;;;;;;;;
3539;9;40;0;Ok;Injection;112;;;45;
3539;10;;;;;;;;;
3539;11;40;0;Ok;Injection;62;;;45;
3539;12;;;;;;;;;
3539;13;;0;Shield;;;;;;
3539;14;40;0;Ok;Injection;1000;813;1891;30;
3539;15;40;0;Ok;Injection;1002;811;2134;26;Small leak teleskopshield
3539;16;;;;;;;;;
3539;17;40;0;Ok;Injection;120;;;40;
3539;18;;;;;;;;;
3539;19;40;0;Ok;Injection;120;;;40;
3539;20;;;;;;;;;
3539;21;40;0;Ok;Injection;130;;;40;
3539;22;;;;;;;;;
3539;23;40;0;Ok;Injection;132;;;40;
3539;24;;;;;;;;;
3553;1;;;;;;;;;
3553;2;40;0;Sleppe 39,5m;Injection;115;;;45;
3553;3;;;;;;;;;
3553;4;40;0;Ok;Injection;1387;167;;40;
3553;5;;;;;;;;;
3553;6;4;0;Shield.;Injection;;;;;
3553;7;40;0;Ok;Injection;285;;713;43;Exit shield->0,6 pause 06:37-06:51
3553;8;40;0;Ok;Injection;536;;141;40;Contact 4 Exit shield->0,6
3553;9;;;;;;;;;
3553;10;40;0;Ok;Injection;383;;186;19;Exit->0,6 still exit.
3553;11;;;;;;;;;
3553;12;40;0;Ok;Injection;1022;60;1988;55;Contact 8,7 Exit shield->0,6
3553;13;;;;;;;;;
3553;14;40;0;Ok;Injection;5;;;45;
3553;15;;;;;;;;;
3553;16;40;0;Ok;Injection;1017;825;198;21;Exit shield
3553;17;;;;;;;;;
3553;18;40;0;Ok;Injection;105;;;45;
3553;19;;;;;;;;;
3553;20;40;0;Ok;Injection;111;;;45;
3553;21;;;;;;;;;
3553;22;40;0;Ok;Injection;116;;;45;
3553;23;;;;;;;;;
3553;24;40;0.5;Sleppe19,5m $AND$ 39,5m;Injection;1012;822;979;39;Contact 2
3567;1;40;0;Ok;Injection;119;;;45;
3567;2;;;;;;;;;
3567;3;40;5;Ok;Injection;991;817;200;40;
3567;4;;;;;;;;;
3567;5;40;4;Ok;Injection;1015;794;1746;40;
3567;6;;;;;;;;;
3567;7;40;0;Ok;Injection;1026;826;776;40;
3567;8;;;;;;;;;
3567;9;40;0;Ok;Injection;117;;;45;
3567;10;;;;;;;;;
3567;11;40;0;Ok;Injection;1004;824;97;40;
3567;12;;;;;;;;;
3567;13;40;0;Ok;Injection;17;;;50;
3567;14;;;;;;;;;
3567;15;40;0;Ok;Injection;127;;;45;
3567;16;;;;;;;;;
3567;17;40;0;Ok;Injection;93;;;45;
3567;18;;;;;;;;;
3567;19;40;0;Ok;Injection;106;;;45;
3567;20;;;;;;;;;
3567;21;40;0;Ok;Injection;110;;;45;
3567;22;;;;;;;;;
3567;23;40;0;Ok;Injection;126;;;45;
3567;24;;;;;;;;;
3580;1;;;;;;;;;
3580;2;40;2;;Injection;;;;;
3580;3;;;;;;;;;
3580;4;40;0;;Injection;;;;;
3580;5;40;0;;Injection;;;;;
3580;6;;;;;;;;;
3580;7;;;;;;;;;
3580;8;40;0;;Injection;;;;;
3580;9;;;;;;;;;
3580;10;40;0;;Injection;996;;;;
3580;11;;;;;;;;;
3580;12;40;0;;Injection;1004;;;;
3580;13;;;;;;;;;
3580;14;40;0;;Injection;65;;;40;
3580;15;;;;;;;;;
3580;16;40;0;;Injection;1017;807;;;
3580;17;;;;;;;;;
3580;18;40;0;;Injection;1075;808;;;
3580;19;;;;;;;;;
3580;20;40;0;;Injection;;;;;
3580;21;;;;;;;;;
3580;22;40;10;;Injection;;;;;
3580;23;;;;;;;;;
3580;24;40;2;;Injection;;;;;
3581;1;;;;;;;;;
3581;2;40;2;Ok;Injection;1011;819;2196;26;Stop in consultation with client
3581;3;;;;;;;;;
3581;4;40;0;Ok;Injection;1014;819;1323;40;
3581;5;40;0;Ok;Injection;1012;711;;40;
3581;6;;;;;;;;;
3581;7;;;;;;;;;
3581;8;40;0;Ok;Injection;1021;888;2009;30;
3581;9;;;;;;;;;
3581;10;40;0;Ok;Injection;996;835;123;40;
3581;11;;;;;;;;;
3581;12;40;0;Ok;Injection;1004;781;;40;
3581;13;;;;;;;;;
3581;14;40;0;Ok;Injection;65;;;40;
3581;15;;;;;;;;;
3581;16;40;0;Ok;Injection;1017;807;;40;
3581;17;;;;;;;;;
3581;18;40;0;Ok;Injection;1075;808;243;40;
3581;19;;;;;;;;;
3581;20;40;0;Ok;Injection;98;;;45;
3581;21;;;;;;;;;
3581;22;40;10;Ok;Injection;1007;841;2708;31;Paused 12:20-13:25
3581;23;;;;;;;;;
3581;24;40;2;Ok;Injection;986;834;1290;25;Stop in consultation with client
3592;1;32.6;0;Ok;Injection;1025;812;2392;30;
3592;2;32.6;0;Ok;Injection;1006;816;2133;30;
3592;3;;;;;;;;;
3592;4;;;;;;;;;
3592;5;32.6;0.5;Ok;Injection;90;;;45;
3592;6;;;;;;;;;
3592;7;32.6;0;Ok;Injection;347;;;40;
3592;8;;;;;;;;;
3592;9;32.6;0;Ok;Injection;1009;803;510;40;
3592;10;;;;;;;;;
3592;11;32.6;0;Ok;Injection;1022;830;682;40;
3592;12;;;;;;;;;
3592;13;32.6;0;Ok;Injection;64;;;45;
3592;14;;;;;;;;;
3592;15;32.6;0;Ok;Injection;555;;;45;
3592;16;;;;;;;;;
3592;17;32.6;0;Ok;Injection;1034;832;783;40;
3592;18;;;;;;;;;
3592;19;32.6;0;Ok;Injection;1024;810;132;40;
3592;20;;;;;;;;;
3592;21;32.6;0.5;Ok;Injection;1006;753;;40;
3592;22;;;;;;;;;
3592;23;32.6;0;Ok;Injection;1046;823;570;40;
3592;24;;;;;;;;;
3602;1;;;;;;;;;
3602;2;36;3;Ok;Injection;1111;839;1333;30;
3602;3;;;;;;;;;
3602;4;36;0;Sleppe 19m,26m;Injection;1025;874;40;42;
3602;5;;;;;;;;;
3602;6;;;Shield 3m;;;;;;
3602;7;8.8;0;Kolaps;Injection;;;;;
3602;8;36;0;Ok;Injection;1033;481;;40;
3602;9;36;0;Ok;Injection;120;;;40;
3602;10;36;0;Ok;Injection;1026;820;1220;30;
3602;11;;;;;;;;;
3602;12;36;0;Ok;Injection;85;;;45;
3602;13;;;;;;;;;
3602;14;36;0;Ok, sleppe 4m,13m;Injection;1043;332;;17;Exit shield
3602;15;;;;;;;;;
3602;16;36;0;Ok, sleppe 23m;Injection;1034;835;570;40;Contact 20
3602;17;;;;;;;;;
3602;18;36;0;Ok, sleppe 14m;Injection;1021;922;850;40;
3602;19;;;;;;;;;
3602;20;36;1.5;Ok;Injection;1027;841;558;40;
3602;21;;;;;;;;;
3602;22;36;2;Ok;Injection;143;;;40;
3602;23;;;;;;;;;
3602;24;36;1;Ok;Injection;1070;814;579;30;
3612;1;;;;;;;;;
3612;2;;;;;;;;;
3612;3;;;;;;;;;
3612;4;;;;;;;;;
3612;5;;;;;;;;;
3612;6;;;;;;;;;
3612;7;;;;;;;;;
3612;8;;;;;;;;;
3612;9;;;;;;;;;
3612;10;;;;;;;;;
3612;11;;;;;;;;;
3612;12;;;;;;;;;
3612;13;;;;;;;;;
3612;14;;;;;;;;;
3612;15;;;;;;;;;
3612;16;;;;;;;;;
3612;17;;;;;;;;;
3612;18;;;;;;;;;
3612;19;;;;;;;;;
3612;20;;;;;;;;;
3612;21;;;;;;;;;
3612;22;;;;;;;;;
3612;23;;;;;;;;;
3612;24;;;;;;;;;
3613;1;32.6;0;Ok;Injection;93;;;45;
3613;2;;;;;;;;;
3613;3;32.6;0;Ok;Injection;94;;;45;
3613;4;;;;;;;;;
3613;5;32.6;4;Ok;Injection;1036;821;500;40;
3613;6;;;;;;;;;
3613;7;32.6;0;Ok;Injection;1065;823;1052;40;
3613;8;;;;;;;;;
3613;9;32.6;0;Ok;Injection;120;;;40;
3613;10;;;;;;;;;
3613;11;32.6;0;Ok;Injection;1023;821;1553;30;
3613;12;;;;;;;;;
3613;13;32.6;0;Ok;Injection;1067;809;171;40;
3613;14;;;;;;;;;
3613;15;32.6;0;Sleppe 22m;Injection;1012;407;;40;Contact 17,1
3613;16;;;;;;;;;
3613;17;32.6;0;Ok;Injection;5;;;45;
3613;18;;;;;;;;;
3613;19;32.6;0;Ok;Injection;1012;386;;40;
3613;20;;;;;;;;;
3613;21;32.6;0;Ok;Injection;181;;;40;
3613;22;;;;;;;;;
3613;23;32.6;0;Ok;Injection;109;;;40;
3613;24;;;;;;;;;
3621;1;;;;;;;;;
3621;2;32.6;0;;Injection;6;;;45;
3621;3;;;;;;;;;
3621;4;32.6;0;;Injection;1094;807;1296;40;
3621;5;32.6;0;;Injection;1271;840;1006;40;
3621;6;;;;;;;;;
3621;7;;;;;;;;;
3621;8;32.6;0;;Injection;125;;;40;
3621;9;;;;;;;;;
3621;10;32.6;0;;Injection;1120;845;1414;30;
3621;11;;;;;;;;;
3621;12;32.6;0;;Injection;1000;996;1018;30;
3621;13;;;;;;;;;
3621;14;32.6;0;;Injection;9;;;40;
3621;15;;;;;;;;;
3621;16;32.6;0;;Injection;1057;1099;1033;30;
3621;17;;;;;;;;;
3621;18;32.6;0;;Injection;110;;;40;
3621;19;;;;;;;;;
3621;20;32.6;0;;Injection;1000;761;;40;
3621;21;;;;;;;;;
3621;22;32.6;0;;Injection;87;;;40;
3621;23;;;;;;;;;
3621;24;32.6;5;;Injection;1145;812;362;40;
3631;1;32.6;5;;Injection;407;;;40;
3631;2;;;;;;;;;
3631;3;32.6;0;;Injection;847;;;40;
3631;4;32.6;0;;Injection;38;;;40;
3631;5;;;;;;;;;
3631;6;;;;;;;;;
3631;7;32.6;0;;Injection;745;;;40;
3631;8;;;;;;;;;
3631;9;32.6;0;;Injection;971;;;40;
3631;10;;;;;;;;;
3631;11;32.6;0;;Injection;62;;;40;
3631;12;;;;;;;;;
3631;13;32.6;0;;Injection;14;;;40;
3631;14;;;;;;;;;
3631;15;32.6;0;;Injection;946;;;40;
3631;16;;;;;;;;;
3631;17;32.6;0;;Injection;10;;;40;
3631;18;32.6;0;;Injection;735;;;40;
3631;19;;;;;;;;;
3631;20;32.6;2;;Injection;110;;;40;
3631;21;;;;;;;;;
3631;22;;;;;;;;;
3631;23;32.6;0;;Injection;9;;;40;
3631;24;;;;;;;;;
3641;1;;;;;;;;;
3641;2;32.6;0;Ok;Injection;48;;;40;
3641;3;32.6;0;Ok;Injection;60;;;40;
3641;4;;;;;;;;;
3641;5;;;;;;;;;
3641;6;32.6;0;Ok;Injection;78;;;40;
3641;7;;;;;;;;;
3641;8;32.6;0;Ok;Injection;827;;;40;
3641;9;;;;;;;;;
3641;10;32.6;0;Ok;Injection;1220;746;;40;
3641;11;;;;;;;;;
3641;12;32.6;0;Ok;Injection;104;;;40;
3641;13;;;;;;;;;
3641;14;32.6;0;Ok;Injection;29;;;40;
3641;15;;;;;;;;;
3641;16;32.6;0;Ok;Injection;605;;;40;
3641;17;;;;;;;;;
3641;18;32.6;0;Ok;Injection;49;;;40;
3641;19;;;;;;;;;
3641;20;32.6;0;Ok;Injection;1244;273;;40;
3641;21;;;;;;;;;
3641;22;;;;;;;;;
3641;23;32.6;0.5;Ok;Injection;58;;;40;
3641;24;32.6;1;Sleppe 31m;Injection;98;;;40;
3651;1;32.6;0;Ok;Injection;66;;;50;
3651;2;;;;;;;;;
3651;3;32.6;0;Ok;Injection;148;;;50;Contact 1
3651;4;;;;;;;;;
3651;5;32.6;0;Ok;Injection;18;;;50;
3651;6;;;;;;;;;
3651;7;32.6;0;Ok;Injection;1068;177;263;40;Contact 5-3. Exit shield->0,6
3651;8;;;;;;;;;
3651;9;32.6;0;Ok;Injection;1076;;;44;
3651;10;;;;;;;;;
3651;11;32.6;0;Ok;Injection;1037;530;;33;Exit shield
3651;12;;;;;;;;;
3651;13;32.6;0;Ok;Injection;73;;;50;
3651;14;;;;;;;;;
3651;15;32.6;0;Ok;Injection;1020;126;;40;
3651;16;;;;;;;;;
3651;17;32.6;0;Ok;Injection;1103;;;40;Contact 19
3651;18;;;;;;;;;
3651;19;32.6;0;Ok;Injection;1033;610;;40;
3651;20;;;;;;;;;
3651;21;32.6;0;Ok;Injection;1015;418;;40;
3651;22;;;;;;;;;
3651;23;32.6;0;Ok;Injection;346;;;40;
3651;24;;;;;;;;;
3661;1;;;;;;;;;
3661;2;32.6;0;;Injection;15;;;40;
3661;3;;;;;;;;;
3661;4;32.6;5;;Injection;73;;;40;
3661;5;32.6;0;;Injection;839;;;40;
3661;6;;;;;;;;;
3661;7;;;;;;;;;
3661;8;25;0;Knekt stang;Injection;1197;869;1195;30;
3661;9;;;;;;;;;
3661;10;32.6;0;;Injection;1002;758;192;40;
3661;11;;;;;;;;;
3661;12;32.6;0;;Injection;1215;921;269;40;
3661;13;;;;;;;;;
3661;14;32.6;0;;Injection;420;;;40;
3661;15;;;;;;;;;
3661;16;32.6;0;;Injection;955;;;40;
3661;17;;;;;;;;;
3661;18;32.6;0;;Injection;213;;;40;
3661;19;;;;;;;;;
3661;20;32.6;0;;Injection;864;;;40;
3661;21;;;;;;;;;
3661;22;32.6;0;;Injection;282;;;40;
3661;23;;;;;;;;;
3661;24;32.6;2;;Injection;25;;;40;
3671;1;32.6;1;Sleppe 27m;Injection;744;;;40;
3671;2;;;;;;;;;
3671;3;32.6;0;Ok;Injection;;;;;
3671;4;;;;;;;;;
3671;5;32.6;0;Ok;Injection;1137;150;;40;
3671;6;;;;;;;;;
3671;7;32.6;0;Ok;Injection;630;;;40;
3671;8;;;;;;;;;
3671;9;32.6;0;Ok;Injection;895;;;42;
3671;10;;;;;;;;;
3671;11;32.6;0;Ok;Injection;1154;187;283;23;Contact 5. Exit CH->0,6. Exit
3671;12;;;;;;;;;
3671;13;32.6;0;Ok;Injection;1001;917;378;50;
3671;14;;;;;;;;;
3671;15;32.6;0;Ok;Injection;1029;928;1103;30;Contact 19
3671;16;;;;;;;;;
3671;17;32.6;0;Ok;Injection;1006;;;;
3671;18;;;;;;;;;
3671;19;32.6;4;Ok;Injection;1205;815;1349;30;
3671;20;;;;;;;;;
3671;21;32.6;20;Ok;Injection;1025;874;331;40;
3671;22;;;;;;;;;
3671;23;32.6;0;Sleppe 23m 29m;Injection;22;;;50;
3671;24;;;;;;;;;
3681;1;;;;;;;;;
3681;2;32.6;0;Sleppe 30m;Injection;314;;1329;26;Exit shield->0,6 exit shield, stop
3681;3;;;;;;;;;
3681;4;32.6;0;Ok;Injection;1011;858;566;24;Exit shield, stop
3681;5;;;;;;;;;
3681;6;32.6;0;Ok;Injection;1054;;;40;
3681;7;;;;;;;;;
3681;8;32.6;0;Ok;Injection;45;;;50;
3681;9;;;;;;;;;
3681;10;32.6;0;Ok;Injection;1018;841;261;40;
3681;11;;;;;;;;;
3681;12;32.6;0;Ok;Injection;1008;800;2054;40;Paused 14:35-15:27
3681;13;;;;;;;;;
3681;14;32.6;0;Ok;Injection;1023;829;;40;
3681;15;;;;;;;;;
3681;16;32.6;0;Ok;Injection;1006;462;;40;Contact 20
3681;17;;;;;;;;;
3681;18;32.6;0;Ok;Injection;1045;797;466;40;
3681;19;;;;;;;;;
3681;20;32.6;0;Ok;Injection;38;;;50;
3681;21;;;;;;;;;
3681;22;32.6;1;Ok;Injection;1012;812;1204;31;
3681;23;;;;;;;;;
3681;24;32.6;0;Sleppe 30m;Injection;1048;474;;21;Exit shield,stop
3691;1;;;;;;;;;
3691;2;;;;;;;;;
3691;3;32.6;3;;Injection;819;;;40;
3691;4;;;;;;;;;
3691;5;32.6;0;;Injection;991;942;1517;30;
3691;6;;;;;;;;;
3691;7;32.6;0;;Injection;1066;811;1468;30;
3691;8;;;;;;;;;
3691;9;32.6;0;;Injection;1179;1005;1595;35;Paused 07:20-09:10
3691;10;;;;;;;;;
3691;11;32.6;0;;Injection;1060;994;963;30;
3691;12;;;;;;;;;
3691;13;32.6;0;;Injection;13;;;40;
3691;14;;;;;;;;;
3691;15;32.6;0;;Injection;1008;808;60;40;
3691;16;;;;;;;;;
3691;17;32.6;0;;Injection;1088;1090;1735;30;Packer loosened,replaced new
3691;18;;;;;;;;;
3691;19;32.6;0;;Injection;1032;825;916;17;Exit 23-24. Direct exit
3691;20;;;;;;;;;
3691;21;29.52;1;Fastboring;Injection;717;;;17;Exit 23-24 Direct exit
3691;22;;;;;;;;;
3691;23;32.6;10;;Injection;15;;;8;Exit behind packer,placed new. Direct exit
3691;24;32.6;0;;Injection;85;;;8;Exit behind packer,placed new. Direct exit
3699;1;;;;;;;;;
3699;2;32.6;0;Sleppe 12m, 31m;Injection;68;;;40;
3699;3;;;;;;;;;
3699;4;32.6;0;Mye slepper, hele ve;Injection;133;;;50;
3699;5;;;;;;;;;
3699;6;32.6;0;Sleppe 17,5m;Injection;415;;;50;
3699;7;;;;;;;;;
3699;8;32.6;0;Mye slepper hele vei;Injection;5;;;40;
3699;9;;;;;;;;;
3699;10;32.6;0;Ok;Injection;1035;810;2267;40;
3699;11;;;;;;;;;
3699;12;32.6;0;Ok;Injection;1008;820;3349;;
3699;13;;;;;;;;;
3699;14;32.6;0;Ok;Injection;1015;802;229;40;
3699;15;;;;;;;;;
3699;16;32.6;0;Ok;Injection;1003;685;;40;
3699;17;;;;;;;;;
3699;18;32.6;0;Ok;Injection;1035;778;;;
3699;19;;;;;;;;;
3699;20;32.6;0;Ok;Injection;1561;182;;40;
3699;21;;;;;;;;;
3699;22;32.6;0;Ok;Injection;81;;;40;
3699;23;;;;;;;;;
3699;24;32.6;3;Ok;Injection;86;;;40;
3709;1;32.6;0;;Injection;96;;;45;
3709;2;;;;;;;;;
3709;3;32.6;3;;Injection;138;;;50;
3709;4;;;;;;;;;
3709;5;32.6;0;;Injection;806;;;40;
3709;6;;;;;;;;;
3709;7;32.6;20;;Injection;983;773;1279;35;
3709;8;;;;;;;;;
3709;9;32.6;0;;Injection;1000;1208;738;40;
3709;10;;;;;;;;;
3709;11;32.6;0;;Injection;0;;;45;
3709;12;;;;;;;;;
3709;13;32.6;0;;Injection;1101;1011;1395;52;
3709;14;;;;;;;;;
3709;15;32.6;0;;Injection;12;;;40;
3709;16;32.6;0;;Injection;1149;22;;45;
3709;17;;;;;;;;;
3709;18;;;;;;;;;
3709;19;32.6;0;;Injection;881;;;;Utgang
3709;20;;;;;;;;;
3709;21;32.6;0;;Injection;81;;;47;
3709;22;;;;;;;;;
3709;23;32.6;0;;Injection;87;;;45;
3709;24;;;;;;;;;
3719;1;;;;;;;;;
3719;2;32.6;0;Ok;Injection;492;;;38;
3719;3;;;;;;;;;
3719;4;32.6;0;Ok;Injection;126;;;40;
3719;5;;;;;;;;;
3719;6;;;;;;;;;
3719;7;32.6;0;Ok;Injection;161;;;40;
3719;8;18.8;0;Ok broken rod;Injection;462;;;38;
3719;9;;;;;;;;;
3719;10;32.6;0;Ok, fractured 27m;Injection;1005;801;488;35;Small leak teleskopshield
3719;11;;;;;;;;;
3719;12;32.6;0;Ok;Injection;1002;817;364;37;Small leak teleskopshield
3719;13;;;;;;;;;
3719;14;32.6;0;Ok;Injection;253;;;40;
3719;15;;;;;;;;;
3719;16;32.6;0;Ok;Injection;1387;93;;40;
3719;17;;;;;;;;;
3719;18;32.6;0;Ok;Injection;256;;;40;
3719;19;;;;;;;;;
3719;20;32.6;0;Ok;Injection;83;;;43;
3719;21;;;;;;;;;
3719;22;32.6;0;Ok;Injection;1032;791;42;40;
3719;23;;;;;;;;;
3719;24;32.6;1;Ok;Injection;473;;;38;
3729;1;32.6;0;;Injection;873;;;40;
3729;2;;;;;;;;;
3729;3;32.6;3;;Injection;1011;754;791;28;Leak teleskopshield
3729;4;;;;;;;;;
3729;5;32.5;0;;Injection;1016;816;466;34;Small leak teleskopshield
3729;6;;;;;;;;;
3729;7;32.6;0;;Injection;1019;811;156;0;Packer loosened, replaced new packer.  Big exit teleskopshield
3729;8;;;;;;;;;
3729;9;32.6;0;;Injection;1166;884;1898;30;
3729;10;;;;;;;;;
3729;11;32.6;0;;Injection;1216;480;;40;
3729;12;;;;;;;;;
3729;13;32.6;0;;Injection;1205;430;;40;
3729;14;;;;;;;;;
3729;15;32.6;0;;Injection;1046;232;;38;
3729;16;32.6;0;;Injection;1783;616;;40;10 liter flow 15 min
3729;17;;;;;;;;;
3729;18;;;;;;;;;
3729;19;32.6;0;;Injection;849;836;1552;35;
3729;20;;;;;;;;;
3729;21;32.6;10;;Injection;1012;853;1219;30;
3729;22;;;;;;;;;
3729;23;32.6;0;;Injection;1175;842;1060;32;
3729;24;;;;;;;;;
3739;1;;;;;;;;;
3739;2;32.6;0;;Injection;91;;;45;
3739;3;;;;;;;;;
3739;4;32.6;0;;Injection;74;;;40;
3739;5;32.6;0;;Injection;28;;;40;
3739;6;;;;;;;;;
3739;7;;;;;;;;;
3739;8;32.6;0;;Injection;1043;1071;;40;
3739;9;;;;;;;;;
3739;10;32.6;0;;Injection;111;;;43;
3739;11;;;;;;;;;
3739;12;12;0;Fastbort;Injection;;;;;
3739;13;;;;;259;;;40;
3739;14;;;;;;;;;
3739;15;32.6;0;;Injection;1069;112;;40;
3739;16;32.6;0;;Injection;1217;234;;40;
3739;17;;;;;;;;;
3739;18;32.6;10;;Injection;1033;700;;40;
3739;19;;;;;;;;;
3739;20;32.6;0;;Injection;1342;356;;;Utgang kutterhodet
3739;21;;;;;;;;;
3739;22;32.6;0;;Injection;89;;;50;
3739;23;;;;;;;;;
3739;24;32.6;0;;Injection;127;;;50;
3749;1;32.6;20;Ok;Injection;1067;1498;55;40;
3749;2;32.6;0;Ekstra hull;Injection;101;;;40;
3749;3;32.6;0;Ok;Injection;1235;848;1041;30;
3749;4;;;;;;;;;
3749;5;32.6;0;Ok;Injection;1190;848;205;40;
3749;6;;;;;;;;;
3749;7;32.6;0;Ok;Injection;1200;663;114;40;
3749;8;32.6;5;Ekstra hull;Injection;977;951;2142;30;
3749;9;32.6;0;Ok;Injection;1073;886;4632;25;Paused on 6000 liter, from 19:16 - 20:18 in consultation with client.  Stopp pressure 25 bar
3749;10;32.6;0;Ekstra hull;Injection;1630;1114;1096;40;
3749;11;32.6;0;Ok;Injection;1008;800;85;40;
3749;12;;;;;;;;;
3749;13;32.6;0;Ok;Injection;1007;809;269;40;
3749;14;;;;;;;;;
3749;15;32.6;0;Ok;Injection;137;;;39;
3749;16;32.6;0;Ok;Injection;102;;;38;
3749;17;;;Not possible;;;;;;
3749;18;;;;;;;;;
3749;19;32.6;0;Ok;Injection;573;;;38;
3749;20;32.6;0;Ekstra hull;Injection;1242;1426;7;40;
3749;21;32.6;0;Ok;Injection;772;;;50;
3749;22;32.6;0;Ekstra hull;Injection;1155;500;124;40;
3749;23;32.6;0;Ok;Injection;1100;893;217;40;
3749;24;32.6;1;Ekstra hull;Injection;54;;;40;
3759;1;;;;;;;;;
3759;2;32.6;0;;Injection;118;;;40;
3759;3;;;;;;;;;
3759;4;32.6;0;;Injection;247;;;;Utgang
3759;5;32.6;0;;Injection;91;;;42;
3759;6;;;;;;;;;
3759;7;32.6;0;;Injection;1200;886;811;40;
3759;8;;;;;;;;;
3759;9;;;;;;;;;
3759;10;32.6;0;;Injection;1438;785;1230;30;
3759;11;;;;;;;;;
3759;12;32.6;0;;Injection;;;;;
3759;13;;;;;214;;;42;
3759;14;;;;;;;;;
3759;15;32.6;0;;Injection;54;;;42;
3759;16;32.6;0;;Injection;1287;629;;40;
3759;17;;;;;;;;;
3759;18;;;;;;;;;
3759;19;32.6;0;;Injection;1251;905;259;40;
3759;20;32.6;0;;Injection;658;;;40;
3759;21;;;;;;;;;
3759;22;32.6;0;;Injection;79;;;45;
3759;23;;;;;;;;;
3759;24;32.6;0;;Injection;76;;;45;
3769;1;32.6;3;Fractured 30m;Injection;139;;;40;
3769;2;;;;;;;;;
3769;3;32.6;1;Ok;Injection;871;;;40;
3769;4;;;;;;;;;
3769;5;32.6;0;Fractured 10-12;Injection;15;;;40;
3769;6;;;;;;;;;
3769;7;32.6;1;Ok;Injection;268;;;40;
3769;8;;;;;;;;;
3769;9;32.6;0;Ok;Injection;1000;884;112;40;
3769;10;;;;;;;;;
3769;11;32.6;0;Ok;Injection;1000;807;179;40;
3769;12;;;;;;;;;
3769;13;32.6;0;Ok;Injection;1006;802;1831;32;
3769;14;;;;;;;;;
3769;15;32.6;0;Ok;Injection;1003;801;164;40;
3769;16;32.6;0;Ok;Injection;1001;832;1267;31;
3769;17;;;;;;;;;
3769;18;;;;;;;;;
3769;19;32.6;0;Ok;Injection;1001;800;1311;28;Small leak teleskopshield
3769;20;;;;;;;;;
3769;21;32.6;0;Ok,fractured 30m;Injection;1112;704;;40;
3769;22;;;;;;;;;
3769;23;32.6;0;Ok;Injection;60;;;40;
3769;24;;;;;;;;;
3777;1;;;;;;;;;
3777;2;32.6;0;Ok,  fractured;Injection;1001;;;39;
3777;3;;;;;;;;;
3777;4;32.6;0;Ok;Injection;561;;;0;Packer loosened, could not replace
3777;5;32.6;0;Ok;Injection;6;;;53;
3777;6;;;Not possible;;;;;;
3777;7;;;;;;;;;
3777;8;32.6;0;Ok;Injection;1001;602;;45;
3777;9;;;;;;;;;
3777;10;32.6;0;Ok;Injection;1000;591;;0;Packer loosened,  couldn't replace new
3777;11;32.6;0;Ok;Injection;71;;;40;
3777;12;;;Shield;;;;;;
3777;13;;;;;;;;;
3777;14;32.6;0;Ok;Injection;1002;78;;37;
3777;15;;;;;;;;;
3777;16;32.6;0;Ok;Injection;4;;;50;
3777;17;;;;;;;;;
3777;18;32.6;0;Ok;Injection;583;;;40;
3777;19;;;;;;;;;
3777;20;32.6;0;Ok;Injection;68;;;40;
3777;21;;;;;;;;;
3777;22;32.6;0;Ok,  fractured;Injection;1000;800;125;38;
3777;23;;;;;;;;;
3777;24;32.6;0;Ok, fractured;Injection;75;;;40;
3784;1;;;;;;;;;
3784;2;;;;;;;;;
3784;3;;;;;;;;;
3784;4;;;;;;;;;
3784;5;;;;;;;;;
3784;6;;;;;;;;;
3784;7;;;;;;;;;
3784;8;;;;;;;;;
3784;9;;;;;;;;;
3784;10;;;;;;;;;
3784;11;;;;;;;;;
3784;12;;;;;;;;;
3784;13;;;;;;;;;
3784;14;;;;;;;;;
3784;15;;;;;;;;;
3784;16;;;;;;;;;
3784;17;;;;;;;;;
3784;18;;;;;;;;;
3784;19;;;;;;;;;
3784;20;;;;;;;;;
3784;21;;;;;;;;;
3784;22;;;;;;;;;
3784;23;;;;;;;;;
3784;24;;;;;;;;;
3787;1;;;;;;;;;
3787;2;;;;;;;;;
3787;3;;;;;;;;;
3787;4;;;;;;;;;
3787;5;32.45;0;Bad rock;Injection;22;;;0;Exit.
3787;6;;;;;;;;;
3787;7;32.6;0;Ok;Injection;597;;;40;
3787;8;;;;;;;;;
3787;9;25;20;23-25;Injection;1057;71;;40;
3787;10;;;;;;;;;
3787;11;32.6;0;;Injection;395;;;38;Small exit.
3787;12;;;;;;;;;
3787;13;;;;;;;;;
3787;14;32.6;0;20-22m, 25-27m;Injection;26;;;40;Contact nr15.
3787;15;25.82;0;22-25,8;Injection;1010;;;40;
3787;16;;;;;;;;;
3787;17;25.78;0;22,-25,8;Injection;754;;;40;
3787;18;;;;;;;;;
3787;19;32.6;0;Ok;Injection;113;;;40;
3787;20;;;;;;;;;
3787;21;32.6;0;Ok;Injection;416;;;40;
3787;22;;;;;;;;;
3787;23;32.6;0;0-8m;Injection;85;;;40;
3787;24;32.6;0;0-9m;Injection;11;;;0;Exit.
3795;1;;;;;;;;;
3795;2;32.6;0;Ok;Injection;1003;32;;40;
3795;3;;;;;;;;;
3795;4;32.6;0;Sleppe 9 m;Injection;1008;777;;40;
3795;5;;;;;;;;;
3795;6;;;;;;;;;
3795;7;;;Sleppe 8,6;;;;;;
3795;8;32.6;0;Sleppe 28,5 bad rock;Injection;143;;;40;
3795;9;;;;;;;;;
3795;10;9.8;0;9.7 stop;Injection;1003;657;;40;
3795;11;14.7;0;Kolaps 9.7-14.7;;;;;;
3795;12;;;;;;;;;
3795;13;;;;;;;;;
3795;14;;;;;;;;;
3795;15;;;;;;;;;
3795;16;4;0;Shield;;;;;;
3795;17;32.6;0;Bad rock;Injection;1020;;;40;
3795;18;32.6;0;Ok;Injection;1055;859;42;40;
3795;19;;;;;;;;;
3795;20;32.6;1;Ok;Injection;83;;;40;
3795;21;;;;;;;;;
3795;22;32.6;0;Ok;Injection;1047;;;40;Contact nr24
3795;23;;;;;;;;;
3795;24;32.6;0;Ok;Injection;9;;;40;
3805;1;32.6;0;Ok;Injection;89;;;40;
3805;2;;;;;;;;;
3805;3;32.6;0;Ok;Injection;147;;;40;
3805;4;;;;;;;;;
3805;5;;;Not possible;;;;;;
3805;6;32.6;0;Ok;Injection;1000;680;;40;
3805;7;32.6;0;Ok;Injection;1007;856;794;40;
3805;8;;;;;;;;;
3805;9;32.6;0;Ok;Injection;1002;358;;40;
3805;10;;;;;;;;;
3805;11;32.6;0;Ok;Injection;1008;830;947;35;Small leak teleskopshield
3805;12;;;;;;;;;
3805;13;32.6;0;Ok;Injection;380;;;40;
3805;14;;;;;;;;;
3805;15;32.6;0;Ok;Injection;1000;827;1184;36;
3805;16;;;;;;;;;
3805;17;32.6;0;Ok;Injection;1000;329;;40;
3805;18;;;;;;;;;
3805;19;32.6;0;Ok;Injection;1000;40;;40;
3805;20;;;;;;;;;
3805;21;32.6;0;Ok;Injection;;;;;
3805;22;;;;;;;;;
3805;23;1.7;0;Fikk ikke ansett.;;;;;;
3805;24;32.6;0;Ok;Injection;1014;354;;40;
3815;1;;;;;;;;;
3815;2;32.6;0.5;Fractured 28m;Injection;1017;516;;36;
3815;3;;;;;;;;;
3815;4;32.6;0;Ok;Injection;1003;817;900;37;
3815;5;;;;;;;;;
3815;6;32.6;0;Ok;Injection;1001;839;184;40;
3815;7;;;;;;;;;
3815;8;32.6;0;Ok;Injection;1046;838;1205;36;
3815;9;;;;;;;;;
3815;10;32.6;0;Ok;Injection;1028;847;510;40;
3815;11;;;;;;;;;
3815;12;32.6;0;Ok;Injection;1068;845;;40;Contact 14
3815;13;;;;;;;;;
3815;14;32.6;0;Fractured 28m;Injection;123;;;37;
3815;15;;0;;;;;;;
3815;16;7.1;0;Sleppe 3m, tett;;;;;;
3815;17;4.72;0;Fractured. Stop 4,70;;;;;;
3815;18;32.6;0;Ok;Injection;358;;;38;
3815;19;;;;;;;;;
3815;20;32.6;0;Ok;Injection;766;;;40;
3815;21;;;;;;;;;
3815;22;32.6;1;Ok;Injection;1026;803;111;40;
3815;23;;;;;;;;;
3815;24;32.6;1.5;Ok;Injection;363;;;40;
3825;1;32.6;3;Ok;Injection;175;;;40;
3825;2;;;;;;;;;
3825;3;32.6;0;Ok;Injection;929;;;40;
3825;4;;;;;;;;;
3825;5;32.6;1;Ok;Injection;829;481;;40;
3825;6;;;;;;;;;
3825;7;32.6;1;Ok;Injection;800;537;;40;
3825;8;;;;;;;;;
3825;9;32.6;0;Ok;Injection;1002;812;300;40;
3825;10;;;;;;;;;
3825;11;32.6;0;Ok;Injection;1003;822;;40;
3825;12;;;;;;;;;
3825;13;3;0;Sjold;Injection;;;;;
3825;14;;;;;;;;;
3825;15;32.6;0;Ok;Injection;1009;766;;40;
3825;16;;;;;;;;;
3825;17;32.6;0;Ok;Injection;1020;903;291;40;
3825;18;;;;;;;;;
3825;19;32.6;0;Sleppe 26m;Injection;35;;;40;
3825;20;;;;;;;;;
3825;21;32.6;1;Ok;Injection;99;;;40;
3825;22;;;;;;;;;
3825;23;32.6;0;Sleppe 27m;Injection;272;;;40;
3825;24;;;;;;;;;
3833;1;;;;;;;;;
3833;2;32.6;0;Ok;Injection;655;;;40;Contact nr2
3833;3;;;;;;;;;
3833;4;32.6;0;Ok;Injection;122;;;4;Exit
3833;5;;;;;;;;;
3833;6;32.6;1;Ok;Injection;1051;855;827;40;
3833;7;;;;;;;;;
3833;8;32.6;3;Ok;Injection;1006;728;;45;Contact nr 10
3833;9;;;;;;;;;
3833;10;32.6;0;Ok;Injection;16;;;40;
3833;11;;;;;;;;;
3833;12;32.6;0;Ok;Injection;1005;96;;40;
3833;13;;;;;;;;;
3833;14;32.6;0;Sleppe 8m-20m;Injection;623;;;45;
3833;15;;;;;;;;;
3833;16;32.6;0;Sleppe 7,8m;Injection;1007;819;386;44;Contact nr20nr18
3833;17;;;;;;;;;
3833;18;32.6;0;Sleppe 14m;Injection;5;;;45;
3833;19;;;;;;;;;
3833;20;32.6;0;Ok;Injection;7;;;45;
3833;21;;;;;;;;;
3833;22;32.6;0;Ok;Injection;792;;;43;
3833;23;;;;;;;;;
3833;24;32.6;2;Ok;Injection;117;;;44;
3843;1;32.6;0;Ok;Injection;293;;;45;
3843;2;;;;;;;;;
3843;3;32.6;2;Sleppe29m;Injection;521;;;45;
3843;4;;;;;;;;;
3843;5;32.6;5;Ok;Injection;1206;575;;40;
3843;6;;;;;;;;;
3843;7;32.6;4;Ok;Injection;1201;361;;43;
3843;8;;;;;;;;;
3843;9;;;Skjold;;1254;1016;908;45;9er .nr 11
3843;10;32.6;0;Ok;Injection;1211;1022;1805;40;
3843;11;32.6;0;Ok;Injection;;;;;
3843;12;;;;;;;;;
3843;13;;;Not possible;;;;;;
3843;14;32.6;0;Ok;Injection;1212;1035;1480;40;
3843;15;32.6;0;Ok;Injection;1202;1022;2197;35;
3843;16;;;;;;;;;
3843;17;32.6;4;Sleppe 29m;Injection;1200;939;;44;
3843;18;;;;;;;;;
3843;19;32.6;0;Sleppe 12m;Injection;1202;877;;45;
3843;20;;;;;;;;;
3843;21;32.6;0;Ok;Injection;791;;;45;
3843;22;;;;;;;;;
3843;23;32.6;1;Ok;Injection;77;;;43;
3843;24;;;;;;;;;
3853;1;;;;;;;;;
3853;2;40;1;Ok;Injection;35;;;50;
3853;3;;;;;;;;;
3853;4;40;0;Tell3e feil 40m;Injection;56;;;50;
3853;5;;;;;;;;;
3853;6;40;0;Ok;Injection;567;;;51;
3853;7;;;;;;;;;
3853;8;40;0;Ok;Injection;1200;80;;0;Exit.
3853;9;;;;;;;;;
3853;10;40;0;Sleppe 25m;Injection;1201;1115;181;47;Contact nr6nr12
3853;11;;;;;;;;;
3853;12;40;0;Ok;Injection;102;;;49;
3853;13;;;;;;;;;
3853;14;40;0;Ok;Injection;1223;1055;1070;47;
3853;15;;;;;;;;;
3853;16;40;0;Ok;Injection;1221;1044;972;49;
3853;17;;;;;;;;;
3853;18;40;0;Sleppe 29m;Injection;1030;669;;50;
3853;19;;;;;;;;;
3853;20;40;0;Ok;Injection;1027;270;;50;
3853;21;;;;;;;;;
3853;22;40;0;Ok;Injection;1092;203;;50;
3853;23;;;;;;;;;
3853;24;40;0;Ok;Injection;13;;;50;
3867;1;40;0;Ok, fractured 30-40;Injection;49;;;50;
3867;2;;;;;;;;;
3867;3;40;0;Ok;Injection;1234;962;;50;
3867;4;;;;;;;;;
3867;5;40;0;Sleppe 24-26m;Injection;1205;720;;50;
3867;6;;;;;;;;;
3867;7;40;0;Dad rock;Injection;310;;;50;
3867;8;;;;;;;;;
3867;9;40;0;Ok;Injection;579;;;11;Exit shield
3867;10;40;0;Ok;Injection;778;;;50;
3867;11;40;0;Ok;Injection;1309;910;;50;
3867;12;;;Not possible;;;;;;
3867;13;;;Not possible;;;;;;
3867;14;40;0;Fractured 23-24m;Injection;1207;;;50;
3867;15;40;0;Fractured 0-4m, 16-1;Injection;924;;;50;
3867;16;;;;;;;;;
3867;17;;;Not possible;;;;;;
3867;18;40;0;Ok;Injection;267;;;46;
3867;19;;;Not possible;;;;;;
3867;20;40;1;Ok;Injection;1226;15;;47;
3867;21;40;0;Ok;Injection;201;;;47;
3867;22;;;;;;;;;
3867;23;40;0;Fractured 28m;Injection;1455;1026;304;50;
3867;24;;;;;;;;;
3881;1;;;;;;;;50;
3881;2;40;4;Sleppe 13m;Injection;657;;;;
3881;3;;;;;;;;;
3881;4;40;0;Ok;Injection;165;;;50;
3881;5;;;;;;;;;
3881;6;40;0;Sleppe 6m;Injection;1107;;;50;
3881;7;;;;;;;;;
3881;8;40;0;Ok;Injection;1203;1007;146;48;
3881;9;;;;;;;;;
3881;10;40;0;Ok;Injection;1070;;;49;
3881;11;;;;;;;;;
3881;12;40;0;Ok;Injection;1200;570;;49;
3881;13;;;;;;;;;
3881;14;40;0;Ok;Injection;1228;1001;288;50;
3881;15;;;;;;;;;
3881;16;40;0;Ok;Injection;1227;90;;49;
3881;17;;;;;;;;;
3881;18;40;0;Sleppe 23m;Injection;462;;;50;
3881;19;;;;;;;;;
3881;20;40;6;Ok;Injection;1269;1018;216;50;
3881;21;;;;;;;;;
3881;22;40;0;Sleppe 13m og 25m;Injection;1217;1015;544;50;Small exit teleskopshield.
3881;23;;;;;;;;;
3881;24;40;3;Sleppe 24m;Injection;414;;;50;
3895;1;40;0;Ok;Injection;1120;;;50;
3895;2;;;;;;;;;
3895;3;40;0;Ok;Injection;114;;;50;
3895;4;40;3;Ok;Injection;74;;;51;
3895;5;;;Stop;;;;;;
3895;6;;;;;;;;;
3895;7;40;0;Ok;Injection;374;;;50;
3895;8;;;;;;;;;
3895;9;40;0;Ok;Injection;1207;341;;50;
3895;10;;;;;;;;;
3895;11;40;0;Ok;Injection;1204;146;;50;
3895;12;;;;;;;;;
3895;13;40;0;Ok;Injection;1201;569;;50;
3895;14;;;;;;;;;
3895;15;40;0;Ok;Injection;1208;472;;50;
3895;16;;;;;;;;;
3895;17;40;0;Ok;Injection;446;;;50;
3895;18;;;;;;;;;
3895;19;40;0;Ok;Injection;1256;448;;50;
3895;20;;;;;;;;;
3895;21;40;0;Sleppe 24m;Injection;519;;;50;
3895;22;;;;;;;;;
3895;23;40;1;Ok,fractured 28m;Injection;94;;;50;
3895;24;;;;;;;;;
3909;1;;;;;;;;;
3909;2;;;Not possible;;;;;;
3909;3;32.6;0;Ok;Injection;85;;;56;
3909;4;32.6;0;Ok;Injection;86;;;50;
3909;5;;;;;;;;;
3909;6;32.6;0;Ok;Injection;79;;;50;
3909;7;;;;;;;;;
3909;8;32.6;0;Ok;Injection;1804;1507;806;30;Leak cutterhead, Paused from 17:27- 18:21. Leak cutterhead
3909;9;;;;;;;;;
3909;10;32.6;0;Ok;Injection;116;;;47;
3909;11;;;;;;;;;
3909;12;32.6;25;Ok;Injection;2526;1493;;55;
3909;13;;;;;;;;;
3909;14;30.55;0;Stop 30m;Injection;466;;1222;0;Leak teleskopshield, started  vc 0.6 earlier . Exit.
3909;15;;;;;;;;;
3909;16;24.75;0;Stop 25m;Injection;1808;1506;604;39;Leak cutterhead,  pause from 16:54-18:10
3909;17;;;;;;;;;
3909;18;32.6;3;Ok;Injection;1809;1508;;50;
3909;19;;;;;;;;;
3909;20;32.6;0;Ok;Injection;87;;;60;
3909;21;;;;;;;;;
3909;22;32.6;0;Ok;Injection;91;;;51;
3909;23;;;;;;;;;
3909;24;32.6;0;Ok;Injection;87;;;50;
3913;1;;;;;;;;;
3913;2;;;;;;;;;
3913;3;24.2;0;Ok;Injection;45;;;51;
3913;4;;;;;;;;;
3913;5;;;;;;;;;
3913;6;;;;;;;;;
3913;7;24.2;0;Ok;Injection;1966;361;;50;
3913;8;;;;;;;;;
3913;9;;;;;;;;;
3913;10;24.2;0;Bad rock 8,5m;Injection;1888;235;;50;
3913;11;24.2;0;Bad rock;Injection;1274;;;50;
3913;12;;;;;;;;;
3913;13;5;0;Stop, bad rock;Injection;;;;;
3913;14;14;0;Bad rock 13m,stop 14;Injection;;;;;
3913;15;;;;;;;;;
3913;16;;;;;;;;;
3913;17;24.2;0;Ok;Injection;519;;;50;
3913;18;;;;;;;;;
3913;19;24.2;0;Ok;Injection;79;;;50;
3913;20;;;;;;;;;
3913;21;;;;;;;;;
3913;22;;;;;;;;;
3913;23;;;;;;;;;
3913;24;;;;;;;;;
3919;1;32.6;0;Ok;Injection;241;;;50;Packer loosened,replaced new
3919;2;32.6;0;Ok;Injection;66;;;50;
3919;3;3;0;Shield;;;;;;
3919;4;32.6;0;Ok;Injection;1916;1512;787;50;
3919;5;;;Shield;;;;;;
3919;6;;;;;;;;;
3919;7;32.6;0;Ok;Injection;1829;664;;50;
3919;8;32.6;0;Ok;Injection;17;;;50;
3919;9;;;Shield;;;;;;
3919;10;;;;;;;;;
3919;11;32.6;0;Ok;Injection;1811;777;;50;
3919;12;;;;;;;;;
3919;13;;;Not possible,;;;;;;
3919;14;32.6;0;Ok;Injection;2;;;50;
3919;15;32.6;0;Ok;Injection;1873;1506;16;50;
3919;16;;;;;;;;;
3919;17;32.6;0;Ok;Injection;1837;762;;50;
3919;18;;;;;;;;;
3919;19;32.6;0;Ok;Injection;1817;1594;473;50;
3919;20;;;;;;;;;
3919;21;32.6;0;Tellefeil. Ok;Injection;1805;852;;50;
3919;22;;;;;;;;;
3919;23;32.6;0;Ok;Injection;10;;;52;
3919;24;;;;;;;;;
3929;1;;;;;;;;;
3929;2;32.6;1;Ok;Injection;826;;;50;
3929;3;;;;;;;;;
3929;4;32.6;0;Ok;Injection;1661;;;50;
3929;5;;;;;;;;;
3929;6;;;Traff skjold;;;;;;
3929;7;32.6;0;Ok;Injection;64;;;50;
3929;8;32.6;0;Ok;Injection;1816;583;;50;
3929;9;;;;;;;;;
3929;10;32.6;0;Ok;Injection;164;;;50;
3929;11;;;;;;;;;
3929;12;32.6;0;Ok;Injection;137;;;50;
3929;13;;;;;;;;;
3929;14;32.6;0;Ok;Injection;1817;302;;50;
3929;15;;;;;;;;;
3929;16;32.6;0;Ok;Injection;297;;;50;
3929;17;;;;;;;;;
3929;18;32.6;0;Ok;Injection;1810;888;;50;
3929;19;;;;;;;;;
3929;20;32.6;0;Ok;Injection;38;;;50;
3929;21;;;;;;;;;
3929;22;32.6;1;Ok;Injection;1596;;;50;
3929;23;;;;;;;;;
3929;24;32.6;1;Ok;Injection;44;;;50;
3937;1;32.4;0;;Injection;1350;;;50;
3937;2;;;;;;;;;
3937;3;32.6;3;;Injection;1950;;;50;
3937;4;32.6;0;;Injection;1821;1874;55;50;
3937;5;;;;;;;;;
3937;6;;;;;;;;;
3937;7;32.6;0;;Injection;24;;;50;
3937;8;;;;;;;;;
3937;9;32.6;0;;Injection;2015;917;;50;Contact nr 7
3937;10;;;;;;;;;
3937;11;32.6;0;;Injection;1856;1512;1199;50;
3937;12;;;;;;;;;
3937;13;32.6;0;;Injection;1804;1653;;50;
3937;14;;;;;;;;;
3937;15;32.6;0;;Injection;1826;;;50;
3937;16;;;;;;;;;
3937;17;32.6;0;;Injection;1910;810;;50;
3937;18;;;;;;;;;
3937;19;32.6;0;;Injection;1803;219;;50;
3937;20;;;;;;;;;
3937;21;32.6;0;;Injection;1800;1263;;50;
3937;22;;;;;;;;;
3937;23;32.6;0;;Injection;1810;484;;50;
3937;24;;;;;;;;;
3945;1;;;;;;;;;
3945;2;32.6;0;;Injection;1784;1447;;26;Exit.
3945;3;;;;;;;;;
3945;4;32.6;0;;Injection;82;;;60;
3945;5;32.6;0;;Injection;;;;;
3945;6;;;;;;;;;
3945;7;;;;;67;;;55;
3945;8;32.6;0;;Injection;1866;1593;76;50;
3945;9;;;;;;;;;
3945;10;32.6;0;Sleppe 27m;Injection;1803;1575;356;50;
3945;11;;;;;;;;;
3945;12;32.6;0;;Injection;1083;;;50;
3945;13;;;;;;;;;
3945;14;32.6;0;;Injection;1907;1545;208;50;
3945;15;;;;;;;;;
3945;16;32.6;0;;Injection;1907;;;50;
3945;17;;;;;;;;;
3945;18;32.6;0;;Injection;1795;80;;50;
3945;19;;;;;;;;;
3945;20;32.6;0;;Injection;1878;1531;118;50;
3945;21;;;;;;;;;
3945;22;32.6;0;;Injection;79;;;60;
3945;23;;;;;;;;;
3945;24;32.6;0;;Injection;1846;712;;56;
3955;1;32.6;0;;Injection;74;;;50;
3955;2;;;;;;;;;
3955;3;32.6;0;;Injection;67;;;50;
3955;4;;;;;;;;;
3955;5;32.6;0;;Injection;72;;;50;
3955;6;;;;;;;;;
3955;7;32.6;0;Sleppe 6m, 15m telle;Injection;78;;;50;
3955;8;;;;;;;;;
3955;9;32.6;0;;Injection;54;;;50;
3955;10;;;;;;;;;
3955;11;32.6;0;;Injection;37;;;50;
3955;12;;;;;;;;;
3955;13;32.6;0;;Injection;88;;;50;
3955;14;;;;;;;;;
3955;15;32.6;0;;Injection;1184;;;;Utgang
3955;16;;;;;;;;;
3955;17;32.6;0;;Injection;38;;;50;
3955;18;;;;;;;;;
3955;19;32.6;0;;Injection;83;;;50;
3955;20;;;;;;;;;
3955;21;32.6;0;;Injection;178;;;50;
3955;22;;;;;;;;;
3955;23;32.6;0;;Injection;72;;;50;
3955;24;;;;;;;;;
3965;1;;;;;;;;;
3965;2;32.6;0;Ok;Injection;69;;;50;
3965;3;;;;;;;;;
3965;4;32.6;0;Ok;Injection;86;;;50;
3965;5;;;;;;;;;
3965;6;32.6;0;Sleppe 23m;Injection;77;;;50;
3965;7;;;;;;;;;
3965;8;32.6;0;Ok;Injection;55;;;50;
3965;9;;;;;;;;;
3965;10;32.6;0;Ok;Injection;662;;;50;Contact nr8.
3965;11;;;;;;;;;
3965;12;32.6;0;Sleppe 20m;Injection;1958;886;1435;45;
3965;13;;;;;;;;;
3965;14;32.6;0;Sleppe 15m;Injection;1856;1212;1562;45;
3965;15;;;;;;;;;
3965;16;32.6;0;Ok;Injection;2165;1302;1444;45;
3965;17;;;;;;;;;
3965;18;32.6;0;Ok;Injection;72;;;50;
3965;19;;;;;;;;;
3965;20;32.6;0;Ok;Injection;;;;;
3965;21;;;;;;;;;
3965;22;32.6;0;Sleppe 31m;Injection;72;;;50;
3965;23;;;;;;;;;
3965;24;32.6;0;;Injection;75;;;50;
3973;1;32.6;0;;Injection;113;;;50;
3973;2;;;;;;;;;
3973;3;32.6;3;;Injection;73;;;50;
3973;4;;;;;;;;;
3973;5;32.6;0;;Injection;57;;;50;
3973;6;;;;;;;;;
3973;7;32.6;0;;Injection;113;;;50;
3973;8;;;;;;;;;
3973;9;32.6;0;;Injection;1849;1530;;50;Satt paa pause
3973;10;32.6;0;;Injection;;;;;
3973;11;32.6;0;;Injection;1918;1600;1902;40;Stoppa paa mengde vav
3973;12;;;;;;;;;
3973;13;32.6;0;;Injection;1804;50;;50;
3973;14;;;;;;;;;
3973;15;32.6;0;;Injection;1829;1609;1344;45;Snakka med vav
3973;16;;;;;;;;;
3973;17;32.6;0;;Injection;2;;;50;Contact nr 15.
3973;18;;;;;;;;;
3973;19;;;;;;;;;
3973;20;32.6;0;;Injection;96;;;50;
3973;21;;;;;;;;;
3973;22;;;;;;;;;
3973;23;32.6;0;;Injection;184;;;32;Exit.
3973;24;;;;;;;;;
3983;1;;;;;;;;;
3983;2;32.6;0;;Injection;84;;;50;
3983;3;;;;;;;;;
3983;4;32.6;0;;Injection;95;;;50;
3983;5;;;;;;;;;
3983;6;;;;;;;;;
3983;7;32.6;0;;Injection;84;;;50;
3983;8;32.6;0;;Injection;63;;;50;
3983;9;;;;;;;;;
3983;10;32.6;0;;Injection;64;;;50;
3983;11;;;;;;;;;
3983;12;32.6;0;;Injection;1520;288;;50;
3983;13;;;;;;;;;
3983;14;32.6;0;;Injection;40;;;50;
3983;15;;;;;;;;;
3983;16;32.6;0;;Injection;1866;767;;50;
3983;17;;;;;;;;;
3983;18;32.6;0;;Injection;89;;;50;
3983;19;;;;;;;;;
3983;20;32.6;0;;Injection;142;;;50;
3983;21;;;;;;;;;
3983;22;32.6;0;;Injection;85;;;50;
3983;23;;;;;;;;;
3983;24;32.6;0;;Injection;75;;;50;
3993;1;32.6;0;;Injection;76;;;50;
3993;2;;;;;;;;;
3993;3;32.6;0;;Injection;78;;;50;
3993;4;;;;;;;;;
3993;5;32.6;0;;Injection;82;;;50;
3993;6;;;;;;;;;
3993;7;32.6;0;;Injection;78;;;50;
3993;8;;;;;;;;;
3993;9;32.6;0;;Injection;2322;1500;735;50;
3993;10;;;;;;;;;
3993;11;32.6;0;;Injection;1893;1898;1572;50;
3993;12;32.6;0;;Injection;110;;;50;
3993;13;;;;;;;;;
3993;14;;;;;;;;;
3993;15;32.6;0;;Injection;2188;1286;;50;
3993;16;;;;;;;;;
3993;17;32.6;0;;Injection;40;;;50;
3993;18;32.6;0;;Injection;78;;;50;
3993;19;;;;;;;;;
3993;20;;;;;;;;;
3993;21;32.6;0;;Injection;1784;;;;Utgang
3993;22;;;;;;;;;
3993;23;32.6;0;;Injection;7;;;50;
3993;24;;;;;;;;;
4001;1;;;;;;;;;
4001;2;32.6;0;;Injection;71;;;45;
4001;3;;;;;;;;;
4001;4;32.6;0;;Injection;86;;;50;
4001;5;;;;;;;;;
4001;6;32.6;0;;Injection;88;;;50;
4001;7;;;;;;;;;
4001;8;32.6;0;;Injection;20;;;45;
4001;9;;;;;;;;;
4001;10;32.6;0;;Injection;1887;1522;423;45;
4001;11;;;;;;;;;
4001;12;32.6;0;Ok;Injection;1705;;;45;
4001;13;;;;;;;;;
4001;14;32.6;0;;Injection;22;;;50;
4001;15;;;;;;;;;
4001;16;32.6;0;Ok;Injection;1863;1531;375;45;
4001;17;;;;;;;;;
4001;18;32.6;0;;Injection;1265;;;45;
4001;19;;;;;;;;;
4001;20;32.6;0;;Injection;33;;;47;
4001;21;;;;;;;;;
4001;22;32.6;0;Ok;Injection;85;;;45;
4001;23;;;;;;;;;
4001;24;32.6;0;;Injection;79;;;50;
4011;1;32.6;1;Sleppe 29,5m;Injection;194;;;50;
4011;2;;;;;;;;;
4011;3;32.6;10;Ok;Injection;1304;;;50;
4011;4;;;;;;;;;
4011;5;32.6;1.5;Ok;Injection;2005;598;;50;Contact 3,1
4011;6;;;;;;;;;
4011;7;32.6;0;Ok;Injection;97;;;52;
4011;8;;;;;;;;;
4011;9;32.6;0;Ok;Injection;68;;;50;
4011;10;;;;;;;;;
4011;11;32.6;0;Ok;Injection;2079;846;;50;
4011;12;;;;;;;;;
4011;13;32.6;0;Ok;Injection;2024;1511;170;50;
4011;14;;;;;;;;;
4011;15;32.6;0;Ok;Injection;2021;1518;442;50;
4011;16;;;;;;;;;
4011;17;32.6;0;Ok;Injection;1807;1179;;50;
4011;18;;;;;;;;;
4011;19;32.6;0;Ok;Injection;75;;;51;
4011;20;;;;;;;;;
4011;21;32.6;0;Ok;Injection;93;;;50;
4011;22;;;;;;;;;
4011;23;32.6;1.5;Ok;Injection;1884;111;;50;
4011;24;;;;;;;;;
4021;1;;;;;;;;;
4021;2;32.6;0;;Injection;91;;;50;
4021;3;;;;;;;;;
4021;4;32.6;0;;Injection;55;;;47;
4021;5;32.6;0;;Injection;789;;;45;
4021;6;;;;;;;;;
4021;7;;;;;;;;;
4021;8;32.6;0;;Injection;185;;;45;
4021;9;;;;;;;;;
4021;10;32.6;0;;Injection;1830;1515;48;45;
4021;11;;;;;;;;;
4021;12;32.6;0;;Injection;116;;;45;
4021;13;40;0;;Injection;1813;1528;235;45;
4021;14;40;0;;Injection;1836;1527;117;45;Contact 17,18,19
4021;15;40;0;;Injection;475;;;45;
4021;16;40;0;;Injection;1802;656;;45;
4021;17;40;0;;Injection;1819;1531;218;45;
4021;18;40;0;;Injection;1856;24;;45;
4021;19;40;1;;Injection;133;;;45;
4021;20;40;0.5;;Injection;122;;;45;
4021;21;40;0.5;;Injection;114;;;45;
4021;22;40;0;;Injection;99;;;45;
4021;23;40;0;;Injection;115;;;45;
4021;24;40;0;;Injection;111;;;45;
4029;1;32.6;0;;Injection;173;;;45;
4029;2;;;;;;;;;
4029;3;32.6;0;Sleppe 20m;Injection;2156;1761;592;45;
4029;4;;;;;;;;;
4029;5;32.6;0;;Injection;75;;;45;
4029;6;;;;;;;;;
4029;7;32.6;0;;Injection;83;;;45;
4029;8;;;;;;;;;
4029;9;32.6;0;;Injection;42;;;45;
4029;10;;;;;;;;;
4029;11;32.6;0;;Injection;43;;;45;
4029;12;;;;;;;;;
4029;13;40;0;;Injection;32;;;45;
4029;14;40;0;;Injection;1933;1438;403;45;
4029;15;40;0;;Injection;127;;;45;
4029;16;40;0;;Injection;14;;;45;
4029;17;40;0;;Injection;46;;;45;
4029;18;40;0;;Injection;36;;;45;
4029;19;40;0;;Injection;682;;;45;
4029;20;40;0;;Injection;116;;;45;
4029;21;40;0;;Injection;9;;;45;Kontakt
4029;22;40;0;;Injection;111;;;45;
4029;23;40;2;;Injection;1712;1893;14;45;
4029;24;40;3;;Injection;1973;1837;403;45;
4039;1;;;;;;;;;
4039;2;32.6;0;Ok;Injection;1829;1519;463;45;
4039;3;;;;;;;;;
4039;4;32.6;0;Ok;Injection;81;;;45;
4039;5;;;;;;;;;
4039;6;;;Shield;;;;;;
4039;7;32.6;0;Ok;Injection;71;;;45;
4039;8;32.6;0;Ok;Injection;56;;;45;
4039;9;;;;;;;;;
4039;10;32.6;0;Ok;Injection;1818;123;;45;
4039;11;;;;;;;;;
4039;12;32.6;0;Ok;Injection;98;;;45;
4039;13;40;0;Ok;Injection;426;;;0;Direct exit
4039;14;40;0;Ok;Injection;1876;1834;2304;45;
4039;15;;;Shield;;;;;;
4039;16;40;0;Ok;Injection;1847;1738;932;45;
4039;17;40;0;Ok;Injection;1898;805;;45;
4039;18;40;0;Ok;Injection;108;;;45;
4039;19;40;0;Ok;Injection;1133;;;45;
4039;20;40;0.5;Ok;Injection;116;;;45;
4039;21;40;0;Ok;Injection;120;;;50;
4039;22;40;0;Ok;Injection;1829;;;45;
4039;23;40;0;Ok;Injection;487;;;45;
4039;24;40;0;Ok;Injection;57;;;45;
4047;1;32.6;0;Ok;Injection;84;;;45;
4047;2;;;;;;;;;
4047;3;32.6;0;Ok;Injection;118;;;45;
4047;4;;;;;;;;;
4047;5;32.6;0;Ok;Injection;315;;;11;Packer loosened, not possible replace
4047;6;;;;;;;;;
4047;7;32.6;2.5;Ok;Injection;1835;1518;535;45;
4047;8;;;;;;;;;
4047;9;32.6;0;Ok;Injection;1848;633;;45;Packer loosened, replaced new
4047;10;;;;;;;;;
4047;11;32.6;0;Ok;Injection;1823;1519;2599;45;Paused 03:46-05:00
4047;12;;;;;;;;;
4047;13;32.6;0;Ok;Injection;59;;;45;
4047;14;32.6;0;Ok;Injection;1806;887;;45;
4047;15;32.6;0;Ok;Injection;14;;;45;
4047;16;32.6;0;Ok;Injection;1815;604;;45;Contact
4047;17;32.6;0;Ok;Injection;1;;;50;Contact
4047;18;32.6;0;Ok;Injection;2;;;50;Contact
4047;19;32.6;0;Ok;Injection;87;;;45;
4047;20;32.6;0;Ok;Injection;87;;;45;
4047;21;32.6;0;Ok;Injection;80;;;45;
4047;22;32.6;0;Ok;Injection;86;;;45;
4047;23;32.6;0;Ok;Injection;91;;;45;
4047;24;32.6;0;Ok;Injection;91;;;45;
4057;1;;;;;;;;;
4057;2;32.6;1;Ok;Injection;869;;;45;
4057;3;;;;;;;;;
4057;4;32.6;0;Ok;Injection;786;;;45;Contact
4057;5;;;;;;;;;
4057;6;32.6;5;Ok;Injection;1825;929;;45;
4057;7;;;;;;;;;
4057;8;32.6;0;Ok;Injection;37;;;47;
4057;9;;;;;;;;;
4057;10;32.6;0;Ok;Injection;1852;1554;207;45;
4057;11;;;;;;;;;
4057;12;32.6;0;Ok;Injection;1850;1545;1644;45;
4057;13;;;;;;;;;
4057;14;32.6;0;Ok;Injection;1840;1537;936;45;
4057;15;;;;;;;;;
4057;16;32.6;0;Sleppe 16,5m;Injection;15;;;45;
4057;17;;;;;;;;;
4057;18;32.6;0;Ok;Injection;1824;597;;45;Contact
4057;19;;;;;;;;;
4057;20;32.6;0;Ok;Injection;13;;;45;Contact
4057;21;;;;;;;;;
4057;22;32.6;0;Ok;Injection;5;;;47;Contact
4057;23;;;;;;;;;
4057;24;32.6;0;Sleppe 28m;Injection;1511;;;45;Contact
4066;1;;;;;;;;;
4066;2;;;;;;;;;
4066;3;;;;;;;;;
4066;4;;;;;;;;;
4066;5;;;;;;;;;
4066;6;;;;;;;;;
4066;7;;;;;;;;;
4066;8;;;;;;;;;
4066;9;;;;;;;;;
4066;10;;;;;;;;;
4066;11;;;;;;;;;
4066;12;;;;;;;;;
4066;13;;;;;;;;;
4066;14;;;;;;;;;
4066;15;;;;;;;;;
4066;16;;;;;;;;;
4066;17;;;;;;;;;
4066;18;;;;;;;;;
4066;19;;;;;;;;;
4066;20;;;;;;;;;
4066;21;;;;;;;;;
4066;22;;;;;;;;;
4066;23;;;;;;;;;
4066;24;;;;;;;;;
4067;1;32.6;8;;Injection;1849;269;;45;
4067;2;;;;;;;;;
4067;3;32.6;3;;Injection;1830;583;;45;
4067;4;;;;;;;;;
4067;5;32.6;0;;Injection;1854;1509;312;45;
4067;6;;;;;;;;;
4067;7;32.6;0;;Injection;138;;;45;
4067;8;;;;;;;;;
4067;9;32.6;0;;Injection;1902;1526;2329;45;
4067;10;;;;;;;;;
4067;11;32.6;0;;Injection;45;;;55;
4067;12;;;;;;;;;
4067;13;32.6;0;;Injection;1923;1565;1271;45;
4067;14;;;;;;;;;
4067;15;32.6;0;;Injection;1886;1515;804;45;
4067;16;;;;;;;;;
4067;17;27.6;0;Fastbort;Injection;1817;1144;;45;
4067;18;25;0;Fastbort;Injection;1835;1568;1943;40;
4067;19;;;;;;;;;
4067;20;;;;;;;;;
4067;21;32.6;0;;Injection;189;;;45;
4067;22;;;;;;;;;
4067;23;32.6;4;;Injection;135;;;45;
4067;24;;;;;;;;;
4075;1;;;;;;;;;
4075;2;32.6;0;;Injection;83;;;45;
4075;3;;;;;;;;;
4075;4;32.6;0;;Injection;56;;;45;
4075;5;;;;;;;;;
4075;6;;;;;;;;;
4075;7;32.6;0;;Injection;1804;783;;45;
4075;8;32.6;0;;Injection;67;;;45;
4075;9;;;;;;;;;
4075;10;32.6;0;;Injection;1929;2129;1132;45;
4075;11;;;;;;;;;
4075;12;32.6;0;;Injection;362;;;45;
4075;13;;;;;;;;;
4075;14;32.6;0;;Injection;1825;2212;1637;45;
4075;15;;;;;;;;;
4075;16;32.6;0;;Injection;1943;1544;665;45;
4075;17;;;;;;;;;
4075;18;32.6;0;;Injection;7;;;50;
4075;19;;;;;;;;;
4075;20;32.6;1;;Injection;92;;;45;
4075;21;;;;;;;;;
4075;22;32.6;4;;Injection;43;;;45;
4075;23;;;;;;;;;
4075;24;32.6;2;;Injection;92;;;45;
4083;1;40;0.5;Ok;Probe;;;;;
4083;2;;;;;;;;;
4083;3;40;0;Ok;Probe;;;;;
4083;4;;;;;;;;;
4083;5;40;0;Ok;Probe;;;;;
4083;6;;;;;;;;;
4083;7;40;0;Ok;Probe;;;;;
4083;8;;;;;;;;;
4083;9;40;0;Ok;Probe;;;;;
4083;10;;;;;;;;;
4083;11;40;0;Ok;Probe;;;;;
4083;12;;;;;;;;;
4083;13;;;;;;;;;
4083;14;40;0;Ok;Probe;;;;;
4083;15;40;0;Ok;Probe;;;;;
4083;16;;;;;;;;;
4083;17;40;0;Ok;Probe;;;;;
4083;18;;;;;;;;;
4083;19;40;0;Ok;Probe;;;;;
4083;20;;;;;;;;;
4083;21;40;0;Ok;Probe;;;;;
4083;22;;;;;;;;;
4083;23;40;0.4;Ok;Probe;;;;;
4083;24;;;;;;;;;
4101;1;;;;;;;;;
4101;2;40;0;Ok;Probe;;;;;
4101;3;;;;;;;;;
4101;4;40;0;Ok;Probe;;;;;
4101;5;;;;;;;;;
4101;6;40;0;Ok;Probe;;;;;
4101;7;;;;;;;;;
4101;8;40;0;Ok;Probe;;;;;
4101;9;;;;;;;;;
4101;10;;;;;;;;;
4101;11;;;;;;;;;
4101;12;;;;;;;;;
4101;13;;;;;;;;;
4101;14;;;;;;;;;
4101;15;;;;;;;;;
4101;16;;;;;;;;;
4101;17;;;;;;;;;
4101;18;40;0;Ok;Probe;;;;;
4101;19;;;;;;;;;
4101;20;40;0;Ok;Probe;;;;;
4101;21;;;;;;;;;
4101;22;40;0;Ok;Probe;;;;;
4101;23;;;;;;;;;
4101;24;40;0;Ok;Probe;;;;;
4118;1;40;0;;Probe;;;;;
4118;2;;;;;;;;;
4118;3;40;0.5;;Probe;;;;;
4118;4;;;;;;;;;
4118;5;40;0;;Probe;;;;;
4118;6;;;;;;;;;
4118;7;;;;;;;;;
4118;8;40;0;;Probe;;;;;
4118;9;;;;;;;;;
4118;10;;;;;;;;;
4118;11;;;;;;;;;
4118;12;;;;;;;;;
4118;13;;;;;;;;;
4118;14;;;;;;;;;
4118;15;;;;;;;;;
4118;16;;;;;;;;;
4118;17;40;0;;Probe;;;;;
4118;18;;;;;;;;;
4118;19;40;0;;Probe;;;;;
4118;20;;;;;;;;;
4118;21;40;0;;Probe;;;;;
4118;22;;;;;;;;;
4118;23;40;0.1;;Probe;;;;;
4118;24;;;;;;;;;
4135;1;;;;;;;;;
4135;2;40;0;Ok;Probe;;;;;
4135;3;;;;;;;;;
4135;4;40;0;Ok;Probe;;;;;
4135;5;;;;;;;;;
4135;6;40;0;Ok;Probe;;;;;
4135;7;;;;;;;;;
4135;8;40;0;Ok;Probe;;;;;
4135;9;;;;;;;;;
4135;10;40;0;Ok;Probe;;;;;
4135;11;40;0;Ok;Probe;;;;;
4135;12;;;;;;;;;
4135;13;;;;;;;;;
4135;14;40;0;Ok;Probe;;;;;
4135;15;;;;;;;;;
4135;16;40;0;Ok;Probe;;;;;
4135;17;;;;;;;;;
4135;18;40;0;Ok;Probe;;;;;
4135;19;;;;;;;;;
4135;20;40;0;Ok;Probe;;;;;
4135;21;;;;;;;;;
4135;22;36;0;Ok;Probe;;;;;
4135;23;;;;;;;;;
4135;24;40;0;Ok;Probe;;;;;
4152;1;40;0;Ok;Probe;;;;;
4152;2;;;;;;;;;
4152;3;40;3;Ok;Probe;;;;;
4152;4;;;;;;;;;
4152;5;40;0;Ok;Probe;;;;;
4152;6;;;;;;;;;
4152;7;40;0;Ok;Probe;;;;;
4152;8;;;;;;;;;
4152;9;40;0.6;Ok;Probe;;;;;
4152;10;;;;;;;;;
4152;11;;;;;;;;;
4152;12;;;;;;;;;
4152;13;;;;;;;;;
4152;14;;;;;;;;;
4152;15;40;0;Ok;Probe;;;;;
4152;16;;;;;;;;;
4152;17;40;0;Ok;Probe;;;;;
4152;18;;;;;;;;;
4152;19;40;0.2;Ok;Probe;;;;;
4152;20;;;;;;;;;
4152;21;;;;;;;;;
4152;22;;;;;;;;;
4152;23;40;0;Ok;Probe;;;;;
4152;24;;;;;;;;;
4168;1;;;;;;;;;
4168;2;;;;;;;;;
4168;3;;;;;;;;;
4168;4;;;;;;;;;
4168;5;;;;;;;;;
4168;6;;;;;;;;;
4168;7;;;;;;;;;
4168;8;;;;;;;;;
4168;9;;;;;;;;;
4168;10;;;;;;;;;
4168;11;;;;;;;;;
4168;12;;;;;;;;;
4168;13;;;;;;;;;
4168;14;;;;;;;;;
4168;15;;;;;;;;;
4168;16;;;;;;;;;
4168;17;;;;;;;;;
4168;18;;;;;;;;;
4168;19;;;;;;;;;
4168;20;;;;;;;;;
4168;21;;;;;;;;;
4168;22;;;;;;;;;
4168;23;;;;;;;;;
4168;24;;;;;;;;;
4169;1;;;;;;;;;
4169;2;40;60;;Injection;;543;2144;22;
4169;3;;;;;;;;;
4169;4;40;50;;Injection;;644;1729;21;
4169;5;;;;;;;;;
4169;6;40;50;;Injection;;639;2234;18;
4169;7;;;;;;;;;
4169;8;40;30;;Injection;1550;1240;98;35;
4169;9;;;;;;;;;
4169;10;40;60;;Injection;1558;1233;836;11;Avsluttet paa mengde
4169;11;40;0;;Injection;1521;1292;206;35;
4169;12;;;;;;;;;
4169;13;;;;;;;;;
4169;14;;;;;;;;;
4169;15;40;5;;Injection;1511;769;;45;
4169;16;40;0;Ok;Injection;1507;1224;804;30;
4169;17;;;;;;;;;
4169;18;40;0;Ok;Injection;1516;708;;35;Contact
4169;19;;;;;;;;;
4169;20;40;0;;Injection;1576;1242;829;31;
4169;21;;;;;;;;;
4169;22;40;50;;Injection;;566;651;21;
4169;23;;;;;;;;;
4169;24;40;60;;Injection;;1;;30;Contact
4179;1;40;1;Ok;Probe;1506;1223;191;45;
4179;2;;;;;;;;;
4179;3;40;0;Ok;Probe;1503;1209;232;44;
4179;4;;;;;;;;;
4179;5;40;0;Ok;Probe;123;;;45;
4179;6;;;;;;;;;
4179;7;40;0;Ok;Probe;154;;;45;
4179;8;;;;;;;;;
4179;9;40;0;Ok;Probe;572;;;43;
4179;10;40;0;Ok;Probe;1451;273;;44;
4179;11;;;;;;;;;
4179;12;;;;;;;;;
4179;13;;;;;;;;;
4179;14;;;;;;;;;
4179;15;40;0;Ok;Probe;1500;362;;45;
4179;16;40;0;Sleppe 6m, sleppe 34;Probe;1507;1212;1298;36;Small leak , pause from 03:52-04:57
4179;17;40;0;Ok;Probe;61;;;55;
4179;18;40;0;Ok;Probe;1508;1170;1090;34;Small leak teleskopshield
4179;19;;;;;;;;;
4179;20;;;;;;;;;
4179;21;40;1;Sleppe 24m;Probe;1508;63;;43;
4179;22;;;;;;;;;
4179;23;40;40;Sleppe 20m;Probe;1501;1222;1997;42;
4179;24;;;;;;;;;
4193;1;;;;;;;;;
4193;2;;;;;;;;;
4193;3;;;;;;;;;
4193;4;40;0;Sleppe 28m;Probe;;;;;
4193;5;;;;;;;;;
4193;6;40;0;Ok;Probe;;;;;
4193;7;;;;;;;;;
4193;8;40;0;Ok;Probe;;;;;
4193;9;;;;;;;;;
4193;10;40;0;;Probe;;;;;
4193;11;;;;;;;;;
4193;12;;;;;;;;;
4193;13;;;;;;;;;
4193;14;40;0;Ok;Probe;;;;;
4193;15;;;;;;;;;
4193;16;40;0;Ok;Probe;;;;;
4193;17;;;;;;;;;
4193;18;40;0;Ok;Probe;;;;;
4193;19;;;;;;;;;
4193;20;;;;;;;;;
4193;21;;;;;;;;;
4193;22;40;0;Ok;Probe;;;;;
4193;23;;;;;;;;;
4193;24;40;0;Ok;Probe;;;;;
4209;1;40;2;Ok;Probe;;;;;
4209;2;;;;;;;;;
4209;3;40;0;Ok;Probe;;;;;
4209;4;;;;;;;;;
4209;5;40;0.8;Ok;Probe;;;;;
4209;6;;;;;;;;;
4209;7;40;0;Ok;Probe;;;;;
4209;8;;;;;;;;;
4209;9;40;0;Ok;Probe;;;;;
4209;10;;;;;;;;;
4209;11;;;;;;;;;
4209;12;;;;;;;;;
4209;13;;;;;;;;;
4209;14;;;;;;;;;
4209;15;40;0;Ok;Probe;;;;;
4209;16;;;;;;;;;
4209;17;40;0;Ok;Probe;;;;;
4209;18;;;;;;;;;
4209;19;40;0;Ok;Probe;;;;;
4209;20;;;;;;;;;
4209;21;;;;;;;;;
4209;22;;;;;;;;;
4209;23;40;0;Ok;Probe;;;;;
4209;24;;;;;;;;;
4225;1;;;;;;;;;
4225;2;;;;;;;;;
4225;3;;;;;;;;;
4225;4;;;;;;;;;
4225;5;;;;;;;;;
4225;6;;;;;;;;;
4225;7;;;;;;;;;
4225;8;;;;;;;;;
4225;9;;;;;;;;;
4225;10;;;;;;;;;
4225;11;;;;;;;;;
4225;12;;;;;;;;;
4225;13;;;;;;;;;
4225;14;;;;;;;;;
4225;15;;;;;;;;;
4225;16;;;;;;;;;
4225;17;;;;;;;;;
4225;18;;;;;;;;;
4225;19;;;;;;;;;
4225;20;;;;;;;;;
4225;21;;;;;;;;;
4225;22;;;;;;;;;
4225;23;;;;;;;;;
4225;24;;;;;;;;;
4226;1;;;;;;;;;
4226;2;;;;;;;;;
4226;3;;;;;;;;;
4226;4;40;3;Sleppe 37m;Probe;;;;;
4226;5;;;;;;;;;
4226;6;;;Shield;Probe;;;;;
4226;7;40;0;Sleppe 4-7m;Probe;;;;;
4226;8;;;Shield;Probe;;;;;
4226;9;40;0;Ok;Probe;;;;;
4226;10;40;0;Ok;Probe;;;;;
4226;11;;;;;;;;;
4226;12;;;;;;;;;
4226;13;;;;;;;;;
4226;14;40;0;Bad rock;Probe;;;;;
4226;15;;;;;;;;;
4226;16;40;0;Sleppe 4m;Probe;;;;;
4226;17;;;;;;;;;
4226;18;40;0;Sleppe 10m;Probe;;;;;
4226;19;;;;;;;;;
4226;20;;;;;;;;;
4226;21;;;;;;;;;
4226;22;40;0;;Probe;;;;;
4226;23;;;;;;;;;
4226;24;40;0;Ok;Probe;;;;;
4243;1;40;180;Ok;Probe;1508;1180;95;45;Contact
4243;2;;;;;;;;;
4243;3;40;45;Sleppe 18m,26m;Probe;1510;1278;2800;45;
4243;4;40;65;Sleppe 14m;Probe;1508;1270;2818;45;
4243;5;40;12;Sleppe 30m;Probe;584;;5844;35;Exit->0,6
4243;6;;;;;;;;;
4243;7;40;15;Sleppe 13-15m,30-34m;Probe;295;;2135;4;Exit->0,6.  Pause,exit. Direct exit
4243;8;;;;;;;;;
4243;9;40;3;;Probe;1423;;22;45;
4243;10;40;0;;Probe;18;;;50;
4243;11;;;;;;;;;
4243;12;;;;;;;;;
4243;13;;;;;;;;;
4243;14;;;;;;;;;
4243;15;40;0;Tellefeil;Probe;1578;1265;260;45;
4243;16;;;;;;;;;
4243;17;40;0;;Probe;1597;1210;114;45;
4243;18;;;;;;;;;
4243;19;40;0;Ok;Injection;1532;1224;1971;8;Exit shield
4243;20;;;;;;;;;
4243;21;40;20;;Injection;382;;1499;45;Exit->0,6
4243;22;;;;;;;;;
4243;23;40;15;;Injection;1516;1263;118;45;
4243;24;;;;;;;;;
4247;1;;;;;;;;;
4247;2;32.6;0;Ok;Injection;4;;;52;Contact.
4247;3;;;;;;;;;
4247;4;32.6;0;Ok;Injection;2010;719;;50;
4247;5;;;;;;;;;
4247;6;32.6;0;Ok;Injection;2014;440;;52;
4247;7;;;;;;;;;
4247;8;32.6;0;Ok;Injection;366;;;50;
4247;9;;;;;;;;;
4247;10;32.6;0;Ok;Injection;2041;1584;329;48;
4247;11;;;;;;;;;
4247;12;32.6;0;Ok;Injection;2061;422;;50;
4247;13;;;;;;;;;
4247;14;32.6;0;Ok;Injection;653;;;51;
4247;15;;;;;;;;;
4247;16;32.6;0;Ok;Injection;941;;;50;
4247;17;;;;;;;;;
4247;18;32.6;0;Ok;Injection;1123;;;50;
4247;19;;;;;;;;;
4247;20;32.6;1;Sleppe 32m;Injection;1466;;;50;
4247;21;;;;;;;;;
4247;22;32.6;1;Sleppe 25m;Injection;138;;;48;
4247;23;;;;;;;;;
4247;24;32.6;0.5;Sleppe 15m;Injection;2059;1367;;50;
4257;1;40;0;Ok;Probe;;;;;
4257;2;;;;;;;;;
4257;3;40;0;Ok;Probe;;;;;
4257;4;;;;;;;;;
4257;5;40;0;Ok;Probe;;;;;
4257;6;;;;;;;;;
4257;7;40;0;Ok;Probe;;;;;
4257;8;;;;;;;;;
4257;9;40;0;Ok;Probe;;;;;
4257;10;;;;;;;;;
4257;11;40;0;Ok;Probe;;;;;
4257;12;;;;;;;;;
4257;13;40;0;Tellefeil;Probe;;;;;
4257;14;;;;;;;;;
4257;15;40;0;Ok;Probe;;;;;
4257;16;;;;;;;;;
4257;17;40;0;Ok;Probe;;;;;
4257;18;;;;;;;;;
4257;19;40;0;Ok;Probe;;;;;
4257;20;;;;;;;;;
4257;21;40;0;Ok;Probe;;;;;
4257;22;;;;;;;;;
4257;23;40;0;Tellefeil;Probe;;;;;
4257;24;;;;;;;;;
4274;1;;;;;;;;;
4274;2;40;0;;Probe;;;;;
4274;3;;;;;;;;;
4274;4;40;0;;Probe;;;;;
4274;5;;;;;;;;;
4274;6;;;;;;;;;
4274;7;40;0;;Probe;;;;;
4274;8;40;0;;Probe;;;;;
4274;9;;;;;;;;;
4274;10;40;0;;Probe;;;;;
4274;11;;;;;;;;;
4274;12;40;0;;Probe;;;;;
4274;13;;;;;;;;;
4274;14;40;0;;Probe;;;;;
4274;15;;;;;;;;;
4274;16;40;0;;Probe;;;;;
4274;17;;;;;;;;;
4274;18;40;0;;Probe;;;;;
4274;19;;;;;;;;;
4274;20;40;0;;Probe;;;;;
4274;21;;;;;;;;;
4274;22;40;0;;Injection;;;;;
4274;23;;;;;;;;;
4274;24;40;0;;Probe;;;;;
4291;1;40;40;Ok;Probe;2053;1677;1841;45;
4291;2;;;;;;;;;
4291;3;40;0;Sleppe 22m;Probe;1703;1980;1864;45;
4291;4;;;;;;;;;
4291;5;40;0;Ok;Probe;62;;;45;
4291;6;;;;;;;;;
4291;7;40;1;Ok;Probe;1979;1606;3588;45;
4291;8;;;;;;;;;
4291;9;40;0;Ok;Probe;2039;60;;;Utgang
4291;10;;;;;;;;;
4291;11;40;0;Ok;Probe;2228;1772;2797;45;
4291;12;;;;;;;;;
4291;13;40;0;Ok;Probe;2074;1957;4276;45;
4291;14;;;;;;;;;
4291;15;40;0;Ok;Probe;2137;1517;3158;45;
4291;16;;;;;;;;;
4291;17;40;0;Ok;Probe;2207;1819;2624;40;
4291;18;;;;;;;;;
4291;19;40;5;Sleppe 21m;Probe;108;;;45;
4291;20;;;;;;;;;
4291;21;40;0;Ok;Probe;117;;;45;
4291;22;;;;;;;;;
4291;23;40;0;Ok;Probe;1803;;;45;
4291;24;;;;;;;;;
4305;1;;;;;;;;;
4305;2;40;0;;Injection;2267;924;;45;
4305;3;;;;;;;;;
4305;4;40;0;;Injection;2206;178;;45;
4305;5;;;;;;;;;
4305;6;;;;;;;;;
4305;7;40;0;;Injection;63;;;45;
4305;8;40;0;;Injection;1655;1110;3810;45;Satt pa vent 06:30
4305;9;;;;;;;;;
4305;10;40;0;;Injection;1790;729;;45;
4305;11;;;;;;;;;
4305;12;40;0;;Injection;1826;1468;4248;45;
4305;13;;;;;;;;;
4305;14;40;0;;Injection;151;;;45;
4305;15;;;;;;;;;
4305;16;40;0;;Injection;1756;1642;3433;45;Satt pa vent 05:50
4305;17;;;;;;;;;
4305;18;40;0;;Injection;87;;;45;
4305;19;;;;;;;;;
4305;20;40;0;;Injection;334;;;45;
4305;21;;;;;;;;;
4305;22;40;20;Sleppe 28m;Injection;1134;1355;1666;45;
4305;23;;;;;;;;;
4305;24;40;1;;Injection;158;;;45;
4319;1;40;4;;Probe;572;;;50;
4319;2;;;;;;;;;
4319;3;40;0;;Probe;1265;;;50;
4319;4;;;;;;;;;
4319;5;40;0;;Probe;116;;;50;
4319;6;;;;;;;;;
4319;7;40;0;;Probe;1965;;;47;Small exit.
4319;8;;;;;;;;;
4319;9;40;0;;Probe;1934;;;54;
4319;10;;;;;;;;;
4319;11;40;30;;Probe;2249;2249;;50;
4319;12;;;;;;;;;
4319;13;40;0;;Probe;2374;511;;45;
4319;14;;;;;;;;;
4319;15;40;3;;Probe;2286;884;;50;Contact nr17
4319;16;;;;;;;;;
4319;17;40;0;;Probe;82;;;50;
4319;18;;;;;;;;;
4319;19;40;0;;Probe;122;;;50;Contact nr19,21
4319;20;;;;;;;;;
4319;21;40;0;;Probe;13;;;48;
4319;22;;;;;;;;;
4319;23;40;0;;Probe;104;;;50;
4319;24;;;;;;;;;
4332;1;;;;;;;;;
4332;2;;;;;;;;;
4332;3;;;;;;;;;
4332;4;;;;;;;;;
4332;5;;;;;;;;;
4332;6;;;;;;;;;
4332;7;;;;;;;;;
4332;8;;;;;;;;;
4332;9;;;;;;;;;
4332;10;;;;;;;;;
4332;11;;;;;;;;;
4332;12;;;;;;;;;
4332;13;;;;;;;;;
4332;14;;;;;;;;;
4332;15;;;;;;;;;
4332;16;;;;;;;;;
4332;17;;;;;;;;;
4332;18;;;;;;;;;
4332;19;;;;;;;;;
4332;20;;;;;;;;;
4332;21;;;;;;;;;
4332;22;;;;;;;;;
4332;23;;;;;;;;;
4332;24;;;;;;;;;
4333;1;;;;;;;;;
4333;2;40;0;;Probe;;;;;
4333;3;;;;;;;;;
4333;4;40;0;;Probe;;;;;
4333;5;;;;;;;;;
4333;6;;;;;;;;;
4333;7;40;2;;Probe;;;;;
4333;8;40;0;;Probe;;;;;
4333;9;;;;;;;;;
4333;10;40;0;;Probe;;;;;
4333;11;;;;;;;;;
4333;12;40;0;;Probe;;;;;
4333;13;;;;Probe;;;;;
4333;14;40;0;;Probe;;;;;
4333;15;;;;;;;;;
4333;16;40;0;;Probe;;;;;
4333;17;;;;;;;;;
4333;18;40;0;;Probe;;;;;
4333;19;;;;;;;;;
4333;20;40;0;;Probe;;;;;
4333;21;;;;;;;;;
4333;22;40;0;;Probe;;;;;
4333;23;;;;;;;;;
4333;24;40;0;;Probe;;;;;
4350;1;40;37;Collapsing 10-20m;Injection;2014;1057;2337;45;
4350;2;;;;;;;;;
4350;3;40;0;Ok;Injection;1546;1475;141;45;
4350;4;;;;;;;;;
4350;5;40;0;Ok;Injection;497;;;50;
4350;6;;;;;;;;;
4350;7;40;0;Ok;Injection;1825;1515;35;45;
4350;8;;;;;;;;;
4350;9;40;0;Ok;Injection;79;;;45;
4350;10;;;;;;;;;
4350;11;40;0;Ok;Injection;1804;677;;45;
4350;12;;;;;;;;;
4350;13;40;0;Ok;Injection;26;;;48;
4350;14;;;;;;;;;
4350;15;40;0;Ok;Injection;79;;;50;
4350;16;;;;;;;;;
4350;17;40;0;Ok;Injection;1823;1484;5289;30;Stoppa 30bar snakka med VAV
4350;18;;;;;;;;;
4350;19;;;Shield;;;;;;
4350;20;40;0;Ok, fractured 27,35m;Injection;1352;1124;1217;45;
4350;21;40;0;Ok;Injection;1416;1499;175;45;
4350;22;;;;;;;;;
4350;23;40;5;Ok;Injection;1301;1528;1702;45;
4350;24;;;;;;;;;
4364;1;;;;;;;;;
4364;2;40;0;Ok;Probe;;;;;
4364;3;;;;;;;;;
4364;4;40;0;Ok;Probe;;;;;
4364;5;;;;;;;;;
4364;6;;;Shield;;;;;;
4364;7;40;0;Ok;Probe;;;;;
4364;8;40;0;Ok;Probe;;;;;
4364;9;;;;;;;;;
4364;10;40;0;Ok;Probe;;;;;
4364;11;;;;;;;;;
4364;12;40;0;Ok;Probe;;;;;
4364;13;;;;;;;;;
4364;14;40;0;Ok;Probe;;;;;
4364;15;;;;;;;;;
4364;16;40;0;Fractured;Probe;;;;;
4364;17;;;;;;;;;
4364;18;40;0.5;Ok;Probe;;;;;
4364;19;;;;;;;;;
4364;20;40;0;Ok;Probe;;;;;
4364;21;;;;;;;;;
4364;22;40;0;Fractured;Probe;;;;;
4364;23;;;;;;;;;
4364;24;40;0.5;Fractured;Probe;;;;;
4381;1;40;5;Sleppe 24m;Probe;;;;;
4381;2;;;;;;;;;
4381;3;40;0;Ok;Probe;;;;;
4381;4;;;;;;;;;
4381;5;40;0;Ok;Probe;;;;;
4381;6;;;;;;;;;
4381;7;40;0;Ok;Probe;;;;;
4381;8;40;0;Ok;Probe;;;;;
4381;9;;;Shield;;;;;;
4381;10;;;;;;;;;
4381;11;40;0;Ok;Probe;;;;;
4381;12;40;0;Ok;Probe;;;;;
4381;13;2;0;2m traff skjold;;;;;;
4381;14;;;;;;;;;
4381;15;40;0;Ok;Probe;;;;;
4381;16;;;;;;;;;
4381;17;40;0;Ok;Probe;;;;;
4381;18;;;;;;;;;
4381;19;40;0;Ok;Probe;;;;;
4381;20;;;;;;;;;
4381;21;40;0;Ok;Probe;;;;;
4381;22;;;;;;;;;
4381;23;40;0;Ok;Probe;;;;;
4381;24;;;;;;;;;
4398;1;;;;;;;;;
4398;2;40;0;;Probe;;;;;
4398;3;;;;;;;;;
4398;4;40;0;;Probe;;;;;
4398;5;;;;;;;;;
4398;6;;;;;;;;;
4398;7;40;4;;Probe;;;;;
4398;8;40;0;;Probe;;;;;
4398;9;;;;;;;;;
4398;10;40;0;;Probe;;;;;
4398;11;;;;;;;;;
4398;12;40;0;;Probe;;;;;
4398;13;;;;;;;;;
4398;14;40;0;;Probe;;;;;
4398;15;;;;;;;;;
4398;16;40;0;;Probe;;;;;
4398;17;;;;;;;;;
4398;18;40;0;;Probe;;;;;
4398;19;;;;;;;;;
4398;20;40;0;;Probe;;;;;
4398;21;;;;;;;;;
4398;22;40;0;;Probe;;;;;
4398;23;;;;;;;;;
4398;24;40;0;;Probe;;;;;
4415;1;40;20;;Injection;1878;1487;1928;43;Pause from 21:33-22:40
4415;2;;;;;;;;;
4415;3;40;0;;Injection;51;;;45;
4415;4;;;;;;;;;
4415;5;40;0;;Injection;488;;;45;
4415;6;;;;;;;;;
4415;7;40;0;;Injection;1868;1531;2783;32;Satt paa vent 16:45. Pause from 19.30 - 20:43
4415;8;;;;;;;;;
4415;9;40;0;;Injection;1770;1476;154;45;
4415;10;;;;;;;;;
4415;11;40;0;;Injection;108;;;45;
4415;12;;;;;;;;;
4415;13;40;0;;Injection;1743;1525;2200;0;Satt paa vent 16:40. Utgang
4415;14;;;;;;;;;
4415;15;40;0;;Injection;1733;912;;45;
4415;16;;;;;;;;;
4415;17;40;0;;Injection;92;;;50;
4415;18;;;;;;;;;
4415;19;40;3;;Injection;810;;;50;
4415;20;;;;;;;;;
4415;21;40;5;;Injection;1831;1510;704;0;Paused from 20:25-21:00. Exit cutterhead
4415;22;40;0;;Injection;1823;1606;1728;48;Paused from 21:33-22:40
4415;23;;;;;;;;;
4415;24;;;;;;;;;
4429;1;40;0;;Probe;;;;;
4429;2;40;0;;Probe;;;;;
4429;3;;;;;;;;;
4429;4;40;0;;Probe;;;;;
4429;5;;;;;;;;;
4429;6;;;;;;;;;
4429;7;40;0;;Probe;;;;;
4429;8;40;0;;Probe;;;;;
4429;9;;;;;;;;;
4429;10;40;0;;Probe;;;;;
4429;11;40;0;;Probe;;;;;
4429;12;;0;Shield;;;;;;
4429;13;;;;;;;;;
4429;14;;0;Shield;;;;;;
4429;15;40;0;;Probe;;;;;
4429;16;40;0;;Probe;;;;;
4429;17;;;;;;;;;
4429;18;39.5;0;;Probe;;;;;
4429;19;;;;;;;;;
4429;20;40;0;;Probe;;;;;
4429;21;;;;;;;;;
4429;22;40;0;;Probe;;;;;
4429;23;;;;;;;;;
4429;24;;;;;;;;;
4446;1;40;3;;Probe;1816;1506;1052;45;
4446;2;;;;;;;;;
4446;3;40;5;;Probe;1805;1535;282;45;
4446;4;;;;;;;;;
4446;5;40;8;;Probe;18;;;50;Contact
4446;6;;;;;;;;;
4446;7;40;0;;Probe;627;;;45;
4446;8;;;;;;;;;
4446;9;40;0;;Probe;2;;;58;
4446;10;40;0;;Probe;1;;;60;
4446;11;40;0;;Probe;7;;;55;
4446;12;;;;;;;;;
4446;13;;;Shield;;;;;;
4446;14;;0;Shield;;;;;;
4446;15;40;0;Ok;Probe;1825;1534;90;45;
4446;16;;;;;;;;;
4446;17;33.88;0;;Probe;1821;1572;631;45;Packer loosened,replaced new
4446;18;;;;;;;;;
4446;19;40;35;;Probe;1873;1540;2739;30;Stop 30bar, 6100L in consultation with client
4446;20;;;;;;;;;
4446;21;40;40;;Probe;1822;1555;3062;35;
4446;22;;;;;;;;;
4446;23;40;0.5;;Probe;1832;1599;647;45;
4446;24;;;;;;;;;
4459;1;;;;;;;;;
4459;2;40;0.2;Ok;Probe;;;;;
4459;3;;;;;;;;;
4459;4;40;0;Ok;Probe;;;;;
4459;5;;;;;;;;;
4459;6;40;0;Ok;Probe;;;;;
4459;7;;;;;;;;;
4459;8;40;0;Sleppe 16m;Probe;;;;;
4459;9;;;;;;;;;
4459;10;40;0;Ok;Probe;;;;;
4459;11;40;0;Ok;Probe;;;;;
4459;12;;;;;;;;;
4459;13;;;;;;;;;
4459;14;40;0;Ok;Probe;;;;;
4459;15;;;;;;;;;
4459;16;40;0;Ok;Probe;;;;;
4459;17;;;;;;;;;
4459;18;2.8;0;Shield;;;;;;
4459;19;40;0.6;Ok;Probe;;;;;
4459;20;40;1.8;Ok;Probe;;;;;
4459;21;;;;;;;;;
4459;22;;;;;;;;;
4459;23;40;0;Ok;Probe;;;;;
4459;24;40;0.2;Ok;Probe;;;;;
4476;1;40;4;Sleppe 14,7m;Injection;1200;69;;45;
4476;2;;;;;;;;;
4476;3;40;2.5;Tellefeil;Injection;1222;1003;135;45;
4476;4;;;;;;;;;
4476;5;;;;;;;;;
4476;6;;;;;;;;;
4476;7;40;22;Ok;Injection;1205;1020;328;45;
4476;8;40;0;Ok;Injection;1227;692;1616;45;Exit CH->0,6
4476;9;40;0;Ok;Injection;1206;1016;1251;50;
4476;10;;;;;;;;;
4476;11;40;8;Ok;Injection;584;;1324;45;Exit CH->0,6, still exit, Paused 23:30-02:57
4476;12;;;;;;;;;
4476;13;;0;Bad conditions;;;;;;
4476;14;40;0;Ok;Injection;966;;3897;45;Exit shield->0,6
4476;15;40;0;Ok;Injection;882;;5881;30;Exit shield->0,6
4476;16;;;;;;;;;
4476;17;40;0;Ok;Injection;1215;1034;2458;50;
4476;18;;;;;;;;;
4476;19;40;1;Ok;Injection;1201;340;;45;Leak cutterhead,  started early 0.6 resept
4476;20;;;;;;;;;
4476;21;;;;;;;;;
4476;22;40;4;Ok;Injection;1175;;;45;
4476;23;40;0.5;Sleppe 31,4m;Injection;1205;;;34;Leak teleskopshield
4476;24;;;;;;;;;
4490;1;;;;;;;;;
4490;2;40;0.4;Ok;Probe;1015;548;990;25;
4490;3;;;;;;;;;
4490;4;40;0;Ok;Probe;1013;532;48;30;
4490;5;;;;;;;;;
4490;6;4;0;Shield;;;;;;
4490;7;40;0;Ok;Probe;361;;;0;Direct exit
4490;8;40;0;Ok;Probe;87;;;30;
4490;9;;;;;;;;;
4490;10;40;0;Ok;Probe;1060;523;241;30;
4490;11;40;2;Ok;Probe;1088;507;32;30;
4490;12;;;;;;;;;
4490;13;;;;;;;;;
4490;14;40;2;Ok;Probe;1137;;1396;28;
4490;15;;;;;;;;;
4490;16;40;0;Ok;Probe;1029;532;891;30;
4490;17;;;;;;;;;
4490;18;40;0;Ok;Probe;1044;451;;30;
4490;19;;;;;;;;;
4490;20;40;14;Sleppe 10,3m;Probe;;;1911;0;Only 0,6. Direct exit,Paused 05:10-06:15. Still exit CH
4490;21;;;;;;;;;
4490;22;40;0;Ok;Probe;152;;;30;
4490;23;;;;;;;;;
4490;24;40;28;Sleppe 10m;Probe;;;2813;25;Only 0,6
4503;1;40;4;Ok;Injection;1214;1000;84;42;
4503;2;;;;;;;;;
4503;3;40;4;Ok;Injection;109;;;45;
4503;4;;;;;;;;;
4503;5;;;;;;;;;
4503;6;40;32;Ok;Injection;1227;1021;1347;22;>3500L
4503;7;40;20;;Injection;1225;174;1345;40;Exit CH->0,6
4503;8;;;;;;;;;
4503;9;40;7;Ok;Injection;1218;191;2298;21;Exit CH ->0,6 still small exit CH. >3500L
4503;10;;;;;;;;;
4503;11;40;5;Ok;Injection;1218;253;1318;40;Exit CH->0,6
4503;12;;;;;;;;;
4503;13;40;0;Couldnt place packer;Injection;;;;;Not possible place packer
4503;14;;;;;;;;;
4503;15;40;0;Ok;Injection;43;;;51;
4503;16;;;;;;;;;
4503;17;40;0;Ok;Injection;1237;1019;1004;40;Packer loosened, replaced new
4503;18;;;;;;;;;
4503;19;40;0;Ok;Injection;74;;;50;
4503;20;;;;;;;;;
4503;21;;;;;;;;;
4503;22;40;0;Ok;Injection;138;;;41;
4503;23;;;;;;;;;
4503;24;40;1;Ok;Injection;1215;1021;1351;30;>3500L
4517;1;;;;;;;;;
4517;2;40;0;Ok;Probe;139;;;35;
4517;3;;;;;;;;;
4517;4;40;1;Sleppe 20m,30m;Probe;530;522;153;35;
4517;5;;;;;;;;;
4517;6;40;35;Sleppe 20m;Probe;563;500;217;35;
4517;7;;;;;;;;;
4517;8;40;15;Sleppe 20m;Probe;1218;223;897;35;17:40 0,6 consultation with client
4517;9;;;;;;;;;
4517;10;40;0;Ok;Probe;1246;529;1232;27;3000L
4517;11;40;2;Ok;Probe;1214;794;994;26;3000L
4517;12;;;;;;;;;
4517;13;;;;;;;;;
4517;14;40;0;Ok;Probe;1264;739;1020;23;3000L
4517;15;;;;;;;;;
4517;16;40;0;Ok;Probe;528;503;1359;35;
4517;17;;;;;;;;;
4517;18;40;0;Ok;Probe;548;515;818;32;
4517;19;;;;;;;;;
4517;20;40;0;Sleppe 22,5m;Probe;520;572;829;30;Contact
4517;21;;;;;;;;;
4517;22;40;0;Ok;Probe;522;135;;35;Contact
4517;23;;;;;;;;;
4517;24;40;0.5;Ok;Probe;503;386;;35;
4531;1;40;30;Ok;Injection;;547;1148;18;Start 0,8. Stop 12:13
4531;2;;;;;;;;;
4531;3;40;0;Ok;Injection;498;598;457;22;Stop 12:19
4531;4;40;1;Ok;Injection;516;121;799;37;Exit CH->0,6
4531;5;;;;;;;;;
4531;6;;;;;;;;;
4531;7;40;5;Ok;Injection;1228;534;792;35;
4531;8;;;;;;;;;
4531;9;40;0;Ok;Injection;1221;1016;422;40;
4531;10;;;;;;;;;
4531;11;40;0;Sleppe 30m;Injection;1203;641;;40;
4531;12;;;;;;;;;
4531;13;40;0;Ok;Injection;1213;1012;1282;20;>3500
4531;14;;;;;;;;;
4531;15;40;0;Ok;Injection;1188;1008;583;40;
4531;16;;;;;;;;;
4531;17;40;0;Ok;Injection;521;534;1425;19;Stop 11:10
4531;18;40;0;Ok;Injection;507;506;653;35;
4531;19;;;Skjold;;;;;;
4531;20;40;25;Ok;Injection;;480;391;35;Start 0,8
4531;21;;;;;;;;;
4531;22;;;;;;;;;
4531;23;40;0;Ok;Injection;472;522;334;18;Stop 12:40
4531;24;;;;;;;;;
4543;1;;;;;;;;;
4543;2;40;0;Bad rock;Probe;1284;104;524;19;Exit CH->0,6 stop still exit
4543;3;40;0;Ok;Probe;1203;533;1765;19;Exit CH->0,6 3500L
4543;4;40;0;"S

Sleppe 10m";Probe;1268;982;1267;19;3500L
4543;5;;;;;;;;;
4543;6;;;Not possible;;;;;;
4543;7;;;Not possible;;;;;;
4543;8;;;Not possible;;;;;;
4543;9;;;Stop, 3m drilled;Probe;;;;;
4543;10;14.3;0;Stop;Probe;1219;1014;375;40;
4543;11;26.7;0;Sleppe 24m stop;Probe;1205;1008;1279;23;3500L
4543;12;;;;;;;;;
4543;13;;;;;;;;;
4543;14;40;0;Ok;Probe;1203;1014;700;40;
4543;15;;;;;;;;;
4543;16;40;0;Ok;Probe;1204;1052;1235;0;3500L
4543;17;40;60;Bad rock;Probe;1255;1015;1229;26;3500L
4543;18;;;;;;;;;
4543;19;40;0;Ok;Probe;645;;;40;
4543;20;40;0;Sleppe 22m;Probe;1217;1014;80;40;
4543;21;;;;;;;;;
4543;22;40;1;Ok;Probe;1213;1020;1280;26;3500L
4543;23;;;;;;;;;
4543;24;40;0;Ok;Probe;168;;542;40;Contact. Exit CH->0,6
4557;1;;;;;;;;;
4557;2;;;;;;;;;
4557;3;;;;;;;;;
4557;4;;;;;;;;;
4557;5;;;;;;;;;
4557;6;;;;;;;;;
4557;7;;;;;;;;;
4557;8;;;;;;;;;
4557;9;;;;;;;;;
4557;10;;;;;;;;;
4557;11;;;;;;;;;
4557;12;;;;;;;;;
4557;13;;;;;;;;;
4557;14;;;;;;;;;
4557;15;;;;;;;;;
4557;16;;;;;;;;;
4557;17;;;;;;;;;
4557;18;;;;;;;;;
4557;19;;;;;;;;;
4557;20;;;;;;;;;
4557;21;;;;;;;;;
4557;22;;;;;;;;;
4557;23;;;;;;;;;
4557;24;;;;;;;;;
4558;1;40;60;Ok;Probe;1180;1014;1966;19;4000L
4558;2;;;;;;;;;
4558;3;40;30;Ok;Probe;1215;1006;1802;20;4000L
4558;4;;;;;;;;;
4558;5;40;0;Ok;Probe;1224;1047;205;40;
4558;6;;;;;;;;;
4558;7;40;0;Ok;Probe;1221;1030;1258;31;3500L
4558;8;;;;;;;;;
4558;9;40;0;Tellefeil;Probe;1239;1051;1241;29;3500L
4558;10;;;;;;;;;
4558;11;40;0;;Probe;1201;964;64;40;
4558;12;;;2m;;;;;;
4558;13;24.2;0;Sleppe 22m stop24,2m;Probe;;;;;
4558;14;40;0;;Probe;1149;1075;1282;30;3500L
4558;15;40;0;Bad rock;Probe;1207;977;1322;27;3500L
4558;16;;;;;;;;;
4558;17;40;0;Ok;Probe;1195;1057;936;28;Exit CH stop
4558;18;;;;;;;;;
4558;19;40;0;Bad rock;Probe;1215;236;888;27;Exit CH->0,6 stop
4558;20;;;;;;;;;
4558;21;40;0;Ok;Probe;1146;149;735;40;Exit CH->0,6
4558;22;;;;;;;;;
4558;23;40;0;Ok;Probe;594;;1667;40;Exit CH->0,6
4558;24;;;;;;;;;
4572;1;;;;;;;;;
4572;2;40;5;Sleppe 23m;Probe;1201;500;265;40;
4572;3;;;;;;;;;
4572;4;40;5;Ok;Probe;1205;1001;569;40;
4572;5;;;;;;;;;
4572;6;40;3;Ok;Probe;1211;1020;59;40;
4572;7;;;;;;;;;
4572;8;40;0;Sleppe 24m;Probe;500;;99;40;Exit shield->0,6
4572;9;;;;;;;;;
4572;10;40;0;Tellefeil;Probe;1217;380;;40;
4572;11;;;;;;;;;
4572;12;40;0;Ok;Probe;511;;;0;Direct exit
4572;13;;;;;;;;;
4572;14;40;0;Ok;Probe;1225;1059;316;40;
4572;15;;;;;;;;;
4572;16;40;0;Ok;Probe;1227;1053;57;40;
4572;17;;;;;;;;;
4572;18;40;0;Ok;Probe;1202;1000;280;40;
4572;19;;;;;;;;;
4572;20;40;2;Ok;Probe;1246;504;1433;40;
4572;21;;;;;;;;;
4572;22;21;30;Dårlig fjell kun21m;Probe;;501;176;40;
4572;23;;;;;;;;;
4572;24;40;30;Sleppe 14m;Probe;;513;1830;40;
4585;1;40;15;Sleppe 33m;Probe;;;;;
4585;2;;;;;;;;;
4585;3;40;0;Ok;Probe;;;;;
4585;4;;;;;;;;;
4585;5;40;0;Ok;Probe;;;;;
4585;6;;;;;;;;;
4585;7;40;0;Ok;Probe;;;;;
4585;8;;;;;;;;;
4585;9;40;0;Ok;Probe;;;;;
4585;10;40;0;Ok;Probe;;;;;
4585;11;40;0;Ok;Probe;;;;;
4585;12;;;;;;;;;
4585;13;;;Not possible;Probe;;;;;
4585;14;;;;;;;;;
4585;15;40;0;;Probe;;;;;
4585;16;;;;;;;;;
4585;17;;;Not possible;Probe;;;;;
4585;18;40;0;Tellefeil;Probe;;;;;
4585;19;;;Not possible;Probe;;;;;
4585;20;40;0;Tellefeil;Probe;;;;;
4585;21;;;Not possible;Probe;;;;;
4585;22;40;1;Ok;Probe;;;;;
4585;23;40;0;Ok;Probe;;;;;
4585;24;;;;;;;;;
4599;1;;;;;;;;;
4599;2;40;5;Ok;Probe;;623;;40;
4599;3;;;;;;;;;
4599;4;40;5;Ok;Probe;;1131;;40;
4599;5;;;;;;;;;
4599;6;40;60;Sleppe 14m;Probe;1200;1054;;6;Exit river.
4599;7;;;;;;;;;
4599;8;29.2;5;Sleppe 15m stop 29,2;Probe;1200;630;;21;Exit river.
4599;9;;;;;;;;;
4599;10;40;0;Ok;Probe;1200;1022;229;17;Exit river.
4599;11;;;;;;;;;
4599;12;38.7;24;Sleppe 35m stop38,7m;Probe;1204;744;;25;Exit river.
4599;13;;;;;;;;;
4599;14;;;;;;209;;40;
4599;15;;;;;;;;;
4599;16;40;18;Sleppe 35m;Probe;;1940;;40;
4599;17;;;;;;;;;
4599;18;40;0;Ok;Probe;;2200;975;40;
4599;19;;;;;;;;;
4599;20;40;12;Sleppe 13m;Probe;;1710;;40;
4599;21;;;;;;279;;40;
4599;22;40;40;Bad rock;Probe;;;;;
4599;23;;;;;;;;;
4599;24;37;48;Sleppe 36m stop37m;Probe;;598;;40;
4603;1;0;0;3m Skjold;;;;;;
4603;2;;;;;;;;;
4603;3;32.6;0;Ok;Injection;;1730;;40;
4603;4;;;;;;;;;
4603;5;32.6;20;Sleppe 24m;Injection;;1954;;40;
4603;6;;;;;;;;;
4603;7;32.6;2;Ok;Injection;;88;;40;
4603;8;25;0;Stopp 25m sleppe;Injection;;1047;2479;40;
4603;9;0;0;Stopp 10m sleppe;;;;;;
4603;10;;;;;;;;;
4603;11;32.6;0;Ok;Injection;;26;;40;
4603;12;;;;;;;;;
4603;13;15;0;Stopp 15m sleppe;Injection;;1160;812;40;
4603;14;;;;;;;;;
4603;15;32.6;0;Sleppe 16m $AND$ 27 $AND$ 29;Injection;;924;;;
4603;16;0;0;3m Skjold;;;;;;
4603;17;;;;;;;;;
4603;18;32.6;0;Ok;Injection;;997;997;40;
4603;19;32.6;5;Sleppe 13m $AND$ 26m;Injection;;149;;40;
4603;20;;;;;;;;;
4603;21;32.6;0;Ok;Injection;;1426;;40;
4603;22;;;;;;;;;
4603;23;32.6;0;Ok;Injection;;1086;;26;Exit cutterhead
4603;24;32.6;15;Ok;Injection;;947;;40;Exit cutterhead
4613;1;;;;;;;;;
4613;2;32.6;0;Ok;Injection;26;;;40;
4613;3;;;;;;;;;
4613;4;32.6;0;Ok;Injection;16;;;40;
4613;5;;;;;;;;;
4613;6;32.6;120;Sleppe 12m;Injection;1136;1080;4084;20;Pumpa over mengde snakka med VAV
4613;7;;;;;;;;;
4613;8;32.6;40;Ok;Injection;1042;1073;975;40;
4613;9;;;;;;;;;
4613;10;32.6;0;Ok;Injection;990;;;40;
4613;11;;;;;;;;;
4613;12;32.6;5;Bad rock;Injection;1157;1208;1311;;Stoppa paa mengde
4613;13;;;;;;;;;
4613;14;32.6;0;Ok;Injection;-;;;;
4613;15;;;;;;;;;
4613;16;32.6;0;Ok;Injection;1052;1118;1688;;Stoppa paa mengde
4613;17;;;;;;;;;
4613;18;32.6;0;Ok;Injection;1099;1075;104;40;
4613;19;;;;;;;;;
4613;20;32.6;5;Ok;Injection;1013;1077;2532;25;Pumpe over mengde snakka med VAV
4613;21;;;;;;;;;
4613;22;32.6;4;Ok;Injection;1151;1021;363;40;0.6 ligg under hull 23 I bever
4613;23;;;;;;;;;
4613;24;32.6;1;Ok;Injection;1066;1152;309;35;
4615;1;28.5;0;Ok;Injection;94;;;40;
4615;2;;;;;;;;;
4615;3;28.5;0;Ok;Injection;494;;;40;
4615;4;;;;;;;;;
4615;5;28.5;0;Ok;Injection;641;137;;13;Exit cutterhead.
4615;6;;;;;;;;;
4615;7;28.5;0;Bad rock;Injection;615;;;17;Exit cutterhead.
4615;8;28.5;0;Ok;Injection;614;1007;615;40;
4615;9;;;Sleppe 6m,shield;Injection;;;;;
4615;10;28.5;0;Ok;Injection;605;1000;1287;40;
4615;11;28.5;0;Kolaps;;;;;;
4615;12;;;;;;;;;
4615;13;28.5;0;Bad rock;Injection;109;;;0;Exit shield.
4615;14;;;;;;;;;
4615;15;28.5;0;Bad rock;Injection;411;;;0;Exit shield.
4615;16;;;;;;;;;
4615;17;;;Bad rock, not possib;Injection;;;;;
4615;18;;;Bad rock, not possib;Injection;;;;;
4615;19;28.5;0;Bad rock 0-6,5m;Injection;600;302;;19;Exit shield
4615;20;28.5;0;Bad rock;Injection;613;637;;7;Exit shield
4615;21;28.5;0;Bad rock;Injection;381;;;6;Exit shield
4615;22;;;;;;;;;
4615;23;28.5;0;Ok;Injection;623;478;;40;
4615;24;;;;;;;;;
4622;1;;;;;;;;;
4622;2;32.6;2;Ok;Probe;600;1000;184;40;
4622;3;;;;;;;;;
4622;4;32.6;0;Ok;Probe;50;;;40;
4622;5;;;;;;;;;
4622;6;32.6;0;Ok;Probe;602;1008;368;40;
4622;7;;;;;;;;;
4622;8;25.6;0;Sleppe;Probe;58;;;40;Contact nr10
4622;9;;;;;;;;;
4622;10;32.6;0;Ok;Probe;1250;1120;136;40;
4622;11;;;;;;;;;
4622;12;32.6;0;Ok;Probe;1267;1077;1232;40;
4622;13;;;;;;;;;
4622;14;32.6;0;Ok;Probe;1147;1272;2164;40;
4622;15;;;;;;;;;
4622;16;32.6;0;Ok;Probe;1077;1219;2830;40;
4622;17;;;;;;;;;
4622;18;32.6;0;Ok;Probe;602;1000;2798;40;
4622;19;;;;;;;;;
4622;20;32.6;10;Ok;Probe;609;1121;803;40;Contact nr 22
4622;21;;;;;;;;;
4622;22;32.6;0;Ok;Probe;584;;;40;
4622;23;;;;;;;;;
4622;24;32.6;1;Ok;Probe;153;;;40;
4632;1;;;1,5m Shield;;;;;;
4632;2;32.6;2;Ok;Injection;564;72;;40;
4632;3;32.6;0;Ok;Injection;584;1081;147;23;Utgang I cutterhead
4632;4;;;;;;;;;
4632;5;;;2m Shield;;;;;;
4632;6;;;2m Shield;;;;;;
4632;7;32.6;0;Ok;Injection;592;976;4698;40;Tull med flowmeter so feil paa logg I bever
4632;8;;;;;;;;;
4632;9;32.6;0;Ok;Injection;610;1071;1529;40;
4632;10;32.6;0;Sleppe 30m;Injection;594;1019;149;40;
4632;11;32.6;0;Ok;Injection;586;1035;455;40;Tull med flowmeter so feil paa logg I bever
4632;12;;;;;;;;;
4632;13;32.6;0;Kolaps;;;;;;
4632;14;;;;;;;;;
4632;15;32.6;0;Ok;Injection;585;1034;4438;40;
4632;16;;;;;;;;;
4632;17;32.6;0;Sleppe 5m,bad rock;Injection;611;1012;;40;
4632;18;;;;;;;;;
4632;19;;;2m Shield;;;;;;
4632;20;32.6;8;Ok;Injection;643;1003;4430;40;
4632;21;;;;;;;;;
4632;22;32.6;0;Ok;Injection;635;982;3356;40;
4632;23;32.6;1;Ok;Injection;578;963;;40;
4632;24;;;1,8m Shield;;;;;;
4641;1;;;;;;;;;
4641;2;40;0;Ok;Probe;;;;;
4641;3;;;;;;;;;
4641;4;40;0;Ok;Probe;;;;;
4641;5;;;;;;;;;
4641;6;40;0;Ok;Probe;;;;;
4641;7;;;;;;;;;
4641;8;40;0;Ok;Probe;;;;;
4641;9;;;;;;;;;
4641;10;40;0;Bad rock;Probe;;;;;
4641;11;;;;;;;;;
4641;12;40;0;Ok;Probe;;;;;
4641;13;;;;;;;;;
4641;14;40;0;Sleppe 12m;Probe;;;;;
4641;15;;;;;;;;;
4641;16;40;0;Ok;Probe;;;;;
4641;17;;;;;;;;;
4641;18;40;0;Sleppe 20m;Probe;;;;;
4641;19;;;;;;;;;
4641;20;40;0;Ok;Probe;;;;;
4641;21;;;;;;;;;
4641;22;40;0;Ok;Probe;;;;;
4641;23;;;;;;;;;
4641;24;40;0;Ok;Probe;;;;;
4657;1;40;0;Ok;Probe;;;;;
4657;2;;;;;;;;;
4657;3;4;0;Shield;;;;;;
4657;4;40;0;Ok;Probe;;;;;
4657;5;40;0;Ok;Probe;;;;;
4657;6;;;;;;;;;
4657;7;17;0;Stopp pga sleppe 16m;Probe;;;;;
4657;8;;;;;;;;;
4657;9;40;0;Ok;Probe;;;;;
4657;10;;;;;;;;;
4657;11;26.5;0;Stopp på 26,5 sleppe;Probe;;;;;
4657;12;;;;;;;;;
4657;13;40;0;Sleppe 26m;Probe;;;;;
4657;14;;;;;;;;;
4657;15;40;0;Ok;Probe;;;;;
4657;16;;;;;;;;;
4657;17;40;0;Ok;Probe;;;;;
4657;18;;;;;;;;;
4657;19;2;0;Shield;;;;;;
4657;20;40;0;Ok;Probe;;;;;
4657;21;40;0;Ok;Probe;;;;;
4657;22;;;;;;;;;
4657;23;40;0;Ok;Probe;;;;;
4657;24;;;;;;;;;
4674;1;;;;;;;;;
4674;2;40;0;Ok;Probe;;;;;
4674;3;;;;;;;;;
4674;4;40;0;Ok;Probe;;;;;
4674;5;;;;;;;;;
4674;6;3;0;Shield;;;;;;
4674;7;40;0;Ok;Probe;;;;;
4674;8;40;0;Ok;Probe;;;;;
4674;9;;;;;;;;;
4674;10;40;0;Telle feil I bever;Probe;;;;;
4674;11;;;;;;;;;
4674;12;40;0;Ok;Probe;;;;;
4674;13;;;;;;;;;
4674;14;40;0;Ok;Probe;;;;;
4674;15;;;;;;;;;
4674;16;40;0;Ok;Probe;;;;;
4674;17;;;;;;;;;
4674;18;40;0;Ok;Probe;;;;;
4674;19;;;;;;;;;
4674;20;2;0;Shield;;;;;;
4674;21;40;0.5;Ok;Probe;;;;;
4674;22;40;5;Ok;Probe;;;;;
4674;23;;;;;;;;;
4674;24;40;0;Ok;Probe;;;;;
4691;1;40;60;Ok;Injection;680;967;3270;26;Exit outside
4691;2;;;;;;;;;
4691;3;40;0;Ok;Injection;576;1001;532;39;
4691;4;;;;;;;;;
4691;5;40;0;Ok;Injection;637;977;1360;30;Stopp at 30 bar after consultation with client
4691;6;;;;;;;;;
4691;7;40;0;Ok;Injection;712;1054;1683;22;Exit shield
4691;8;;;;;;;;;
4691;9;40;0;Liten sleppe 37m;Injection;610;969;;40;
4691;10;;;;;;;;;
4691;11;40;0;Ok;Injection;65;;;45;
4691;12;;;;;;;;;
4691;13;40;0;Ok;Injection;581;862;;40;
4691;14;;;;;;;;;
4691;15;40;0;Ok;Injection;639;1025;4754;40;
4691;16;40;0;Ok;Injection;585;991;547;40;
4691;17;;;;;;;;;
4691;18;;;;;;;;;
4691;19;40;0;Ok;Injection;617;1029;628;40;
4691;20;;;;;;;;;
4691;21;40;9;Ok;Injection;611;971;1055;40;
4691;22;;;;;;;;;
4691;23;40;22;Ok;Injection;690;1003;2604;40;
4691;24;;;;;;;;;
4705;1;;;;;;;;;
4705;2;27;0;Stopp 27m sleppe 26m;Probe;;;;;
4705;3;;;;;;;;;
4705;4;40;0;Litt slepper;Probe;;;;;
4705;5;;;;;;;;;
4705;6;;;;;;;;;
4705;7;40;1;Sleppe 27m;Probe;;;;;
4705;8;40;0;Ok;Probe;;;;;
4705;9;;;;;;;;;
4705;10;40;0;Ok;Probe;;;;;
4705;11;;;;;;;;;
4705;12;40;0;Litt slepper;Probe;;;;;
4705;13;;;;;;;;;
4705;14;40;0;Ok;Probe;;;;;
4705;15;;;;;;;;;
4705;16;40;0;Liten sleppe 23m;Probe;;;;;
4705;17;;;;;;;;;
4705;18;40;6;Ok;Probe;;;;;
4705;19;;;;;;;;;
4705;20;40;0.5;Ok;Probe;;;;;
4705;21;;;;;;;;;
4705;22;40;0;Sleppe 13m;Probe;;;;;
4705;23;;;;;;;;;
4705;24;40;0;Sleppe 39m;Probe;;;;;
4722;1;40;0;Ok;Probe;;;;;
4722;2;;;;;;;;;
4722;3;40;0;Ok;Probe;;;;;
4722;4;40;0;Ok;Probe;;;;;
4722;5;5;0;Shield;;;;;;
4722;6;40;0;Ok;Probe;;;;;
4722;7;;0;Shield;;;;;;
4722;8;4;0;;;;;;;
4722;9;40;0;Ok;Probe;;;;;
4722;10;;;;;;;;;
4722;11;40;0;Ok;Probe;;;;;
4722;12;;;;;;;;;
4722;13;;;;;;;;;
4722;14;40;0;Ok;Probe;;;;;
4722;15;40;0;Ok;Probe;;;;;
4722;16;;;;;;;;;
4722;17;40;0;Ok;Probe;;;;;
4722;18;;;;;;;;;
4722;19;40;0;Ok;Probe;;;;;
4722;20;;;;;;;;;
4722;21;40;0;Ok;Probe;;;;;
4722;22;;;;;;;;;
4722;23;40;0;Ok;Probe;;;;;
4722;24;;;;;;;;;
4739;1;;;;;;;;;
4739;2;40;0;ok;Probe;;;;;
4739;3;;;;;;;;;
4739;4;40;0;Ok;Probe;;;;;
4739;5;;;;;;;;;
4739;6;40;0;Ok;Probe;;;;;
4739;7;;;;;;;;;
4739;8;40;0;Ok;Probe;;;;;
4739;9;;;;;;;;;
4739;10;40;0;Ok;Probe;;;;;
4739;11;;;;;;;;;
4739;12;40;0;Ok;Probe;;;;;
4739;13;;;;;;;;;
4739;14;40;0;Ok;Probe;;;;;
4739;15;;;;;;;;;
4739;16;40;0;Ok;Probe;;;;;
4739;17;;;;;;;;;
4739;18;40;0;Ok;Probe;;;;;
4739;19;;;;;;;;;
4739;20;40;0;Ok;Probe;;;;;
4739;21;;;;;;;;;
4739;22;40;0;Ok;Probe;;;;;
4739;23;;;;;;;;;
4739;24;40;0;Ok;Probe;;;;;
4756;1;40;0;Ok;Probe;;;;;
4756;2;;;;;;;;;
4756;3;40;0;Ok;Probe;;;;;
4756;4;40;0;Ok;Probe;;;;;
4756;5;;;Ok;;;;;;
4756;6;;;;;;;;;
4756;7;40;0;Ok;Probe;;;;;
4756;8;;;;;;;;;
4756;9;40;0;Ok;Probe;;;;;
4756;10;;;;;;;;;
4756;11;40;0;Ok;Probe;;;;;
4756;12;;;;;;;;;
4756;13;40;0;Sleppe 35m;Probe;;;;;
4756;14;;;;;;;;;
4756;15;40;0;Ok;Probe;;;;;
4756;16;;;;;;;;;
4756;17;40;0;Ok;Probe;;;;;
4756;18;;;;;;;;;
4756;19;40;0;Ok;Probe;;;;;
4756;20;;;;;;;;;
4756;21;40;0;Ok;Probe;;;;;
4756;22;;;;;;;;;
4756;23;40;0;Ok;Probe;;;;;
4756;24;;;;;;;;;
4773;1;;;;;;;;;
4773;2;40;0;Sleppe 21m;Probe;;;;;
4773;3;;;;;;;;;
4773;4;40;18;Ok;Probe;;;;;
4773;5;;;;;;;;;
4773;6;;;;;;;;;
4773;7;40;0;Ok;Probe;;;;;
4773;8;40;0;Ok;Probe;;;;;
4773;9;;0;Shield;;;;;;
4773;10;40;0;Ok;Probe;;;;;
4773;11;;;;;;;;;
4773;12;40;0;Ok;Probe;;;;;
4773;13;;0;Shield;;;;;;
4773;14;;0;Shield;;;;;;
4773;15;;0;Shield;;;;;;
4773;16;40;0;Sleppe 37m;Probe;;;;;
4773;17;3;0;Shield;;;;;;
4773;18;3;0;Shield;;;;;;
4773;19;40;0;Ok;Probe;;;;;
4773;20;40;0;Sleppe 25m;Probe;;;;;
4773;21;;;;;;;;;
4773;22;40;0;Sleppe 12m;Probe;;;;;
4773;23;;;;;;;;;
4773;24;40;0;Sleppe 24.5m;Probe;;;;;
4790;1;;;;;;;;;
4790;2;28;0;Ok;Probe;;;;;
4790;3;;;;;;;;;
4790;4;28;0;;Probe;;;;;
4790;5;;;;;;;;;
4790;6;28;0;Ok;Probe;;;;;
4790;7;;;;;;;;;
4790;8;28;0;;Probe;;;;;
4790;9;;;;;;;;;
4790;10;28;0;;Probe;;;;;
4790;11;28;0;Ok;Probe;;;;;
4790;12;;0;Shield;;;;;;
4790;13;;;;;;;;;
4790;14;28;0;Ok;Probe;;;;;
4790;15;;;;;;;;;
4790;16;28;0;Ok;Probe;;;;;
4790;17;;;;;;;;;
4790;18;28;0;Ok;Probe;;;;;
4790;19;;;;;;;;;
4790;20;28;0;;Probe;;;;;
4790;21;;;;;;;;;
4790;22;28;0;Ok;Probe;;;;;
4790;23;;;;;;;;;
4790;24;28;0;Ok;Probe;;;;;
4797;1;40;2;Fractured 28-31m;Probe;579;1007;2132;18;Paused 18:55-20:04
4797;2;;;;;;;;;
4797;3;40;0;Fractured 28-31m;Probe;600;1003;1926;30;
4797;4;;;;;;;;;
4797;5;29.78;0;Stop 29;Probe;604;989;1910;22;Paused 18:57-20:00
4797;6;;;;;;;;;
4797;7;40;0;Ok;Probe;593;1002;270;38;
4797;8;;;;;;;;;
4797;9;3;0;Shield;;;;;;
4797;10;40;0;;Probe;604;1011;1332;32;Small leak shield
4797;11;40;0;Ok;Probe;606;1001;636;38;
4797;12;;;;;;;;;
4797;13;;;;;;;;;
4797;14;40;0;Ok;Probe;558;;;39;
4797;15;40;0;Ok;Probe;681;630;;40;
4797;16;;;;;;;;;
4797;17;40;0;Ok;Probe;666;997;55;51;
4797;18;;;;;;;;;
4797;19;40;0;Ok;Probe;3;;;40;
4797;20;;;;;;;;;
4797;21;40;0;Ok;Probe;10;;;40;
4797;22;;;;;;;;;
4797;23;35.46;90;Ok,fractured 29m;Probe;567;;6214;18;Leak teleskopshield,  started 0.6 earlier. Paused from 13:15-14:10. Pause from 17:30-18:45 Paused 19:00-20:02
4797;24;;;;;;;;;
4811;1;;;;;;;;;
4811;2;9.1;0;Completely stop;;;;;;
4811;3;;;;;;;;;
4811;4;40;0;Ok;Probe;;;;;
4811;5;;;;;;;;;
4811;6;;0;Shield;;;;;;
4811;7;40;0;Ok;Probe;;;;;
4811;8;;0;Shield;;;;;;
4811;9;;0;Shield;;;;;;
4811;10;40;0;Ok;Probe;;;;;
4811;11;40;0;Ok;Probe;;;;;
4811;12;;0;Shield;;;;;;
4811;13;;;;;;;;;
4811;14;5.95;0;Shield;;;;;;
4811;15;5.7;0;Shield;;;;;;
4811;16;40;0;Ok;Probe;;;;;
4811;17;;;;;;;;;
4811;18;;0;Shield;;;;;;
4811;19;40;0;Ok;Probe;;;;;
4811;20;40;0;Ok;Probe;;;;;
4811;21;;;;;;;;;
4811;22;7.59;0;Completely stopp.;;;;;;
4811;23;;;;;;;;;
4811;24;40;0.5;Ok;Probe;;;;;
4828;1;40;0;Fractured 27m;Probe;;;;;
4828;2;;;;;;;;;
4828;3;40;0;Ok;Probe;;;;;
4828;4;;;;;;;;;
4828;5;;;;;;;;;
4828;6;;;;;;;;;
4828;7;40;0;Ok;Probe;;;;;
4828;8;;;;;;;;;
4828;9;40;0;Ok;Probe;;;;;
4828;10;;;;;;;;;
4828;11;;;;;;;;;
4828;12;40;0;Ok;Probe;;;;;
4828;13;;;;;;;;;
4828;14;;;;;;;;;
4828;15;40;0;Fractured 31m;Probe;;;;;
4828;16;;;;;;;;;
4828;17;;;;;;;;;
4828;18;;;;;;;;;
4828;19;40;0;Ok;Probe;;;;;
4828;20;;;;;;;;;
4828;21;;;;;;;;;
4828;22;40;0;Ok;Probe;;;;;
4828;23;40;0;Fractured 34m;Probe;;;;;
4828;24;;;;;;;;;
4845;1;;;;;;;;;
4845;2;;;;;;;;;
4845;3;;;;;;;;;
4845;4;40;0;Ok;Probe;;;;;
4845;5;;;;;;;;;
4845;6;;;;;;;;;
4845;7;;;;;;;;;
4845;8;40;0;Ok;Probe;;;;;
4845;9;;;;;;;;;
4845;10;40;0;Ok;Probe;;;;;
4845;11;;;;;;;;;
4845;12;40;0;Ok;Probe;;;;;
4845;13;;;;;;;;;
4845;14;;;;;;;;;
4845;15;;;;;;;;;
4845;16;40;0;Ok;Probe;;;;;
4845;17;;;;;;;;;
4845;18;40;0;Ok;Probe;;;;;
4845;19;;;;;;;;;
4845;20;40;0;Ok;Probe;;;;;
4845;21;;;;;;;;;
4845;22;40;0;Ok;Probe;;;;;
4845;23;;;;;;;;;
4845;24;40;0;Ok;Probe;;;;;
4862;1;40;0;Ok;Probe;;;;;
4862;2;;;;;;;;;
4862;3;40;0;Ok;Probe;;;;;
4862;4;;;;;;;;;
4862;5;;;;;;;;;
4862;6;;;;;;;;;
4862;7;40;0;Ok;Probe;;;;;
4862;8;;;;;;;;;
4862;9;40;0;Ok;Probe;;;;;
4862;10;;;;;;;;;
4862;11;40;0;Ok;Probe;;;;;
4862;12;;;;;;;;;
4862;13;;;;;;;;;
4862;14;;;;;;;;;
4862;15;40;0;Ok;Probe;;;;;
4862;16;;;;;;;;;
4862;17;40;0;Ok;Probe;;;;;
4862;18;;;;;;;;;
4862;19;40;0;Ok;Probe;;;;;
4862;20;;;;;;;;;
4862;21;;;;;;;;;
4862;22;;;;;;;;;
4862;23;40;0;Ok;Probe;;;;;
4862;24;;;;;;;;;
4879;1;;;;;;;;;
4879;2;40;0;Ok;Probe;;;;;
4879;3;;;;;;;;;
4879;4;;;;;;;;;
4879;5;;;;;;;;;
4879;6;40;0;Ok;Probe;;;;;
4879;7;;;;;;;;;
4879;8;40;0;Ok;Probe;;;;;
4879;9;;;;;;;;;
4879;10;40;0;Ok;Probe;;;;;
4879;11;;;;;;;;;
4879;12;;;;;;;;;
4879;13;;;;;;;;;
4879;14;40;0;Ok;Probe;;;;;
4879;15;;;;;;;;;
4879;16;40;0;Ok;Probe;;;;;
4879;17;;;;;;;;;
4879;18;40;0;Ok;Probe;;;;;
4879;19;;;;;;;;;
4879;20;;;;;;;;;
4879;21;;;;;;;;;
4879;22;40;0;Ok;Probe;;;;;
4879;23;;;;;;;;;
4879;24;40;8;Ok;Probe;;;;;
4896;1;;;;;;;;;
4896;2;30;0;Stangbrudd;Control;;;;;
4896;3;40;0;Ok;Control;;;;;
4896;4;40;0;Ok;Control;;;;;
4896;5;;;;;;;;;
4896;6;;;;;;;;;
4896;7;40;0;Ok;Control;;;;;
4896;8;40;0;Ok;Control;;;;;
4896;9;0;0;Skjold;;;;;;
4896;10;40;0;Ok;Control;;;;;
4896;11;;;;;;;;;
4896;12;;;;;;;;;
4896;13;;;;;;;;;
4896;14;;;;;;;;;
4896;15;;;;;;;;;
4896;16;;;;;;;;;
4896;17;;;;;;;;;
4896;18;40;0;Ok;Control;;;;;
4896;19;;;;;;;;;
4896;20;;;;;;;;;
4896;21;;;;;;;;;
4896;22;40;1;Ok;Control;;;;;
4896;23;;;;;;;;;
4896;24;40;11;Dårlig fjell 35m;Control;;;;;
4913;1;;;;;;;;;
4913;2;40;0;Ok;Probe;;;;;
4913;3;;;;;;;;;
4913;4;;;;;;;;;
4913;5;;;;;;;;;
4913;6;;;Skjold;;;;;;
4913;7;40;0;Ok;Probe;;;;;
4913;8;40;0;;Probe;;;;;
4913;9;;;;;;;;;
4913;10;40;0;Ok;Probe;;;;;
4913;11;;;;;;;;;
4913;12;;;;;;;;;
4913;13;;;;;;;;;
4913;14;40;0;Ok;Probe;;;;;
4913;15;;;;;;;;;
4913;16;40;0;Ok;Probe;;;;;
4913;17;;;;;;;;;
4913;18;40;0;Ok;Probe;;;;;
4913;19;;;;;;;;;
4913;20;;;;;;;;;
4913;21;;;;;;;;;
4913;22;40;0;Ok;Probe;;;;;
4913;23;;;;;;;;;
4913;24;40;0;Ok;Probe;;;;;
4930;1;40;0;Ok;Probe;;;;;
4930;2;;;;;;;;;
4930;3;40;0;Ok;Probe;;;;;
4930;4;;;;;;;;;
4930;5;;;;;;;;;
4930;6;;;;;;;;;
4930;7;40;0;Ok;Probe;;;;;
4930;8;;;;;;;;;
4930;9;40;0;Tellefeil, 40m ok.;Probe;;;;;
4930;10;;;;;;;;;
4930;11;40;0;Ok;Probe;;;;;
4930;12;;;;;;;;;
4930;13;;;;;;;;;
4930;14;;;;;;;;;
4930;15;40;0;Ok;Probe;;;;;
4930;16;;;;;;;;;
4930;17;40;0;Ok;Probe;;;;;
4930;18;;;;;;;;;
4930;19;40;0;Ok;Probe;;;;;
4930;20;;;;;;;;;
4930;21;;;;;;;;;
4930;22;;;;;;;;;
4930;23;40;1.5;Ok;Probe;;;;;
4930;24;;;;;;;;;
4947;1;;;;;;;;;
4947;2;40;0;Ok;Probe;;;;;
4947;3;;;;;;;;;
4947;4;;;;;;;;;
4947;5;;;;;;;;;
4947;6;40;1;Stop 36m. Ok;Probe;;;;;
4947;7;;;;;;;;;
4947;8;36;0;Stop 36m. Ok;Probe;;;;;
4947;9;;;;;;;;;
4947;10;40;0;Ok;Probe;;;;;
4947;11;;;;;;;;;
4947;12;;;;;;;;;
4947;13;;;;;;;;;
4947;14;40;0;Ok;Probe;;;;;
4947;15;;;;;;;;;
4947;16;40;0;Ok;Probe;;;;;
4947;17;;;;;;;;;
4947;18;40;1.5;Sleppe 25m 33m. Ok;Probe;;;;;
4947;19;;;;;;;;;
4947;20;;;;;;;;;
4947;21;;;;;;;;;
4947;22;40;0;Tellefeil, 40m ok.;Probe;;;;;
4947;23;;;;;;;;;
4947;24;40;7.2;Sleppe 25m ok.;Probe;;;;;
4964;1;40;7;Ok;Probe;;;;;
4964;2;;;;;;;;;
4964;3;40;0;Ok;Probe;;;;;
4964;4;;;;;;;;;
4964;5;8;0;Dårlig fjell;;;;;;
4964;6;;;;;;;;;
4964;7;10;0;Sleppe 4til6m;;;;;;
4964;8;;;;;;;;;
4964;9;;;;;;;;;
4964;10;;;Dårlig fjell;;;;;;
4964;11;40;0;Dårlig fjell;Probe;;;;;
4964;12;;;;;;;;;
4964;13;;;;;;;;;
4964;14;;;;;;;;;
4964;15;5;0;Dårlig fjell;;;;;;
4964;16;5;0;Dårlig fjell;;;;;;
4964;17;8;0;Dårlig fjell;;;;;;
4964;18;;;;;;;;;
4964;19;40;0;Sleppe 32m;Probe;;;;;
4964;20;40;0;;Probe;;;;;
4964;21;;;;;;;;;
4964;22;40;0;Ok;Probe;;;;;
4964;23;;;;;;;;;
4964;24;;;;;;;;;
4981;1;;;;;;;;;
4981;2;40;0;Ok;Probe;;;;;
4981;3;;;;;;;;;
4981;4;;;;;;;;;
4981;5;;;;;;;;;
4981;6;40;0;Ok;Probe;;;;;
4981;7;;;;;;;;;
4981;8;40;0;Ok;Probe;;;;;
4981;9;;;;;;;;;
4981;10;40;0;Ok;Probe;;;;;
4981;11;;;;;;;;;
4981;12;;;;;;;;;
4981;13;;;;;;;;;
4981;14;40;0;Ok;Probe;;;;;
4981;15;;;;;;;;;
4981;16;40;0;Ok;Probe;;;;;
4981;17;;;;;;;;;
4981;18;40;0;Ok;Probe;;;;;
4981;19;;;;;;;;;
4981;20;;;;;;;;;
4981;21;;;;;;;;;
4981;22;40;0;Ok;Probe;;;;;
4981;23;;;;;;;;;
4981;24;40;0;Sleppe 4-6m;Probe;;;;;
4998;1;40;1.5;Soft start 0-5m;Probe;;;;;
4998;2;;;;;;;;;
4998;3;40;0;Sleppe 13m;Probe;;;;;
4998;4;;;;;;;;;
4998;5;;;Ikke ansett;;;;;;
4998;6;;;Ikke ansett;;;;;;
4998;7;;;Ikke ansett;;;;;;
4998;8;40;0;Ok;Probe;;;;;
4998;9;;;;;;;;;
4998;10;40;0;Ok;Probe;;;;;
4998;11;;;;;;;;;
4998;12;;;;;;;;;
4998;13;;;;;;;;;
4998;14;40;0;Ok;Probe;;;;;
4998;15;;;;;;;;;
4998;16;40;0;Ok;Probe;;;;;
4998;17;;;;;;;;;
4998;18;;;;;;;;;
4998;19;40;0;Ok;Probe;;;;;
4998;20;40;0;Ok;Probe;;;;;
4998;21;;;;;;;;;
4998;22;40;0;Ok;Probe;;;;;
4998;23;;;;;;;;;
4998;24;;;;;;;;;
5015;1;40;0;Ok;Probe;;;;;
5015;2;;;;;;;;;
5015;3;40;0;Ok;Probe;;;;;
5015;4;;;;;;;;;
5015;5;;;;;;;;;
5015;6;;;;;;;;;
5015;7;40;0;Ok;Probe;;;;;
5015;8;;;;;;;;;
5015;9;;;;;;;;;
5015;10;40;0;Ok;Probe;;;;;
5015;11;40;0;Ok;Probe;;;;;
5015;12;;;;;;;;;
5015;13;;;;;;;;;
5015;14;;;;;;;;;
5015;15;40;0;Ok;Probe;;;;;
5015;16;;;;;;;;;
5015;17;40;0;Ok;Probe;;;;;
5015;18;;;;;;;;;
5015;19;;;;;;;;;
5015;20;40;0;Ok;Probe;;;;;
5015;21;;;;;;;;;
5015;22;;;Skjold;;;;;;
5015;23;;;Skjold;;;;;;
5015;24;;;Skjold;;;;;;
5032;1;;;;;;;;;
5032;2;40;0;;Probe;;;;;
5032;3;;;;;;;;;
5032;4;40;0;;Probe;;;;;
5032;5;;;;;;;;;
5032;6;;;;;;;;;
5032;7;40;0;Sleppe 28m;Probe;;;;;
5032;8;;;;;;;;;
5032;9;40;0;;Probe;;;;;
5032;10;;;;;;;;;
5032;11;40;0;Sleppe 17m $AND$ 38m;Probe;;;;;
5032;12;;;;;;;;;
5032;13;;;;;;;;;
5032;14;;;;;;;;;
5032;15;;;;;;;;;
5032;16;40;0;;Probe;;;;;
5032;17;;;;;;;;;
5032;18;40;0;;Probe;;;;;
5032;19;;;;;;;;;
5032;20;40;0;;Probe;;;;;
5032;21;;;;;;;;;
5032;22;;;;;;;;;
5032;23;;;;;;;;;
5032;24;40;4.5;;Probe;;;;;
5049;1;40;0;Ok;Control;;;;;
5049;2;40;0;Ok;Control;;;;;
5049;3;;;;;;;;;
5049;4;;;;;;;;;
5049;5;40;0;Ok;Control;;;;;
5049;6;;;;;;;;;
5049;7;10;0;Sleppe 10m;;;;;;
5049;8;8;0;Sleppe 8m;;;;;;
5049;9;;;;;;;;;
5049;10;15;0;Dårlig fjell sleppe1;;;;;;
5049;11;;;;;;;;;
5049;12;;;;;;;;;
5049;13;;;;;;;;;
5049;14;;;;;;;;;
5049;15;40;0;Ok;Control;;;;;
5049;16;40;0;Dårlig fjell;Control;;;;;
5049;17;40;0;Ok;Control;;;;;
5049;18;;;;;;;;;
5049;19;40;0;Ok;Control;;;;;
5049;20;;;;;;;;;
5049;21;;;;;;;;;
5049;22;7;0;Dårlig fjell;;;;;;
5049;23;40;0;Sleppe 7m;Control;;;;;
5049;24;;;;;;;;;
5067;1;32.6;6;;;;;;;
5067;2;;;;;;;;;
5067;3;32.6;0;;;;;;;
5067;4;;;;;;;;;
5067;5;32.6;1;;;;;;;
5067;6;;;;;;;;;
5067;7;32.6;10;;;;;;;
5067;8;;;;;;;;;
5067;9;;;;;;;;;
5067;10;32.6;0;;;;;;;
5067;11;;;;;;;;;
5067;12;;;;;;;;;
5067;13;;;;;;;;;
5067;14;;;;;;;;;
5067;15;;;;;;;;;
5067;16;32.6;0;;;;;;;
5067;17;;;;;;;;;
5067;18;32.6;0;;;;;;;
5067;19;;;;;;;;;
5067;20;32.6;0;;;;;;;
5067;21;;;;;;;;;
5067;22;32.6;0;;;;;;;
5067;23;;;;;;;;;
5067;24;;;;;;;;;
5081;1;;;;;;;;;
5081;2;;;;;;;;;
5081;3;40;0;;Injection;147;;;30;
5081;4;40;0;;Injection;115;;;35;
5081;5;;;;;;;;;
5081;6;;;Shield;;;;;;
5081;7;40;0;;;81;;;35;
5081;8;40;0;;;92;;;33;
5081;9;;;;;;;;;
5081;10;;;;;82;;;35;
5081;11;40;0;;Injection;181;;;35;
5081;12;;;;;;;;;
5081;13;40;0;;Injection;631;213;;30;
5081;14;40;0;;Injection;444;;;30;
5081;15;40;15;;Injection;560;267;;30;
5081;16;40;0;;Injection;98;;;30;
5081;17;40;0;;Injection;162;;;33;
5081;18;40;0;;Injection;61;;;30;
5081;19;4;0;Shield;;;;;;
5081;20;40;0;;Injection;139;;;30;
5081;21;40;0;;Injection;258;;;35;
5081;22;40;0;;Injection;72;;;35;
5081;23;40;0;;Injection;125;;;35;
5081;24;40;0;;Injection;;;;;
5095;1;;;;;;;;;
5095;2;40;0;Ok;Injection;611;77;;35;
5095;3;;;;;;;;;
5095;4;40;1;Ok;Injection;176;;;35;
5095;5;40;0;Ok;Injection;107;;;35;
5095;6;;;;;;;;;
5095;7;40;0;Ok;Injection;141;;;35;
5095;8;40;0;Ok;Injection;557;510;;35;
5095;9;;;;;;;;;
5095;10;;;;;;;;;
5095;11;40;0;Ok;Injection;609;1036;1152;30;
5095;12;;;;;;;;;
5095;13;40;0;Ok;Injection;3;;;35;
5095;14;40;0;Ok;Injection;591;389;;30;
5095;15;40;0;Ok;Injection;866;895;;30;
5095;16;40;0;Ok;Injection;322;;;35;
5095;17;40;0;Ok;Injection;104;;;35;
5095;18;40;0;Ok;Injection;90;;;35;
5095;19;40;0;Ok;Injection;113;;;35;
5095;20;40;5;Ok;Injection;116;;;35;
5095;21;40;0;Ok;Injection;112;;;35;
5095;22;40;0;Ok;Injection;119;;;35;
5095;23;40;0;Ok;Injection;160;;;35;
5095;24;40;15;Ok;Injection;519;841;;35;
5109;1;;;;;;;;;
5109;2;40;0;Ok;Injection;124;;;32;
5109;3;;;;;;;;;
5109;4;40;0;Ok;Injection;112;;;42;
5109;5;40;0;Ok;Injection;108;;;30;
5109;6;;;;;;;;;
5109;7;;;Shield;;;;;;
5109;8;40;0;Ok;Injection;44;;;30;
5109;9;40;0;Ok;Injection;601;616;;28;
5109;10;40;0;Ok;Injection;603;988;2110;27;
5109;11;;;;;;;;;
5109;12;;;;;;;;;
5109;13;40;0;Ok;Injection;184;;;0;Exit teleskopshield
5109;14;40;0;Ok;Injection;600;1011;676;30;
5109;15;40;0;Ok;Injection;605;991;559;22;Small leak teleskopshield
5109;16;40;0;Ok;Injection;81;;;30;
5109;17;40;0;Ok;Injection;16;;;30;
5109;18;40;0;Ok;Injection;127;;;30;
5109;19;40;0;Ok;Injection;553;411;;28;
5109;20;40;0;Sleppe 38m;Injection;108;;;30;
5109;21;40;0;Ok;Injection;112;;;30;
5109;22;40;0;Ok;Injection;108;;;32;
5109;23;40;0;Ok;Injection;187;;;0;Exit teleskopshield
5109;24;40;0;Ok;Injection;125;;;30;
5126;1;;;;;;;;;
5126;2;40;1;;Probe;;;;;
5126;3;;;;;;;;;
5126;4;40;0;;Probe;;;;;
5126;5;;;;;;;;;
5126;6;;;;;;;;;
5126;7;40;0;;Probe;;;;;
5126;8;;;;;;;;;
5126;9;40;0;;Probe;;;;;
5126;10;;;;;;;;;
5126;11;40;0;;Probe;;;;;
5126;12;;;;;;;;;
5126;13;;;;;;;;;
5126;14;;;;;;;;;
5126;15;;;;;;;;;
5126;16;40;0;;Probe;;;;;
5126;17;;;;;;;;;
5126;18;40;0;;Probe;;;;;
5126;19;;;;;;;;;
5126;20;40;1;;Probe;;;;;
5126;21;;;;;;;;;
5126;22;;;;;;;;;
5126;23;;;;;;;;;
5126;24;40;0;;Probe;;;;;
5143;1;40;0;;Probe;;;;;
5143;2;;;;;;;;;
5143;3;40;0;;Probe;;;;;
5143;4;;;;;;;;;
5143;5;;;;;;;;;
5143;6;;;Skjold;;;;;;
5143;7;40;0;Ok;Probe;;;;;
5143;8;40;0;;Probe;;;;;
5143;9;;;Skjold;;;;;;
5143;10;;;;;;;;;
5143;11;40;0;;Probe;;;;;
5143;12;;;;;;;;;
5143;13;;;;;;;;;
5143;14;;;;;;;;;
5143;15;40;0;Ok;Probe;;;;;
5143;16;;;;;;;;;
5143;17;40;0;;Probe;;;;;
5143;18;;;;;;;;;
5143;19;40;0;;Probe;;;;;
5143;20;;;;;;;;;
5143;21;;;;;;;;;
5143;22;40;0;Ok;Probe;;;;;
5143;23;;;;;;;;;
5143;24;;;;;;;;;
5159;1;;;;;;;;;
5159;2;22;0;Ok;Probe;;;;;
5159;3;;;;;;;;;
5159;4;;;;;;;;;
5159;5;;;;;;;;;
5159;6;40;0;Ok;Probe;;;;;
5159;7;;;;;;;;;
5159;8;19;0;Ok;Probe;;;;;
5159;9;;;;;;;;;
5159;10;40;0;Ok;Probe;;;;;
5159;11;;;;;;;;;
5159;12;;;;;;;;;
5159;13;;;;;;;;;
5159;14;;;;;;;;;
5159;15;40;0;Ok;Probe;;;;;
5159;16;;;;;;;;;
5159;17;40;0;Ok;Probe;;;;;
5159;18;;;;;;;;;
5159;19;18;0;Ok;Probe;;;;;
5159;20;;;;;;;;;
5159;21;;;;;;;;;
5159;22;40;0;Ok;Probe;;;;;
5159;23;;;;;;;;;
5159;24;40;0;Ok;Probe;;;;;
5176;1;;;;;;;;;
5176;2;;;;;;;;;
5176;3;40;0;;Probe;;;;;
5176;4;;;;;;;;;
5176;5;40;2.5;;Probe;;;;;
5176;6;;;;;;;;;
5176;7;;;;;;;;;
5176;8;40;0;;Probe;;;;;
5176;9;;;;;;;;;
5176;10;;;;;;;;;
5176;11;40;0;;Probe;;;;;
5176;12;;;;;;;;;
5176;13;;;;;;;;;
5176;14;;;;;;;;;
5176;15;40;0;;Probe;;;;;
5176;16;;;;;;;;;
5176;17;;;;;;;;;
5176;18;40;0;;Probe;;;;;
5176;19;;;;;;;;;
5176;20;40;0;;Probe;;;;;
5176;21;;;;;;;;;
5176;22;40;0;;Probe;;;;;
5176;23;;;;;;;;;
5176;24;40;4;;Probe;;;;;
5193;1;40;0;Ok;Probe;;;;;
5193;2;;;;;;;;;
5193;3;24;0;Sleppe 24m completel;Probe;;;;;
5193;4;;;;;;;;;
5193;5;40;2;Ok;Probe;;;;;
5193;6;;;Skjold;;;;;;
5193;7;;;Skjold;;;;;;
5193;8;40;0;Ok;Probe;;;;;
5193;9;;;;;;;;;
5193;10;;;;;;;;;
5193;11;40;0;Ok;Probe;;;;;
5193;12;;;;;;;;;
5193;13;;;;;;;;;
5193;14;;;;;;;;;
5193;15;40;0;Ok;Probe;;;;;
5193;16;;;;;;;;;
5193;17;;;;;;;;;
5193;18;40;0;Ok;Probe;;;;;
5193;19;40;7;Ok;Probe;;;;;
5193;20;;;;;;;;;
5193;21;;;;;;;;;
5193;22;40;0;Ok;Probe;;;;;
5193;23;;;;;;;;;
5193;24;;;;;;;;;
5209;1;40;0;;Probe;;;;;
5209;2;;;;;;;;;
5209;3;;;;;;;;;
5209;4;;;;;;;;;
5209;5;40;0;;Probe;;;;;
5209;6;;;;;;;;;
5209;7;40;0;;Probe;;;;;
5209;8;;;;;;;;;
5209;9;40;0;;Probe;;;;;
5209;10;;;;;;;;;
5209;11;7;0;;;;;;;
5209;12;;;;;;;;;
5209;13;;;;;;;;;
5209;14;;;;;;;;;
5209;15;7;0;;;;;;;
5209;16;;;;;;;;;
5209;17;;;;;;;;;
5209;18;40;0;;Probe;;;;;
5209;19;;;;;;;;;
5209;20;40;0;;Probe;;;;;
5209;21;;;;;;;;;
5209;22;22;0;;;;;;;
5209;23;;;;;;;;;
5209;24;;;;;;;;;
5226;1;40;0;Sleppe 35m;Probe;;;;;
5226;2;;;;;;;;;
5226;3;;;;;;;;;
5226;4;;;;;;;;;
5226;5;;;Skjold;;;;;;
5226;6;;;;;;;;;
5226;7;40;0;"Ok
Ok";Probe;;;;;
5226;8;;;;;;;;;
5226;9;40;0;Sleppe 30m;Probe;;;;;
5226;10;;;Skjold;;;;;;
5226;11;;;;;;;;;
5226;12;;;;;;;;;
5226;13;;;;;;;;;
5226;14;40;0;Sleppe 35m;Probe;;;;;
5226;15;;;;;;;;;
5226;16;;;;;;;;;
5226;17;40;0;Ok;Probe;;;;;
5226;18;;;;;;;;;
5226;19;;;;;;;;;
5226;20;;;;;;;;;
5226;21;;;;;;;;;
5226;22;40;0;Ok;Probe;;;;;
5226;23;;;;;;;;;
5226;24;;;;;;;;;
5243;1;;;;;;;;;
5243;2;;;;;;;;;
5243;3;;;;;;;;;
5243;4;40;0;Ok;Control;;;;;
5243;5;;;;;;;;;
5243;6;;;;;;;;;
5243;7;;;;;;;;;
5243;8;40;0;Dårlig fjell;Control;;;;;
5243;9;;;;;;;;;
5243;10;;;;;;;;;
5243;11;40;0;Ok;Control;;;;;
5243;12;;;;;;;;;
5243;13;;;;;;;;;
5243;14;;;;;;;;;
5243;15;;;;;;;;;
5243;16;40;0;Ok;Control;;;;;
5243;17;;;;;;;;;
5243;18;;;;;;;;;
5243;19;;;;;;;;;
5243;20;40;0;Ok;Control;;;;;
5243;21;;;;;;;;;
5243;22;;;;;;;;;
5243;23;;;;;;;;;
5243;24;40;0;Ok;Control;;;;;
5260;1;40;0;Ok;Probe;;;;;
5260;2;;;;;;;;;
5260;3;;;;;;;;;
5260;4;;;;;;;;;
5260;5;40;0;Ok;Probe;;;;;
5260;6;;;;;;;;;
5260;7;;;;;;;;;
5260;8;;;;;;;;;
5260;9;40;0;Ok;Probe;;;;;
5260;10;;;;;;;;;
5260;11;;;;;;;;;
5260;12;;;;;;;;;
5260;13;;;;;;;;;
5260;14;40;0;Ok;Probe;;;;;
5260;15;;;;;;;;;
5260;16;;;;;;;;;
5260;17;40;0;Ok;Probe;;;;;
5260;18;;;;;;;;;
5260;19;;;;;;;;;
5260;20;;;;;;;;;
5260;21;;;;;;;;;
5260;22;40;0;Ok;Probe;;;;;
5260;23;;;;;;;;;
5260;24;;;;;;;;;
5277;1;40;0;Ok;Probe;;;;;
5277;2;;;;;;;;;
5277;3;;;;;;;;;
5277;4;40;0;Ok;Probe;;;;;
5277;5;;;;;;;;;
5277;6;;;;;;;;;
5277;7;;;;;;;;;
5277;8;40;0;Ok;Probe;;;;;
5277;9;;;;;;;;;
5277;10;;;;;;;;;
5277;11;40;0;;Probe;;;;;
5277;12;;;;;;;;;
5277;13;;;;;;;;;
5277;14;;;;;;;;;
5277;15;;;;;;;;;
5277;16;40;0;Ok;Probe;;;;;
5277;17;;;;;;;;;
5277;18;;;;;;;;;
5277;19;;;;;;;;;
5277;20;40;0;Ok;Probe;;;;;
5277;21;;;;;;;;;
5277;22;;;;;;;;;
5277;23;;;;;;;;;
5277;24;;;;;;;;;
5294;1;40;0;Ok;Probe;;;;;
5294;2;;;;;;;;;
5294;3;40;0;Ok;Probe;;;;;
5294;4;;;;;;;;;
5294;5;;;;;;;;;
5294;6;40;0;Ok, bad conditions;Probe;;;;;
5294;7;;;;;;;;;
5294;8;;;;;;;;;
5294;9;40;0;Ok, bad conditions;Probe;;;;;
5294;10;;;;;;;;;
5294;11;40;0;Ok;Probe;;;;;
5294;12;;;;;;;;;
5294;13;;;;;;;;;
5294;14;40;0;Ok;Probe;;;;;
5294;15;;;;;;;;;
5294;16;;;;;;;;;
5294;17;40;0;Ok;Probe;;;;;
5294;18;;;;;;;;;
5294;19;;;;;;;;;
5294;20;40;0;Ok;Probe;;;;;
5294;21;;;;;;;;;
5294;22;40;0;Ok;Probe;;;;;
5294;23;;;;;;;;;
5294;24;;;;;;;;;
5311;1;;;;;;;;;
5311;2;40;2;Ok;Probe;537;619;979;22;Stop 20-25bar
5311;3;40;7;Ok;Probe;354;355;38;35;
5311;4;;;;;;;;;
5311;5;;;;;;;;;
5311;6;38.5;0;Ok;Probe;649;1027;30;40;
5311;7;;;;;;;;;
5311;8;;;;;;;;;
5311;9;40;0;Ok;Probe;652;375;651;35;Exit->0,6
5311;10;;;;;;;;;
5311;11;40;0;Ok;Probe;666;592;81;35;Exit->0,6
5311;12;;;;;;;;;
5311;13;;;;;;;;;
5311;14;40;0;;Probe;613;1022;32;33;
5311;15;40;0;Ok;Probe;583;;;35;
5311;16;;;;;;;;;
5311;17;40;0;Ok;Probe;639;216;;33;
5311;18;;;;;;;;;
5311;19;40;2;Ok;Probe;604;1028;1112;24;Stop 20-25bar
5311;20;40;0.5;Ok;Probe;19;;;35;
5311;21;;;;;;;;;
5311;22;40;1.5;Sleppe 34,4m;Probe;14;;;41;
5311;23;;;;;;;;;
5311;24;40;45;Ok;Probe;;513;2486;21;Stop 20-25bar
5325;1;;;;;;;;;
5325;2;;;;;;;;;
5325;3;40;10;Ok;Injection;524;523;603;32;
5325;4;;;;;;;;;
5325;5;40;0;;Injection;95;;;35;Contact
5325;6;;;Skjold;;;;;;
5325;7;40;3;Ok;Injection;514;597;433;30;
5325;8;;;;;;;;;
5325;9;40;0;Ok;Injection;636;1006;995;35;
5325;10;40;0;Ok;Injection;203;;;0;Direct exit
5325;11;40;0;Ok;Injection;637;1027;1358;28;
5325;12;;;;;;;;;
5325;13;;;;;;;;;
5325;14;;;;;;;;;
5325;15;;;Skjold;;;;;;
5325;16;40;0;Ok;Injection;107;;;36;
5325;17;40;0;Ok;Injection;98;;;35;
5325;18;;;;;;;;;
5325;19;40;1;Ok;Injection;608;56;;35;
5325;20;;;;;;;;;
5325;21;40;0;Ok;Injection;20;;;35;Contact
5325;22;40;0;Ok;Injection;121;;;35;
5325;23;;;;;;;;;
5325;24;40;7;Ok;Injection;513;516;62;35;
5337;1;36;0.4;Ok;Probe;;;;;
5337;2;;;;;;;;;
5337;3;36;0;Ok;Probe;;;;;
5337;4;;;;;;;;;
5337;5;;;;;;;;;
5337;6;;;;;;;;;
5337;7;36;0;Ok;Probe;;;;;
5337;8;;;;;;;;;
5337;9;36;0;Ok;Probe;;;;;
5337;10;;;;;;;;;
5337;11;36;0;Ok;Probe;;;;;
5337;12;;;;;;;;;
5337;13;;;;;;;;;
5337;14;36;0;Ok;Probe;;;;;
5337;15;;;;;;;;;
5337;16;;;;;;;;;
5337;17;36;0;Ok;Probe;;;;;
5337;18;;;;;;;;;
5337;19;;;;;;;;;
5337;20;36;0;Ok;Probe;;;;;
5337;21;;;;;;;;;
5337;22;36;0.6;Sleppe 25m;Probe;;;;;
5337;23;;;;;;;;;
5337;24;;;;;;;;;
5349;1;;;;;;;;;
5349;2;;;;;;;;;
5349;3;40;0;Ok;Probe;;;;;
5349;4;;;;;;;;;
5349;5;;;;;;;;;
5349;6;40;0;Ok;Probe;;;;;
5349;7;;;;;;;;;
5349;8;;;;;;;;;
5349;9;40;0;Ok;Probe;;;;;
5349;10;;;;;;;;;
5349;11;40;0;Ok;Probe;;;;;
5349;12;;;;;;;;;
5349;13;;;;;;;;;
5349;14;40;0;Ok;Probe;;;;;
5349;15;;;;;;;;;
5349;16;;;;;;;;;
5349;17;40;0;Ok;Probe;;;;;
5349;18;;;;;;;;;
5349;19;;;;;;;;;
5349;20;40;0;Ok;Probe;;;;;
5349;21;;;;;;;;;
5349;22;40;0;Ok;Probe;;;;;
5349;23;;;;;;;;;
5349;24;40;0;Ok;Probe;;;;;
5363;1;40;0;Ok;Probe;;;;;
5363;2;;;;;;;;;
5363;3;;;;;;;;;
5363;4;;;;;;;;;
5363;5;40;0;Ok;Probe;;;;;
5363;6;;;;;;;;;
5363;7;;;;;;;;;
5363;8;;;;;;;;;
5363;9;;;;;;;;;
5363;10;40;0;Ok;Probe;;;;;
5363;11;;;;;;;;;
5363;12;;;;;;;;;
5363;13;;;;;;;;;
5363;14;40;0;Ok;Probe;;;;;
5363;15;;;;;;;;;
5363;16;;;;;;;;;
5363;17;;;;;;;;;
5363;18;40;0;Ok;Probe;;;;;
5363;19;;;;;;;;;
5363;20;;;;;;;;;
5363;21;;;;;;;;;
5363;22;40;0;Ok;Probe;;;;;
5363;23;;;;;;;;;
5363;24;;;;;;;;;
5380;1;;;;;;;;;
5380;2;;;;;;;;;
5380;3;40;0;Ok;Probe;;;;;
5380;4;;;;;;;;;
5380;5;;;;;;;;;
5380;6;;;;;;;;;
5380;7;40;0;Ok;Probe;;;;;
5380;8;;;;;;;;;
5380;9;;;;;;;;;
5380;10;;;;;;;;;
5380;11;40;0;Ok;Probe;;;;;
5380;12;;;;;;;;;
5380;13;;;;;;;;;
5380;14;;;;;;;;;
5380;15;40;0;Ok;Probe;;;;;
5380;16;;;;;;;;;
5380;17;;;;;;;;;
5380;18;;;;;;;;;
5380;19;40;0;Ok;Probe;;;;;
5380;20;;;;;;;;;
5380;21;;;;;;;;;
5380;22;;;;;;;;;
5380;23;;;;;;;;;
5380;24;40;3;Ok;Probe;;;;;
5397;1;;;;;;;;;
5397;2;;;;;;;;;
5397;3;40;0;Ok;Probe;;;;;
5397;4;;;;;;;;;
5397;5;;;;;;;;;
5397;6;;;;;;;;;
5397;7;40;0;Sleppe 10-14m;Probe;;;;;
5397;8;;;;;;;;;
5397;9;;;;;;;;;
5397;10;;;;;;;;;
5397;11;40;0;Ok;Probe;;;;;
5397;12;;;;;;;;;
5397;13;;;;;;;;;
5397;14;;;;;;;;;
5397;15;40;0;Ok;Probe;;;;;
5397;16;;;;;;;;;
5397;17;;;;;;;;;
5397;18;;;;;;;;;
5397;19;;;;;;;;;
5397;20;40;0;Sleppe 14,5m;Probe;;;;;
5397;21;;;;;;;;;
5397;22;;;;;;;;;
5397;23;;;;;;;;;
5397;24;40;7;Ok;Probe;;;;;
5414;1;40;0.5;Ok;Probe;;;;;
5414;2;;;;;;;;;
5414;3;;;;;;;;;
5414;4;;;;;;;;;
5414;5;;;;;;;;;
5414;6;40;0;Ok;Probe;;;;;
5414;7;;;;;;;;;
5414;8;;;;;;;;;
5414;9;;;;;;;;;
5414;10;40;4;Ok;Probe;;;;;
5414;11;;;;;;;;;
5414;12;;;;;;;;;
5414;13;;;;;;;;;
5414;14;;;;;;;;;
5414;15;40;0;Ok;Probe;;;;;
5414;16;;;;;;;;;
5414;17;;;;;;;;;
5414;18;40;0;Ok;Probe;;;;;
5414;19;;;;;;;;;
5414;20;;;;;;;;;
5414;21;;;;;;;;;
5414;22;40;0;Ok. Sleppe 22,5m;Probe;;;;;
5414;23;;;;;;;;;
5414;24;;;;;;;;;
5431;1;;;;;;;;;
5431;2;;;;;;;;;
5431;3;40;0;Ok;Probe;;;;;
5431;4;;;;;;;;;
5431;5;;;;;;;;;
5431;6;;;;;;;;;
5431;7;40;0;Ok;Probe;;;;;
5431;8;;;;;;;;;
5431;9;;;;;;;;;
5431;10;;;;;;;;;
5431;11;40;0;Ok;Probe;;;;;
5431;12;;;;;;;;;
5431;13;;;;;;;;;
5431;14;;;;;;;;;
5431;15;40;0;Ok;Probe;;;;;
5431;16;;;;;;;;;
5431;17;;;;;;;;;
5431;18;;;;;;;;;
5431;19;40;9;Sleppe 24,5m bad roc;Probe;;;;;
5431;20;;;;;;;;;
5431;21;;;;;;;;;
5431;22;;;;;;;;;
5431;23;;;;;;;;;
5431;24;40;0;Ok;Probe;;;;;
5448;1;40;5;Ok;Probe;;;;;
5448;2;;;;;;;;;
5448;3;;;;;;;;;
5448;4;40;0;Ok;Probe;;;;;
5448;5;;;;;;;;;
5448;6;;;;;;;;;
5448;7;;;;;;;;;
5448;8;40;0;Ok;Probe;;;;;
5448;9;;;;;;;;;
5448;10;40;0;Ok;Probe;;;;;
5448;11;;;;;;;;;
5448;12;;;;;;;;;
5448;13;;;;;;;;;
5448;14;;;;;;;;;
5448;15;;;;;;;;;
5448;16;40;0;Ok;Probe;;;;;
5448;17;;;;;;;;;
5448;18;;;;;;;;;
5448;19;;;;;;;;;
5448;20;40;0;Ok;Probe;;;;;
5448;21;;;;;;;;;
5448;22;;;;;;;;;
5448;23;;;;;;;;;
5448;24;;;;;;;;;
5465;1;;;;;;;;;
5465;2;;;;;;;;;
5465;3;40;0;Ok;Probe;;;;;
5465;4;;;;;;;;;
5465;5;;;;;;;;;
5465;6;;;;;;;;;
5465;7;40;0;Ok;Probe;;;;;
5465;8;;;;;;;;;
5465;9;;;;;;;;;
5465;10;;;;;;;;;
5465;11;40;0;Ok;Probe;;;;;
5465;12;;;;;;;;;
5465;13;;;;;;;;;
5465;14;;;;;;;;;
5465;15;40;0;Ok;Probe;;;;;
5465;16;;;;;;;;;
5465;17;;;;;;;;;
5465;18;40;0;Ok;Probe;;;;;
5465;19;;;;;;;;;
5465;20;;;;;;;;;
5465;21;;;;;;;;;
5465;22;;;;;;;;;
5465;23;;;;;;;;;
5465;24;40;2;Ok;Probe;;;;;
5482;1;;;;;;;;;
5482;2;;;;;;;;;
5482;3;;;;;;;;;
5482;4;40;20;Bad rock;Probe;634;808;589;40;
5482;5;;;;;;;;;
5482;6;;;;;;;;;
5482;7;40;0;Bad rock;Probe;102;;;40;
5482;8;;;;;;;;;
5482;9;40;0;Bad rock;Probe;608;886;24;40;
5482;10;;;;;;;;;
5482;11;;;;;;;;;
5482;12;;;;;;;;;
5482;13;;;;;;;;;
5482;14;;;;;;;;;
5482;15;;;;;;;;;
5482;16;;;;;;;;;
5482;17;40;0;Bad rock;Probe;600;134;;40;
5482;18;;;;;;;;;
5482;19;;;;;;;;;
5482;20;;;;;;;;;
5482;21;;;;;;;;;
5482;22;40;0;Bad rock;Probe;129;;;40;
5482;23;;;;;;;;;
5482;24;40;0;Bad rock;Probe;600;756;;40;
5497;1;;;;;;;;;
5497;2;;;;;;;;;
5497;3;;;;;;;;;
5497;4;40;0;;Probe;;;;;
5497;5;;;;;;;;;
5497;6;;;;;;;;;
5497;7;;;;;;;;;
5497;8;40;0;;Probe;;;;;
5497;9;;;;;;;;;
5497;10;;;;;;;;;
5497;11;40;0;;Probe;;;;;
5497;12;;;;;;;;;
5497;13;;;;;;;;;
5497;14;;;;;;;;;
5497;15;;;;;;;;;
5497;16;40;0;;Probe;;;;;
5497;17;;;;;;;;;
5497;18;;;;;;;;;
5497;19;;;;;;;;;
5497;20;40;5;;Probe;;;;;
5497;21;;;;;;;;;
5497;22;;;;;;;;;
5497;23;;;;;;;;;
5497;24;40;6;;Probe;;;;;
5514;1;40;0;;Probe;;;;;
5514;2;;;;;;;;;
5514;3;;;;;;;;;
5514;4;;;;;;;;;
5514;5;40;0;;Probe;;;;;
5514;6;;;;;;;;;
5514;7;;;;;;;;;
5514;8;;;;;;;;;
5514;9;;;;;;;;;
5514;10;40;0;;Probe;;;;;
5514;11;;;;;;;;;
5514;12;;;;;;;;;
5514;13;;;;;;;;;
5514;14;;;;;;;;;
5514;15;40;0;;Probe;;;;;
5514;16;;;;;;;;;
5514;17;;;;;;;;;
5514;18;40;0;;Probe;;;;;
5514;19;;;;;;;;;
5514;20;;;;;;;;;
5514;21;;;;;;;;;
5514;22;40;0;;Probe;;;;;
5514;23;;;;;;;;;
5514;24;;;;;;;;;
5524;1;;;;;6;;;10;
5524;2;;;;;;;;;
5524;3;;;;;;;;;
5524;4;;;;;;;;;
5524;5;;;;;;;;;
5524;6;;;;;;;;;
5524;7;;;;;;;;;
5524;8;;;;;;;;;
5524;9;;;;;;;;;
5524;10;;;;;;;;;
5524;11;;;;;;;;;
5524;12;;;;;;;;;
5524;13;;;;;;;;;
5524;14;;;;;;;;;
5524;15;;;;;;;;;
5524;16;;;;;;;;;
5524;17;;;;;;;;;
5524;18;;;;;;;;;
5524;19;;;;;;;;;
5524;20;;;;;;;;;
5524;21;;;;;;;;;
5524;22;;;;;;;;;
5524;23;;;;;;;;;
5524;24;;;;;;;;;
5526;1;;;;;52;;;10;
5526;2;;;;;;;;;
5526;3;;;;;;;;;
5526;4;;;;;;;;;
5526;5;;;;;;;;;
5526;6;;;;;;;;;
5526;7;;;;;;;;;
5526;8;;;;;;;;;
5526;9;;;;;;;;;
5526;10;;;;;;;;;
5526;11;;;;;;;;;
5526;12;;;;;;;;;
5526;13;;;;;;;;;
5526;14;;;;;;;;;
5526;15;;;;;;;;;
5526;16;;;;;;;;;
5526;17;;;;;;;;;
5526;18;;;;;;;;;
5526;19;;;;;;;;;
5526;20;;;;;;;;;
5526;21;;;;;;;;;
5526;22;;;;;;;;;
5526;23;;;;;;;;;
5526;24;;;;;;;;;
5528;1;;;;;1;;;10;
5528;2;;;;;;;;;
5528;3;;;;;;;;;
5528;4;;;;;;;;;
5528;5;;;;;;;;;
5528;6;;;;;;;;;
5528;7;;;;;;;;;
5528;8;;;;;;;;;
5528;9;;;;;;;;;
5528;10;;;;;;;;;
5528;11;;;;;;;;;
5528;12;;;;;;;;;
5528;13;;;;;;;;;
5528;14;;;;;;;;;
5528;15;;;;;;;;;
5528;16;;;;;;;;;
5528;17;;;;;;;;;
5528;18;;;;;;;;;
5528;19;;;;;;;;;
5528;20;;;;;;;;;
5528;21;;;;;;;;;
5528;22;;;;;;;;;
5528;23;;;;;;;;;
5528;24;;;;;;;;;
5530;1;;;;;0;;;10;
5530;2;;;;;;;;;
5530;3;;;;;;;;;
5530;4;;;;;;;;;
5530;5;;;;;;;;;
5530;6;;;;;;;;;
5530;7;;;;;;;;;
5530;8;;;;;;;;;
5530;9;;;;;;;;;
5530;10;;;;;;;;;
5530;11;;;;;;;;;
5530;12;;;;;;;;;
5530;13;;;;;;;;;
5530;14;;;;;;;;;
5530;15;;;;;;;;;
5530;16;;;;;;;;;
5530;17;;;;;;;;;
5530;18;;;;;;;;;
5530;19;;;;;;;;;
5530;20;;;;;;;;;
5530;21;;;;;;;;;
5530;22;;;;;;;;;
5530;23;;;;;;;;;
5530;24;;;;;;;;;
5531;1;;;;;;;;;
5531;2;;;;;;;;;
5531;3;40;0;Ok;Probe;;;;;
5531;4;;;;;;;;;
5531;5;;;;;;;;;
5531;6;;;;;;;;;
5531;7;40;0;Ok;Probe;;;;;
5531;8;;;;;;;;;
5531;9;40;0;Ok;Probe;;;;;
5531;10;;;;;;;;;
5531;11;;;;;;;;;
5531;12;;;;;;;;;
5531;13;;;;;;;;;
5531;14;;;;;;;;;
5531;15;40;0;Ok;Probe;;;;;
5531;16;;;;;;;;;
5531;17;;;;;;;;;
5531;18;40;0;Ok;Probe;;;;;
5531;19;;;;;;;;;
5531;20;;;;;;;;;
5531;21;;;;;;;;;
5531;22;;;;;;;;;
5531;23;;;;;;;;;
5531;24;40;0;Sleppe 28;Probe;;;;;
5544;1;;;;;2275;;;10;
5544;2;;;;;;;;;
5544;3;;;;;;;;;
5544;4;;;;;;;;;
5544;5;;;;;;;;;
5544;6;;;;;;;;;
5544;7;;;;;;;;;
5544;8;;;;;;;;;
5544;9;;;;;;;;;
5544;10;;;;;;;;;
5544;11;;;;;;;;;
5544;12;;;;;;;;;
5544;13;;;;;;;;;
5544;14;;;;;;;;;
5544;15;;;;;;;;;
5544;16;;;;;;;;;
5544;17;;;;;;;;;
5544;18;;;;;;;;;
5544;19;;;;;;;;;
5544;20;;;;;;;;;
5544;21;;;;;;;;;
5544;22;;;;;;;;;
5544;23;;;;;;;;;
5544;24;;;;;;;;;
5548;1;;;;;;;;;
5548;2;40;2;;Probe;173;;;35;Contact nr 3
5548;3;40;20;;Probe;606;1038;1176;35;Contact nr5
5548;4;;;;;;;;;
5548;5;40;10;;Probe;666;1040;564;;Contact nr3
5548;6;;;;;;;;;
5548;7;;;;;;;;;
5548;8;40;0;;Probe;179;;;35;
5548;9;;;;;;;;;
5548;10;40;5;;Probe;624;1005;1985;35;
5548;11;40;10;;Probe;619;1001;1151;35;
5548;12;;;;;;;;;
5548;13;;;;;;;;;
5548;14;;;;;;;;;
5548;15;40;0;;Probe;706;1000;394;35;
5548;16;40;0;;Probe;620;1001;570;35;
5548;17;;;;;;;;;
5548;18;;;;;;;;;
5548;19;;;;;;;;;
5548;20;35;30;;Probe;683;800;807;35;
5548;21;;;;;;;;;
5548;22;40;5;;Probe;121;;;35;
5548;23;;;;;;;;;
5548;24;40;5;;Probe;632;533;;35;
5550;1;;;;;0;;;10;
5550;2;;;;;;;;;
5550;3;;;;;;;;;
5550;4;;;;;;;;;
5550;5;;;;;;;;;
5550;6;;;;;;;;;
5550;7;;;;;;;;;
5550;8;;;;;;;;;
5550;9;;;;;;;;;
5550;10;;;;;;;;;
5550;11;;;;;;;;;
5550;12;;;;;;;;;
5550;13;;;;;;;;;
5550;14;;;;;;;;;
5550;15;;;;;;;;;
5550;16;;;;;;;;;
5550;17;;;;;;;;;
5550;18;;;;;;;;;
5550;19;;;;;;;;;
5550;20;;;;;;;;;
5550;21;;;;;;;;;
5550;22;;;;;;;;;
5550;23;;;;;;;;;
5550;24;;;;;;;;;
5552;1;;;;;4;;;10;
5552;2;;;;;;;;;
5552;3;;;;;;;;;
5552;4;;;;;;;;;
5552;5;;;;;;;;;
5552;6;;;;;;;;;
5552;7;;;;;;;;;
5552;8;;;;;;;;;
5552;9;;;;;;;;;
5552;10;;;;;;;;;
5552;11;;;;;;;;;
5552;12;;;;;;;;;
5552;13;;;;;;;;;
5552;14;;;;;;;;;
5552;15;;;;;;;;;
5552;16;;;;;;;;;
5552;17;;;;;;;;;
5552;18;;;;;;;;;
5552;19;;;;;;;;;
5552;20;;;;;;;;;
5552;21;;;;;;;;;
5552;22;;;;;;;;;
5552;23;;;;;;;;;
5552;24;;;;;;;;;
5563;1;40;20;;Injection;414;;;35;
5563;2;;;;;;;;35;
5563;3;40;0;;;165;;;;
5563;4;;0;;;;;;;
5563;5;;;;;;;;;
5563;6;;;;;;;;;
5563;7;;0;;;;;;;
5563;8;40;0;;Injection;600;315;;35;
5563;9;40;0;;Injection;460;;;35;
5563;10;30;5;Knekt stang;Injection;917;98;;35;
5563;11;40;20;;Injection;1058;1000;1379;35;
5563;12;;;;;;;;;
5563;13;;;;;;;;;
5563;14;;;;;;;;;
5563;15;40;20;;Injection;728;1037;1732;35;
5563;16;40;0;;Injection;1106;278;;35;
5563;17;40;0;;Injection;749;192;;35;
5563;18;;0;;;;;;;
5563;19;40;0;;Injection;610;198;;35;
5563;20;;;;;;;;;
5563;21;;;;;;;;;
5563;22;40;5;;Injection;290;;;35;
5563;23;40;20;;Injection;165;;;35;Contact nr 1
5563;24;;;;;;;;;
5577;1;;;;;;;;;
5577;2;40;0;;Injection;195;;;34;
5577;3;;;;;;;;;
5577;4;;;;;;;;;
5577;5;;;;;;;;;
5577;6;;;;;;;;;
5577;7;40;0;;Injection;816;;;35;
5577;8;40;0;;Injection;125;;;34;
5577;9;40;0;;Injection;45;;;33;
5577;10;40;0;;Injection;168;;;30;
5577;11;;;;;;;;;
5577;12;;;;;;;;;
5577;13;;;;;;;;;
5577;14;;;;;;;;;
5577;15;40;0;;Injection;488;;;32;
5577;16;40;0;;Injection;38;;;35;
5577;17;;;;;;;;;
5577;18;;;;;;;;;
5577;19;40;0;;Injection;131;;;33;
5577;20;40;0;;Injection;139;;;33;
5577;21;;;;;;;;;
5577;22;40;30;;Injection;;863;;20;Utgang
5577;23;;;;;;;;;
5577;24;40;55;;Injection;95;;;40;
5591;1;40;0.5;;Control;;;;;
5591;2;;;;;;;;;
5591;3;;;;;;;;;
5591;4;;;;;;;;;
5591;5;;;;;;;;;
5591;6;;;;;;;;;
5591;7;40;0;;Control;;;;;
5591;8;;;;;;;;;
5591;9;40;0;;Control;;;;;
5591;10;;;;;;;;;
5591;11;;;;;;;;;
5591;12;;;;;;;;;
5591;13;;;;;;;;;
5591;14;;;;;;;;;
5591;15;40;0;;Control;;;;;
5591;16;;;;;;;;;
5591;17;;;;;;;;;
5591;18;;;;;;;;;
5591;19;40;9;;Control;;;;;
5591;20;;;;;;;;;
5591;21;;;;;;;;;
5591;22;40;1.5;;Control;;;;;
5591;23;;;;;;;;;
5591;24;;;;;;;;;
5608;1;;;;;;;;;
5608;2;;;;;;;;;
5608;3;40;0;;Probe;;;;;
5608;4;;;;;;;;;
5608;5;;;;;;;;;
5608;6;;;;;;;;;
5608;7;40;0;Feil på lengdegiver;Probe;;;;;
5608;8;;;;;;;;;
5608;9;;;;;;;;;
5608;10;40;0;;Probe;;;;;
5608;11;;;;;;;;;
5608;12;;;;;;;;;
5608;13;;;;;;;;;
5608;14;;;;;;;;;
5608;15;;;;;;;;;
5608;16;40;0;;Probe;;;;;
5608;17;;;;;;;;;
5608;18;;;;;;;;;
5608;19;;;;;;;;;
5608;20;40;0;;Probe;;;;;
5608;21;;;;;;;;;
5608;22;;;;;;;;;
5608;23;;;;;;;;;
5608;24;40;0;;Probe;;;;;
5625;1;40;1;Dårlig i slutten;Probe;;;;;
5625;2;;;;;;;;;
5625;3;;;;;;;;;
5625;4;40;0;Sleppe på 24m;Probe;;;;;
5625;5;;;;;;;;;
5625;6;;;;;;;;;
5625;7;;;;;;;;;
5625;8;40;0;Ok;Probe;;;;;
5625;9;;;;;;;;;
5625;10;40;0;Ok;Probe;;;;;
5625;11;;;;;;;;;
5625;12;;;;;;;;;
5625;13;;;;;;;;;
5625;14;;;;;;;;;
5625;15;;;;;;;;;
5625;16;40;0;Ok;Probe;;;;;
5625;17;;;;;;;;;
5625;18;;;;;;;;;
5625;19;;;;;;;;;
5625;20;40;1;Dårlig I slutten;Probe;;;;;
5625;21;;;;;;;;;
5625;22;;;;;;;;;
5625;23;;;;;;;;;
5625;24;;;;;;;;;
5641;1;34;0;Broken drillrod;Probe;;;;;
5641;2;;;;;;;;;
5641;3;;;;;;;;;
5641;4;;;;;;;;;
5641;5;40;0;Ok;Probe;;;;;
5641;6;;;;;;;;;
5641;7;;;;;;;;;
5641;8;40;0;Ok.;Probe;;;;;
5641;9;;;;;;;;;
5641;10;40;0;Ok;Probe;;;;;
5641;11;;;;;;;;;
5641;12;;;;;;;;;
5641;13;;;;;;;;;
5641;14;;;;;;;;;
5641;15;;;;;;;;;
5641;16;40;0;Ok;Probe;;;;;
5641;17;;;;;;;;;
5641;18;;;;;;;;;
5641;19;;;;;;;;;
5641;20;40;0;Ok;Probe;;;;;
5641;21;;;;;;;;;
5641;22;;;;;;;;;
5641;23;;;;;;;;;
5641;24;;;;;;;;;
5658;1;40;0;Ok;Probe;;;;;
5658;2;;;;;;;;;
5658;3;;;;;;;;;
5658;4;;;;;;;;;
5658;5;;;;;;;;;
5658;6;40;3;Ok;Probe;;;;;
5658;7;;;;;;;;;
5658;8;;;;;;;;;
5658;9;;;;;;;;;
5658;10;40;0;Ok;Probe;;;;;
5658;11;;;;;;;;;
5658;12;;;;;;;;;
5658;13;;;;;;;;;
5658;14;;;;;;;;;
5658;15;40;0;Ok;Probe;;;;;
5658;16;;;;;;;;;
5658;17;;;;;;;;;
5658;18;;;;;;;;;
5658;19;40;0;Ok;Probe;;;;;
5658;20;;;;;;;;;
5658;21;;;;;;;;;
5658;22;40;0;Ok;Probe;;;;;
5658;23;;;;;;;;;
5658;24;;;;;;;;;
5675;1;33;0;Ok;Probe;;;;;
5675;2;;;;;;;;;
5675;3;;;;;;;;;
5675;4;33;0;Ok;Probe;;;;;
5675;5;;;;;;;;;
5675;6;;;;;;;;;
5675;7;3;0;Shield;;;;;;
5675;8;33;0;Ok;Probe;;;;;
5675;9;;;;;;;;;
5675;10;;;;;;;;;
5675;11;33;0;Ok;Probe;;;;;
5675;12;;;;;;;;;
5675;13;;;;;;;;;
5675;14;;;;;;;;;
5675;15;;;;;;;;;
5675;16;33;0;Ok;Probe;;;;;
5675;17;;;;;;;;;
5675;18;;;;;;;;;
5675;19;;;;;;;;;
5675;20;33;5;Ok;Probe;;;;;
5675;21;4;0;Shield;;;;;;
5675;22;;;;;;;;;
5675;23;;;;;;;;;
5675;24;;;;;;;;;
5686;1;;;;;;;;;
5686;2;;;;;;;;;
5686;3;;;;;;;;;
5686;4;;;;;;;;;
5686;5;;;;;;;;;
5686;6;;;;;;;;;
5686;7;40;0;;Probe;;;;;
5686;8;;;;;;;;;
5686;9;;;;;;;;;
5686;10;;;;;;;;;
5686;11;40;0;;Probe;;;;;
5686;12;;;Not possible;;;;;;
5686;13;;;;;;;;;
5686;14;;;;;;;;;
5686;15;;;;;;;;;
5686;16;;;;;;;;;
5686;17;40;0;;Probe;;;;;
5686;18;;;;;;;;;
5686;19;;;;;;;;;
5686;20;;;;;;;;;
5686;21;;;;;;;;;
5686;22;;;;;;;;;
5686;23;;;;;;;;;
5686;24;;;;;;;;;
5703;1;;;;;;;;;
5703;2;;;;;;;;;
5703;3;;;;;;;;;
5703;4;;;;;;;;;
5703;5;;;;;;;;;
5703;6;;;;;;;;;
5703;7;;;;;;;;;
5703;8;;;;;;;;;
5703;9;;;;;;;;;
5703;10;;;;;;;;;
5703;11;;;;;;;;;
5703;12;17.62;0;Fractured.  Broken r;Probe;;;;;
5703;13;;;;;;;;;
5703;14;;;;;;;;;
5703;15;;;;;;;;;
5703;16;33;0;Ok;Probe;;;;;
5703;17;;0;Shield;;;;;;
5703;18;;;;;;;;;
5703;19;;;;;;;;;
5703;20;;;;;;;;;
5703;21;;;;;;;;;
5703;22;;;;;;;;;
5703;23;;;;;;;;;
5703;24;;;;;;;;;
5715;1;;;;;;;;;
5715;2;;;;;;;;;
5715;3;;;;;;;;;
5715;4;;;;;;;;;
5715;5;;;;;;;;;
5715;6;40;0;Ok;Probe;;;;;
5715;7;;0;Shield;;;;;;
5715;8;;;;;;;;;
5715;9;;;;;;;;;
5715;10;;;;;;;;;
5715;11;40;0;Ok;Probe;;;;;
5715;12;;;;;;;;;
5715;13;;;;;;;;;
5715;14;;;;;;;;;
5715;15;;;;;;;;;
5715;16;40;0;Ok;Probe;;;;;
5715;17;;;;;;;;;
5715;18;;;;;;;;;
5715;19;;;;;;;;;
5715;20;;;;;;;;;
5715;21;;;;;;;;;
5715;22;;;;;;;;;
5715;23;;;;;;;;;
5715;24;;;;;;;;;
5732;1;40;6;Ok;Probe;;;;;
5732;2;;;;;;;;;
5732;3;;;;;;;;;
5732;4;;;;;;;;;
5732;5;;;;;;;;;
5732;6;;0;Shield;;;;;;
5732;7;;0;Shield;;;;;;
5732;8;40;25;Sleppe 20-30m;Probe;;;;;
5732;9;;;;;;;;;
5732;10;6.61;0;Completely stop;Probe;;;;;
5732;11;;;;;;;;;
5732;12;;;;;;;;;
5732;13;;;;;;;;;
5732;14;;;;;;;;;
5732;15;40;0;;Probe;;;;;
5732;16;;;;;;;;;
5732;17;;;;;;;;;
5732;18;;;;;;;;;
5732;19;40;0;Ok;Probe;;;;;
5732;20;;;;;;;;;
5732;21;;;;;;;;;
5732;22;40;0;Sleppe 30 m;Probe;;;;;
5732;23;;;;;;;;;
5732;24;;;;;;;;;
5748;1;40;7;Ok;Probe;;;;;
5748;2;;;;;;;;;
5748;3;;;;;;;;;
5748;4;40;0;Ok;Probe;;;;;
5748;5;;;;;;;;;
5748;6;;;;;;;;;
5748;7;;;;;;;;;
5748;8;40;0;Ok;Probe;;;;;
5748;9;;;;;;;;;
5748;10;;;;;;;;;
5748;11;40;0;Ok;Probe;;;;;
5748;12;;;;;;;;;
5748;13;;;;;;;;;
5748;14;;;;;;;;;
5748;15;40;4;Ok;Probe;;;;;
5748;16;;;;;;;;;
5748;17;;;;;;;;;
5748;18;;;;;;;;;
5748;19;;;;;;;;;
5748;20;40;0;Ok;Probe;;;;;
5748;21;;;;;;;;;
5748;22;;;;;;;;;
5748;23;;;;;;;;;
5748;24;3;0;Shield;;;;;;
5764;1;40;0;Ok;Probe;;;;;
5764;2;;;;;;;;;
5764;3;;;;;;;;;
5764;4;;;;;;;;;
5764;5;;;;;;;;;
5764;6;40;3;Ok;Probe;;;;;
5764;7;;;;;;;;;
5764;8;;;;;;;;;
5764;9;;;;;;;;;
5764;10;40;0;Ok;Probe;;;;;
5764;11;;;;;;;;;
5764;12;;;;;;;;;
5764;13;;;;;;;;;
5764;14;;;Shield;;;;;;
5764;15;40;0;Ok;Probe;;;;;
5764;16;;;;;;;;;
5764;17;;;;;;;;;
5764;18;;;;;;;;;
5764;19;;;Shield;;;;;;
5764;20;40;0;Ok;Probe;;;;;
5764;21;;;;;;;;;
5764;22;;;;;;;;;
5764;23;40;1;Ok;Probe;;;;;
5764;24;;;;;;;;;
5781;1;;;;;;;;;
5781;2;;;;;;;;;
5781;3;40;0;Ok;Probe;;;;;
5781;4;;;;;;;;;
5781;5;;;;;;;;;
5781;6;;;;;;;;;
5781;7;40;0;Ok;Probe;;;;;
5781;8;;;;;;;;;
5781;9;;;;;;;;;
5781;10;;;;;;;;;
5781;11;40;0;Bad rock;Probe;;;;;
5781;12;;;;;;;;;
5781;13;;;;;;;;;
5781;14;;;;;;;;;
5781;15;;;Shield;;;;;;
5781;16;;;Shield;;;;;;
5781;17;40;0;Ok;Probe;;;;;
5781;18;;;;;;;;;
5781;19;40;0;Ok;Probe;;;;;
5781;20;;;;;;;;;
5781;21;;;;;;;;;
5781;22;;;;;;;;;
5781;23;;;;;;;;;
5781;24;40;0.5;Ok;Probe;;;;;
5798;1;40;0;Ok;Probe;;;;;
5798;2;;;;;;;;;
5798;3;;;;;;;;;
5798;4;40;0;Ok;Probe;;;;;
5798;5;;;;;;;;;
5798;6;;;;;;;;;
5798;7;40;0;Ok. Tellefeil;Probe;;;;;
5798;8;;;;;;;;;
5798;9;40;0;Ok;Probe;;;;;
5798;10;40;0;Ok;Probe;;;;;
5798;11;;;;;;;;;
5798;12;;;;;;;;;
5798;13;;;;;;;;;
5798;14;40;0.5;Ok;Probe;;;;;
5798;15;;;;;;;;;
5798;16;;;;;;;;;
5798;17;40;0;Ok;Probe;;;;;
5798;18;;;;;;;;;
5798;19;;;;;;;;;
5798;20;40;0.5;Ok;Probe;;;;;
5798;21;;;;;;;;;
5798;22;;;;;;;;;
5798;23;40;0;Ok;Probe;;;;;
5798;24;;;;;;;;;
5815;1;;;;;;;;;
5815;2;40;0;Ok;Injection;128;;;35;
5815;3;;;;;;;;;
5815;4;40;0;Ok;Injection;134;;;35;
5815;5;;;;;;;;;
5815;6;3;0;Shield;;;;;;
5815;7;;;;;;;;;
5815;8;40;0;Ok;Injection;29;;;40;
5815;9;40;0;Ok;Injection;118;;;37;
5815;10;40;0;Ok;Injection;613;222;;35;
5815;11;40;0;Ok;Injection;134;;;0;Direct exit
5815;12;;;;;;;;;
5815;13;;;;;;;;;
5815;14;40;0;Ok;Injection;610;107;;35;
5815;15;;;;;;;;;
5815;16;40;0;Ok;Injection;1;;;50;
5815;17;;;;;;;;;
5815;18;40;0;Ok;Injection;42;;;40;
5815;19;;;;;;;;;
5815;20;40;0;Ok;Injection;114;;;40;
5815;21;;;;;;;;;
5815;22;40;0;Ok;Injection;107;;;37;
5815;23;;;;;;;;;
5815;24;40;0;Ok. Sleppe 14m;Injection;159;;;35;
5831;1;;;;;;;;;
5831;2;;;;;;;;;
5831;3;40;0;Ok;Probe;;;;;
5831;4;;;;;;;;;
5831;5;;;;;;;;;
5831;6;40;0;Ok;Probe;;;;;
5831;7;;;;;;;;;
5831;8;;;;;;;;;
5831;9;;;;;;;;;
5831;10;;;;;;;;;
5831;11;40;0;Ok;Probe;;;;;
5831;12;;;;;;;;;
5831;13;;;;;;;;;
5831;14;;;;;;;;;
5831;15;40;0;Ok;Probe;;;;;
5831;16;;;;;;;;;
5831;17;;;;;;;;;
5831;18;40;0;Ok;Probe;;;;;
5831;19;;;;;;;;;
5831;20;;;;;;;;;
5831;21;;;;;;;;;
5831;22;;;;;;;;;
5831;23;;;;;;;;;
5831;24;40;0;Ok;Probe;;;;;
5848;1;40;1;Ok;Probe;;;;;
5848;2;;;;;;;;;
5848;3;;;;;;;;;
5848;4;40;0;Ok;Probe;;;;;
5848;5;;;;;;;;;
5848;6;;;;;;;;;
5848;7;40;0;Ok;Probe;;;;;
5848;8;;;;;;;;;
5848;9;40;0;Ok;Probe;;;;;
5848;10;;;;;;;;;
5848;11;;;;;;;;;
5848;12;;;;;;;;;
5848;13;;;;;;;;;
5848;14;;;;;;;;;
5848;15;;;;;;;;;
5848;16;40;0;Ok;Probe;;;;;
5848;17;;;;;;;;;
5848;18;;;;;;;;;
5848;19;;;;;;;;;
5848;20;40;0;;Probe;;;;;
5848;21;;;;;;;;;
5848;22;;;;;;;;;
5848;23;;;;;;;;;
5848;24;;;;;;;;;
5865;1;;;;;;;;;
5865;2;;;;;;;;;
5865;3;40;0;Ok;Probe;;;;;
5865;4;;;;;;;;;
5865;5;;;;;;;;;
5865;6;;;;;;;;;
5865;7;40;1;Ok;Probe;;;;;
5865;8;;;;;;;;;
5865;9;;;;;;;;;
5865;10;;;;;;;;;
5865;11;40;0;Ok;Probe;;;;;
5865;12;;;;;;;;;
5865;13;;;;;;;;;
5865;14;;;;;;;;;
5865;15;40;0;Ok;Probe;;;;;
5865;16;;;;;;;;;
5865;17;;;;;;;;;
5865;18;40;0;Ok;Probe;;;;;
5865;19;;;;;;;;;
5865;20;;;;;;;;;
5865;21;;;;;;;;;
5865;22;;;;;;;;;
5865;23;;;;;;;;;
5865;24;40;0;Ok;Probe;;;;;
5882;1;40;0.5;;Probe;;;;;
5882;2;;;;;;;;;
5882;3;;;;;;;;;
5882;4;40;0;;Probe;;;;;
5882;5;;;;;;;;;
5882;6;;;;;;;;;
5882;7;40;0;;Probe;;;;;
5882;8;;;;;;;;;
5882;9;;;;;;;;;
5882;10;40;0;;Probe;;;;;
5882;11;;;;;;;;;
5882;12;;;;;;;;;
5882;13;;;;;;;;;
5882;14;;;;;;;;;
5882;15;;;;;;;;;
5882;16;40;0;;Probe;;;;;
5882;17;;;;;;;;;
5882;18;;;;;;;;;
5882;19;;;;;;;;;
5882;20;40;0;;Probe;;;;;
5882;21;;;;;;;;;
5882;22;;;;;;;;;
5882;23;;;;;;;;;
5882;24;14;0;Krona jekk til H.;;;;;;
5899;1;40;2;;Probe;;;;;
5899;2;;;;;;;;;
5899;3;;;;;;;;;
5899;4;;;;;;;;;
5899;5;;;;;;;;;
5899;6;40;0;;Probe;;;;;
5899;7;;;;;;;;;
5899;8;;;;;;;;;
5899;9;;;;;;;;;
5899;10;40;0;Lengdegiver feil;Probe;;;;;
5899;11;;;;;;;;;
5899;12;;;;;;;;;
5899;13;;;;;;;;;
5899;14;;;;;;;;;
5899;15;40;0;;Probe;;;;;
5899;16;;;;;;;;;
5899;17;;;;;;;;;
5899;18;30;0;;Probe;;;;;
5899;19;;;;;;;;;
5899;20;;;;;;;;;
5899;21;;;;;;;;;
5899;22;40;0;;Probe;;;;;
5899;23;;;;;;;;;
5899;24;;;;;;;;;
5916;1;;;;;;;;;
5916;2;;;;;;;;;
5916;3;40;2;;Probe;;;;;
5916;4;;;;;;;;;
5916;5;;;;;;;;;
5916;6;;;;;;;;;
5916;7;40;0;;Probe;;;;;
5916;8;;;;;;;;;
5916;9;;;;;;;;;
5916;10;40;0;;Probe;;;;;
5916;11;;;;;;;;;
5916;12;;;;;;;;;
5916;13;;;;;;;;;
5916;14;;;;;;;;;
5916;15;;;;;;;;;
5916;16;40;0;;Probe;;;;;
5916;17;;;;;;;;;
5916;18;;;;;;;;;
5916;19;;;;;;;;;
5916;20;40;0;;Probe;;;;;
5916;21;;;;;;;;;
5916;22;;;;;;;;;
5916;23;;;;;;;;;
5916;24;40;12;;Probe;;;;;
5933;1;40;0;;Probe;;;;;
5933;2;;;;;;;;;
5933;3;;;;;;;;;
5933;4;;;;;;;;;
5933;5;;;;;;;;;
5933;6;;;;;;;;;
5933;7;40;0;;Probe;;;;;
5933;8;;;;;;;;;
5933;9;;;;;;;;;
5933;10;40;0;;Probe;;;;;
5933;11;;;;;;;;;
5933;12;;;;;;;;;
5933;13;;;;;;;;;
5933;14;;;;;;;;;
5933;15;;;;;;;;;
5933;16;40;0;;Probe;;;;;
5933;17;;;;;;;;;
5933;18;;;;;;;;;
5933;19;;;;;;;;;
5933;20;40;2;;Probe;;;;;
5933;21;;;;;;;;;
5933;22;35;0;;Probe;;;;;
5933;23;;;;;;;;;
5933;24;;;;;;;;;
5950;1;;;;;;;;;
5950;2;40;0;Ok;Injection;6;;;50;
5950;3;40;0;Ok;Injection;121;;;40;
5950;4;;;;;;;;;
5950;5;40;0;Ok;Injection;706;10;;39;
5950;6;;;;;;;;;
5950;7;40;0;Ok;Injection;827;959;;50;
5950;8;40;0;Ok;Injection;304;;;35;
5950;9;;;;;;;;;
5950;10;40;60;Ok;Injection;354;;;35;
5950;11;;;;;;;;;
5950;12;;;;;;;;;
5950;13;;;;;;;;;
5950;14;;;;;;;;;
5950;15;40;0;Ok;Injection;1500;1049;2554;30;
5950;16;40;150;Ok;Injection;621;174;;45;
5950;17;;;;;;;;;
5950;18;40;0;Ok;Injection;1325;26;;36;
5950;19;;;;;;;;;
5950;20;30;3;Fastbort;Injection;713;352;;38;
5950;21;;;;;;;;;
5950;22;40;0;Ok;Injection;337;;;38;
5950;23;;;;;;;;;
5950;24;40;20;Ok;Injection;739;652;;29;
5964;1;40;0;;Injection;631;293;;34;
5964;2;;;;;;;;;
5964;3;40;40;;Injection;956;906;;35;
5964;4;;;;;;;;;
5964;5;40;20;;Injection;619;;;0;Exit shield
5964;6;;;;;;;;;
5964;7;30;0;;Injection;1013;504;;35;
5964;8;;;;;;;;;
5964;9;;;;;;;;;
5964;10;40;0;;Injection;746;;;60;
5964;11;;;;;;;;;
5964;12;;;;;;;;;
5964;13;;;;;;;;;
5964;14;;;;;;;;;
5964;15;40;40;;Injection;1274;1036;540;35;
5964;16;;;;;;;;;
5964;17;;;;;;;;;
5964;18;7;0;Dårlig fjell sleppe;Injection;550;177;322;50;
5964;19;7;0;Stopp I sleppe;Injection;795;910;157;35;
5964;20;3;0;Skjold;;;;;;
5964;21;;;;;;;;;
5964;22;30;40;Dårlig fjell;Injection;608;;378;2;Leak cutterhead,  started early with 0.6 resept
5964;23;;;;;;;;;
5964;24;;;;;;;;;
5979;1;;;;;;;;;
5979;2;40;0;Ok;Probe;;;;;
5979;3;;;;;;;;;
5979;4;;;;;;;;;
5979;5;;;;;;;;;
5979;6;;;;;;;;;
5979;7;40;0;Ok;Probe;;;;;
5979;8;;;;;;;;;
5979;9;40;0;Ok;Probe;;;;;
5979;10;5;0;Shield;;;;;;
5979;11;;;;;;;;;
5979;12;;;;;;;;;
5979;13;;;;;;;;;
5979;14;;;;;;;;;
5979;15;;;;;;;;;
5979;16;5.5;0;Shield;;;;;;
5979;17;;;;;;;;;
5979;18;25;4;Ok;Probe;;;;;
5979;19;;;;;;;;;
5979;20;40;0;Ok;Probe;;;;;
5979;21;;;;;;;;;
5979;22;;;;;;;;;
5979;23;;;;;;;;;
5979;24;40;5;Collapsed hole;Probe;;;;;
5999;1;40;10;;Probe;;;;;
5999;2;;;;;;;;;
5999;3;;;;;;;;;
5999;4;;;;;;;;;
5999;5;;;;;;;;;
5999;6;;;;;;;;;
5999;7;40;0;;Probe;;;;;
5999;8;;;;;;;;;
5999;9;;;;;;;;;
5999;10;40;0;Telle feil på magasi;Probe;;;;;
5999;11;;;;;;;;;
5999;12;;;;;;;;;
5999;13;;;;;;;;;
5999;14;;;;;;;;;
5999;15;40;0;;Probe;;;;;
5999;16;;;;;;;;;
5999;17;;;;;;;;;
5999;18;;;;;;;;;
5999;19;;;;;;;;;
5999;20;32;0;Loggen blir 16x2m;Probe;;;;;
5999;21;;;;;;;;;
5999;22;40;0;;Probe;;;;;
5999;23;;;;;;;;;
5999;24;;;;;;;;;
6019;1;;;;;;;;;
6019;2;43;3;;Injection;341;;;35;
6019;3;;;;;;;;;
6019;4;40;0;;Injection;100;;;35;
6019;5;;0;Shield;;;;;;
6019;6;;0;Shield;;;;;;
6019;7;43;0;;Injection;78;;;35;
6019;8;43;0;;Injection;9;;;35;
6019;9;43;0;Feil på lengdegiver;Injection;338;;;35;
6019;10;43;0;;Injection;527;244;;;Utgang
6019;11;;;;;;;;;
6019;12;;;;;;;;;
6019;13;;;;;;;;;
6019;14;;;;;;;;;
6019;15;;0;Shield;;;;;;
6019;16;43;0;;Injection;137;;;35;
6019;17;;;;;;;;;
6019;18;;;;;;;;;
6019;19;;0;;;;;;;
6019;20;43;2;;Injection;137;;;35;
6019;21;43;0;Feil på lengdegiver;Injection;75;;;35;
6019;22;43;0;Feil på lengdegiver;Injection;93;;;35;
6019;23;;;;;;;;;
6019;24;43;0;;Injection;125;;;35;
