chainage;advance;ring;Color; S; U;NP:AP;Fe:S;Ca;Fe;Al;K;Si;Ti;Mg
175.01;0;13;;;;;;;;;;;;
176.81;1;14;;;;;;;;;;;;
178.61;2;15;;;;;;;;;;;;
180.41;3;16;;;;;;;;;;;;
182.21;4;17;;;;;;;;;;;;
184.01;5;18;;;;;;;;;;;;
185.81;6;19;;;;;;;;;;;;
187.61;7;20;;;;;;;;;;;;
189.41;8;21;;;;;;;;;;;;
191.21;9;22;;;;;;;;;;;;
193.01;10;23;;;;;;;;;;;;
194.81;11;24;;;;;;;;;;;;
196.61;12;25;;;;;;;;;;;;
198.41;13;26;;;;;;;;;;;;
200.21;14;27;;;;;;;;;;;;
202.01;15;28;;;;;;;;;;;;
203.81;16;29;;;;;;;;;;;;
205.61;17;30;;;;;;;;;;;;
207.41;18;31;;;;;;;;;;;;
209.21;19;32;;;;;;;;;;;;
211.01;20;33;;;;;;;;;;;;
212.81;21;34;;;;;;;;;;;;
214.61;22;35;;;;;;;;;;;;
216.41;23;36;;;;;;;;;;;;
218.21;24;37;;;;;;;;;;;;
220.01;25;38;;;;;;;;;;;;
221.81;26;39;;;;;;;;;;;;
223.61;27;40;;;;;;;;;;;;
225.41;28;41;;;;;;;;;;;;
227.21;29;42;;;;;;;;;;;;
229.01;30;43;;;;;;;;;;;;
230.81;31;44;;;;;;;;;;;;
232.61;32;45;;;;;;;;;;;;
234.41;33;46;;;;;;;;;;;;
236.21;34;47;;;;;;;;;;;;
238.01;35;48;;;;;;;;;;;;
239.81;36;49;;;;;;;;;;;;
241.61;37;50;;;;;;;;;;;;
243.41;38;51;;;;;;;;;;;;
245.21;39;52;;;;;;;;;;;;
247.01;40;53;;;;;;;;;;;;
248.81;41;54;;;;;;;;;;;;
250.61;42;55;;;;;;;;;;;;
252.41;43;56;;;;;;;;;;;;
254.21;44;57;;;;;;;;;;;;
256.01;45;58;;;;;;;;;;;;
257.81;46;59;;;;;;;;;;;;
259.61;47;60;;;;;;;;;;;;
261.41;48;61;;;;;;;;;;;;
263.21;49;62;;;;;;;;;;;;
265.01;50;63;;;;;;;;;;;;
266.81;51;64;;;;;;;;;;;;
268.61;52;65;;;;;;;;;;;;
270.41;53;66;;;;;;;;;;;;
272.21;54;67;;;;;;;;;;;;
274.01;55;68;;;;;;;;;;;;
275.81;56;69;;;;;;;;;;;;
277.61;57;70;;;;;;;;;;;;
279.41;58;71;;;;;;;;;;;;
281.21;59;72;;;;;;;;;;;;
283.01;60;73;;;;;;;;;;;;
284.81;61;74;;;;;;;;;;;;
286.61;62;75;0.000000;0.253000;0.008000;3.370482;6.016392;1.334000;2.651000;4.675000;3.417000;26.457000;0.401000;0.529000
288.41;63;76;0.000000;0.191000;0.011000;3.791868;10.151837;1.133000;3.377000;4.202000;3.208000;22.706000;0.401000;0.675000
290.21;64;77;0.000000;1.118500;0.019500;3.093097;3.429819;1.948000;4.213000;2.611000;2.238500;13.560500;0.359000;0.701500
292.01;65;78;0.000000;1.474000;0.016500;2.438663;2.798590;1.821000;3.664500;2.444500;1.651000;13.740000;0.424500;0.657000
293.81;66;79;0.000000;7.745000;0.009000;0.165647;1.463358;2.007000;19.739000;4.034000;0.945000;12.433000;0.143000;1.166000
295.61;67;80;0.000000;1.943000;0.018000;1.240954;2.578632;3.772000;8.726000;2.561000;0.547000;10.945000;0.087000;0.907000
297.41;68;81;0.000000;1.348000;0.009000;0.613622;1.167951;1.294000;2.742000;1.790000;2.412000;11.486000;0.275000;0.000000
299.21;69;82;0.000000;2.888000;0.012000;0.163791;0.739990;0.740000;3.722000;5.237000;3.476000;21.080000;0.476000;0.000000
301.01;70;83;0.000000;5.154000;0.009000;0.098104;0.586767;0.791000;5.267000;5.856000;3.176000;20.944000;0.423000;0.636000
302.81;71;84;0.000000;0.696000;0.042000;12.957250;6.269766;14.108000;7.600000;2.009000;0.449000;8.329000;0.056000;0.574000
304.61;72;85;0.000000;4.692000;0.016000;0.266754;0.697042;1.958000;5.696000;5.723000;3.049000;21.136000;0.441000;0.268000
306.41;73;86;;;;;;;;;;;;
308.21;74;87;0.000000;4.602000;0.009000;0.253219;0.639307;1.823000;5.124000;5.584000;2.961000;21.314000;0.419000;0.362000
310.01;75;88;0.000000;4.928667;0.023333;0.836157;0.738377;4.206000;5.372667;5.933500;2.459333;19.322500;0.424833;0.872000
311.81;76;89;0.000000;6.497571;0.030571;1.143446;0.679487;5.157143;6.309143;6.777000;2.461143;21.011857;0.394857;1.000571
313.61;77;90;0.000000;5.659000;0.006000;0.141710;0.509470;1.276000;5.008333;6.787333;3.280000;24.530667;0.451333;0.935000
315.41;78;91;0.000000;4.734000;0.007000;0.281880;0.568476;2.065667;4.671667;6.030333;3.056667;22.247333;0.438667;0.714667
317.21;79;92;;;;;;;;;;;;
319.01;80;93;0.000000;6.179333;0.021667;0.535903;0.456540;5.377333;4.892000;7.090333;3.162333;21.771667;0.539000;0.498333
320.81;81;94;0.000000;7.254250;0.008750;0.073112;0.459143;0.753000;5.819500;7.292750;3.278750;23.824500;0.496750;0.752250
322.61;82;95;0.000000;5.102429;0.027571;0.691909;0.482988;4.434857;4.318143;5.857429;2.969286;20.725714;0.450000;0.486429
324.41;83;96;0.000000;5.630000;0.012750;0.330517;0.511103;2.627500;4.925500;5.953500;2.827000;19.923500;0.469250;0.504500
326.21;84;97;0.000000;5.408750;0.042000;0.983598;0.488648;8.187000;4.607250;6.059000;2.863250;19.637000;0.464000;0.874250
328.01;85;98;0.000000;5.485667;0.010833;0.356686;0.506346;2.909833;4.614167;5.687333;2.753667;21.176167;0.434333;0.719333
329.81;86;99;0.000000;6.565556;0.026000;2.703345;0.488870;6.945778;5.308111;5.912111;2.664222;18.711667;0.437111;0.536889
331.61;87;100;0.000000;5.617714;0.026571;1.188321;0.486403;7.305857;4.915571;4.959714;2.468000;17.055000;0.352429;0.307000
333.41;88;101;0.000000;5.826909;0.022273;0.931649;0.505585;6.964545;4.860545;5.467182;2.785182;17.534727;0.419364;0.211818
335.21;89;102;0.000000;4.006000;0.035500;1.256321;0.673495;7.877500;4.695000;3.878500;2.416000;14.667000;0.339500;0.695500
337.01;90;103;0.000000;3.783000;0.051000;2.180687;0.510248;12.977000;3.336500;3.311500;1.990000;12.819500;0.296000;0.452000
338.81;91;104;0.000000;3.673500;0.057000;1.850926;0.525849;10.202000;3.408000;2.242000;1.916500;10.666000;0.276500;0.384000
340.61;92;105;0.000000;2.960000;0.052000;4.678435;0.479721;21.664000;2.473000;2.016500;1.474000;8.544000;0.246000;0.000000
342.41;93;106;0.000000;4.547333;0.014000;0.233017;0.536469;1.657667;4.248667;4.087000;3.280000;15.604000;0.438333;0.278000
344.21;94;107;0.000000;4.102000;0.014000;0.643982;0.587758;4.132500;4.199000;2.456000;2.600000;11.877000;0.344000;0.000000
346.01;95;108;0.000000;1.920500;0.058000;10.793326;0.514219;28.308000;1.755000;2.074500;1.113000;6.943000;0.211500;0.354500
347.81;96;109;0.000000;2.519000;0.086000;8.247660;0.598126;17.652000;2.599000;2.381500;1.564000;9.258500;0.228500;0.000000
349.61;97;110;0.000000;1.794000;0.105500;7.966108;0.381591;22.353500;1.192000;1.712000;1.288000;8.477500;0.235000;0.313500
351.41;98;111;0.000000;3.202500;0.083500;2.785401;0.481043;13.953500;2.683000;2.459000;2.601000;9.358500;0.404500;0.000000
353.21;99;112;0.000000;2.713500;0.029000;1.459513;0.584883;6.195500;2.764000;4.227500;2.912500;16.698000;0.364000;0.502500
355.01;100;113;0.000000;1.733000;0.025500;0.562130;0.870212;1.524000;2.626500;2.947000;2.720500;14.127000;0.352500;0.335000
356.81;101;114;0.000000;0.764500;0.096500;17.406745;1.319225;20.818000;1.756500;1.981500;1.555000;9.889500;0.265000;0.000000
358.61;102;115;;;;;;;;;;;;
360.41;103;116;0.000000;1.050667;0.017000;0.482912;1.463904;0.793000;2.678667;3.477667;3.020000;16.959333;0.411333;0.085667
362.21;104;117;0.000000;1.037333;0.017667;0.441206;1.571053;0.707667;2.930667;4.551667;3.366333;18.855333;0.457333;0.346333
364.01;105;118;0.000000;1.072667;0.014000;0.438332;1.148475;0.727333;2.152667;3.751000;3.175000;18.235667;0.433000;0.164000
365.81;106;119;0.000000;1.222000;0.015000;0.469135;1.237231;0.903000;2.646333;4.485667;3.423333;20.230667;0.465333;0.465000
367.61;107;120;0.000000;1.152667;0.015000;0.558900;1.465095;1.000333;2.915667;3.501667;3.191000;16.372333;0.473333;0.305333
369.41;108;121;0.000000;0.736500;0.031000;1.508963;2.035652;1.738500;2.611000;4.505000;3.665000;20.065000;0.499000;0.428000
371.21;109;122;0.000000;0.718500;0.014000;1.399887;1.577486;1.573500;1.974000;3.173500;2.867500;16.358000;0.393000;0.000000
373.01;110;123;0.000000;0.556000;0.025000;2.580865;2.635745;2.244000;2.551000;3.852500;3.390500;19.071000;0.471000;0.252500
374.81;111;124;0.000000;0.914000;0.068667;4.324416;1.725470;6.694333;2.667667;3.511333;2.741333;17.001667;0.424333;0.157333
376.61;112;125;0.000000;0.740333;0.022000;2.724861;2.130425;3.472000;2.843000;3.669000;2.920000;17.390000;0.383000;0.333333
378.41;113;126;0.000000;0.802667;0.128000;2.800286;4.823126;3.233000;7.685000;5.736667;3.228333;20.984333;0.477333;0.658667
380.21;114;127;0.000000;0.742667;0.022667;1.216601;1.980456;1.418667;2.562333;4.396333;2.985667;18.904667;0.386333;0.081333
382.01;115;128;0.000000;0.643000;0.029333;1.270321;5.299827;1.287667;5.577333;5.051000;2.565333;18.633333;0.334333;0.312000
383.81;116;129;0.000000;0.823333;0.018333;1.051878;1.726288;1.346333;2.461667;5.207667;3.061000;21.262000;0.409000;0.439667
385.61;117;130;0.000000;0.811667;0.020333;1.140886;1.811397;1.313000;2.503667;4.417333;3.417000;19.971333;0.462333;0.293000
387.41;118;131;0.000000;0.770333;0.024000;3.151547;1.904667;4.430000;2.392667;4.619000;3.047000;20.228667;0.428333;0.069667
389.21;119;132;0.000000;0.797000;0.016000;1.038136;1.804387;1.273333;2.418667;5.411000;3.296000;22.704000;0.440667;0.532000
391.01;120;133;0.000000;0.577000;0.017333;1.508191;2.587271;1.351000;2.588333;5.385000;2.895667;20.953667;0.395333;0.504667
392.81;121;134;0.000000;0.653333;0.012000;1.585960;4.560311;1.377667;4.326000;5.317667;3.202667;18.350333;0.497667;0.555333
394.61;122;135;0.000000;0.469667;0.022667;1.624797;3.269950;1.176667;2.663000;4.763000;2.995333;19.795333;0.396333;0.272000
396.41;123;136;0.000000;0.835000;0.010000;0.532778;1.879564;0.687333;2.719000;5.191667;3.369667;21.285000;0.482667;0.608000
398.21;124;137;0.000000;0.715000;0.068000;3.065819;3.058007;3.430000;3.808667;4.380000;1.943333;20.999000;0.462000;0.417000
400.01;125;138;0.000000;0.301000;0.017000;7.786502;5.524477;3.657000;2.890667;4.957000;3.114333;22.781000;0.455333;0.308000
401.81;126;139;0.000000;0.578000;0.015667;2.451292;4.051536;2.224000;4.054333;4.807000;2.471000;18.763333;0.366667;0.422667
403.61;127;140;0.000000;0.586333;0.013000;1.510420;2.542148;1.385000;2.590667;3.322667;2.854667;17.182333;0.454667;0.430667
405.41;128;141;0.000000;0.807000;0.048000;2.988465;2.619968;3.772667;3.686000;2.713333;2.687333;14.311000;0.398667;0.703667
407.21;129;142;0.000000;0.708000;0.022667;4.089599;3.100081;4.293000;3.732667;4.205000;2.763333;18.156667;0.383333;0.245667
409.01;130;143;0.000000;0.689333;0.018000;1.475299;3.116553;1.590000;3.737000;4.182333;2.830333;18.413333;0.370667;0.448000
410.81;131;144;0.000000;0.609000;0.016667;1.461123;3.219762;1.358333;3.381667;4.047667;2.898667;17.675667;0.395333;0.544333
412.61;132;145;0.000000;0.831333;0.013333;1.048462;3.131828;1.396000;4.564333;4.176667;2.952333;17.478333;0.403000;0.664000
414.41;133;146;0.000000;0.670667;0.010333;0.372801;2.774159;0.391667;3.223667;3.362000;2.935000;16.334333;0.418667;0.245667
416.21;134;147;0.000000;0.620333;0.010333;0.524098;3.114222;0.504333;3.349667;3.049000;2.839000;14.989000;0.383000;0.238333
418.01;135;148;0.000000;0.396000;0.010000;0.431682;3.950466;0.265333;2.690000;4.099333;3.384667;19.559000;0.492333;0.436667
419.81;136;149;0.000000;1.655667;0.011667;0.250735;1.810151;0.646333;5.170333;5.395333;3.457000;21.096000;0.467333;0.654667
421.61;137;150;0.000000;0.787000;0.011667;0.489447;2.721958;0.607667;3.731333;4.887667;2.961667;18.971000;0.475667;0.643667
423.41;138;151;0.000000;0.658333;0.017000;4.051121;2.960425;4.176000;3.345000;4.844333;2.941333;19.919000;0.453000;0.523333
425.21;139;152;0.000000;0.433000;0.012300;4.450958;10.984985;1.651500;4.279800;5.536800;3.251800;21.026900;0.458900;0.533000
427.01;140;153;0.000000;0.525500;0.013500;2.978116;8.583178;2.401500;4.291000;4.546250;2.510250;18.118750;0.394500;0.598500
428.81;141;154;0.000000;4.961400;0.040000;55.364490;4.501144;16.067400;6.030000;3.792600;2.009000;13.116600;0.296800;0.736000
430.61;142;155;0.000000;0.314200;0.038200;29.216342;5.098470;14.293800;2.768400;4.233200;2.232400;16.809400;0.368600;0.451400
432.41;143;156;0.000000;0.520600;0.039200;20.106328;3.667968;14.991200;2.500200;4.542400;2.323600;17.268200;0.384400;0.697200
434.21;144;157;0.000000;0.428000;0.055000;34.287811;3.337631;19.195000;1.694800;3.172800;1.685600;12.969600;0.292200;0.507800
436.01;145;158;0.000000;1.489750;0.045000;20.866943;2.959664;15.522000;3.422250;3.192250;1.890000;13.078750;0.277500;0.730500
437.81;146;159;0.000000;0.254500;0.041500;59.076174;4.462237;18.394500;1.906250;3.723750;1.849750;13.957250;0.249000;0.757500
439.61;147;160;0.000000;0.124750;0.043250;87.092693;12.586799;17.381000;1.958250;3.461000;1.843250;13.676750;0.264750;0.344000
441.41;148;161;0.000000;0.141000;0.051750;166.595506;13.835630;22.810500;2.132000;3.455500;1.581000;11.960750;0.238500;0.902750
443.21;149;162;7.000000;0.471418;0.024576;14.106401;4.450333;10.403760;3.652298;5.701714;2.023740;4.723372;0.326823;1.300875
445.01;150;163;7.000000;0.336985;0.039046;30.096808;4.748175;16.223152;2.759730;4.296964;1.255605;2.936952;0.245131;1.161967
446.81;151;164;5.250000;0.731593;0.025071;10.169381;3.369032;7.248854;3.899393;8.776514;2.813423;5.436033;0.391330;1.992334
448.61;152;165;6.000000;1.137733;0.011996;0.741484;2.752667;1.066770;4.879114;11.189330;3.796844;8.300037;0.482106;2.061715
450.41;153;166;3.000000;1.186352;0.009944;0.526289;2.598343;1.042441;5.266224;10.455569;3.414874;6.435789;0.435674;2.107921
452.21;154;167;3.000000;3.580054;0.008861;0.208828;2.244087;0.512426;8.420039;11.940839;3.249332;4.831391;0.418384;3.423478
454.01;155;168;3.000000;0.917339;0.055546;10.189585;2.534440;8.331637;3.523858;7.128749;2.449747;1.182051;0.383672;1.458861
455.81;156;169;5.000000;0.489361;0.068249;28.489617;2.784724;20.827870;2.393907;4.730570;1.196786;3.807405;0.220372;1.688743
457.61;157;170;4.000000;0.570819;0.085533;9.922548;4.917300;8.963813;4.425611;7.573592;2.266869;3.005735;0.393761;1.909788
459.41;158;171;3.000000;0.737175;0.032721;2.053538;4.848534;2.600023;4.663637;9.006105;3.250165;3.885125;0.420977;1.284785
461.21;159;172;3.000000;0.564837;0.035078;13.743732;3.124757;10.237895;3.084134;7.520182;2.352999;3.532294;0.353163;1.354143
463.01;160;173;3.000000;0.464003;0.072780;30.433371;2.294108;21.175753;1.859616;3.203821;0.461118;3.832227;0.140791;1.306673
464.81;161;174;4.000000;0.519069;0.018133;6.068278;5.487899;3.947726;4.497249;7.701312;3.043846;2.253519;0.453557;1.377639
466.61;162;175;4.000000;0.618398;0.011745;1.592084;4.670529;1.513337;4.653733;8.735405;3.587675;3.170908;0.464381;1.716104
468.41;163;176;4.000000;1.048438;0.021133;2.227587;3.293842;2.506195;5.164216;9.714440;3.583474;5.566028;0.488161;2.076469
470.21;164;177;4.000000;0.927441;0.019605;3.978611;3.063166;5.683741;4.846562;8.595825;2.829901;2.777120;0.412111;1.541536
472.01;165;178;4.000000;0.909975;0.010978;0.770220;3.385811;1.087297;5.204865;9.590065;3.523986;4.294160;0.462453;1.963378
473.81;166;179;4.000000;1.178338;0.073255;3.045191;5.046866;4.073685;6.138716;7.012518;1.181076;9.098237;0.275174;2.775618
475.61;167;180;4.000000;0.880576;0.017266;0.905290;4.278193;1.173392;6.395474;8.462920;2.798806;1.032397;0.406861;1.717636
477.41;168;181;4.000000;1.160867;0.010496;0.384418;4.031809;0.634198;6.826110;8.746901;2.352966;4.088067;0.342865;2.398352
479.21;169;182;4.000000;1.150369;0.017564;0.675401;3.246181;1.215503;6.503766;8.177640;3.332395;0.000100;0.466450;1.730461
481.01;170;183;4.000000;1.125944;0.016889;1.388020;3.132867;2.445021;6.143514;7.621792;3.108330;0.000100;0.444368;2.078965
482.81;171;184;5.000000;0.775217;0.014165;1.102779;6.770682;1.035195;7.198081;8.734467;2.626258;0.278750;0.385311;2.858654
484.61;172;185;6.000000;0.837979;0.064547;2.108446;5.159279;2.480906;7.070450;8.704283;2.843125;0.000100;0.420981;2.233902
486.41;173;186;4.000000;0.882378;0.022896;1.434749;4.158082;1.981455;6.389424;7.759522;3.278563;0.000100;0.435738;1.201273
488.21;174;187;4.500000;0.729537;0.023083;1.714739;5.675233;2.142795;6.613916;8.088276;2.271207;0.445302;0.366750;2.841665
490.01;175;188;5.000000;0.854623;0.071832;11.740261;3.836326;8.850593;5.156563;7.119113;2.341211;1.406954;0.337659;1.786241
491.81;176;189;4.000000;0.691201;0.038305;4.694370;4.444328;4.919446;5.279152;8.776878;2.978071;2.617109;0.382391;2.604930
493.61;177;190;5.000000;0.973514;0.035925;3.923707;3.599469;5.856115;5.317479;7.565063;2.668896;0.000100;0.355813;1.830599
495.41;178;191;6.000000;0.716403;0.047770;5.566909;4.112440;6.221387;5.100550;6.934027;2.553183;0.942606;0.349121;1.593668
497.21;179;192;5.000000;0.838431;0.063637;5.037057;3.317112;6.544971;4.836339;7.061127;2.577340;2.133829;0.337912;1.941755
499.01;180;193;5.000000;0.699909;0.045675;5.971956;4.430055;6.149883;5.233233;7.958293;2.555494;4.381035;0.343180;2.456705
500.81;181;194;;;;;;;;;;;;
502.61;182;195;;;;;;;;;;;;
504.41;183;196;3.000000;0.620619;0.027618;3.214569;4.876216;3.127423;5.215690;5.417851;2.340805;1.096739;0.306301;1.416451
506.21;184;197;3.000000;0.702257;0.020421;3.625922;4.279538;3.982779;5.233666;5.497786;2.347065;0.000100;0.364537;1.741053
508.01;185;198;3.000000;7.099709;0.064622;0.535227;1.266897;5.649578;15.933191;8.112822;2.626918;0.000100;0.345916;2.067508
509.81;186;199;3.000000;0.842680;0.034244;3.329789;3.409251;4.364870;4.984846;6.590438;2.504427;2.546200;0.330983;1.579321
511.61;187;200;6.000000;0.531172;0.070287;20.431738;4.299350;15.766634;4.072434;5.077793;1.037854;2.232805;0.201050;1.751639
513.41;188;201;4.000000;1.033144;0.037470;3.279238;2.900794;5.226879;5.172913;8.479595;2.900055;3.138646;0.356887;2.564546
515.21;189;202;4.000000;1.575113;0.043033;2.477147;2.105777;6.088122;5.765110;9.500913;2.870341;6.894408;0.367363;2.476388
517.01;190;203;6.000000;0.682161;0.058451;20.995706;2.062026;22.256194;2.456434;6.107082;1.067678;7.123453;0.180476;2.361632
518.81;191;204;6.000000;0.961815;0.076217;3.857856;2.945396;5.835132;4.874535;6.545519;2.178241;0.000100;0.353775;2.094266
520.61;192;205;3.000000;0.904781;0.034032;5.859420;3.100756;7.728045;4.723146;5.144192;1.957932;0.000100;0.297380;0.797865
522.41;193;206;4.000000;0.784428;0.089181;8.353499;3.058491;10.038888;4.203836;5.844085;1.903999;2.760373;0.278545;1.680696
524.21;194;207;4.000000;0.824890;0.066811;5.830570;3.332293;7.781289;4.675934;7.361405;1.961642;5.368119;0.305096;2.341001
526.01;195;208;3.000000;0.902350;0.040481;3.710488;3.305132;5.193977;5.141687;6.287153;2.405921;0.000100;0.332593;1.196039
527.81;196;209;3.000000;0.700021;0.056497;5.599150;4.437546;6.131636;5.410120;6.635906;2.522416;0.000100;0.366148;2.217222
529.61;197;210;5.000000;0.638991;0.029373;4.288252;4.906870;4.035158;5.388524;7.392886;2.673089;0.791973;0.371688;2.019646
531.41;198;211;3.000000;0.805803;0.046412;4.552180;3.762947;5.738039;5.280551;6.548651;2.621437;1.506482;0.362644;1.546055
533.21;199;212;;;;;;;;;;;;
535.01;200;213;;;;;;;;;;;;
536.81;201;214;5.000000;0.616627;0.048491;6.839320;5.071252;6.597347;5.446135;6.413698;2.635546;0.912195;0.375368;1.569891
538.61;202;215;6.000000;0.603997;0.048230;7.124470;5.112708;6.731013;5.377709;6.766402;2.633254;1.438757;0.372633;1.945783
540.41;203;216;5.000000;0.759820;0.046216;5.150247;4.209462;6.121459;5.570121;7.519107;2.744800;0.447467;0.399365;1.786600
542.21;204;217;4.000000;0.698467;0.047377;5.387599;4.583433;5.886798;5.575534;6.543547;2.640160;0.000100;0.384297;1.693182
544.01;205;218;5.000000;0.835400;0.043442;3.593686;3.995897;4.695896;5.813132;7.835552;2.953743;1.911084;0.434450;1.669188
545.81;206;219;5.000000;0.861768;0.043384;3.536937;3.850450;4.767928;5.778505;8.240228;2.953070;2.720553;0.432525;2.078674
547.61;207;220;4.000000;0.936042;0.039075;3.270953;3.468160;4.799293;5.650722;7.843836;2.864355;2.239305;0.413166;2.380690
549.41;208;221;4.000000;0.939492;0.033866;3.140948;3.722630;4.270491;5.862235;8.527110;2.991380;3.380260;0.416496;2.448166
551.21;209;222;4.000000;0.786567;0.027389;2.712719;4.022569;3.368556;5.442557;9.638281;3.184909;4.860371;0.433052;2.701103
553.01;210;223;4.000000;0.907779;0.059577;4.549087;3.578004;6.458096;5.655472;7.692861;2.679088;0.971130;0.392930;2.600803
554.81;211;224;4.000000;0.832013;0.059925;5.055307;3.839513;6.579923;5.563670;7.510148;2.706447;1.560003;0.387940;2.439010
556.61;212;225;4.000000;0.863049;0.053066;4.829515;3.663773;6.521550;5.504049;7.345189;2.673884;1.737218;0.387433;2.555835
558.41;213;226;4.000000;0.766467;0.057207;5.771910;4.080235;6.920904;5.446596;7.201602;2.640165;0.819169;0.373808;2.256465
560.21;214;227;6.000000;0.847204;0.056042;4.723625;3.788696;6.260664;5.590270;7.794615;2.778491;2.031879;0.393286;2.363956
562.01;215;228;6.000000;0.897461;0.056764;4.620486;3.611214;6.477631;5.641053;7.459723;2.680475;0.000100;0.379824;2.009252
563.81;216;229;4.000000;0.910773;0.032820;3.787991;4.118697;4.745091;5.924222;8.126613;2.736393;2.015622;0.378134;2.239023
565.61;217;230;5.000000;0.698438;0.052759;5.845754;4.387723;6.383402;5.334422;7.213098;2.659594;0.638787;0.376967;1.479753
567.41;218;231;5.000000;0.700676;0.051753;5.671134;4.397556;6.217462;5.366030;7.477785;2.566611;1.650626;0.486021;1.580913
569.21;219;232;5.000000;0.723766;0.050983;5.661419;4.285712;6.404550;5.400636;7.275030;2.606591;0.672578;0.380859;1.867912
571.01;220;233;5.000000;0.715538;0.042186;4.748038;4.773332;5.315070;5.947790;7.938314;2.870601;1.430249;0.384106;2.349544
572.81;221;234;5.000000;0.678779;0.053195;7.131361;4.254368;7.572577;5.029377;7.325509;2.583825;2.465887;0.375558;1.893191
574.61;222;235;5.000000;0.667562;0.042464;5.229068;4.931313;5.459672;5.733188;7.017735;2.677417;0.000100;0.363265;2.332093
576.41;223;236;4.000000;0.705863;0.040465;4.606110;4.828812;5.085523;5.935224;6.844911;2.721404;0.000100;0.368476;2.085136
578.21;224;237;4.000000;0.623581;0.042810;5.911704;5.221079;5.765760;5.669160;7.341067;2.708394;0.000100;0.377527;2.333926
580.01;225;238;6.000000;0.567563;0.043922;6.607252;5.854501;5.866313;5.786952;7.030632;2.713490;0.000100;0.379264;2.250792
581.81;226;239;6.000000;0.533435;0.041904;6.795559;6.191413;5.670816;5.752017;6.775713;2.625324;0.000100;0.370411;2.367326
583.61;227;240;6.000000;0.541958;0.040426;6.548279;6.146584;5.551692;5.801394;7.498611;2.717691;1.175923;0.382087;2.289803
585.41;228;241;4.000000;0.543351;0.042348;6.803999;5.991450;5.782347;5.669455;6.989788;2.552719;0.925637;0.361750;2.002118
587.21;229;242;6.000000;0.550708;0.042966;6.674119;5.891066;5.749402;5.650169;7.102818;2.582588;0.584144;0.367893;1.938144
589.01;230;243;6.000000;0.532050;0.048631;7.400824;6.065304;6.160556;5.620064;6.816033;2.467356;0.000100;0.354705;2.288361
590.81;231;244;6.000000;0.549064;0.043183;6.467108;6.020856;5.545881;5.747845;6.994148;2.640761;0.000100;0.373354;1.346605
592.61;232;245;6.000000;0.902412;0.049561;5.836842;3.258931;8.236702;5.121532;6.723635;2.209180;2.272216;0.361604;2.090203
594.41;233;246;4.000000;0.627387;0.044821;6.239476;5.231137;6.110127;5.702457;6.939754;2.575071;0.000100;0.366303;1.843501
596.21;234;247;4.000000;0.583341;0.043971;6.377239;5.679926;5.819673;5.770564;6.614589;2.573109;0.000100;0.361736;2.035294
598.01;235;248;4.000000;0.700873;0.042495;4.768628;4.877870;5.225276;5.948099;6.842926;2.637823;0.000100;0.363406;2.821972
599.81;236;249;4.000000;0.689668;0.042470;4.987828;4.850163;5.381341;5.824810;7.418815;2.812624;0.905757;0.386410;2.795301
601.61;237;250;4.000000;0.688696;0.041624;4.973689;4.862573;5.358656;5.832340;7.606825;2.802169;0.785590;0.387769;1.744730
603.41;238;251;4.000000;0.671457;0.042826;5.259630;5.010602;5.524768;5.857364;7.755209;2.798955;1.845637;0.383761;2.059225
605.21;239;252;4.000000;0.721798;0.041830;4.881251;4.637981;5.511947;5.830399;7.493456;2.798001;1.490578;0.377980;2.280221
607.01;240;253;4.000000;0.768095;0.043630;4.516620;4.374008;5.422351;5.847711;7.837156;2.813878;2.317168;0.390614;2.135069
608.81;241;254;4.000000;0.738537;0.042229;4.493914;4.501063;5.186174;5.784089;7.335737;2.760697;1.645487;0.381777;2.015601
610.61;242;255;5.000000;0.745496;0.043055;4.681538;4.586633;5.459367;5.955029;7.226775;2.827978;0.000100;0.387863;1.972997
612.41;243;256;4.000000;0.928197;0.044955;3.945045;3.378530;5.729114;5.461242;6.937280;2.792680;0.000100;0.373162;1.959438
614.21;244;257;4.000000;0.923152;0.044564;3.883650;3.337338;5.608691;5.365689;6.971226;2.776612;1.013417;0.362407;1.969089
616.01;245;258;3.000000;0.939681;0.050354;4.199188;3.257757;6.172277;5.330128;7.076700;2.730389;3.402442;0.365224;1.845220
617.81;246;259;3.000000;0.945776;0.049598;4.078960;3.258993;6.032253;5.364506;7.019321;2.768056;2.406258;0.369714;1.661177
619.61;247;260;3.000000;0.815027;0.052707;4.797911;3.592598;6.117155;5.099507;6.297904;2.554878;0.879641;0.340546;1.790033
621.41;248;261;3.000000;0.722629;0.054244;5.752741;4.255955;6.497153;5.352684;7.128498;2.682551;2.855783;0.378192;1.068011
623.21;249;262;4.000000;0.673241;0.046108;5.076445;4.886587;5.344296;5.727528;7.409938;2.857615;1.787716;0.398580;1.566789
625.01;250;263;4.333333;0.756523;0.022930;3.213521;4.639629;3.786063;6.046448;7.119200;2.795786;0.000100;0.399143;1.949212
626.81;251;264;4.000000;0.876484;0.030329;2.315183;4.156746;3.169092;6.337512;7.895432;3.059448;0.000100;0.431761;1.742355
628.61;252;265;4.000000;0.931238;0.023316;1.432810;4.097392;2.087354;6.643057;8.056336;3.195145;0.000100;0.446766;2.179614
630.41;253;266;4.000000;0.951385;0.019888;1.085317;4.110632;1.615489;6.810872;7.905644;3.185857;0.000100;0.452649;1.656117
632.21;254;267;4.000000;0.983461;0.015859;0.738586;4.043481;1.136458;6.925772;7.898581;3.233992;0.000100;0.453624;1.810243
634.01;255;268;3.000000;0.975986;0.016720;0.864588;4.117994;1.320325;6.998686;7.772356;3.191502;0.000100;0.461676;1.955506
635.81;256;269;3.000000;0.977526;0.016865;0.858973;4.118445;1.312968;7.007941;7.944389;3.254931;0.000100;0.465008;1.953415
637.61;257;270;3.000000;0.957632;0.024577;1.632855;4.074946;2.445787;6.794708;8.708766;3.207402;0.000100;0.457484;1.938883
639.41;258;271;3.500000;0.828619;0.035530;2.771624;4.521587;3.592978;6.525291;8.792755;3.146942;0.000100;0.456645;2.550203
641.21;259;272;4.000000;0.769977;0.045850;4.748547;4.335907;5.717951;5.812314;7.948529;2.860459;1.522323;0.394371;2.452267
643.01;260;273;4.000000;0.631580;0.045774;5.997475;5.121395;5.922182;5.621246;6.656635;2.623886;0.680429;0.356893;1.778475
644.81;261;274;4.000000;0.672419;0.040306;5.292770;4.921285;5.563087;5.757210;7.682367;2.802018;1.071352;0.392294;2.351095
646.61;262;275;4.000000;0.672662;0.045942;5.790867;4.812253;6.088041;5.631343;7.186584;2.706382;0.702744;0.368885;1.448729
648.41;263;276;4.000000;0.598915;0.040245;6.094474;5.500260;5.704273;5.734382;6.904700;2.762583;0.000100;0.380589;2.375670
650.21;264;277;4.000000;0.752782;0.037532;4.099670;4.696121;4.634063;6.130713;7.091282;2.860221;0.000100;0.405575;1.774521
652.01;265;278;4.000000;0.289401;0.021957;;;3.606805;2.929701;3.559634;1.321173;0.570823;0.169772;0.896730
653.81;266;279;4.000000;0.654281;0.044422;7.759390;4.584298;7.940273;5.221527;6.651921;2.445869;0.000100;0.366231;2.059422
655.61;267;280;4.000000;0.565577;0.041459;8.161668;5.430943;7.221303;5.349580;6.910109;2.607108;0.000100;0.370927;1.948798
657.41;268;281;4.000000;0.565138;0.040536;8.291467;5.405796;7.329623;5.320708;7.415076;2.647589;1.805751;0.374024;1.724937
659.21;269;282;4.000000;0.514762;0.039313;8.582098;5.816564;6.911041;5.214663;6.431301;2.497282;0.000100;0.355531;2.256053
661.01;270;283;5.000000;0.437092;0.049103;14.883773;5.802614;10.177165;4.417234;5.751784;2.147916;0.000100;0.320125;2.791774
662.81;271;284;5.000000;0.471314;0.048641;14.109286;5.436813;10.392259;4.458141;5.834876;2.116020;0.619399;0.323663;2.517326
664.61;272;285;6.000000;0.454024;0.051594;14.697099;5.558797;10.432346;4.390229;5.511799;2.114551;0.000100;0.314614;1.093651
666.41;273;286;;;;;;;;;;;;
668.21;274;287;5.000000;0.469346;0.057844;11.384919;6.498402;8.359391;5.310848;5.984598;2.127543;0.000100;0.361239;2.106905
670.01;275;288;5.000000;0.475866;0.052427;10.205513;6.498718;7.591134;5.383459;6.041361;2.146979;0.000100;0.362758;1.758389
671.81;276;289;5.000000;0.501971;0.047855;9.088913;6.131329;7.135315;5.359838;6.175233;2.212565;0.000100;0.364520;2.304369
673.61;277;290;5.000000;0.476489;0.047686;9.732386;6.465894;7.254652;5.365308;6.231802;2.295337;0.845545;0.364531;1.937017
675.41;278;291;5.000000;0.498204;0.053930;10.244911;6.681024;7.984705;5.797001;6.710166;2.633303;1.570091;0.392158;1.629621
677.21;279;292;5.000000;0.444119;0.044649;9.005757;6.945384;6.256586;5.371833;6.211637;2.332786;2.341567;0.369116;1.895687
679.01;280;293;5.000000;0.457534;0.044825;8.608387;6.816836;6.160986;5.431637;6.003623;2.305321;1.173025;0.367685;2.266950
680.81;281;294;5.000000;0.453658;0.043348;8.208967;6.998539;5.825812;5.529437;6.595956;2.443099;2.904472;0.380333;2.226342
682.61;282;295;5.000000;0.494000;0.042718;7.689345;6.357036;5.942255;5.469299;7.037802;2.469221;4.492607;0.385770;2.248228
684.41;283;296;;;;;;;;;;;;
686.21;284;297;4.000000;0.486956;0.058596;17.949583;4.541631;13.615670;3.850115;5.650595;1.483308;2.768980;0.271185;2.045926
688.01;285;298;4.000000;0.428682;0.028604;5.910191;7.654122;3.994004;5.699028;5.887283;2.227790;0.000100;0.367923;2.068864
689.81;286;299;4.000000;0.568629;0.025512;3.937468;5.815858;3.509277;5.754204;5.910815;2.433332;1.038856;0.368472;2.165126
691.61;287;300;4.000000;0.542812;0.027471;3.914516;6.444345;3.323802;6.091752;6.716625;2.706668;1.757094;0.392223;2.589789
693.41;288;301;5.000000;0.548724;0.031607;4.097441;6.367909;3.514742;6.080073;6.148667;2.557500;0.000100;0.377923;2.115106
695.21;289;302;5.000000;0.562883;0.031597;3.886591;6.160699;3.419499;6.035349;7.084507;2.763309;2.114555;0.402926;2.373909
697.01;290;303;5.000000;0.581786;0.036737;4.569383;5.717632;4.158063;5.792546;6.277785;2.602028;0.000100;0.373621;2.112916
698.81;291;304;5.000000;0.561760;0.036275;4.760837;5.871457;4.183857;5.744467;6.480004;2.573557;0.402339;0.373459;2.890889
700.61;292;305;5.000000;0.610311;0.039771;5.126263;5.306652;4.894019;5.639821;6.942409;2.481538;4.531709;0.382860;2.233387
702.41;293;306;5.000000;1.043581;0.044210;6.659225;2.742787;10.871481;4.985026;5.795610;1.940106;4.799442;0.337920;2.548821
704.21;294;307;5.000000;1.022232;0.043601;6.822778;2.836478;10.910715;5.049849;5.826527;1.898006;5.985265;0.325059;2.104921
706.01;295;308;4.000000;0.656981;0.044965;5.253346;4.663091;5.397317;5.328469;4.667156;1.871174;0.000100;0.311692;1.478035
707.81;296;309;5.000000;0.678511;0.039282;4.396910;5.013578;4.667343;5.921923;6.324483;2.317088;1.489544;0.375703;2.391042
709.61;297;310;4.000000;0.676439;0.040087;4.452488;4.896279;4.709785;5.765522;6.476031;2.356223;2.521738;0.390999;2.545583
711.41;298;311;6.000000;0.633354;0.038315;4.211235;5.240432;4.172105;5.779524;5.742331;2.238058;0.428302;0.365705;1.997606
713.21;299;312;4.000000;0.634573;0.038946;4.267091;5.215915;4.235595;5.764210;5.955196;2.254258;0.356630;0.370925;2.401564
715.01;300;313;4.000000;0.688112;0.037704;3.734416;5.169017;4.019595;6.194102;6.880188;2.385419;4.518550;0.395526;3.199071
716.81;301;314;4.000000;0.620871;0.041979;4.254528;5.660517;4.132290;6.120699;6.554929;2.413234;1.489162;0.395916;2.929911
718.61;302;315;5.000000;0.620793;0.042113;4.325874;5.681859;4.200968;6.142981;6.269432;2.337193;0.401468;0.384300;2.556201
720.41;303;316;5.000000;0.662787;0.042096;4.039048;5.353518;4.187467;6.179170;6.433842;2.354486;1.380723;0.393715;2.651022
722.21;304;317;4.750000;0.698609;0.040720;4.137325;4.942089;4.545484;5.977174;6.408474;2.253071;1.632073;0.383746;2.985531
724.01;305;318;4.000000;0.677857;0.036551;3.941128;4.908498;4.237919;5.688052;5.013292;1.872463;0.000100;0.323121;2.313493
725.81;306;319;4.000000;0.608833;0.039544;4.871765;5.537580;4.637641;5.870021;6.311780;2.321087;1.135960;0.380846;2.161094
727.61;307;320;5.000000;0.741649;0.039549;3.747295;4.898842;4.347479;6.327298;6.225564;2.335632;0.000100;0.374545;2.520982
729.41;308;321;5.000000;0.744186;0.039148;3.676909;4.805514;4.277571;6.224405;6.350289;2.276211;1.591547;0.368597;2.580630
731.21;309;322;5.000000;0.797770;0.038174;3.492853;4.603612;4.358057;6.394729;6.495152;2.253555;0.000100;0.377595;2.642041
733.01;310;323;5.000000;0.756394;0.036942;3.572141;4.761098;4.226793;6.271296;6.089661;2.140778;0.779257;0.365232;2.448117
734.81;311;324;5.000000;0.743995;0.034253;3.441460;4.832616;4.005240;6.261240;5.587965;2.098619;0.000100;0.353155;2.034538
736.61;312;325;4.000000;0.735874;0.035156;3.532825;4.855673;4.066931;6.223076;5.572297;2.073043;0.000100;0.355461;2.142672
738.41;313;326;4.000000;0.708643;0.037942;4.027033;4.977947;4.463928;6.142961;6.195068;2.237353;0.792129;0.380340;2.312819
740.21;314;327;4.000000;0.724545;0.037229;3.856561;4.957863;4.371217;6.256103;6.198969;2.203582;1.383189;0.380467;2.314762
742.01;315;328;11.000000;1.328422;0.046391;4.941334;1.724632;10.268826;3.989667;4.602623;1.127794;0.000100;0.329936;1.785970
743.81;316;329;5.000000;0.851326;0.037882;3.853509;3.961373;5.131881;5.873269;6.866274;2.290300;3.275257;0.394108;2.433866
745.61;317;330;6.000000;0.835942;0.037191;3.884891;4.030311;5.075343;5.861488;6.854094;2.292257;4.767824;0.388985;3.155361
747.41;318;331;5.000000;0.768355;0.034745;3.974607;4.337904;4.777015;5.804429;6.575342;2.350090;3.072170;0.395195;2.768975
749.21;319;332;4.000000;0.770834;0.034443;3.987280;4.327225;4.807194;5.807845;6.550455;2.363252;3.587894;0.398425;2.675129
751.01;320;333;4.000000;0.705181;0.034441;4.357868;4.811622;4.806686;5.908415;6.627899;2.329533;2.468207;0.404671;2.304009
752.81;321;334;5.000000;0.705592;0.034902;4.397955;4.770093;4.854613;5.860840;6.795816;2.313326;2.988023;0.401678;2.893711
754.61;322;335;4.000000;0.684779;0.036681;4.465710;4.853527;4.783626;5.787973;6.225099;2.234466;2.006950;0.387122;2.853278
756.41;323;336;4.000000;0.694326;0.044487;5.716109;4.500860;6.208723;5.442645;5.607288;2.160376;0.000100;0.357098;1.815492
758.21;324;337;4.000000;0.723103;0.044028;5.717037;4.314709;6.466879;5.433598;6.375460;2.266767;2.693475;0.368462;2.689146
760.01;325;338;4.000000;0.706514;0.047715;6.963523;3.921892;7.697613;4.825014;4.977388;1.872678;1.711909;0.301666;2.051299
761.81;326;339;4.000000;0.698538;0.048793;7.106675;3.995287;7.765775;4.858138;4.939968;1.865902;1.041981;0.304016;1.759115
763.61;327;340;4.000000;0.710155;0.048014;7.194312;3.842042;7.992329;4.751772;5.012094;1.846595;1.862367;0.300794;2.156910
765.41;328;341;5.000000;0.619271;0.056973;7.158687;4.884573;6.920157;5.258385;5.888494;2.260792;2.329507;0.353219;1.891637
767.21;329;342;5.000000;0.627637;0.056472;6.986562;4.804283;6.859324;5.251407;5.621000;2.242927;2.311887;0.347546;1.644737
769.01;330;343;5.000000;0.641457;0.057206;6.833518;4.692148;6.856686;5.241592;5.974781;2.279408;2.694201;0.356620;2.280135
770.81;331;344;4.000000;0.643617;0.035162;3.526061;5.479333;3.550920;6.139598;6.585971;2.598670;2.192239;0.391253;2.112898
772.61;332;345;4.000000;0.616901;0.035004;3.751738;5.641781;3.620583;6.061411;6.801770;2.488146;2.895380;0.383491;2.881380
774.41;333;346;4.000000;0.674142;0.034475;3.466095;5.233994;3.655441;6.145177;7.498732;2.597215;4.841182;0.399895;2.573946
776.21;334;347;5.000000;0.554761;0.043082;4.670758;6.290910;4.050704;6.073214;7.300275;2.473493;3.577207;0.434596;3.341262
778.01;335;348;4.000000;0.578070;0.042180;4.578349;6.119760;4.140287;6.161159;6.507455;2.418167;1.969230;0.423590;2.124994
779.81;336;349;4.000000;0.614902;0.043169;4.372195;5.807991;4.205771;6.219714;6.898383;2.463325;2.904295;0.435348;2.680718
781.61;337;350;4.000000;0.600120;0.040173;4.015205;5.986175;3.769533;6.256574;6.977309;2.486626;3.188571;0.431056;2.525036
783.41;338;351;4.000000;0.647460;0.041056;3.792075;5.550112;3.840595;6.257807;7.161045;2.474120;3.749525;0.425308;2.955897
785.21;339;352;4.000000;0.613641;0.028390;2.880110;5.876006;2.764831;6.279832;7.189205;2.602756;3.781398;0.403224;2.434719
787.01;340;353;4.000000;0.656187;0.024750;2.603062;5.441237;2.671866;6.217774;6.834933;2.468035;3.474830;0.380534;2.549807
788.81;341;354;4.000000;0.490228;0.024651;3.088972;7.354952;2.368760;6.279185;6.433049;2.663493;0.000100;0.412006;2.311317
790.61;342;355;4.000000;0.517946;0.023848;3.132311;6.907001;2.537303;6.228634;6.538681;2.636863;0.999606;0.410197;2.017669
792.41;343;356;5.000000;0.521262;0.028153;3.821798;6.691247;3.112283;6.066338;7.011524;2.750120;0.962221;0.404803;2.175398
794.21;344;357;6.000000;0.513461;0.027755;3.781109;6.740398;3.037309;6.027527;6.863218;2.706351;0.901751;0.402975;2.382940
796.01;345;358;6.000000;0.506759;0.037193;5.566919;6.495680;4.411481;5.729910;6.802465;2.596459;2.034252;0.390945;2.547401
797.81;346;359;4.000000;0.462024;0.037687;6.357762;7.061109;4.592531;5.679330;6.817174;2.574634;1.719971;0.393023;2.690886
799.61;347;360;5.000000;0.467199;0.033457;5.664009;7.082042;4.127817;5.758057;6.624371;2.618847;1.054568;0.397966;2.291120
801.41;348;361;5.000000;0.445277;0.044327;7.926802;7.144920;5.522036;5.540296;5.987574;2.443716;0.000100;0.370365;2.206813
803.21;349;362;5.000000;0.440778;0.043577;8.157952;7.139958;5.625156;5.481008;6.224850;2.432420;1.483058;0.363863;2.467025
805.01;350;363;5.000000;0.432818;0.043649;9.076655;7.080635;6.144861;5.336299;6.479249;2.395242;2.106768;0.383918;1.987170
806.81;351;364;4.000000;0.411636;0.041613;9.625894;7.368670;6.198683;5.282709;6.417570;2.308903;1.843019;0.369456;2.277843
808.61;352;365;4.000000;0.427412;0.041306;9.131048;7.103402;6.088150;5.277668;6.367972;2.314038;2.266871;0.365316;1.969700
810.41;353;366;4.000000;0.408130;0.044104;9.738331;7.447118;6.217411;5.293364;6.612838;2.333416;3.785865;0.375161;2.552775
812.21;354;367;4.000000;0.413656;0.044711;9.730112;7.384990;6.293244;5.318141;6.257397;2.314890;2.708423;0.374618;2.013221
814.01;355;368;4.000000;0.412019;0.048414;10.529442;7.433454;6.786501;5.333808;5.939025;2.303046;0.604524;0.354302;1.864621
815.81;356;369;4.000000;0.432447;0.047492;10.153291;7.037953;6.868662;5.300541;6.279997;2.261357;2.721334;0.354020;2.218114
817.61;357;370;4.000000;0.425559;0.049727;11.339370;7.105378;7.546650;5.264476;6.767242;2.261712;4.570135;0.350271;2.587650
819.41;358;371;4.000000;0.438327;0.049493;11.050161;6.902909;7.577138;5.269499;6.776852;2.275234;4.607789;0.356744;2.862644
821.21;359;372;4.000000;0.438109;0.059777;12.775714;6.608147;8.755380;5.041854;6.241144;2.108126;2.868443;0.347896;2.618242
823.01;360;373;4.000000;0.408814;0.058485;13.612904;7.004130;8.705956;4.986842;6.505036;2.093678;4.196537;0.342802;2.835643
824.81;361;374;4.000000;0.423891;0.053420;12.762939;6.799570;8.463164;5.019413;5.997176;2.125906;2.133905;0.342549;2.816056
826.61;362;375;4.000000;0.455055;0.053503;11.801144;6.404379;8.334122;5.032142;5.936459;2.143077;1.577949;0.337330;2.073454
828.41;363;376;5.000000;0.445559;0.053710;12.160983;6.442506;8.476509;4.999343;6.388228;2.253811;2.043974;0.347366;2.242991
830.21;364;377;5.000000;0.444099;0.052247;12.325810;6.439042;8.563252;4.980285;6.303262;2.228541;2.154707;0.351406;2.256241
832.01;365;378;5.000000;0.473101;0.054370;12.428009;6.014832;9.140397;4.927265;6.638257;2.201203;2.993882;0.348079;2.623153
833.81;366;379;5.000000;0.447736;0.055741;13.511230;6.243981;9.432188;4.855618;6.286309;2.184382;2.665762;0.338132;2.143472
835.61;367;380;4.000000;0.456194;0.057190;13.555055;5.896177;9.672075;4.684293;6.310384;2.145045;2.900511;0.325149;2.584607
837.41;368;381;4.000000;0.455739;0.058387;13.621789;5.894961;9.675833;4.661089;6.379868;2.183944;3.058847;0.326934;1.946097
839.21;369;382;4.000000;0.489677;0.057736;12.357410;5.646894;9.460314;4.813447;6.431965;2.193087;2.888899;0.326106;2.351628
841.01;370;383;4.000000;0.441397;0.056939;13.877046;6.273864;9.566870;4.816765;6.743562;2.268835;3.824612;0.337872;1.857825
842.81;371;384;5.000000;0.429741;0.059151;15.236006;6.170696;10.241452;4.617905;5.966590;2.082900;1.955629;0.313041;1.518507
844.61;372;385;5.000000;0.449886;0.059007;14.371628;5.940909;10.105146;4.651841;6.234782;2.109190;2.121820;0.311842;2.221376
846.41;373;386;5.000000;0.432399;0.060785;16.498906;6.018444;11.159926;4.532394;6.012525;2.082672;1.324309;0.310313;2.297425
848.21;374;387;4.000000;0.495415;0.046265;8.548503;6.844168;6.623373;5.905407;7.427782;2.721680;0.000100;0.360575;1.687038
850.01;375;388;4.000000;0.468767;0.047753;9.068165;7.083214;6.649746;5.782627;7.321831;2.799434;0.000100;0.366028;1.735445
851.81;376;389;4.000000;0.526952;0.041153;5.963169;5.328935;4.913305;4.888003;6.995230;3.071660;0.856310;0.370458;2.057646
853.61;377;390;7.000000;0.396708;0.032476;;;0.868408;4.472712;3.242519;1.716455;24.975698;0.863510;0.100369
855.41;378;391;7.000000;0.423872;0.034099;;;1.688940;4.622336;5.226217;3.318605;0.000075;0.717042;0.744411
857.21;379;392;7.000000;0.411086;0.034090;2.569962;5.824085;1.651179;4.166834;6.407876;3.473164;1.325735;0.560272;0.802859
859.01;380;393;7.000000;0.473466;0.034876;2.394516;5.133042;1.726432;4.119389;6.422696;3.649128;24.409473;0.582293;0.518474
860.81;381;394;7.000000;0.392253;0.036216;3.549446;6.182460;2.178064;4.223582;6.317103;3.498522;0.000100;0.609350;0.758460
862.61;382;395;7.000000;0.431750;0.036091;2.985700;5.570200;2.016179;4.188203;6.566846;3.555147;1.401814;0.585480;0.838214
864.41;383;396;11.000000;0.539194;0.035015;2.093507;4.424540;1.765310;4.151556;6.087146;3.546131;0.858899;0.538540;0.877100
866.21;384;397;11.000000;0.509467;0.035576;2.168867;4.626533;1.728890;4.102584;6.180320;3.584538;2.153888;0.527248;0.673164
868.01;385;398;11.000000;0.664845;0.035076;1.771487;3.816239;1.801746;4.311526;6.276426;3.519208;23.727209;0.599186;0.572865
869.81;386;399;11.000000;0.720766;0.033462;1.686923;3.497839;1.892052;4.357611;6.705000;3.598546;22.812395;0.694469;0.498364
871.61;387;400;11.000000;0.670539;0.033931;1.809786;3.856563;1.893398;4.489685;6.922764;3.600985;0.955621;0.668214;1.388796
873.41;388;401;11.000000;0.746810;0.032555;1.284462;3.361156;1.489667;4.342340;6.616068;3.626244;0.000100;0.600307;0.200737
875.21;389;402;11.000000;0.722891;0.032697;1.302611;3.418585;1.472936;4.303891;6.463801;3.544533;23.514553;0.632815;0.478229
877.01;390;403;11.000000;1.240754;0.025910;0.847932;2.014726;1.634355;4.330566;6.709306;3.111838;2.063879;0.529783;0.995604
878.81;391;404;11.000000;1.042241;0.032010;1.851187;2.610673;3.016942;4.734828;6.383927;2.886253;0.000100;0.526690;1.327441
880.61;392;405;7.000000;0.863615;0.046067;3.531377;3.769856;4.770356;5.667058;7.034516;2.839946;0.000100;0.371460;1.394463
882.41;393;406;4.000000;0.695642;0.044199;5.052895;4.887687;5.499774;5.916081;7.070688;2.843580;0.000100;0.363475;2.224808
884.21;394;407;5.000000;0.646406;0.044328;5.606664;5.210954;5.666402;5.865533;6.791060;2.867947;0.000100;0.358191;1.558960
886.01;395;408;5.000000;0.713991;0.040841;4.747049;4.409589;5.289073;5.474679;7.234722;2.912488;0.671933;0.417866;2.048876
887.81;396;409;5.000000;0.686952;0.041798;5.500967;4.675654;5.910562;5.593799;7.546571;2.911125;2.184173;0.391584;1.255172
889.61;397;410;6.000000;0.654495;0.039957;5.308322;4.951043;5.433301;5.641626;6.844729;2.909575;0.000100;0.390006;2.367162
891.41;398;411;6.000000;0.643083;0.040266;5.500546;5.054282;5.523103;5.654138;7.077507;2.903425;1.406804;0.391895;2.106589
893.21;399;412;6.000000;0.615384;0.044273;6.099326;5.229044;5.870268;5.603186;7.961205;2.941254;2.782900;0.395713;2.524209
895.01;400;413;6.000000;0.616636;0.040593;5.604185;5.074182;5.403855;5.448424;7.917463;2.998154;3.642241;0.395940;2.013472
896.81;401;414;4.000000;0.661712;0.041501;4.995339;4.744737;5.173293;5.458698;7.077770;2.920112;0.788836;0.380372;1.991088
898.61;402;415;4.000000;0.657158;0.042351;5.062413;4.818807;5.203492;5.514684;7.487682;2.989743;1.651353;0.398962;1.974509
900.41;403;416;5.000000;0.881719;0.039725;4.319522;3.590890;5.899653;5.454302;7.860850;2.885440;3.952913;0.383087;2.127057
902.21;404;417;5.000000;0.793320;0.040763;4.652159;3.938662;5.773305;5.440857;7.520117;2.919174;2.911898;0.392024;1.499985
904.01;405;418;5.000000;0.865156;0.038197;3.545320;3.771939;4.795534;5.677221;7.733389;3.116539;3.013062;0.405089;1.579282
905.81;406;419;4.000000;0.888047;0.037395;3.452080;3.691805;4.795744;5.709840;8.130352;3.077255;3.663112;0.413699;2.490048
907.61;407;420;4.000000;0.898691;0.035366;3.209234;3.629147;4.511725;5.680337;7.884264;3.066681;3.236727;0.412906;2.272965
909.41;408;421;4.000000;0.875010;0.035763;3.277206;3.769002;4.486283;5.743036;7.940226;3.107397;3.599597;0.403157;1.818580
911.21;409;422;4.000000;0.887777;0.023355;2.024842;3.900187;2.806744;6.017627;6.417602;2.989151;0.000100;0.425785;1.750575
913.01;410;423;5.000000;0.994442;0.024252;1.508996;3.757760;2.347246;6.506962;8.672416;3.475060;2.675008;0.485707;1.532227
914.81;411;424;4.000000;0.946334;0.022204;1.314381;3.891303;1.945596;6.413516;8.211023;3.324228;1.789539;0.460208;1.795626
916.61;412;425;4.000000;1.069498;0.018955;0.873481;3.518209;1.461264;6.552565;8.641718;3.391789;1.903653;0.472779;2.205398
918.41;413;426;4.000000;1.091278;0.031154;1.378759;3.376677;2.342321;6.399118;7.229782;3.023665;0.000100;0.453433;1.598981
920.21;414;427;5.000000;1.066853;0.022420;1.863361;3.426497;3.109463;6.366531;7.794342;3.218928;1.530181;0.452523;1.473261
922.01;415;428;5.000000;1.119791;0.027820;1.528979;3.272783;2.671111;6.371574;7.500474;3.100452;0.000100;0.453309;1.661029
923.81;416;429;4.000000;1.077050;0.027938;1.583541;3.379313;2.667117;6.337883;7.386025;3.087110;0.000100;0.451465;1.846896
925.61;417;430;5.000000;0.877002;0.023310;1.382903;4.181424;1.897296;6.386710;8.027820;3.324659;0.000100;0.462349;2.000559
927.41;418;431;5.000000;0.891421;0.023359;1.315965;4.133364;1.833654;6.413156;8.324561;3.414167;0.563089;0.472397;1.991729
929.21;419;432;4.000000;0.832335;0.021751;1.461419;4.335970;1.903010;6.285488;7.839457;3.403435;0.000100;0.466832;1.316958
931.01;420;433;5.000000;0.849497;0.023074;1.337805;4.299902;1.777948;6.361331;7.859052;3.349001;0.000100;0.473022;1.713179
932.81;421;434;5.000000;0.722168;0.025244;1.849833;4.919651;2.088929;6.184680;7.842172;3.395626;0.000100;0.462269;1.951928
934.61;422;435;5.000000;0.900027;0.028755;1.632032;3.873158;2.297936;6.071195;8.349750;3.469417;1.412511;0.468796;2.114768
936.41;423;436;5.000000;1.048552;0.046953;2.605380;3.141355;4.274404;5.736386;7.996748;3.111780;0.953982;0.446968;1.466329
938.21;424;437;5.000000;0.943799;0.033804;1.729753;3.758525;2.554153;6.177844;8.297482;3.264342;1.786306;0.460353;1.559240
940.01;425;438;5.000000;0.839349;0.028156;1.686350;4.238478;2.214318;6.195915;8.494922;3.292438;1.886831;0.487568;1.725837
941.81;426;439;5.000000;0.801688;0.024072;1.517361;4.488756;1.902309;6.266183;8.660127;3.333431;1.591695;0.501619;2.278133
943.61;427;440;5.000000;0.867025;0.020232;1.415811;4.105720;1.916291;6.186439;8.782375;3.459201;2.927470;0.463962;2.569114
945.41;428;441;5.000000;0.868040;0.018834;1.163953;4.105276;1.580635;6.206205;9.018366;3.513674;3.145480;0.471033;2.427977
947.21;429;442;5.000000;0.876771;0.018859;1.083768;4.063525;1.486179;6.204914;9.026007;3.507868;3.446701;0.471278;1.923184
949.01;430;443;5.000000;0.878330;0.018527;1.063261;4.056252;1.460691;6.204732;8.974452;3.458051;3.382910;0.473777;2.325226
950.81;431;444;4.000000;0.945052;0.026967;3.297356;3.662852;4.872718;6.028589;7.030158;2.717887;0.000100;0.414605;2.158797
952.61;432;445;4.000000;0.890937;0.027067;3.669645;3.826524;5.105325;5.929223;7.309763;2.682353;2.055317;0.429934;1.681957
954.41;433;446;5.000000;0.885364;0.024124;2.964661;3.946737;4.104970;6.084504;7.645663;2.829877;2.339862;0.437237;1.785563
956.21;434;447;4.000000;0.866127;0.023439;2.275089;4.082646;3.092374;6.145661;8.089793;3.058532;1.455500;0.446631;1.698282
958.01;435;448;5.000000;0.863296;0.025571;1.651397;4.293594;2.228673;6.453269;9.112325;3.407800;3.831152;0.476777;2.158430
959.81;436;449;5.000000;0.834955;0.026099;1.722726;4.404982;2.250370;6.405007;8.855677;3.386042;3.164540;0.474925;2.620141
961.61;437;450;5.000000;0.874677;0.024664;1.623045;4.215734;2.218382;6.415081;8.474761;3.285885;2.528918;0.467902;1.744945
963.41;438;451;5.000000;0.857078;0.024300;2.038928;4.219152;2.733076;6.290827;8.377488;3.181081;2.136115;0.457814;2.317638
965.21;439;452;4.000000;1.003292;0.028473;1.567477;3.530030;2.460158;6.168247;8.710971;3.534341;3.010272;0.460218;1.867293
967.01;440;453;4.000000;1.009932;0.028094;1.532627;3.517052;2.418486;6.176918;8.792330;3.539923;3.327526;0.466671;1.628419
968.81;441;454;4.000000;0.959825;0.029126;1.799460;3.574102;2.701574;5.974122;8.172530;3.486880;2.336377;0.442558;2.251575
970.61;442;455;5.000000;1.031449;0.028938;1.737099;3.326111;2.802401;5.973808;8.339251;3.484646;3.058231;0.444300;1.150942
972.41;443;456;5.000000;0.932089;0.032089;2.311132;3.580683;3.369935;5.812652;7.730327;3.326654;1.924588;0.410265;1.852595
974.21;444;457;4.000000;0.831855;0.035877;2.941357;3.954001;3.826319;5.725507;7.312888;3.185353;0.000100;0.400245;1.286665
976.01;445;458;4.000000;0.885952;0.035213;2.715722;3.788392;3.763513;5.844645;8.177073;3.368879;3.160378;0.436947;2.301373
977.81;446;459;5.000000;0.767024;0.042223;4.028579;4.214737;4.831709;5.628351;7.592118;3.145737;3.012680;0.414375;1.862222
979.61;447;460;5.000000;0.771263;0.042143;4.069835;4.205230;4.909198;5.647909;7.954162;3.108133;3.345474;0.418751;1.817714
981.41;448;461;4.000000;0.680728;0.051484;5.403585;4.654895;5.744152;5.513337;7.331483;3.016786;2.717393;0.397208;2.226535
983.21;449;462;5.000000;0.665681;0.051577;5.932361;4.579553;6.177659;5.309315;7.317158;2.895724;2.672428;0.387683;2.333003
985.01;450;463;5.000000;0.694772;0.052114;5.889499;4.412013;6.400534;5.337247;7.787887;2.916652;4.392322;0.381786;2.037763
986.81;451;464;4.000000;0.780035;0.043197;4.184093;4.258102;5.105800;5.784699;7.277051;3.063090;1.653282;0.398288;2.164917
988.61;452;465;4.000000;0.785694;0.043824;4.180666;4.208490;5.138569;5.758810;7.505386;3.078961;2.215313;0.394150;2.016313
990.41;453;466;4.000000;0.808569;0.043119;4.069713;4.078796;5.147629;5.743400;7.441130;3.063719;2.646084;0.400248;1.951251
992.21;454;467;5.000000;0.623392;0.042489;5.086371;5.306084;4.960315;5.760685;6.456395;2.762347;0.000100;0.375400;1.962578
994.01;455;468;5.000000;0.674517;0.041792;4.689874;4.955010;4.944062;5.818877;6.606057;2.805671;0.000100;0.379838;2.147739
995.81;456;469;4.000000;0.675449;0.040928;4.736236;4.889907;5.002391;5.747900;6.630862;2.770754;0.000100;0.380567;1.993999
997.61;457;470;4.000000;0.646378;0.045336;5.226477;5.287737;5.284568;5.951804;7.688539;2.971585;2.650521;0.397685;2.601938
999.41;458;471;4.000000;0.640931;0.045311;5.295236;5.284045;5.307224;5.895566;7.393038;2.943989;2.290177;0.394251;2.555216
1001.21;459;472;5.000000;0.560171;0.045447;6.278045;6.222913;5.501579;6.071085;7.437976;2.893202;1.105202;0.438738;2.068406
1003.01;460;473;5.000000;0.564015;0.045126;6.196091;6.179051;5.465272;6.066711;7.582940;2.891620;1.084958;0.443041;2.107276
1004.81;461;474;5.000000;0.556982;0.109767;6.132598;9.830883;5.323118;9.502399;6.206748;1.218087;0.000100;1.342624;3.012596
1006.61;462;475;5.000000;0.478233;0.111031;7.047737;11.213624;5.272041;9.339326;6.243949;1.177069;0.000100;1.293166;2.924860
1008.41;463;476;5.000000;0.556929;0.104207;6.107140;9.660741;5.320344;9.369611;6.791620;1.301128;0.000100;1.352552;3.471293
1010.21;464;477;5.000000;0.531621;0.103763;6.280281;10.260362;5.222556;9.499019;6.398780;1.230459;0.000100;1.409107;3.791347
1012.01;465;478;4.000000;0.615142;0.088773;6.559313;7.439342;6.265543;7.913055;5.739585;1.521700;0.000100;1.123573;2.414638
1013.81;466;479;5.000000;0.542061;0.097188;7.081597;9.147266;6.004656;8.634947;5.696270;0.983129;0.000100;1.262024;3.272056
1015.61;467;480;4.000000;0.560616;0.099176;7.835484;9.288235;6.866252;9.061281;6.421290;1.085956;0.000100;1.321720;3.644095
1017.41;468;481;4.000000;0.569071;0.098599;7.619808;9.145174;6.779753;9.055495;6.398518;1.115098;0.000100;1.311872;4.390946
1019.21;469;482;5.000000;0.558265;0.083328;9.116136;7.526468;7.961427;7.317234;5.981504;1.531269;0.000100;1.054734;2.670853
1021.01;470;483;5.000000;0.552048;0.082139;9.231626;7.685379;7.970341;7.386918;6.109193;1.500727;0.000100;1.044036;3.150740
1022.81;471;484;5.000000;0.467620;0.048094;11.771571;6.661714;8.609655;5.424925;7.151966;2.283068;2.243733;0.514415;2.736870
1024.61;472;485;4.000000;0.460907;0.048307;12.000956;6.707889;8.645324;5.381176;6.976088;2.248436;1.408479;0.511271;2.653549
1026.41;473;486;5.000000;0.473563;0.047802;10.667010;6.535257;7.901816;5.389286;6.533322;2.184846;1.187148;0.459758;2.102530
1028.21;474;487;4.000000;0.478259;0.056806;8.862540;7.282766;6.630219;6.065830;5.677322;2.008226;0.000100;0.679120;2.832612
1030.01;475;488;4.000000;0.492264;0.050755;9.665738;6.451643;7.442864;5.530754;6.176462;2.209515;1.949513;0.391905;2.167966
1031.81;476;489;4.000000;0.462281;0.047791;9.306843;6.208670;6.730038;4.998232;7.645455;1.967723;10.942751;0.341718;3.272885
1033.61;477;490;4.000000;0.486008;0.044301;9.313122;5.703328;7.080121;4.827163;8.512895;1.974772;11.818725;0.354133;4.025138
1035.41;478;491;4.000000;0.471879;0.044400;9.270945;5.895339;6.843235;4.844550;7.245389;1.967065;9.421846;0.348426;3.711823
1037.21;479;492;4.000000;0.445002;0.041431;8.678257;6.242407;6.041407;4.837988;6.878452;2.004719;7.783935;0.319032;3.217913
1039.01;480;493;4.000000;0.404983;0.040888;9.192453;6.910371;5.824113;4.873553;5.484404;1.982888;2.540713;0.308548;2.727607
1040.81;481;494;5.000000;0.427188;0.042295;8.472541;6.767632;5.662023;5.035078;5.810809;2.092403;3.551360;0.317871;2.347941
1042.61;482;495;5.000000;0.423956;0.041857;8.612891;6.897024;5.711831;5.091991;6.071472;2.087494;4.701296;0.322803;2.426657
1044.41;483;496;4.000000;0.426795;0.038151;7.699657;6.818324;5.140273;5.067353;6.170080;2.115962;4.381890;0.321606;2.546864
1046.21;484;497;4.000000;0.414510;0.037717;7.713377;6.936381;5.001269;5.006860;6.022327;2.065054;3.809579;0.314290;2.540188
1048.01;485;498;4.000000;0.443964;0.034312;6.527027;6.821440;4.531765;5.274331;6.583506;2.172324;5.145312;0.337613;2.141535
1049.81;486;499;4.000000;0.523061;0.030226;5.635984;6.036841;4.611543;5.499052;6.515981;2.273572;4.486753;0.343224;1.872173
1051.61;487;500;4.000000;0.570966;0.027304;3.661390;6.135317;3.270331;6.100940;7.420715;2.542394;5.407999;0.373172;3.168617
1053.41;488;501;4.000000;0.575971;0.026547;3.489053;6.111193;3.143604;6.130027;7.811829;2.575202;5.932278;0.384236;2.641866
1055.21;489;502;4.000000;0.595741;0.026610;3.710436;6.078722;3.457992;6.307011;8.006869;2.687873;5.203082;0.419424;3.305181
1057.01;490;503;4.000000;0.648943;0.027684;3.361322;5.678497;3.411903;6.417111;8.092264;2.691475;6.011606;0.410170;3.245888
1058.81;491;504;3.000000;0.530612;0.030473;4.487057;6.848075;3.724394;6.328016;8.216582;2.718286;6.866857;0.401261;3.658386
1060.61;492;505;3.000000;0.550613;0.030561;4.379399;6.601129;3.771886;6.329758;8.281167;2.728648;7.013000;0.400443;3.530992
1062.41;493;506;4.000000;0.528164;0.034681;4.926287;6.703872;4.070273;6.166306;7.776088;2.610944;7.071926;0.387737;3.189605
1064.21;494;507;3.000000;0.542986;0.032422;4.659758;6.562503;3.958172;6.205985;8.339267;2.791096;7.490991;0.408131;3.153318
1066.01;495;508;3.000000;0.525278;0.032720;4.790238;6.730363;3.936095;6.156869;8.106485;2.724500;7.921071;0.403648;3.440604
1067.81;496;509;3.000000;0.549297;0.039633;5.302264;6.109090;4.556226;5.844323;7.883450;2.594993;7.864360;0.382497;3.129981
1069.61;497;510;3.000000;0.550184;0.039626;5.380753;6.101242;4.631074;5.846206;7.895317;2.548589;7.856783;0.374145;3.638213
1071.41;498;511;3.000000;0.601513;0.042985;5.243307;5.325506;4.933889;5.579019;7.466895;2.457885;6.698019;0.365712;3.071906
1073.21;499;512;3.000000;0.628479;0.042753;5.096477;5.114062;5.010497;5.597355;7.561792;2.471985;6.474507;0.372029;2.992570
1075.01;500;513;3.000000;0.612429;0.000173;4.902099;5.336594;4.696575;5.692094;7.704472;2.450138;6.984767;0.390112;2.685032
1076.81;501;514;3.000000;0.637395;0.000605;3.943073;5.283855;3.929499;5.863644;7.170224;2.481663;4.221881;0.398140;2.788651
1078.61;502;515;3.000000;0.661364;0.000173;3.795847;5.068683;3.925959;5.837116;7.170261;2.501936;4.424954;0.406344;2.464411
1080.41;503;516;3.000000;0.648988;0.000173;3.780514;5.325846;3.827204;6.006413;7.273590;2.550516;4.164753;0.399721;3.083709
1082.21;504;517;3.000000;0.626113;0.000458;3.879626;5.546132;3.800030;6.047785;7.035366;2.537128;4.218514;0.401386;2.368825
1084.01;505;518;3.000000;0.669074;0.000309;3.463874;5.360772;3.625547;6.246767;7.046154;2.444294;3.541417;0.377322;2.719827
1085.81;506;519;3.000000;0.650739;0.000267;3.534141;5.657998;3.597638;6.412246;6.570782;2.364174;2.815928;0.369266;2.415772
1087.61;507;520;3.000000;0.654998;0.000331;3.592307;5.566550;3.680819;6.349973;7.156731;2.445946;4.258162;0.374359;3.370470
1089.41;508;521;3.000000;0.677131;0.000291;3.817535;5.374013;4.043564;6.337213;6.957564;2.317624;3.873105;0.369605;2.735163
1091.21;509;522;3.000000;0.664866;0.000257;3.872917;5.466286;4.027844;6.328894;7.073223;2.336699;4.675619;0.366870;3.102221
1093.01;510;523;3.000000;0.714913;0.000173;3.696347;5.071242;4.132912;6.312141;7.456357;2.406271;5.991520;0.378271;3.093025
1094.81;511;524;3.000000;0.801895;0.000376;4.676416;4.301348;5.865474;6.005690;7.129841;2.346803;5.453089;0.384756;3.094492
1096.61;512;525;3.000000;0.800992;0.000284;4.734130;4.273066;5.932046;5.960894;7.402790;2.334775;6.528087;0.381741;3.416248
1098.41;513;526;3.000000;0.738668;0.000385;3.372911;4.610616;3.897408;5.931215;7.312303;2.401300;6.062391;0.363636;3.597661
1100.21;514;527;3.000000;0.745486;0.000173;3.344641;4.566679;3.900416;5.928824;7.305217;2.420593;6.622905;0.358217;3.068405
1102.01;515;528;3.000000;0.747121;0.000276;2.825737;4.460882;3.302239;5.803144;7.449815;2.585557;8.113006;0.349597;3.588966
1103.81;516;529;3.000000;0.811025;0.000390;2.669191;4.024660;3.386461;5.684765;7.588591;2.602908;7.777985;0.359361;3.292368
1105.61;517;530;3.000000;0.711875;0.000396;3.335357;4.717905;3.714372;5.849269;7.124902;2.335173;4.062483;0.424754;3.295320
1107.41;518;531;3.000000;0.683893;0.000173;3.338033;4.940486;3.571174;5.884321;7.130587;2.372173;5.303156;0.422041;2.860419
1109.21;519;532;3.000000;0.666029;0.000402;4.066475;4.973596;4.236914;5.769090;7.692226;2.542691;6.788886;0.428796;3.231447
1111.01;520;533;3.000000;0.683875;0.000173;3.900140;4.869229;4.172540;5.799493;8.046789;2.552002;7.080936;0.437102;3.465803
1112.81;521;534;6.000000;0.525468;0.000585;5.545132;5.754072;4.558266;5.265897;5.963389;2.461270;3.088309;0.344820;2.575781
1114.61;522;535;6.000000;0.505238;0.000173;5.526540;6.023879;4.363447;5.297577;6.617945;2.559626;3.853840;0.369423;2.883287
1116.41;523;536;6.000000;0.492265;0.000352;5.587579;6.183028;4.302738;5.300779;6.802496;2.594919;5.405497;0.368647;2.947962
1118.21;524;537;6.000000;0.512866;0.000173;5.132944;5.914570;4.115869;5.278189;7.064353;2.571204;5.850960;0.376347;2.546573
1120.01;525;538;5.000000;0.526095;0.000308;4.858031;5.801517;3.994407;5.308380;7.118638;2.586311;6.366247;0.366184;2.842697
1121.81;526;539;5.000000;0.457277;0.000173;4.721158;6.229434;3.377309;4.961152;6.853806;2.870322;5.477720;0.318286;2.558190
1123.61;527;540;5.000000;0.464652;0.000352;4.991552;6.113814;3.628309;4.947658;7.459731;3.069827;8.037289;0.321207;3.277629
1125.41;528;541;5.000000;0.458807;0.000173;4.834070;6.352738;3.469505;5.076276;7.337715;2.889492;7.495222;0.333943;2.839133
1127.21;529;542;5.000000;0.462342;0.000551;4.780960;6.232722;3.452530;5.013695;7.300524;2.894447;8.084289;0.327620;2.657837
1129.01;530;543;5.000000;0.446335;0.000499;4.961110;6.447345;3.463979;5.011625;7.191650;2.901601;6.869938;0.325619;2.468099
1130.81;531;544;5.000000;0.503899;0.000527;4.801921;5.564078;3.784037;4.882755;6.554562;2.759681;5.535445;0.326011;2.713928
1132.61;532;545;6.000000;0.791469;0.000509;6.880695;3.395982;8.515439;4.680489;6.077514;2.179767;7.685983;0.306768;2.284766
1134.41;533;546;6.000000;0.799180;0.000443;6.678947;3.428306;8.341040;4.769996;6.207481;2.187857;6.474715;0.315027;3.039193
1136.21;534;547;6.000000;0.557119;0.000449;6.701649;5.285643;5.837463;5.123572;6.797199;2.522155;5.857104;0.358728;2.468647
1138.01;535;548;5.000000;0.525509;0.000361;7.101544;5.621508;5.834402;5.142854;7.006596;2.539171;6.391265;0.358641;2.650946
1139.81;536;549;4.000000;0.567282;0.000173;10.597602;4.775335;9.401423;4.716809;6.016730;1.950111;3.897931;0.340571;2.189242
1141.61;537;550;4.000000;0.494940;0.000369;7.309306;5.883918;5.788984;5.030273;6.756043;2.648587;5.740398;0.354738;2.192107
1143.41;538;551;5.000000;0.506618;0.000173;14.675922;4.727470;11.627721;4.170963;5.442871;1.702239;4.580849;0.278411;2.333403
1145.21;539;552;5.000000;0.502026;0.000173;15.261531;4.761940;11.984256;4.162959;5.314567;1.682671;4.627678;0.281117;2.827453
1147.01;540;553;5.000000;0.490860;0.000529;9.942554;5.481310;8.077762;4.544471;7.485626;2.352934;7.684291;0.339119;3.047255
1148.81;541;554;6.000000;0.665110;0.000382;11.348007;3.369537;11.800091;3.900348;5.622529;2.006823;5.688096;0.297788;2.900257
1150.61;542;555;6.000000;0.843391;0.000485;7.600425;2.734403;10.026987;4.016142;6.223424;2.301038;6.928813;0.318261;2.397615
1152.41;543;556;6.000000;0.795405;0.000319;8.033536;2.984539;9.974672;4.121625;6.267689;2.259473;6.802436;0.314739;2.077228
1154.21;544;557;3.000000;1.117912;0.000516;3.045185;2.389528;5.324822;4.651872;7.350904;3.119368;6.540394;0.381945;1.868529
1156.01;545;558;3.000000;1.163735;0.000652;2.817159;2.312987;5.128372;4.687844;7.524557;3.154507;8.152681;0.391270;2.540553
1157.81;546;559;3.000000;1.219849;0.000680;1.721094;2.260613;3.275251;4.801826;8.804145;3.414517;9.655084;0.396110;2.670686
1159.61;547;560;3.000000;1.145772;0.000584;2.157367;2.404231;3.864488;4.791908;7.298071;3.275568;6.819254;0.391704;2.065440
1161.41;548;561;3.000000;0.896753;0.000674;7.919972;2.808943;8.365275;4.219883;6.919900;2.573365;8.132535;0.346917;2.110144
1163.21;549;562;3.000000;1.080391;0.000640;1.075365;2.501300;1.687066;4.493391;8.923817;3.521646;8.466570;0.422735;2.416050
1165.01;550;563;3.000000;0.987515;0.000381;1.731317;2.842957;2.709061;4.785280;8.299778;3.660747;7.408814;0.422749;2.392174
1166.81;551;564;4.000000;0.897048;0.000492;3.331589;2.925445;4.675194;4.570418;6.484087;3.204404;3.849382;0.391409;1.788989
1168.61;552;565;4.000000;0.942229;0.000501;3.935209;2.705036;5.800652;4.438176;6.836106;3.057666;6.689740;0.378497;1.863638
1170.41;553;566;4.000000;0.971442;0.000564;3.998451;2.644828;6.076348;4.474702;7.192229;3.056360;6.647398;0.387521;2.533748
1172.21;554;567;4.000000;0.894048;0.000405;5.355580;2.645455;7.490729;4.119084;6.806218;2.790112;7.826582;0.358191;2.276185
1174.01;555;568;4.000000;1.023082;0.000486;3.655839;2.524518;5.532046;4.439287;6.835201;2.944566;6.936302;0.369529;2.195839
1175.81;556;569;4.000000;1.063771;0.000338;3.484500;2.410301;5.647364;4.443673;7.116215;3.014393;7.463586;0.384120;2.083998
1177.61;557;570;4.000000;1.145496;0.000451;2.381384;2.381210;4.262300;4.749993;7.041842;3.041897;7.295323;0.385566;1.771685
1179.41;558;571;3.000000;1.155949;0.000593;1.437884;2.344973;2.761076;4.568042;7.859397;3.250069;8.144145;0.411292;2.630501
1181.21;559;572;3.000000;1.080781;0.000713;1.866366;2.521420;3.173010;4.666408;8.117067;3.221513;8.082492;0.401512;2.739616
1183.01;560;573;3.000000;1.215801;0.000735;1.698926;2.216302;3.228509;4.689780;6.952418;2.989987;7.098509;0.373884;2.288604
1184.81;561;574;3.000000;1.394967;0.000600;1.301871;2.001542;2.840916;4.862743;6.044146;2.838416;4.026794;0.367980;1.924810
1186.61;562;575;3.000000;1.457351;0.000471;1.279930;1.913305;2.917383;4.855649;6.311900;2.837675;5.702056;0.370788;2.086118
1188.41;563;576;3.000000;1.350360;0.000291;1.205538;2.179645;2.546308;5.125904;6.326878;2.845271;5.527237;0.367583;1.846523
1190.21;564;577;3.000000;1.313669;0.000328;1.190656;2.224889;2.446334;5.088906;6.443668;2.809482;5.951995;0.359622;2.083896
1192.01;565;578;3.000000;1.400521;0.000516;1.158487;2.063547;2.536899;5.033038;7.148330;2.914399;8.747614;0.383307;2.594901
1193.81;566;579;3.000000;1.154144;0.000173;1.947598;2.584152;3.516465;5.194369;7.107631;2.741562;8.138421;0.366570;2.357349
1195.61;567;580;4.000000;1.169597;0.000318;1.909255;2.544725;3.493293;5.183485;7.280856;2.789910;8.757040;0.369247;3.462569
1197.41;568;581;4.000000;0.554679;0.000320;9.293175;4.626333;8.062159;4.468552;5.879859;1.978152;7.739133;0.312710;2.942026
1199.21;569;582;5.000000;0.539992;0.000173;9.460071;4.691457;7.990449;4.411726;5.874010;1.944388;7.618696;0.301558;2.454234
1201.01;570;583;4.000000;0.394570;0.000272;9.033723;6.908752;5.331886;4.712977;6.155542;1.713056;5.615379;0.387558;3.699596
1202.81;571;584;4.000000;0.343904;0.000307;16.645365;7.044543;8.951753;4.218567;4.848166;1.602026;4.129979;0.301598;2.304356
1204.61;572;585;5.000000;0.360003;0.000360;16.183101;6.730600;9.113805;4.219941;4.905112;1.604892;5.000188;0.303400;2.259022
1206.41;573;586;5.000000;0.367696;0.000173;15.998706;6.629764;9.202336;4.245606;5.404260;1.612863;6.415893;0.303902;2.274387
1208.21;574;587;5.000000;0.558264;0.000452;8.835020;4.659206;7.713682;4.529033;5.890604;1.935461;6.148368;0.332419;2.349861
1210.01;575;588;3.000000;0.971967;0.000331;3.418453;2.778606;5.195045;4.700148;6.250900;2.470868;6.730747;0.360696;2.688686
1211.81;576;589;3.000000;1.131617;0.000383;2.264216;2.450175;4.005615;4.826781;6.821483;2.727813;7.186960;0.374856;2.948942
1213.61;577;590;3.000000;1.177206;0.000362;2.273260;2.365281;4.186451;4.849414;7.212510;2.728462;8.976016;0.377171;2.988749
1215.41;578;591;3.000000;0.869503;0.000370;4.205395;3.030008;5.720307;4.588438;6.662711;2.413793;8.448031;0.346725;2.468084
1217.21;579;592;4.000000;0.888444;0.000392;4.096155;3.035408;5.689694;4.694831;6.629744;2.404731;8.846195;0.352979;2.674410
1219.01;580;593;4.000000;0.843420;0.000173;4.335928;3.180033;5.719467;4.671204;6.543164;2.397917;8.944261;0.352550;3.049525
1220.81;581;594;5.000000;0.383120;0.000313;10.188663;6.107782;6.101749;4.070665;4.601594;1.804715;2.967890;0.306695;2.547366
1222.61;582;595;5.000000;0.396188;0.000173;10.053546;5.950827;6.231085;4.106097;4.881332;1.835027;4.124340;0.311362;1.609282
1224.41;583;596;6.000000;0.402745;0.000463;8.022704;6.582754;5.032607;4.614577;5.761795;2.105870;6.610139;0.352888;2.868385
1226.21;584;597;5.000000;0.365355;0.000579;8.997427;6.934249;5.142475;4.412324;5.573812;1.961636;5.869396;0.334279;2.178167
1228.01;585;598;5.000000;0.414284;0.000173;7.583100;6.629996;4.914155;4.782366;6.108319;2.236206;6.325801;0.363938;2.300074
1229.81;586;599;4.000000;0.437125;0.000318;5.123695;6.317037;3.500181;4.807668;5.479348;2.445336;0.591739;0.322368;1.921194
1231.61;587;600;4.000000;0.461822;0.000173;4.917252;5.964993;3.552436;4.797716;6.318728;2.671111;4.695864;0.340877;2.504032
1233.41;588;601;4.000000;0.459278;0.000580;5.534401;6.087522;3.973223;4.866769;5.744567;2.548970;0.000100;0.383580;2.079562
1235.21;589;602;5.000000;0.496393;0.000173;5.611081;5.910584;4.357068;5.108063;6.595724;2.790764;0.608021;0.439967;1.745063
1237.01;590;603;5.000000;0.492506;0.000173;6.970168;6.186065;5.370392;5.305929;7.031828;2.570066;5.202130;0.367573;2.626330
1238.81;591;604;5.000000;0.513571;0.000173;6.676623;5.840820;5.360501;5.221443;5.978143;2.492593;3.196488;0.348636;2.230121
1240.61;592;605;5.000000;0.499415;0.000173;6.395218;6.069960;4.996293;5.279599;6.440648;2.592797;3.394102;0.359844;2.424384
1242.41;593;606;4.000000;0.489933;0.000173;6.614439;6.057459;5.069192;5.168479;5.732392;2.389640;1.587364;0.329565;2.269981
1244.21;594;607;5.000000;0.501084;0.000325;6.401754;5.959171;5.018007;5.200610;6.323418;2.452814;3.579838;0.356405;2.088995
1246.01;595;608;5.000000;0.489898;0.000173;6.003310;6.084418;4.597045;5.187486;6.649952;2.634610;5.081728;0.341475;2.645011
1247.81;596;609;5.000000;0.510445;0.000313;5.874223;5.859996;4.688482;5.207857;6.897638;2.587251;4.713181;0.338443;2.560341
1249.61;597;610;5.000000;0.419818;0.000975;4.534932;6.107959;2.978359;4.465898;6.858253;3.179214;5.747055;0.256835;2.040706
1251.41;598;611;5.000000;0.426349;0.000672;4.414416;6.063732;2.940539;4.500485;6.968336;3.175742;6.686601;0.258277;1.853990
1253.21;599;612;5.000000;0.456862;0.000648;4.078537;5.616160;2.913785;4.466532;7.194509;3.218130;6.871890;0.257056;2.004605
1255.01;600;613;5.000000;0.485651;0.000702;5.091067;5.587959;3.853697;4.706787;6.965198;2.847626;7.050164;0.289844;2.267239
1256.81;601;614;4.000000;0.451803;0.000509;4.955315;6.074792;3.503504;4.779696;5.470143;2.497838;1.516527;0.288151;1.962282
1258.61;602;615;5.000000;0.415663;0.000755;4.552013;6.327594;2.959846;4.580614;6.489189;3.191050;3.874013;0.256567;2.058680
1260.41;603;616;4.000000;0.464944;0.000863;3.665633;5.216719;2.666216;4.222849;7.026001;3.569476;5.072311;0.231522;2.516246
1262.21;604;617;5.000000;0.501734;0.000674;3.455525;4.731766;2.709582;4.132216;6.912975;3.519050;4.785235;0.232998;1.812089
1264.01;605;618;5.000000;0.493820;0.000690;3.582378;4.790547;2.767760;4.119711;7.011815;3.506680;5.396410;0.245586;1.764453
1265.81;606;619;5.000000;0.560313;0.000325;5.712886;5.045867;5.007604;4.924005;7.098756;2.658331;6.462895;0.334245;3.161134
1267.61;607;620;5.000000;0.519592;0.000173;6.235760;5.434837;5.066973;4.916974;6.992470;2.671416;5.869563;0.328965;2.703068
1269.41;608;621;5.000000;0.546919;0.000308;6.537884;5.401773;5.592959;5.144467;6.943577;2.428471;6.380868;0.358728;2.601796
1271.21;609;622;5.000000;0.627851;0.000173;6.190087;4.710055;6.066590;5.142202;6.883858;2.343467;6.099418;0.348441;2.847952
1273.01;610;623;5.000000;0.611936;0.000241;6.544736;4.830723;6.257284;5.144810;6.712274;2.402943;5.966661;0.344059;2.791478
1274.81;611;624;5.000000;0.678482;0.000173;4.693965;4.333735;4.953516;5.120596;6.021704;2.431242;1.512444;0.312293;2.343593
1276.61;612;625;5.000000;0.766183;0.000477;3.171206;4.059495;3.789327;5.411830;7.094374;3.030897;4.327918;0.318019;2.465357
1278.41;613;626;5.000000;0.679858;0.000416;3.678976;4.595173;3.828469;5.368528;7.204878;2.833816;5.564491;0.299970;3.155798
1280.21;614;627;;;;;;;;;;;;
1282.01;615;628;5.000000;0.671621;0.000440;3.411456;4.505934;3.576080;5.263322;6.592643;2.928175;3.115557;0.322840;2.654924
1283.81;616;629;5.000000;0.680796;0.000230;3.257603;4.444881;3.465829;5.262411;6.751562;2.857792;3.566782;0.317109;2.461899
1285.61;617;630;5.000000;0.704598;0.000452;3.768053;4.275551;4.153076;5.246176;6.688683;2.592439;4.770590;0.335772;2.880724
1287.41;618;631;5.000000;0.757756;0.000500;3.015011;4.186853;3.571397;5.520855;7.436890;2.751407;6.426554;0.344086;3.211612
1289.21;619;632;5.000000;0.810344;0.000332;2.549051;3.893425;3.228051;5.492107;6.798088;2.592766;4.526696;0.334882;2.697437
1291.01;620;633;5.000000;0.777670;0.000173;2.771285;4.127063;3.371063;5.586863;7.229138;2.672364;5.552271;0.343018;2.697340
1292.81;621;634;4.333333;0.761146;0.000173;4.005970;4.352822;4.764105;5.763935;5.229820;1.959341;0.000100;0.321000;2.068482
1294.61;622;635;4.000000;0.778274;0.000398;3.989095;4.428520;4.851993;5.996805;6.081536;2.126297;1.027411;0.341474;2.280502
1296.41;623;636;4.000000;0.515161;0.000333;;;4.781736;6.022559;3.872150;2.120626;0.735683;0.348397;1.855866
1298.21;624;637;4.000000;0.793902;0.000363;4.273784;4.389792;5.306931;6.069339;6.534611;2.172651;3.257534;0.352957;2.444493
1300.01;625;638;4.000000;0.878998;0.000600;4.581793;3.239531;6.298001;4.955660;5.865198;2.209408;2.807511;0.316510;2.699069
1301.81;626;639;4.000000;0.793957;0.000244;4.386613;4.370503;5.445089;6.041865;6.679723;2.168799;3.563309;0.356020;3.135146
1303.61;627;640;5.000000;0.791498;0.000173;4.977831;4.273457;6.163051;5.889848;6.998183;2.162616;4.784788;0.368870;3.092666
1305.41;628;641;4.000000;0.807661;0.000375;4.763329;4.267395;6.017569;6.001973;7.054004;2.186859;5.032912;0.376936;2.968354
1307.21;629;642;4.000000;0.715701;0.000278;5.041498;4.679392;5.641007;5.829060;6.499388;2.331605;2.143815;0.378118;2.687913
1309.01;630;643;5.000000;0.669858;0.000261;5.286543;4.942864;5.540015;5.765550;7.011130;2.453036;4.417162;0.385252;2.756412
1310.81;631;644;5.000000;0.546996;0.000276;4.421532;6.592622;3.783682;6.280144;6.668284;2.570860;0.000100;0.452855;2.802723
1312.61;632;645;5.000000;0.574636;0.000487;4.785686;6.093727;4.301003;6.096955;6.720017;2.460317;0.000100;0.440849;2.678255
1314.41;633;646;5.000000;0.553392;0.000362;5.085354;6.269848;4.401397;6.039094;7.081321;2.554459;0.424135;0.444080;2.625258
1316.21;634;647;5.000000;0.488293;0.000487;7.135635;6.779505;5.444988;5.763075;6.999214;2.400633;1.953594;0.419280;2.708673
1318.01;635;648;5.000000;0.477684;0.000460;8.775475;6.709300;6.555481;5.580099;7.165878;2.321057;3.087595;0.390064;2.810975
1319.81;636;649;5.000000;0.482683;0.000304;9.120837;6.509611;6.884713;5.470687;7.005212;2.308205;2.344394;0.389818;2.612993
1321.61;637;650;5.000000;0.480465;0.000318;10.098721;6.446085;7.584837;5.390848;7.094016;2.186769;3.386040;0.410585;2.608453
1323.41;638;651;5.000000;0.519138;0.000173;8.876958;6.233271;7.208208;5.635968;7.237686;2.029604;2.044566;0.510131;2.774957
1325.21;639;652;4.000000;0.531543;0.000252;8.333835;6.109149;6.889213;5.624477;6.522629;1.704227;0.000100;0.564000;2.684460
1327.01;640;653;5.000000;0.500349;0.000258;9.488876;6.693319;7.427147;5.832800;6.788727;1.682651;0.000100;0.632510;2.913223
1328.81;641;654;5.000000;0.513841;0.000313;9.772670;6.243972;7.854525;5.587010;6.238842;1.570420;0.000100;0.601795;2.414431
1330.61;642;655;5.000000;0.486242;0.000173;10.362952;6.630038;7.878178;5.612950;6.704185;1.509130;0.000100;0.612068;2.762276
1332.41;643;656;4.000000;0.500447;0.000354;11.956618;6.005138;9.357366;5.229980;5.733658;1.366762;0.000100;0.459502;2.199647
1334.21;644;657;4.000000;0.523731;0.000173;12.259457;5.805579;10.026410;5.289611;6.104240;1.620255;0.000100;0.417879;2.273717
1336.01;645;658;4.000000;0.542909;0.000173;12.440654;5.529427;10.554253;5.227487;6.847481;1.753080;1.010844;0.424994;3.074882
1337.81;646;659;4.000000;0.498646;0.000173;13.608075;5.730730;10.600451;4.969542;6.205013;1.876852;2.599742;0.339169;2.617022
1339.61;647;660;4.000000;0.494199;0.000264;14.062556;5.808819;10.860582;4.991877;6.581868;1.969035;3.650324;0.337319;2.708872
1341.41;648;661;4.000000;0.462742;0.000173;15.755879;5.856933;11.387316;4.720146;6.039281;1.815797;1.802154;0.328720;2.700512
1343.21;649;662;4.000000;0.497935;0.000288;14.956651;5.640314;11.647987;4.888469;6.332687;1.815963;1.270349;0.365479;2.282712
1345.01;650;663;5.000000;0.514409;0.000655;11.759034;4.532718;9.458273;4.058970;6.328021;2.326720;3.467956;0.291866;2.674973
1346.81;651;664;4.000000;0.529056;0.000620;9.059176;4.887041;7.469209;4.474780;5.436251;2.346275;0.000100;0.286560;2.020695
1348.61;652;665;5.000000;0.583908;0.000848;8.079590;3.850983;7.378589;3.915529;6.026367;2.759264;4.308434;0.278342;1.787330
1350.41;653;666;4.000000;0.655468;0.000902;5.733576;3.522877;5.847566;4.009057;6.193402;2.817950;4.224130;0.269092;1.445009
1352.21;654;667;5.000000;0.523296;0.001069;;;4.469403;4.175999;5.209533;2.206028;4.281054;0.299673;1.484083
1354.01;655;668;5.000000;0.752027;0.000953;5.021022;3.084234;5.905986;4.037093;6.996096;3.210067;5.824706;0.298200;2.050687
1355.81;656;669;5.000000;0.665632;0.000642;5.174792;4.187862;5.383517;4.848500;7.452325;2.743324;1.898935;0.345881;1.920920
1357.61;657;670;5.000000;0.545529;0.000790;6.186491;5.295465;5.290857;5.027889;7.273640;2.571392;0.000100;0.366942;2.142022
1359.41;658;671;5.000000;0.592489;0.000750;5.502464;4.937447;5.100610;5.092235;7.915378;2.648753;0.753606;0.386002;2.203859
1361.21;659;672;5.000000;0.590779;0.000703;4.795486;4.966721;4.432012;5.109758;7.858465;2.728091;2.278038;0.399434;2.197014
1363.01;660;673;5.000000;0.759007;0.000721;2.620775;3.619085;3.110539;4.778369;7.165230;2.859403;55.779181;0.459803;1.018748
1364.81;661;674;5.000000;0.386791;0.000649;2.903055;5.071885;1.761443;3.409193;3.108420;1.749857;0.000100;0.250188;0.601663
1366.61;662;675;4.000000;0.524803;0.000613;2.423774;4.136599;1.934961;3.612906;4.245874;2.132612;15.267411;0.316288;0.490296
1368.41;663;676;8.000000;0.583044;0.001113;2.080071;3.810073;1.894961;3.864358;6.219955;2.865445;52.362340;0.470294;0.481544
1370.21;664;677;5.000000;0.620616;0.001100;2.438435;3.537155;2.351902;3.787722;6.391770;2.957644;46.501069;0.457594;0.396719
1372.01;665;678;5.000000;0.686173;0.000992;2.388993;3.432668;2.551543;4.084778;6.745022;3.045912;51.314994;0.488699;0.535420
1373.81;666;679;5.000000;0.739130;0.000885;2.354334;3.524945;2.719019;4.528606;6.678899;2.962843;49.079936;0.442575;0.777783
1375.61;667;680;5.000000;0.702475;0.000889;2.843037;4.148111;3.008555;4.911881;7.520261;3.109483;26.198145;0.438367;1.307634
1377.41;668;681;4.000000;0.590122;0.000774;3.027677;5.202555;2.794188;5.344438;7.729507;3.131333;1.755756;0.429623;1.784001
1379.21;669;682;4.000000;0.668205;0.000677;3.219261;4.528201;3.365851;5.269505;8.033427;3.166708;3.981354;0.404175;2.199756
1381.01;670;683;3.000000;0.681084;0.000531;2.997747;4.698419;3.184339;5.561644;8.035862;3.227383;2.716038;0.417509;2.131931
1382.81;671;684;3.000000;0.478451;0.000264;4.017792;8.354466;3.164154;6.201031;8.541808;2.928344;2.919991;0.416644;2.408292
1384.61;672;685;3.000000;0.757230;0.000450;3.593779;5.364502;4.648051;6.287718;7.589481;2.776657;1.275260;0.391222;1.917266
1386.41;673;686;3.000000;0.580884;0.000372;5.454873;5.959789;4.783531;5.992437;8.042755;2.862641;2.579960;0.393179;2.442300
1388.21;674;687;3.000000;0.622408;0.000572;2.798778;5.912898;2.664001;6.398986;8.742670;3.122986;3.061321;0.438764;2.664481
1390.01;675;688;3.000000;0.641195;0.000310;1.942073;5.692502;1.947389;6.355212;9.156597;3.458395;3.889872;0.480823;2.401386
1391.81;676;689;3.000000;0.704518;0.000435;1.503026;5.311362;1.653967;6.504843;9.187879;3.533585;3.157017;0.478555;2.128928
1393.61;677;690;3.000000;0.668607;0.000401;1.537364;5.541367;1.607562;6.451903;9.361046;3.535276;2.752201;0.477593;2.510900
1395.41;678;691;3.000000;0.725621;0.000274;1.320638;5.172341;1.499042;6.535565;9.450852;3.605101;3.229918;0.487732;2.079570
1397.21;679;692;3.000000;0.704593;0.000354;1.855367;5.604262;2.035285;6.838378;8.032826;3.046940;1.026078;0.432826;2.165036
1399.01;680;693;3.000000;0.791107;0.000420;2.161829;5.035729;2.726695;6.833638;8.615669;2.906076;2.419776;0.430680;2.889093
1400.81;681;694;3.000000;0.752441;0.000422;1.750454;5.210524;2.060249;6.823368;8.431919;3.044436;0.678914;0.437933;2.278999
1402.61;682;695;3.000000;0.802732;0.000530;1.425958;4.806977;1.784093;6.696362;9.539208;3.443357;3.771602;0.472714;2.425537
1404.41;683;696;3.000000;0.746781;0.000336;1.535218;4.969026;1.790289;6.458607;9.384947;3.499226;3.903973;0.484361;2.217020
1406.21;684;697;3.000000;1.061893;0.000585;0.898274;3.865340;1.312685;6.764786;10.206894;3.616495;4.670942;0.482508;2.723894
1408.01;685;698;3.000000;0.913659;0.000323;1.149026;4.186687;1.640187;6.656177;9.395714;3.552091;2.966848;0.485160;2.303019
1409.81;686;699;3.000000;0.799359;0.000501;1.379124;4.681517;1.723743;6.513657;9.463590;3.612993;2.349360;0.481840;2.325776
1411.61;687;700;3.000000;0.843185;0.000472;1.118175;4.452265;1.474977;6.536297;9.056089;3.501571;3.358050;0.478667;1.825314
1413.41;688;701;3.000000;0.843997;0.000345;1.204125;4.450164;1.589984;6.535462;9.323192;3.540951;3.381756;0.480072;1.649718
1415.21;689;702;3.000000;0.864873;0.000363;1.120014;4.356034;1.514761;6.556371;9.352079;3.538065;3.877031;0.480950;2.157253
1417.01;690;703;3.000000;0.965073;0.000560;1.118214;4.263352;1.397501;6.604345;9.805606;3.606725;4.996910;0.486708;1.880871
1418.81;691;704;3.000000;0.735207;0.000373;1.621480;4.918251;1.865155;6.293704;7.904234;3.291929;1.392255;0.454078;1.685236
1420.61;692;705;3.000000;0.792931;0.000528;1.589530;4.603441;1.972164;6.356580;8.256105;3.168740;3.366458;0.449168;1.767034
1422.41;693;706;3.000000;0.889908;0.000350;1.504467;4.092777;2.093611;6.341117;9.209520;3.318232;5.602964;0.460642;2.342834
1424.21;694;707;3.000000;0.887505;0.000511;1.651364;4.111838;2.292604;6.355288;9.341436;3.376064;5.872130;0.458774;2.231933
1426.01;695;708;3.000000;0.908376;0.000311;1.739105;4.012003;2.470029;6.345372;9.191515;3.399054;5.241073;0.453565;2.372061
1427.81;696;709;3.000000;0.935732;0.000403;1.797183;3.894535;2.629832;6.345471;9.596372;3.375740;5.996216;0.456841;2.157407
1429.61;697;710;3.000000;0.930027;0.000455;2.433454;3.858100;3.539293;6.247800;9.303684;3.239058;5.496031;0.441134;2.537912
1431.41;698;711;3.000000;0.882141;0.000503;2.958342;3.942471;4.080033;6.052402;9.343403;3.210026;6.159638;0.431134;2.717716
1433.21;699;712;3.000000;0.841048;0.000448;2.994582;4.001159;3.934589;5.851916;8.546871;3.012446;5.009552;0.407814;2.681474
1435.01;700;713;3.000000;1.043723;0.000595;2.040143;3.339981;3.330747;6.070409;9.236854;3.394787;5.018238;0.444792;1.858785
1436.81;701;714;3.000000;0.982448;0.000538;1.455795;3.820360;2.347791;6.083111;10.146365;3.536058;7.414593;0.474577;2.435366
1438.61;702;715;3.000000;1.087328;0.000579;1.574127;3.319932;2.674278;6.279049;9.935460;3.591949;4.986659;0.483080;2.171694
1440.41;703;716;4.000000;0.596978;0.000247;5.164303;5.855210;4.821554;6.087101;8.943171;3.046007;4.096506;0.426279;2.791779
1442.21;704;717;4.000000;0.540750;0.000378;6.918672;6.263759;5.508128;5.761808;9.782103;2.931200;6.701114;0.400013;3.401331
1444.01;705;718;3.000000;0.579942;0.000254;5.554186;5.977977;5.007768;6.027148;8.009696;2.878131;2.588433;0.398946;2.302073
1445.81;706;719;3.000000;0.607900;0.000383;5.772293;5.583224;5.488681;5.910222;8.410867;2.890626;3.758109;0.386662;2.442315
1447.61;707;720;3.000000;0.552195;0.000368;6.205371;6.038017;5.359558;5.806750;8.272678;2.784395;4.836342;0.370934;2.835491
1449.41;708;721;3.000000;0.553222;0.000478;6.426285;6.069126;5.556653;5.841087;8.735452;2.890121;5.584102;0.388651;2.694358
1451.21;709;722;3.000000;0.596430;0.000328;6.245418;5.598125;5.826787;5.814230;8.439155;2.751108;4.615909;0.381784;2.312150
1453.01;710;723;3.000000;0.608745;0.000329;6.588582;5.483960;6.267068;5.808183;8.563334;2.778271;5.395760;0.387471;2.884153
1454.81;711;724;3.000000;0.537455;0.000293;9.232915;5.618566;7.756975;5.257672;7.455876;2.602072;2.547049;0.370263;2.007965
1456.61;712;725;3.000000;0.501204;0.000242;13.902265;5.628475;10.190785;4.926091;8.328933;2.381755;6.177323;0.340147;2.788327
1458.41;713;726;3.000000;0.881696;0.000538;2.736551;4.083955;3.695240;6.217220;9.220003;3.272576;3.858139;0.445324;2.463619
1460.21;714;727;4.000000;0.494510;0.000592;10.376656;5.696974;8.153008;4.872199;8.797354;2.716935;4.481378;0.374650;3.040908
1462.01;715;728;4.000000;0.540946;0.000519;11.417672;5.138808;9.651075;4.839044;7.801545;2.496862;3.898632;0.351633;2.283511
1463.81;716;729;4.000000;0.458207;0.000323;10.438846;6.423971;7.680547;4.937680;8.677666;2.646723;5.390111;0.377202;3.204195
1465.61;717;730;3.000000;0.541932;0.000466;9.556534;5.619642;8.100027;5.302059;7.607930;2.563688;2.348111;0.358158;2.999450
1467.41;718;731;4.000000;0.584823;0.000173;9.140736;5.090899;8.343868;5.173284;7.716855;2.622097;2.155887;0.370907;2.326360
1469.21;719;732;4.000000;0.459912;0.000514;15.110940;5.687594;10.871589;4.555574;6.493065;2.176023;0.960468;0.317208;2.145058
1471.01;720;733;4.000000;0.497521;0.000317;14.890329;5.188865;11.583643;4.495185;7.247774;2.092353;3.316169;0.310795;2.601287
1472.81;721;734;4.000000;0.505299;0.000531;14.187235;5.295637;11.194379;4.654314;6.294405;2.162833;0.663592;0.315584;2.796488
1474.61;722;735;4.000000;0.483305;0.000383;13.956388;5.697278;10.537048;4.788818;7.054793;2.329099;2.760565;0.328853;2.044199
1476.41;723;736;4.000000;0.467456;0.000460;14.078184;5.772944;10.302265;4.691321;7.548622;2.311497;4.470384;0.333122;3.368853
1478.21;724;737;4.000000;0.527365;0.000421;11.145629;5.336676;9.191966;4.900928;7.109809;2.498872;1.840999;0.353092;2.228772
1480.01;725;738;4.000000;0.423716;0.000313;16.443013;6.904473;10.621592;4.799233;6.590975;2.200749;0.000100;0.345864;2.332355
1481.81;726;739;4.000000;0.423593;0.000393;13.030122;8.113225;7.862424;5.482340;8.352753;2.471591;4.354337;0.383182;2.375895
1483.61;727;740;4.000000;0.529570;0.000481;8.334097;6.089846;6.937510;5.597329;8.111180;2.643723;2.548249;0.369495;2.790935
1485.41;728;741;4.000000;0.919378;0.000308;6.843636;6.064549;5.493829;6.289229;8.560886;2.951297;1.397940;0.395856;2.766209
1487.21;729;742;4.000000;0.421410;0.000289;6.876267;7.815102;4.639924;5.620161;9.035969;2.935566;3.918873;0.389144;2.856745
1489.01;730;743;5.000000;0.574690;0.000744;5.123819;4.525556;4.596404;4.519944;6.997678;3.042745;1.042848;0.311247;2.024003
1490.81;731;744;7.000000;0.578433;0.000984;4.081052;4.002100;3.692358;4.031320;6.279033;3.365547;4.561839;0.308063;1.436706
1492.61;732;745;7.000000;0.564769;0.000868;4.263967;4.185501;3.766633;4.115895;6.408089;3.388998;3.116937;0.313792;1.600043
1494.41;733;746;7.000000;0.554822;0.000698;4.468007;4.468785;3.876176;4.315291;6.735656;3.371655;3.128149;0.295203;1.462031
1496.21;734;747;7.000000;0.572175;0.000678;4.783087;4.593647;4.266291;4.561914;6.926180;3.345314;3.762552;0.309987;1.852135
1498.01;735;748;7.000000;0.560992;0.000492;5.551720;5.304350;4.866783;5.179214;7.124819;3.157584;2.830929;0.347605;1.762745
1499.81;736;749;6.000000;0.514648;0.000466;7.002319;6.283255;5.637320;5.630980;7.652242;2.921263;2.715775;0.370412;2.711386
1501.61;737;750;6.000000;0.481399;0.000375;7.488715;6.861275;5.637485;5.749968;7.559579;2.851640;2.236707;0.377474;2.541681
1503.41;738;751;6.000000;0.487256;0.000399;7.550713;6.841631;5.747175;5.797186;7.832407;2.786587;3.425955;0.382219;2.636292
1505.21;739;752;6.000000;0.474788;0.000265;8.163145;6.987392;6.059452;5.776244;7.656871;2.700874;2.664804;0.377942;2.291680
1507.01;740;753;4.000000;0.451007;0.000440;8.998533;7.268411;6.344475;5.705600;6.633457;2.720300;0.000100;0.385467;2.029639
1508.81;741;754;4.000000;0.459992;0.000364;8.690664;7.178840;6.253726;5.750861;6.860710;2.703670;0.000100;0.381240;2.282512
1510.61;742;755;4.000000;0.468537;0.000234;12.668501;6.819267;9.205051;5.483083;8.276149;2.361409;5.423653;0.344651;3.443066
1512.41;743;756;4.000000;0.657790;0.000269;9.513226;5.752818;7.390550;5.787556;6.455631;2.242255;0.000100;0.361898;2.906567
1514.21;744;757;5.000000;0.465054;0.000615;9.234964;5.524594;6.711553;4.470349;5.706323;2.578637;0.000100;0.357667;2.067053
1516.01;745;758;5.000000;0.431111;0.000250;9.115424;7.355977;6.276425;5.107029;7.383512;2.547410;1.654358;0.384864;3.101650
1517.81;746;759;4.000000;0.591728;0.000605;5.225380;4.788601;4.835924;4.932975;6.487773;3.127520;0.000100;0.336185;1.564023
1519.61;747;760;4.000000;0.671220;0.000432;5.304032;4.866156;5.563692;5.681496;7.210236;3.011358;0.000100;0.372574;2.193022
1521.41;748;761;4.000000;0.630124;0.000410;5.731883;4.979141;5.641002;5.461498;7.127095;3.010260;0.725271;0.362774;1.986267
1523.21;749;762;4.000000;0.682112;0.000417;5.372322;4.734584;5.729978;5.621665;7.269515;2.964820;0.000100;0.364259;1.621929
1525.01;750;763;4.000000;0.592800;0.000344;5.589609;5.753350;5.172039;5.926625;7.246866;2.933511;0.384808;0.384952;2.308568
1526.81;751;764;4.000000;0.530461;0.000454;7.141336;5.354999;5.882348;4.935461;6.842067;2.864521;0.000100;0.358273;2.299890
1528.61;752;765;4.000000;0.505645;0.000264;6.672716;6.511270;5.276624;5.730337;6.468458;2.786339;0.000100;0.372045;1.303016
1530.41;753;766;5.000000;0.506996;0.000590;6.517538;6.441960;5.165619;5.682338;6.708092;2.770286;0.000100;0.368022;2.073999
1532.21;754;767;5.000000;0.511487;0.000312;6.970289;6.407156;5.568672;5.702542;7.506570;2.806658;1.576405;0.389283;2.525982
1534.01;755;768;4.000000;0.499846;0.000273;7.225198;6.665507;5.641296;5.793987;7.156078;2.840467;0.323053;0.380425;2.305049
1535.81;756;769;4.000000;0.539507;0.000381;6.257543;5.879635;5.283648;5.494855;7.805607;2.910274;2.414282;0.369988;2.400237
1537.61;757;770;4.000000;0.489514;0.000241;7.314694;6.861993;5.589839;5.838739;7.492853;2.825551;0.950637;0.376162;2.091357
1539.41;758;771;4.000000;0.460923;0.000173;7.270592;7.435195;5.251567;5.955715;8.128214;2.701872;0.725441;0.369399;3.096662
1541.21;759;772;4.000000;0.465948;0.000173;7.154574;7.347501;5.236222;5.943232;8.596392;2.777840;3.520775;0.374824;3.268095
1543.01;760;773;4.000000;0.505880;0.000422;9.092967;6.031471;7.192058;5.310513;7.268665;2.641981;0.000100;0.354112;2.357526
1544.81;761;774;4.000000;0.446000;0.000173;6.558739;7.949354;4.699783;5.906414;7.853851;2.746062;0.000100;0.386778;2.868107
1546.61;762;775;4.000000;0.448273;0.000173;7.053739;7.581346;4.997105;5.883810;7.876590;2.875697;0.918971;0.382366;2.510864
1548.41;763;776;5.000000;0.481206;0.000533;13.562695;5.365722;10.209981;4.496777;6.194270;2.255845;0.000100;0.318929;2.366349
1550.21;764;777;5.000000;0.407111;0.000173;17.548168;6.161364;11.175994;4.368505;6.147588;2.071536;0.000100;0.316418;2.108399
1552.01;765;778;5.000000;0.429319;0.000375;17.956886;5.781286;12.060194;4.322682;6.281471;1.984213;2.029828;0.309341;2.671802
1553.81;766;779;5.000000;0.414701;0.000470;17.501557;6.087072;11.313762;4.380835;6.294614;2.087661;2.634579;0.308462;2.345927
1555.61;767;780;5.000000;0.416082;0.000266;17.257357;6.212318;11.182744;4.483287;6.099599;2.168075;0.737331;0.323745;2.283163
1557.41;768;781;4.000000;0.389408;0.000346;14.670330;7.020666;8.950956;4.759353;7.422271;2.559004;2.840074;0.351866;2.188319
1559.21;769;782;4.000000;0.381478;0.000411;18.697730;6.634337;11.156129;4.406893;6.295994;2.207877;1.249441;0.323181;2.329709
1561.01;770;783;4.000000;0.451110;0.000330;10.989839;6.766044;7.729912;5.315186;6.717250;2.514314;0.668536;0.355290;2.023569
1562.81;771;784;5.000000;0.375462;0.000435;16.057040;7.295371;9.670994;4.662070;7.371249;2.301366;3.500052;0.339077;1.988032
1564.61;772;785;5.000000;0.387962;0.000275;17.238440;6.696408;10.524222;4.450583;7.398515;2.303021;3.640862;0.323736;2.681047
1566.41;773;786;5.000000;0.396356;0.000173;17.641134;6.397594;10.930022;4.407879;5.939974;2.161817;0.000100;0.298101;1.867435
1568.21;774;787;5.000000;0.425518;0.000318;16.004044;6.062324;10.641557;4.488869;6.224521;2.105548;2.283562;0.315500;2.655891
1570.01;775;788;5.000000;0.454013;0.000462;13.281182;5.995093;9.432964;4.740423;6.255870;2.214306;2.100471;0.331599;2.907968
1571.81;776;789;5.000000;0.478694;0.000614;11.825767;5.825249;8.854489;4.855474;5.801225;2.154939;0.000100;0.326250;1.387378
1573.61;777;790;5.000000;0.490942;0.000466;12.008819;5.682364;9.216027;4.854494;6.577107;2.214782;2.898101;0.326564;2.092851
1575.41;778;791;5.000000;0.478291;0.000173;12.084895;5.845639;9.042247;4.869306;6.233626;2.190269;2.824131;0.325817;2.386690
1577.21;779;792;4.000000;0.497158;0.000366;9.628525;6.044299;7.482677;5.229978;6.480997;2.486667;0.847700;0.354742;1.894562
1579.01;780;793;4.000000;0.500002;0.000513;8.867149;5.921816;6.933251;5.154002;6.649998;2.662470;1.543351;0.354061;2.349546
1580.81;781;794;4.000000;0.445676;0.000173;11.809008;6.597672;8.232029;5.120812;6.553271;2.331459;2.932969;0.344010;2.301779
1582.61;782;795;4.000000;0.449664;0.000239;11.839264;6.582065;8.320900;5.150555;6.279024;2.293753;1.538593;0.344545;2.165736
1584.41;783;796;4.000000;0.437471;0.000173;10.803879;6.912886;7.367252;5.094945;7.384404;2.341977;4.677277;0.339207;2.925753
1586.21;784;797;4.000000;0.475315;0.000270;10.344529;6.199292;7.689138;5.128247;6.633642;2.446350;2.173830;0.347608;1.900832
1588.01;785;798;4.000000;0.449503;0.000318;12.411687;6.410024;8.724880;5.016686;6.375322;2.190068;3.048807;0.337788;2.155667
1589.81;786;799;4.000000;0.417812;0.000352;12.201108;6.934196;7.994955;4.970440;6.997868;2.248786;4.746421;0.346774;2.412076
1591.61;787;800;5.000000;0.463444;0.000173;11.384508;6.249544;8.253279;5.044146;6.166265;2.118067;0.919505;0.331493;2.269763
1593.41;788;801;5.000000;0.454200;0.000307;11.406581;6.379835;8.096897;5.043442;6.471039;2.163979;3.522712;0.333411;2.594472
1595.21;789;802;5.000000;0.481249;0.000436;10.378832;6.178272;7.803650;5.169982;6.480547;2.151699;2.091857;0.334367;1.758880
1597.01;790;803;5.000000;0.461692;0.000461;10.884929;6.441726;7.861781;5.179732;6.782941;2.173166;3.320795;0.344742;2.262141
1598.81;791;804;5.000000;0.464669;0.000240;9.006042;6.603870;6.545713;5.343887;5.883643;2.397284;0.000100;0.369675;1.712661
1600.61;792;805;5.000000;0.417630;0.000261;9.326269;7.516122;6.195174;5.305256;6.729653;2.536417;2.195108;0.374578;2.084137
1602.41;793;806;5.000000;0.454683;0.000477;9.079817;6.804541;6.448093;5.380904;6.473244;2.459104;1.167989;0.380812;2.088256
1604.21;794;807;5.000000;0.452818;0.000247;10.308936;6.600382;7.301869;5.202799;6.355384;2.399385;0.866281;0.355410;2.244645
1606.01;795;808;5.000000;0.432141;0.000390;9.288186;7.098742;6.276806;5.340792;6.531524;2.403526;1.898847;0.377173;1.907755
1607.81;796;809;5.000000;0.427856;0.000173;8.627596;7.361945;5.772349;5.483023;6.534272;2.530252;2.039326;0.379585;2.093127
1609.61;797;810;5.000000;0.447491;0.000354;10.670331;6.672928;7.300316;5.097185;7.473783;2.544084;3.490451;0.388632;2.106656
1611.41;798;811;5.000000;0.428671;0.000472;11.564347;7.062603;7.381079;5.261016;7.330719;2.359713;4.314701;0.375960;2.745680
1613.21;799;812;4.000000;0.466208;0.000312;6.227396;6.996373;4.527937;5.675430;7.906308;2.648857;5.289713;0.386238;3.152611
1615.01;800;813;4.000000;0.475487;0.000254;5.687340;7.079300;4.176074;5.843109;7.951813;2.600995;5.516778;0.382701;2.891540
1616.81;801;814;4.000000;0.451960;0.000257;5.251514;7.395813;3.716211;5.822305;8.041848;2.629121;5.363300;0.386454;3.085331
1618.61;802;815;4.333333;0.565237;0.000387;4.121000;6.147932;3.651593;6.039740;6.946513;2.585448;1.424383;0.397409;2.777355
1620.41;803;816;5.000000;0.507645;0.000289;4.035963;6.866039;3.205328;6.069842;7.098931;2.642443;1.698869;0.404402;2.581560
1622.21;804;817;5.000000;0.350533;0.000351;;;2.707857;6.170357;4.336843;2.669301;0.000067;0.399987;1.652616
1624.01;805;818;5.000000;0.533731;0.000481;3.538753;6.585259;2.954716;6.121361;6.554311;2.641658;0.000100;0.401308;1.805574
1625.81;806;819;5.000000;0.537880;0.000419;3.934504;6.508802;3.309936;6.095648;6.725230;2.619417;0.615213;0.391592;2.136615
1627.61;807;820;5.000000;0.584513;0.000381;3.829981;5.982020;3.504239;6.085426;7.128412;2.657635;1.775871;0.392659;2.071479
1629.41;808;821;5.000000;0.568372;0.000386;3.955629;6.105796;3.516620;6.042567;6.881225;2.621470;0.000100;0.393463;1.865584
1631.21;809;822;5.000000;0.542934;0.000173;4.102173;6.377732;3.477043;6.016416;6.946375;2.610048;1.176743;0.396324;1.828746
1633.01;810;823;5.000000;0.632248;0.000501;3.716872;5.385147;3.676255;5.929638;7.109545;2.719210;2.657312;0.399434;2.512424
1634.81;811;824;5.000000;0.582426;0.000341;5.071649;5.543182;4.611405;5.613916;6.618968;2.559719;2.172436;0.370779;2.743023
1636.61;812;825;4.000000;0.569967;0.000232;5.192106;5.664422;4.622006;5.617374;6.409565;2.496151;1.821061;0.369010;2.422586
1638.41;813;826;6.000000;0.525918;0.000292;6.566870;6.040384;5.398732;5.528244;5.828667;2.440917;0.425323;0.367918;2.064219
1640.21;814;827;6.000000;0.559815;0.000319;6.350231;5.614055;5.560896;5.473075;6.257107;2.434446;2.109579;0.376720;2.247717
1642.01;815;828;6.000000;0.601331;0.000246;5.508516;5.320576;5.181439;5.571780;6.569760;2.436255;3.222935;0.379869;2.630227
1643.81;816;829;6.000000;0.585855;0.000323;5.151046;5.679160;4.720296;5.794077;6.702407;2.411027;2.223685;0.390914;2.326906
1645.61;817;830;6.000000;0.600393;0.000473;4.520263;5.685622;4.245334;5.944806;7.032588;2.477239;3.971739;0.401444;2.783176
1647.41;818;831;6.000000;0.629906;0.000319;3.997551;5.448370;3.938872;5.976789;7.252838;2.529982;3.863318;0.400022;3.460432
1649.21;819;832;6.000000;0.640769;0.000173;3.913062;5.341302;3.921857;5.958351;6.644762;2.448891;1.502280;0.386735;2.968102
1651.01;820;833;6.000000;0.616895;0.000546;4.410262;5.274879;4.233495;5.639795;6.505475;2.568265;0.000100;0.372102;2.386821
1652.81;821;834;5.000000;0.670297;0.000303;3.422916;4.764077;3.588240;5.557671;6.803820;2.649023;0.000100;0.424921;2.508420
1654.61;822;835;5.000000;0.662381;0.000173;3.413421;4.858537;3.536206;5.595817;6.295271;2.635112;0.000100;0.416322;1.546035
1656.41;823;836;6.000000;0.500060;0.000173;5.079108;7.269133;3.973318;6.330602;5.471932;2.073000;0.000100;0.736505;2.328706
1658.21;824;837;6.000000;0.486626;0.000356;5.429888;7.988709;4.132872;6.768237;6.337079;2.064310;0.000100;0.861601;2.245166
1660.01;825;838;11.000000;0.465766;0.000173;5.651884;8.686833;4.117568;7.045740;6.675123;2.021328;0.000100;0.936088;2.816440
1661.81;826;839;6.000000;0.492826;0.000173;5.285870;8.048911;4.070645;6.902597;6.664882;2.025524;0.000100;0.924466;2.603864
1663.61;827;840;6.000000;0.453031;0.000296;5.657956;8.756404;4.007955;6.907129;6.896336;1.998313;0.000100;0.930252;2.641920
1665.41;828;841;6.000000;0.467066;0.000173;5.890113;8.474414;4.299571;6.887054;6.850468;2.041041;0.000100;0.908956;2.874103
1667.21;829;842;6.000000;0.516043;0.000429;6.109760;7.041916;4.932125;6.328251;6.954409;2.145308;0.000100;0.749464;2.951662
1669.01;830;843;6.000000;0.545698;0.000411;5.208771;5.504144;4.438860;5.225007;6.799130;2.320584;0.000100;0.557201;2.401061
1670.81;831;844;5.000000;0.670683;0.000614;6.121256;4.155098;6.420529;4.852652;5.808977;2.541464;0.000100;0.473251;1.451727
1672.61;832;845;5.000000;0.672854;0.000525;6.758979;4.010161;7.114340;4.699289;6.226716;2.518184;0.000100;0.453758;2.418086
1674.41;833;846;5.000000;0.928797;0.000376;4.734238;2.795179;6.870977;4.519006;6.292772;2.592058;2.193709;0.401868;2.057870
1676.21;834;847;5.000000;1.039125;0.000594;2.714837;2.656413;4.405839;4.804038;6.278678;2.794920;2.789548;0.399182;2.535895
1678.01;835;848;3.750000;1.068233;0.000263;2.136578;2.697926;3.567376;5.017048;6.375229;2.722578;3.540526;0.406101;2.618081
1679.81;836;849;3.000000;1.096042;0.000281;2.093620;2.585217;3.589692;4.933914;6.757046;2.835469;4.061982;0.411040;2.256542
1681.61;837;850;3.000000;0.939125;0.000611;2.469642;3.065294;3.621521;5.007109;6.280724;2.645398;3.235369;0.410418;2.583174
1683.41;838;851;3.000000;1.005767;0.000570;2.006347;2.865562;3.145406;4.999066;6.512191;2.761748;4.509387;0.410640;2.323380
1685.21;839;852;3.000000;0.889048;0.000333;2.651036;3.232387;3.685786;5.004134;6.658207;2.657383;5.201558;0.413841;2.641875
1687.01;840;853;3.000000;0.900015;0.000357;2.237655;3.190468;3.148246;5.000121;6.922284;2.707053;5.800871;0.423163;2.792721
1688.81;841;854;3.000000;0.739814;0.000407;3.234557;3.720919;3.741161;4.790603;6.327256;2.464363;4.250241;0.397626;2.485503
1690.61;842;855;3.000000;0.610274;0.000570;4.329257;4.293214;4.131357;4.559973;5.781585;2.388672;5.296974;0.355916;2.154813
1692.41;843;856;3.000000;0.555748;0.000173;6.227610;4.573604;5.413921;4.426178;5.478459;2.197874;3.779776;0.340718;2.158167
1694.21;844;857;3.000000;0.489507;0.000363;8.121774;5.078626;6.215870;4.326122;5.416938;2.054962;4.097475;0.320349;1.801909
1696.01;845;858;3.000000;0.439643;0.000406;9.886141;5.564240;6.798719;4.258758;5.454959;2.018530;5.288154;0.319983;2.302253
1697.81;846;859;3.000000;0.398969;0.000173;11.110416;6.098856;6.934093;4.237806;5.347775;1.970526;5.372700;0.315314;2.142921
1699.61;847;860;6.000000;0.368301;0.000173;13.520083;6.731329;7.785261;4.314547;5.716841;1.924315;8.371129;0.313495;2.746111
1701.41;848;861;6.000000;0.330787;0.000173;14.815384;7.557192;7.664446;4.352717;5.352105;1.812914;8.278343;0.310927;2.910575
1703.21;849;862;6.000000;0.350664;0.000173;14.332376;6.950578;7.861902;4.244399;6.543825;1.916881;12.766388;0.317073;3.148807
1705.01;850;863;6.000000;0.337218;0.000239;15.269777;7.198359;8.051033;4.223994;6.600067;1.902675;13.432458;0.322411;3.463743
1706.81;851;864;6.000000;0.329179;0.000173;13.712591;6.941310;7.061150;3.979160;5.569097;1.819731;9.436946;0.307910;2.793831
1708.61;852;865;6.000000;0.320660;0.000384;11.782484;7.266560;5.909975;4.057855;5.272434;1.767029;8.011276;0.299622;2.535194
1710.41;853;866;6.000000;0.323086;0.000173;10.086782;7.496748;5.098058;4.218174;5.402767;1.861715;7.549896;0.314873;2.835843
1712.21;854;867;6.000000;0.343586;0.000262;7.338051;7.293657;3.940946;4.360422;5.336782;1.925538;7.441993;0.324885;2.493887
1714.01;855;868;6.000000;0.372283;0.000173;6.672535;6.580071;3.885935;4.266281;5.418929;2.089266;7.484550;0.308234;2.483825
1715.81;856;869;6.000000;0.418047;0.000483;5.497545;5.376348;3.587070;3.905022;5.889304;2.919751;5.861108;0.290522;2.044703
1717.61;857;870;11.000000;0.836120;0.000740;2.890980;2.494502;3.781439;3.632499;5.782576;2.547948;47.157566;0.316616;1.081128
1719.41;858;871;11.000000;0.654550;0.000813;1.873879;2.877948;1.911174;3.262129;5.509154;2.507258;22.478741;0.277611;1.088474
1721.21;859;872;11.000000;0.648300;0.000724;2.209402;3.101657;2.229564;3.495614;5.413698;2.516469;0.000100;0.324192;0.759347
1723.01;860;873;7.000000;0.409538;0.000519;7.616910;6.360978;4.876148;4.533596;5.252530;1.906923;4.114642;0.299396;2.012289
1724.81;861;874;7.000000;0.422088;0.000323;8.586622;5.996421;5.669966;4.407808;5.251437;1.668211;6.304141;0.303303;2.466490
1726.61;862;875;7.000000;0.434167;0.000243;8.221195;5.866692;5.579341;4.434173;6.076201;1.915555;9.768879;0.329262;3.408321
1728.41;863;876;7.000000;0.466455;0.000387;7.741267;5.057507;5.647844;4.108065;5.726055;1.789091;9.728821;0.319989;3.095565
1730.21;864;877;7.000000;0.419075;0.000402;8.555334;5.364852;5.605456;3.913540;5.589810;1.755941;9.601837;0.314323;2.802802
1732.01;865;878;7.000000;0.383985;0.000173;8.729809;6.074849;5.243754;4.062014;5.347860;1.794301;7.780728;0.319427;2.744600
1733.81;866;879;5.000000;0.371607;0.000173;6.313615;6.930252;3.670336;4.485248;5.552009;2.106646;5.252909;0.394142;2.121146
1735.61;867;880;5.000000;0.404323;0.000322;4.811168;6.484111;3.035424;4.558248;5.773352;2.171388;6.113974;0.392660;2.358185
1737.41;868;881;5.000000;0.399765;0.000173;5.035277;6.642954;3.134011;4.608217;5.468447;2.150673;5.301990;0.378703;2.036641
1739.21;869;882;5.000000;0.396869;0.000173;6.539428;6.525001;4.059007;4.509047;5.472603;2.110443;5.907535;0.348566;2.303861
1741.01;870;883;5.000000;0.422547;0.000433;7.005507;6.035626;4.619199;4.433080;5.455523;2.038326;5.745811;0.343686;2.408836
1742.81;871;884;6.000000;0.382833;0.000241;7.547251;6.756279;4.519798;4.504612;5.036710;2.028910;3.902220;0.334468;2.504705
1744.61;872;885;6.000000;0.402945;0.000245;7.223009;6.366054;4.552221;4.466953;5.557314;2.247140;5.010401;0.346419;2.574523
1746.41;873;886;6.000000;0.412135;0.000265;7.369311;6.239701;4.751160;4.478663;5.617921;2.248372;6.203359;0.332393;2.635782
1748.21;874;887;6.000000;0.405034;0.000309;8.117244;6.687358;5.138482;4.711597;5.655122;2.181306;5.837126;0.329683;2.750677
1750.01;875;888;6.000000;0.410953;0.000229;9.276882;6.331546;5.962745;4.530130;5.925066;2.128543;7.460032;0.343525;3.282631
1751.81;876;889;6.000000;0.402348;0.000338;9.691294;6.452556;6.099345;4.521046;5.880093;2.041582;7.783706;0.348065;3.019677
1753.61;877;890;6.000000;0.408468;0.000414;8.992967;6.544767;5.744827;4.654673;6.473605;2.234169;9.232901;0.351134;3.321286
1755.41;878;891;6.000000;0.411188;0.000266;8.136321;6.734601;5.231195;4.821031;6.862091;2.395791;12.037695;0.352082;3.781557
1757.21;879;892;6.000000;0.400875;0.000238;8.009945;6.740318;5.022879;4.705493;6.602363;2.336543;9.893780;0.340306;3.563426
1759.01;880;893;6.000000;0.385175;0.000173;9.012641;6.781374;5.429652;4.549000;7.092350;2.139612;13.260570;0.326921;4.618786
1760.81;881;894;6.000000;0.425071;0.000173;9.183985;5.818337;6.093342;4.297650;6.452418;2.187942;11.284307;0.324885;3.743419
1762.61;882;895;6.000000;0.440545;0.000365;9.572536;5.748894;6.595887;4.411132;6.540014;2.208299;11.156014;0.339069;3.733486
1764.41;883;896;6.000000;0.437298;0.000470;9.667210;5.677426;6.612509;4.323329;4.465895;2.048201;1.741164;0.318451;2.124368
1766.21;884;897;6.000000;0.394230;0.000232;9.996170;6.249934;6.162386;4.290134;4.947676;1.940884;4.077646;0.307453;2.241052
1768.01;885;898;5.000000;0.451366;0.000173;9.917482;5.268384;7.001620;4.139817;4.850006;1.701917;4.641128;0.291093;2.542614
1769.81;886;899;5.000000;0.432513;0.000423;10.780782;5.086545;7.294306;3.831538;4.905102;1.687886;6.135708;0.295895;2.521838
1771.61;887;900;5.000000;0.442577;0.000173;11.903716;5.024061;8.241610;3.872408;4.825866;1.650065;6.747332;0.290933;2.852490
1773.41;888;901;5.000000;0.435959;0.000173;12.152121;5.250800;8.270203;3.980481;4.784534;1.675100;6.457422;0.291067;2.124010
1775.21;889;902;5.000000;0.428140;0.000173;12.190088;5.331311;8.165342;3.973842;5.004681;1.654330;6.703181;0.286306;2.921168
1777.01;890;903;5.000000;0.405358;0.000173;12.077678;5.717108;7.657821;4.035951;4.777053;1.624662;6.601313;0.278124;2.302500
1778.81;891;904;5.000000;0.379565;0.000173;10.785803;6.116108;6.400832;4.041397;4.729029;1.710884;5.712298;0.313268;2.667407
1780.61;892;905;5.000000;0.364250;0.000393;8.774499;6.780629;4.994443;4.299374;4.795586;1.881030;4.712147;0.348154;2.224581
1782.41;893;906;5.000000;0.370440;0.000173;6.510937;6.811661;3.770114;4.389582;5.015764;2.070167;4.056931;0.378197;1.887194
1784.21;894;907;5.000000;0.368113;0.000173;6.638750;6.915674;3.820545;4.431829;5.264141;2.095245;5.280948;0.380810;2.682966
1786.01;895;908;6.000000;0.368971;0.000274;6.197339;7.162263;3.575740;4.600264;5.645984;2.246558;5.784221;0.391655;2.323861
1787.81;896;909;6.000000;0.387027;0.000173;6.923095;6.501881;4.191645;4.382611;5.409498;2.105759;4.755139;0.357790;2.468884
1789.61;897;910;6.000000;0.391002;0.000306;8.635076;6.164815;5.281122;4.197500;5.195768;1.928009;5.287355;0.333204;2.505759
1791.41;898;911;6.000000;0.408904;0.000173;8.768855;5.762671;5.609281;4.103912;5.237534;1.884720;6.295522;0.333244;2.601151
1793.21;899;912;6.000000;0.400991;0.000173;6.551916;6.431170;4.104563;4.488714;5.553003;2.133904;5.984581;0.362805;2.490185
1795.01;900;913;6.000000;0.371780;0.000173;5.510762;7.078129;3.205114;4.583066;5.658363;2.146915;5.843409;0.385086;2.679020
1796.81;901;914;6.000000;0.371668;0.000326;8.616292;6.546279;5.009662;4.237268;5.487856;1.973123;7.749739;0.370501;2.693835
1798.61;902;915;6.000000;0.391377;0.000173;10.629745;6.013629;6.508269;4.098480;5.362209;1.805977;8.008829;0.330818;3.195866
1800.41;903;916;6.000000;0.413221;0.000173;12.931479;5.255285;8.359214;3.782093;4.828125;1.569741;8.472373;0.285686;2.086038
1802.21;904;917;6.000000;0.406300;0.000173;14.025867;5.619302;8.909583;3.974959;5.087243;1.597113;8.410675;0.283978;2.820712
1804.01;905;918;6.000000;0.434951;0.000496;13.697360;5.230157;9.320319;3.961146;5.320377;1.595013;9.063089;0.281211;3.357279
1805.81;906;919;6.000000;0.447116;0.000173;14.191733;4.846538;9.925419;3.772825;4.208852;1.444556;5.572896;0.260308;1.978406
1807.61;907;920;6.000000;0.382273;0.000311;8.149567;5.950956;4.873284;3.961856;4.592779;1.770747;5.271501;0.332749;2.252205
1809.41;908;921;6.000000;0.447142;0.000317;13.255549;4.934817;9.265430;3.839874;4.790414;1.590866;6.890947;0.286675;2.173781
1811.21;909;922;6.000000;0.475554;0.000173;11.464411;4.525976;8.526120;3.747162;4.472420;1.587116;5.709260;0.290710;2.299393
1813.01;910;923;6.000000;0.507843;0.000301;10.591028;4.415967;8.413787;3.905734;4.825681;1.742957;6.571971;0.303439;2.114410
1814.81;911;924;6.000000;0.416913;0.000267;9.571269;5.808835;6.241880;4.217093;5.409221;1.900665;7.695899;0.309348;2.690439
1816.61;912;925;6.000000;0.431715;0.000408;7.472401;6.058756;5.044731;4.554709;5.607509;2.204983;6.093266;0.302768;2.918771
1818.41;913;926;6.000000;0.420209;0.000328;8.038449;5.929063;5.282715;4.338562;5.554932;2.200906;5.652518;0.297649;2.927685
1820.21;914;927;6.000000;0.429135;0.000454;8.350043;5.586552;5.605213;4.175336;5.552415;2.093986;7.243857;0.315512;2.853827
1822.01;915;928;6.000000;0.426806;0.000341;8.737683;5.499154;5.830141;4.085109;4.181160;1.869903;0.000100;0.314079;1.745537
1823.81;916;929;6.000000;0.414066;0.000368;8.085695;6.247921;5.232748;4.502683;3.991571;1.827284;0.000100;0.325484;1.777508
1825.61;917;930;6.000000;0.415048;0.000173;7.998796;6.472705;5.183753;4.673229;4.286143;1.864182;0.000100;0.338652;2.293124
1827.41;918;931;6.000000;0.448123;0.000302;7.658758;5.829385;5.367314;4.548374;4.100161;1.839326;0.000100;0.328220;1.694209
1829.21;919;932;6.000000;0.404063;0.000173;5.866089;6.673443;3.708010;4.696257;4.082701;2.050798;0.000100;0.372716;2.048351
1831.01;920;933;6.000000;0.432463;0.000353;5.935749;6.191138;4.014187;4.662381;4.082715;1.962006;0.000100;0.376499;1.203749
1832.81;921;934;6.000000;0.407087;0.000355;6.689289;6.274929;4.259960;4.448845;4.221737;1.895751;0.000100;0.359779;1.764270
1834.61;922;935;6.000000;0.385994;0.000369;8.180970;6.574611;4.938173;4.418791;4.269482;1.812267;0.000100;0.361175;2.145572
1836.41;923;936;5.000000;0.431071;0.000173;7.529119;5.550460;5.079740;4.140562;3.303940;1.643885;0.000100;0.334329;1.297330
1838.21;924;937;5.000000;0.379739;0.000239;7.941051;6.444099;4.716490;4.260884;3.511577;1.714757;0.000100;0.345459;1.494961
1840.01;925;938;4.000000;0.393999;0.000288;7.329992;5.871209;4.524097;4.018076;2.750601;1.396549;0.000100;0.272615;0.922633
1841.81;926;939;4.000000;0.423765;0.000173;7.554984;5.241093;4.998610;3.857955;3.176810;1.446174;0.000100;0.282611;1.462936
1843.61;927;940;6.000000;0.425813;0.000319;7.785825;5.101469;5.186451;3.783205;3.406030;1.513993;0.000100;0.295568;1.377812
1845.41;928;941;6.000000;0.454559;0.000410;7.215833;4.851448;5.130969;3.840797;3.609476;1.541403;0.000100;0.287927;1.480195
1847.21;929;942;6.000000;0.438929;0.000351;6.924352;5.055318;4.753001;3.863981;3.441901;1.509366;0.000100;0.295263;1.648166
1849.01;930;943;6.000000;0.453587;0.000283;6.318441;5.110746;4.482239;4.036946;3.594004;1.568582;0.000100;0.313091;1.747027
1850.81;931;944;5.000000;0.400194;0.000290;5.849818;5.912455;3.656611;4.121318;2.560462;1.258806;0.000100;0.257807;1.017574
1852.61;932;945;5.000000;0.409196;0.000229;5.693992;5.947633;3.645972;4.236807;3.022969;1.400812;0.000100;0.271501;1.192003
1854.41;933;946;6.000000;0.429416;0.000252;6.042908;5.856013;4.060038;4.379270;3.678003;1.689344;0.000100;0.321150;1.358498
1856.21;934;947;5.000000;0.416948;0.000173;6.138159;6.109734;4.001567;4.434284;3.458738;1.650207;0.000100;0.313317;1.568945
1858.01;935;948;5.000000;0.396759;0.000331;5.658129;6.263968;3.514271;4.306552;2.854744;1.437813;0.000100;0.279636;1.148140
1859.81;936;949;5.000000;0.420043;0.000246;5.788686;6.003050;3.806187;4.378959;3.194641;1.519310;0.000100;0.292109;1.507901
1861.61;937;950;5.000000;0.439687;0.000173;5.553208;5.775281;3.816614;4.421577;3.279243;1.506895;0.000100;0.287946;1.412899
1863.41;938;951;5.000000;0.466503;0.000228;5.613536;5.685172;4.095826;4.615580;3.875222;1.848657;0.000100;0.334084;1.680772
1865.21;939;952;6.000000;0.439560;0.000173;5.030359;5.945860;3.458936;4.551843;4.114295;1.967181;0.000100;0.330965;1.611723
1867.01;940;953;6.000000;0.443680;0.000173;5.018380;5.988800;3.483536;4.626753;4.185054;2.034474;0.000100;0.343301;1.493334
1868.81;941;954;6.000000;0.435560;0.000350;5.083627;5.932382;3.463988;4.499768;4.218163;2.068616;0.000100;0.337044;1.375197
1870.61;942;955;4.000000;0.386609;0.000173;4.571294;6.450893;2.762732;4.338065;2.385661;1.444811;0.000100;0.254869;0.810325
1872.41;943;956;4.000000;0.414123;0.000173;4.868422;6.451682;3.151682;4.641245;3.672637;1.902229;0.000100;0.313489;1.464811
1874.21;944;957;5.000000;0.438027;0.000371;4.862150;6.227472;3.332241;4.749846;4.404176;2.113506;0.000100;0.351934;1.657529
1876.01;945;958;6.000000;0.437645;0.000173;6.340984;5.859652;4.339874;4.460923;4.273687;2.069239;0.000100;0.345692;1.444443
1877.81;946;959;5.000000;0.424829;0.000500;7.349433;6.315857;4.884254;4.671983;4.200098;2.113368;0.000100;0.343417;1.738779
1879.61;947;960;5.000000;0.432019;0.000246;7.169329;6.209147;4.841035;4.667228;4.352042;2.123877;0.000100;0.354511;1.535206
1881.41;948;961;4.000000;1.048210;0.000352;6.934473;1.946782;11.369128;3.550738;4.443304;1.236500;3.279808;0.321940;2.023525
1883.21;949;962;4.000000;1.042747;0.000424;6.962415;1.960573;11.354936;3.559935;4.445979;1.224054;3.761929;0.319043;1.800320
1885.01;950;963;5.000000;0.445756;0.000228;7.038163;6.058644;4.905419;4.701911;4.542694;2.098805;0.000100;0.348717;1.565128
1886.81;951;964;5.000000;0.370641;0.000311;9.107405;6.551404;5.274690;4.227822;3.058648;1.444169;0.000100;0.267652;1.278324
1888.61;952;965;5.000000;0.399603;0.000239;9.676588;6.447263;6.049014;4.486890;4.393585;1.936247;0.000100;0.341913;1.685327
1890.41;953;966;5.000000;0.433379;0.000230;8.481499;6.114885;5.746147;4.610415;4.666525;2.011534;0.000100;0.356011;1.969502
1892.21;954;967;5.000000;0.445992;0.000292;7.011831;6.021145;4.890172;4.676415;4.656362;2.092018;0.000100;0.353252;2.188497
1894.01;955;968;5.000000;0.354169;0.000173;13.736208;6.828953;7.605201;4.208614;4.190280;1.698876;0.000100;0.287050;1.454891
1895.81;956;969;5.000000;0.405098;0.000422;10.873640;6.037497;6.888216;4.259241;4.262094;1.781136;0.000100;0.289527;2.028015
1897.61;957;970;5.000000;0.336875;0.000288;;;6.634463;4.303231;2.923204;1.888900;0.000067;0.295933;1.372349
1899.41;958;971;6.000000;0.373534;0.000260;10.590202;6.613027;6.182904;4.297796;3.545827;1.846690;0.000100;0.314866;1.316600
1901.21;959;972;6.000000;0.787920;0.000410;3.703404;3.398521;4.564494;4.663298;4.392899;2.266053;0.000100;0.334989;1.641742
1903.01;960;973;5.500000;1.015749;0.000506;3.127185;2.601597;4.965683;4.597895;4.723686;2.197060;0.000100;0.347670;1.755031
1904.81;961;974;5.000000;1.153299;0.000527;1.950672;2.472290;3.519129;4.965889;5.195092;2.524464;0.000100;0.366635;1.886196
1906.61;962;975;5.000000;1.202880;0.000467;1.831154;2.363949;3.445259;4.952120;5.223195;2.620571;0.000100;0.369608;2.189297
1908.41;963;976;5.000000;1.124773;0.000605;2.493192;2.442136;4.386072;4.782918;5.262141;2.564852;0.000100;0.360788;1.968158
1910.21;964;977;5.000000;1.009844;0.000636;3.587629;2.528795;5.666055;4.446738;5.301170;2.561272;1.314634;0.358052;2.252337
1912.01;965;978;5.000000;0.918909;0.000404;4.732961;2.633380;6.802017;4.212661;5.504268;2.514730;3.154989;0.345812;2.261132
1913.81;966;979;5.000000;0.858464;0.000462;5.307362;2.780818;7.126537;4.156896;5.810058;2.612618;4.033884;0.359116;1.845184
1915.61;967;980;5.000000;0.833340;0.000423;6.323421;2.799616;8.243071;4.062999;5.436998;2.618935;2.243005;0.349984;2.160151
1917.41;968;981;5.000000;0.797952;0.000466;6.662570;2.846443;8.317500;3.955841;5.087788;2.555905;0.768152;0.337719;1.189406
1919.21;969;982;5.000000;0.833005;0.000312;6.306095;2.831209;8.213430;4.105942;5.225814;2.603570;1.024997;0.344241;1.419569
1921.01;970;983;5.000000;0.834465;0.000247;6.400260;2.796401;8.346132;4.062166;5.430319;2.590220;1.363788;0.342740;2.044132
1922.81;971;984;5.000000;0.893899;0.000353;2.334789;3.074323;3.261607;4.782259;5.192092;3.008802;0.000100;0.393065;1.508594
1924.61;972;985;5.000000;0.976550;0.000333;1.638114;2.890345;2.502103;4.915540;5.723114;3.176399;0.000100;0.399696;1.325892
1926.41;973;986;5.000000;1.009011;0.000546;1.411975;2.821087;2.228319;4.957082;5.941580;3.228928;0.000100;0.396815;1.685700
1928.21;974;987;5.000000;1.026217;0.000377;2.117918;2.698606;3.399891;4.821972;5.880455;3.112120;0.000100;0.386814;1.202491
1930.01;975;988;5.000000;0.896325;0.000387;4.593821;2.706667;6.437119;4.221739;5.568443;2.851562;2.197867;0.339313;1.336165
1931.81;976;989;5.000000;0.830523;0.000442;7.107054;2.617513;9.233576;3.785959;5.278977;2.550213;2.963845;0.299413;1.614736
1933.61;977;990;5.000000;0.722929;0.000411;9.075816;2.926304;10.263660;3.684308;5.139737;2.362576;2.789245;0.284676;1.620252
1935.41;978;991;5.000000;0.629526;0.000275;10.959009;3.355224;10.753137;3.670157;5.206709;2.244843;3.510750;0.274303;1.856040
1937.21;979;992;5.000000;0.605427;0.000309;11.287621;3.413613;10.656220;3.593909;4.876607;2.145403;2.291522;0.264272;1.058487
1939.01;980;993;5.000000;0.616634;0.000173;11.923742;3.333751;11.451585;3.569330;4.789946;1.987643;1.985482;0.249354;1.853220
1940.81;981;994;5.000000;0.583579;0.000173;12.469050;3.478918;11.372600;3.532155;4.573054;1.934824;1.380998;0.234077;1.651601
1942.61;982;995;5.000000;0.595363;0.000368;11.994854;3.437420;11.165571;3.562284;4.691772;1.925072;1.674979;0.241073;1.645444
1944.41;983;996;5.000000;0.625326;0.000173;11.359806;3.304602;11.110766;3.598448;4.859327;1.911948;2.543371;0.242493;1.705013
1946.21;984;997;5.000000;0.513789;0.000279;15.742749;3.934161;12.643998;3.517563;3.955580;1.875124;0.000100;0.230327;1.295305
1948.01;985;998;6.000000;0.485669;0.000455;6.849305;5.216861;5.203572;4.412375;4.031238;2.418331;0.000100;0.305429;0.824900
1949.81;986;999;6.000000;0.457735;0.000328;6.682112;5.686720;4.781147;4.530590;4.391095;2.490829;0.000100;0.313944;1.045346
1951.61;987;1000;6.000000;0.478556;0.000391;6.191753;5.606578;4.635092;4.672697;4.849010;2.563955;0.000100;0.327957;1.324526
1953.41;988;1001;6.000000;0.491105;0.000360;5.840064;5.441623;4.486190;4.653647;5.089524;2.594806;0.000100;0.328270;1.382937
1955.21;989;1002;6.000000;0.498425;0.000237;5.389176;5.381370;4.201648;4.671070;5.199335;2.571705;0.000100;0.318387;0.955577
1957.01;990;1003;6.000000;0.516796;0.000342;5.114909;5.253589;4.135163;4.728219;5.509349;2.670069;0.000100;0.331572;1.438108
1958.81;991;1004;6.000000;0.523427;0.000381;5.207647;5.193553;4.262579;4.733828;5.687659;2.619674;0.566961;0.319104;1.499627
1960.61;992;1005;6.000000;0.541260;0.000347;5.223755;5.135922;4.422847;4.840947;6.066025;2.646866;0.809426;0.331000;1.878515
1962.41;993;1006;6.000000;0.545641;0.000430;4.975396;5.122128;4.244318;4.865398;6.026424;2.627836;0.925316;0.322106;1.444526
1964.21;994;1007;5.000000;0.500531;0.000371;5.853014;5.873299;4.582342;5.118770;6.241709;3.145698;0.000100;0.368223;1.576562
1966.01;995;1008;5.000000;0.500752;0.000253;5.866021;5.907791;4.595164;5.152437;6.192112;3.149136;0.000100;0.371096;1.519011
1967.81;996;1009;5.000000;0.525069;0.000328;5.507844;5.489800;4.523637;5.019745;5.692863;2.861718;0.000100;0.351229;1.307713
1969.61;997;1010;5.000000;0.509947;0.000173;5.302561;5.490128;4.229070;4.874691;5.107327;2.657158;0.000100;0.324258;1.215158
1971.41;998;1011;5.000000;0.550154;0.000309;4.963528;5.064279;4.269330;4.848815;5.738502;2.643654;0.000100;0.328478;1.779496
1973.21;999;1012;6.000000;0.533440;0.000348;4.887781;5.216290;4.078116;4.845623;5.443782;2.553915;0.376934;0.314241;1.398411
1975.01;1000;1013;6.000000;0.549976;0.000320;4.585912;4.998679;3.943791;4.785760;5.782352;2.613789;2.713462;0.313121;1.656064
1976.81;1001;1014;6.000000;0.502283;0.000481;4.968626;5.532085;3.904082;4.839199;5.991713;3.033259;0.000100;0.341268;1.524932
1978.61;1002;1015;6.000000;0.502441;0.000416;4.711740;5.525751;3.703338;4.835081;6.034308;3.101789;0.000100;0.348984;1.408406
1980.41;1003;1016;6.000000;0.465512;0.000366;4.900692;5.996303;3.567423;4.859938;5.999629;3.064547;0.000100;0.344289;1.160401
1982.21;1004;1017;6.000000;0.572394;0.000461;4.331833;4.893596;3.875797;4.875614;5.817456;2.949725;0.000100;0.342638;1.181188
1984.01;1005;1018;6.000000;0.494289;0.000344;4.933959;5.621326;3.814583;4.838371;6.275259;3.115936;1.263154;0.361969;1.440454
1985.81;1006;1019;6.000000;0.493522;0.000444;4.935023;5.657242;3.809757;4.861475;6.353178;3.055484;0.995591;0.351176;1.303804
1987.61;1007;1020;6.000000;0.489905;0.000428;4.836143;5.812300;3.705215;4.957501;6.348110;3.036626;1.921813;0.340518;1.876868
1989.41;1008;1021;6.000000;0.507003;0.000241;4.763210;5.605946;3.777645;4.949577;6.437680;3.076065;1.603942;0.350406;1.468317
1991.21;1009;1022;6.000000;0.502849;0.000173;5.057412;5.662866;3.977512;4.958291;6.567256;3.030972;1.882398;0.346788;1.681331
1993.01;1010;1023;6.000000;0.503810;0.000288;4.890972;5.626320;3.854519;4.934870;6.385431;3.092286;0.542220;0.350619;1.260064
1994.81;1011;1024;6.000000;0.480277;0.000315;4.821340;5.838351;3.622069;4.883100;6.215494;2.997351;1.038766;0.335645;1.428530
1996.61;1012;1025;6.000000;0.513787;0.000324;5.062062;5.577406;4.068552;4.990610;6.833470;3.041109;3.939328;0.355307;1.823262
1998.41;1013;1026;5.000000;0.502473;0.000350;5.069187;5.689443;3.981999;4.975914;6.726634;3.008595;2.601566;0.352602;1.966406
2000.21;1014;1027;6.000000;0.481467;0.000173;5.120135;5.838529;3.856442;4.895230;6.364508;2.863199;1.900652;0.330897;1.680355
2002.01;1015;1028;6.000000;0.484718;0.000244;4.903357;5.606686;3.718064;4.732877;6.103493;2.731330;0.601928;0.331018;1.589735
2003.81;1016;1029;6.000000;0.497167;0.000238;4.936061;5.656963;3.837615;4.896369;6.501876;2.885075;0.793984;0.343695;1.428326
2005.61;1017;1030;6.000000;0.504215;0.000244;4.997266;5.568468;3.940080;4.887670;6.382702;2.924357;1.165419;0.352855;1.209865
2007.41;1018;1031;6.000000;0.509260;0.000256;5.635933;6.336365;4.484607;5.615407;6.414370;2.386694;0.000100;0.533543;2.531490
2009.21;1019;1032;6.000000;0.521037;0.000344;5.711172;6.481485;4.642451;5.862723;6.483636;2.301873;0.000100;0.615272;1.837059
2011.01;1020;1033;6.000000;0.520420;0.000502;5.512960;6.073931;4.485452;5.499376;6.549026;2.482397;0.000100;0.479787;1.614454
2012.81;1021;1034;6.000000;0.543851;0.000267;5.329305;5.689770;4.533315;5.387916;6.741540;2.701110;1.331088;0.448248;1.944921
2014.61;1022;1035;6.000000;0.593093;0.000349;4.765026;5.155788;4.420850;5.325236;6.776000;2.769229;1.072525;0.446704;1.791877
2016.41;1023;1036;6.000000;0.538055;0.000250;5.461831;5.522515;4.597185;5.174916;6.072049;2.778934;0.617760;0.410887;1.368301
2018.21;1024;1037;6.000000;0.525152;0.000439;6.411184;5.298020;5.266839;4.845562;6.542638;2.807003;3.262629;0.385337;1.841479
2020.01;1025;1038;6.000000;0.549932;0.000369;6.436607;5.128234;5.536039;4.910658;6.979663;2.798391;4.423162;0.383458;1.663137
2021.81;1026;1039;6.000000;0.532336;0.000420;7.101070;5.147533;5.909009;4.768578;6.972646;2.753493;4.961410;0.372756;1.846777
2023.61;1027;1040;6.000000;0.544374;0.000505;6.633818;5.091496;5.648891;4.827547;7.222781;2.807063;5.847019;0.373891;2.046626
2025.41;1028;1041;6.000000;0.543973;0.000458;6.509903;5.177473;5.538866;4.904007;7.394123;2.849303;6.824171;0.391848;2.248110
2027.21;1029;1042;6.000000;0.549117;0.000593;6.331225;5.228793;5.437940;5.000213;7.532469;2.929248;6.339090;0.394758;2.455622
2029.01;1030;1043;4.000000;0.579218;0.000577;4.778439;4.747929;4.329600;4.789375;6.579174;3.316422;0.000100;0.423260;0.970768
2030.81;1031;1044;4.000000;0.594478;0.000577;4.206641;4.716876;3.911605;4.883400;6.046944;3.199535;0.000100;0.405189;1.180184
2032.61;1032;1045;4.000000;0.753993;0.000657;3.002901;3.905437;3.529392;5.113412;7.198841;3.506915;0.000100;0.448949;1.179669
2034.41;1033;1046;4.000000;0.601292;0.000612;3.748485;4.874821;3.525590;5.104069;6.464662;3.417550;0.000100;0.455710;0.984050
2036.21;1034;1047;4.000000;0.689721;0.000625;2.803327;4.405709;3.024200;5.291884;6.982754;3.614520;0.000100;0.471053;1.167327
2038.01;1035;1048;4.000000;0.670176;0.000482;2.597863;4.751407;2.723336;5.545470;7.189101;3.568613;0.000100;0.457599;1.413026
2039.81;1036;1049;4.000000;0.646067;0.000672;2.627620;4.899368;2.655422;5.512154;7.493726;3.643123;0.000100;0.475484;1.574512
2041.61;1037;1050;3.000000;0.669024;0.000444;2.557446;4.791667;2.676576;5.583016;7.558958;3.608530;0.000100;0.482120;1.585314
2043.41;1038;1051;3.000000;0.657476;0.000398;2.474609;4.924370;2.523773;5.630313;8.166815;3.652737;0.742170;0.484213;1.611147
2045.21;1039;1052;4.000000;0.722543;0.000359;2.774518;4.354807;3.136044;5.479090;7.399944;3.679739;0.000100;0.485333;1.675747
2047.01;1040;1053;4.000000;0.701049;0.000255;2.319402;4.154214;2.515194;5.024696;8.587844;3.858927;3.137446;0.487519;1.527425
2048.81;1041;1054;4.000000;0.754513;0.000560;1.347885;4.249091;1.590971;5.583649;7.396930;3.877708;0.000100;0.501928;1.553362
2050.61;1042;1055;3.000000;0.767720;0.000530;1.327688;4.174376;1.594703;5.581294;7.433421;3.799794;0.000100;0.501118;1.295964
2052.41;1043;1056;3.000000;0.717388;0.000495;1.355392;4.638083;1.520982;5.792119;7.371674;3.833073;0.000100;0.499434;1.208845
2054.21;1044;1057;3.000000;0.725156;0.000486;1.524186;4.345767;1.701968;5.477469;7.858240;3.662855;1.036628;0.480043;1.033248
2056.01;1045;1058;3.000000;0.842011;0.000645;0.987028;4.023342;1.299892;5.899433;7.581722;3.851243;0.000100;0.501206;1.098298
2057.81;1046;1059;3.000000;0.753326;0.000412;1.095549;4.160698;1.282945;5.438656;7.813580;3.609991;0.843918;0.463993;1.337944
2059.61;1047;1060;3.000000;0.771949;0.000311;1.043899;4.601314;1.260033;6.185278;7.670303;3.835501;0.000100;0.496016;1.372428
2061.41;1048;1061;4.000000;0.756183;0.000239;1.065767;4.741849;1.260644;6.245001;7.110746;3.807854;0.000100;0.490973;0.933609
2063.21;1049;1062;4.000000;0.726449;0.000260;1.370510;5.095064;1.557536;6.446113;7.644003;3.781373;0.000100;0.498066;1.204207
2065.01;1050;1063;4.000000;0.677017;0.000504;2.394905;5.094640;2.536521;6.006309;7.392812;3.473490;0.000100;0.460121;1.027560
2066.81;1051;1064;4.000000;0.657241;0.000224;4.539167;5.910536;4.374352;7.266098;6.435477;2.440924;0.000100;0.315577;2.174608
2068.61;1052;1065;4.000000;0.666156;0.000472;4.015233;4.530627;4.184143;5.256271;7.070059;3.274377;0.000100;0.415335;1.440397
2070.41;1053;1066;4.000000;0.625782;0.000886;5.508842;3.602688;5.452913;3.915488;7.713898;2.758487;7.231494;0.362463;1.810164
2072.21;1054;1067;4.000000;0.665694;0.000421;4.858449;4.529034;5.058977;5.250159;7.082159;2.992447;1.777415;0.386125;1.618958
2074.01;1055;1068;4.000000;0.671877;0.000552;3.930020;4.602692;4.130223;5.384376;6.726859;3.305990;0.000100;0.406579;1.484073
2075.81;1056;1069;4.000000;0.735013;0.000384;2.361988;4.735585;2.715601;6.061406;7.093264;3.515436;0.000100;0.430797;1.056652
2077.61;1057;1070;4.000000;0.842552;0.000313;2.006096;4.158024;2.637926;6.089463;7.233083;3.439435;0.000100;0.424304;1.551266
2079.41;1058;1071;4.000000;0.891519;0.000455;2.078406;3.862419;2.898706;5.997123;7.438994;3.525665;0.000100;0.434625;1.087585
2081.21;1059;1072;4.000000;0.892352;0.000585;2.392928;3.872359;3.340283;6.017532;7.484605;3.342042;0.309488;0.419896;1.301996
2083.01;1060;1073;4.000000;0.721027;0.000371;4.108418;4.434663;4.630089;5.564802;7.151063;2.927397;1.530810;0.380839;2.003045
2084.81;1061;1074;4.000000;0.726495;0.000421;3.624318;4.328016;4.090469;5.422225;7.814218;2.988062;2.522103;0.397849;1.746548
2086.61;1062;1075;4.000000;0.732716;0.000238;3.912083;4.197247;4.484492;5.355765;7.378261;2.734009;2.704793;0.358451;2.108778
2088.41;1063;1076;4.000000;0.685167;0.000407;5.079283;4.342168;5.437158;5.176476;6.751767;2.756967;1.251113;0.343231;1.998715
2090.21;1064;1077;4.000000;0.726520;0.000322;4.123131;4.221661;4.675746;5.340452;7.451108;2.605341;1.420692;0.408821;2.060035
2092.01;1065;1078;6.000000;0.744012;0.000608;3.707157;3.773310;4.314723;4.889296;6.485599;3.047833;0.362870;0.340390;1.775962
2093.81;1066;1079;6.000000;0.746496;0.000644;3.403303;3.603088;3.973426;4.681308;6.419683;3.135335;0.367666;0.354923;1.495308
2095.61;1067;1080;8.000000;0.798633;0.000807;2.759293;3.119312;3.443601;4.332083;6.426073;3.075253;12.050004;0.428434;1.196163
2097.41;1068;1081;8.000000;0.744304;0.000717;2.632723;2.953968;3.061407;3.822827;5.880005;2.964430;30.666530;0.388255;0.595253
2099.21;1069;1082;8.000000;0.761001;0.000799;2.589055;3.153375;3.081285;4.178541;6.603902;3.021712;0.000100;0.423699;1.078601
2101.01;1070;1083;8.000000;0.797662;0.000704;2.558222;2.943745;3.189715;4.086108;6.535800;3.047141;22.495031;0.412327;0.842476
2102.81;1071;1084;8.000000;0.770816;0.000595;2.977447;3.222125;3.574762;4.309704;6.818900;3.009080;0.000100;0.408604;1.294610
2104.61;1072;1085;8.000000;0.702352;0.000587;3.474694;3.580656;3.817365;4.379268;7.036837;3.099676;3.940735;0.369706;1.894958
2106.41;1073;1086;8.000000;0.709598;0.000562;3.550014;3.562404;3.940147;4.402211;6.977008;3.024110;4.617227;0.323165;1.483130
2108.21;1074;1087;8.000000;0.750926;0.000295;4.851472;3.534691;5.695400;4.620319;6.839674;2.791602;5.030445;0.337677;1.339549
2110.01;1075;1088;5.000000;0.576223;0.000173;11.072193;4.975554;9.980388;4.991297;4.966348;2.324213;0.000100;0.325839;1.276857
2111.81;1076;1089;5.000000;0.543529;0.000263;9.366329;5.585415;7.956681;5.282573;4.619806;2.527812;0.000100;0.331727;1.408284
2113.61;1077;1090;5.000000;0.532691;0.000400;14.232139;4.843086;11.859887;4.492843;4.782352;2.010190;0.000100;0.292838;1.699503
2115.41;1078;1091;5.000000;0.517611;0.000395;14.638545;4.916754;11.848051;4.431138;4.814537;1.978544;0.000100;0.291890;1.809006
2117.21;1079;1092;5.000000;0.444002;0.000313;18.197873;5.420602;12.631167;4.186247;4.044265;1.739598;0.000100;0.267044;0.828442
2119.01;1080;1093;5.000000;0.477466;0.000173;14.474292;5.555058;10.795468;4.615071;4.551303;1.876441;0.000100;0.289258;1.766144
2120.81;1081;1094;5.000000;0.507991;0.000173;12.194004;5.530759;9.693761;4.890716;4.588113;1.933139;0.000100;0.303709;1.451707
2122.61;1082;1095;5.000000;0.528321;0.000352;11.127635;5.426927;9.193981;4.991934;4.627936;1.990376;0.000100;0.312681;1.340484
2124.41;1083;1096;5.000000;0.494429;0.000173;12.013988;5.570055;9.267773;4.783103;4.681145;1.876707;0.000100;0.298118;1.458559
2126.21;1084;1097;5.000000;0.514961;0.000173;11.811935;5.278829;9.513793;4.733141;4.602230;1.918343;0.000100;0.305807;1.481363
2128.01;1085;1098;5.000000;0.499449;0.000173;10.528890;5.671704;8.225499;4.933296;4.510976;2.003213;0.000100;0.301006;1.519508
2129.81;1086;1099;5.000000;0.525690;0.000339;10.231255;5.367213;8.414310;4.913460;4.880603;2.070226;0.000100;0.311124;1.381130
2131.61;1087;1100;5.000000;0.515745;0.000521;10.275469;5.548115;8.289659;4.982765;5.338834;2.163202;0.000100;0.319293;1.691181
2133.41;1088;1101;5.000000;0.508547;0.000173;9.760423;5.611519;7.764657;4.970077;4.990688;2.194486;0.000100;0.329005;1.336516
2135.21;1089;1102;5.000000;0.499358;0.000173;9.494551;5.868788;7.383120;5.081537;5.281103;2.219697;0.000100;0.345498;1.899658
2137.01;1090;1103;5.000000;0.467311;0.000173;12.524119;6.121586;8.863719;5.008167;6.010585;2.066605;2.473465;0.323902;1.954236
2138.81;1091;1104;5.000000;0.482927;0.000555;7.680896;6.662515;5.801944;5.599556;5.735803;2.420143;0.000100;0.367219;2.512707
2140.61;1092;1105;5.000000;5.796960;0.000275;;;7.253372;8.537290;5.049938;2.108598;1.869967;0.360048;2.165011
2142.41;1093;1106;5.000000;0.498801;0.000173;9.525139;5.966651;7.427178;5.180390;5.576484;2.277783;0.000100;0.343864;1.845610
2144.21;1094;1107;5.000000;0.476543;0.000423;7.066003;6.600770;5.276643;5.464104;5.978999;2.370163;0.919461;0.355989;1.540456
2146.01;1095;1108;5.000000;0.565766;0.000253;5.442073;6.080332;4.807206;5.979937;6.229394;2.432309;0.000100;0.369897;2.486912
2147.81;1096;1109;4.000000;0.546314;0.000327;8.221540;6.124900;6.893768;5.776207;6.595181;2.142040;1.310621;0.345947;2.434230
2149.61;1097;1110;4.000000;0.535707;0.000393;5.624199;6.413152;4.712438;5.981223;6.383116;2.457712;0.000100;0.374064;2.243320
2151.41;1098;1111;4.000000;0.756253;0.000279;5.103447;5.345972;6.551859;5.749374;5.952474;2.091376;0.000100;0.347942;2.329754
2153.21;1099;1112;5.000000;0.599025;0.000173;4.514501;5.732085;4.221396;5.963885;5.894861;2.533954;0.000100;0.373290;1.740048
2155.01;1100;1113;5.000000;0.628586;0.000326;5.700961;5.353388;5.605794;5.860598;5.463547;2.158178;0.000100;0.329750;2.085622
2156.81;1101;1114;5.000000;0.638346;0.000384;5.527932;5.194734;5.518139;5.775171;5.496140;2.133557;0.000100;0.323072;1.864116
2158.61;1102;1115;5.000000;0.475012;0.000260;7.804018;6.710937;5.793327;5.544238;4.817142;2.353798;0.000100;0.353194;1.631636
2160.41;1103;1116;4.000000;0.689239;0.000324;2.404741;4.582962;2.607501;5.438089;6.078891;2.502700;4.449131;0.355137;2.188807
2162.21;1104;1117;4.000000;0.721808;0.000361;3.151313;4.451637;3.557967;5.595663;5.106820;2.581726;0.000100;0.353793;1.541535
2164.01;1105;1118;4.000000;0.710739;0.000338;3.226763;4.494976;3.585891;5.562555;5.206524;2.574273;0.000100;0.352774;1.579897
2165.81;1106;1119;4.000000;0.779020;0.000245;2.903081;4.179902;3.537403;5.670236;5.415044;2.566339;0.000100;0.340853;2.148264
2167.61;1107;1120;5.000000;0.654202;0.001632;3.471434;4.332468;3.546177;4.927252;4.664768;2.795851;0.000100;0.301060;1.629395
2169.41;1108;1121;11.000000;0.537502;0.000610;3.479380;4.080341;2.924348;3.819955;4.598244;3.353779;0.000100;0.203962;1.139889
2171.21;1109;1122;11.000000;0.497984;0.000941;3.338104;3.773472;2.600526;3.272748;4.675750;3.458471;2.214854;0.169748;0.532251
2173.01;1110;1123;11.000000;0.585414;0.000921;2.129370;2.993437;1.947112;3.046405;4.775196;3.445298;3.118366;0.158706;0.450975
2174.81;1111;1124;11.000000;0.553960;0.001086;1.853318;2.905844;1.605088;2.812021;4.678485;3.567366;4.400143;0.131947;0.523146
2176.61;1112;1125;11.000000;0.598249;0.001220;1.443899;2.273167;1.350076;2.368168;4.753881;3.793473;6.041151;0.106856;0.863852
2178.41;1113;1126;11.000000;0.628576;0.001221;1.557061;2.358555;1.531113;2.581681;4.840615;4.022565;5.886073;0.118616;0.200737
2180.21;1114;1127;11.000000;0.637028;0.000988;1.559142;2.339556;1.551871;2.590463;4.698065;4.052725;6.358858;0.110968;0.200737
2182.01;1115;1128;11.000000;0.624927;0.000999;2.238731;2.778719;2.187659;3.023033;4.962522;4.076154;5.266151;0.144373;0.496702
2183.81;1116;1129;11.000000;1.024808;0.001119;1.784611;1.631873;2.854287;2.906837;5.125220;2.895853;65.694188;0.169576;0.200737
2185.61;1117;1130;11.000000;1.183553;0.001358;1.613114;1.522467;2.986576;3.138160;5.456014;2.444575;60.104897;0.203247;0.200737
2187.41;1118;1131;11.000000;1.178501;0.001446;1.582989;1.503886;2.909433;3.075353;5.425456;2.481001;60.891605;0.202949;0.200737
2189.21;1119;1132;11.000000;1.079367;0.001351;1.758126;1.551859;2.958606;2.907437;5.389177;2.424902;58.298494;0.177237;0.200737
2191.01;1120;1133;11.000000;1.105273;0.001588;1.756347;1.517287;3.035659;2.919706;5.403380;2.490739;61.344080;0.177579;0.200737
2192.81;1121;1134;11.000000;0.469953;0.000871;2.270537;3.141984;1.669211;2.571529;4.916086;3.981658;20.907400;0.123906;0.457066
2194.61;1122;1135;11.000000;0.508100;0.000777;1.805915;2.819178;1.457765;2.404586;5.188280;4.058629;34.163888;0.116894;0.200737
2196.41;1123;1136;11.000000;0.473492;0.000999;1.404538;2.915101;1.040343;2.403527;4.529671;4.005590;25.428595;0.117967;0.200737
2198.21;1124;1137;11.000000;0.687004;0.000994;1.536304;2.248612;1.650017;2.689544;4.735007;3.679116;5.898615;0.133203;0.699471
2200.01;1125;1138;11.000000;0.699251;0.000842;2.973105;2.773438;3.240929;3.367885;4.698331;3.226970;3.217468;0.184325;0.757270
2201.81;1126;1139;11.000000;0.736552;0.000830;2.851274;2.656550;3.285003;3.408053;4.728953;3.226905;3.462636;0.178807;0.680927
2203.61;1127;1140;11.000000;0.664959;0.000698;4.947011;2.963131;5.144079;3.430819;4.643536;2.964808;3.777457;0.179129;0.931395
2205.41;1128;1141;6.000000;0.726869;0.000747;4.154309;2.634660;4.723957;3.335039;4.655215;3.094176;3.207186;0.170934;0.887352
2207.21;1129;1142;6.000000;0.671514;0.000626;8.060755;3.292449;8.467879;3.850392;4.504744;2.408517;2.495350;0.220333;1.076654
2209.01;1130;1143;6.000000;0.668482;0.000458;11.212384;3.396641;11.725495;3.954509;4.478691;1.774073;2.694765;0.231889;1.730551
2210.81;1131;1144;6.000000;0.478901;0.000173;17.878633;4.533383;13.392542;3.780372;3.703152;1.559744;0.000100;0.235740;2.038679
2212.61;1132;1145;6.000000;0.483849;0.000173;18.083927;4.541741;13.678300;3.824267;3.874771;1.602281;0.000100;0.235128;1.929679
2214.41;1133;1146;6.000000;0.408588;0.000173;;;10.218719;3.749384;2.827513;1.378632;0.000080;0.255212;0.964667
2216.21;1134;1147;6.000000;0.518854;0.000173;15.461218;4.164921;12.549157;3.763643;3.750396;1.755453;0.000100;0.257263;0.509096
2218.01;1135;1148;6.000000;0.631220;0.000360;11.914389;3.384688;11.755160;3.718809;4.221334;2.013497;0.633287;0.273531;1.897319
2219.81;1136;1149;6.000000;0.919082;0.000173;5.349412;2.675269;7.669364;4.267152;4.617258;2.573909;0.681971;0.317586;1.412846
2221.61;1137;1150;4.000000;0.999690;0.000568;2.628413;2.682977;4.110252;4.671431;5.008140;3.065013;0.000100;0.355677;0.494199
2223.41;1138;1151;4.000000;1.138899;0.000482;1.344482;2.505413;2.395635;4.969270;5.535660;3.399570;0.000100;0.390510;1.347506
2225.21;1139;1152;4.000000;1.141771;0.000668;1.070166;2.488812;1.911368;4.947299;5.544007;3.457640;0.000100;0.385011;1.615740
2227.01;1140;1153;3.000000;1.117428;0.000296;1.317208;2.552645;2.296872;4.965725;5.891530;3.498388;0.000100;0.398665;1.496679
2228.81;1141;1154;3.000000;1.052498;0.000343;1.599384;2.693435;2.633374;4.936512;5.867086;3.443949;0.000100;0.390437;1.615306
2230.61;1142;1155;3.000000;1.052100;0.000684;2.093963;2.714230;3.446403;4.973354;6.016907;3.414986;0.000100;0.385960;1.152839
2232.41;1143;1156;3.000000;1.079452;0.000336;2.834542;2.614792;4.786437;4.915992;5.780216;3.307655;0.000100;0.372249;1.205721
2234.21;1144;1157;3.000000;1.078114;0.000697;3.062938;2.578060;5.166065;4.840625;5.898494;3.264574;0.662909;0.360605;1.540362
2236.01;1145;1158;11.000000;0.985868;0.000361;3.322573;2.349098;5.122277;4.032303;5.223039;3.390699;0.000100;0.307663;1.094436
2237.81;1146;1159;11.000000;0.988294;0.000395;3.372099;2.309965;5.210342;3.974398;5.222890;3.404249;0.000100;0.305173;0.810636
2239.61;1147;1160;11.000000;1.012850;0.000599;3.260152;2.303532;5.160487;4.059683;5.402229;3.439790;0.000100;0.305770;1.266216
2241.41;1148;1161;11.000000;0.747993;0.000639;2.081859;2.485855;2.431934;3.233432;4.889137;3.711087;37.658125;0.316234;0.200737
2243.21;1149;1162;11.000000;0.729144;0.000726;2.171612;2.597705;2.464021;3.275490;4.808089;3.656881;35.886735;0.302547;0.320786
2245.01;1150;1163;11.000000;0.634402;0.000605;1.772264;2.803640;1.756935;3.092423;4.794344;3.819391;48.410334;0.316221;0.200737
2246.81;1151;1164;11.000000;0.678175;0.000651;1.685358;2.603452;1.775442;3.052999;4.864143;3.833507;43.439975;0.311414;0.200737
2248.61;1152;1165;11.000000;0.646394;0.000685;1.743299;2.787070;1.748498;3.108351;4.919178;3.826567;43.516452;0.303358;0.200737
2250.41;1153;1166;11.000000;0.630662;0.000747;1.718288;2.744163;1.694541;3.011254;4.881363;3.799546;39.673053;0.308792;0.200737
2252.21;1154;1167;11.000000;0.572040;0.000692;1.784481;2.984706;1.596014;2.971982;4.492302;3.720924;21.321736;0.284452;0.200737
2254.01;1155;1168;11.000000;0.575987;0.000635;1.834436;2.903445;1.643008;2.901365;3.878913;3.562809;22.413994;0.231850;0.200737
2255.81;1156;1169;11.000000;0.676274;0.000701;1.604535;2.545371;1.695495;2.994603;4.600386;3.612033;43.444659;0.253770;0.200737
2257.61;1157;1170;7.000000;0.679958;0.000724;1.610557;2.521715;1.711564;2.978892;4.665018;3.623365;52.749206;0.223120;0.200737
2259.41;1158;1171;6.000000;0.565904;0.000569;1.804008;2.992992;1.597211;2.949417;4.110804;3.704329;19.358119;0.212169;0.200737
2261.21;1159;1172;6.000000;0.621522;0.000498;2.273497;2.854096;2.076981;2.975102;3.621068;2.924364;0.000100;0.204117;0.440646
2263.01;1160;1173;6.000000;0.749181;0.000776;2.055840;2.587421;2.384044;3.358124;4.426109;3.420501;47.962582;0.270974;0.200737
2264.81;1161;1174;5.000000;0.909740;0.000756;2.382772;2.441822;3.373300;3.850620;4.801539;3.100536;57.033374;0.284533;0.200737
2266.61;1162;1175;5.000000;0.809760;0.000689;2.362337;2.924203;2.985479;4.116101;5.056902;3.092506;57.620049;0.295139;0.200737
2268.41;1163;1176;5.000000;0.764735;0.000824;2.509643;3.024539;2.989513;4.008676;5.069092;3.116271;51.970663;0.294939;0.200737
2270.21;1164;1177;5.000000;0.722298;0.000673;3.125142;3.195746;3.507680;3.992565;5.086196;2.710516;24.078412;0.243875;0.764376
2272.01;1165;1178;5.000000;0.736767;0.000643;3.146127;3.207295;3.575306;4.068211;5.325552;2.654713;24.442271;0.257970;1.133555
2273.81;1166;1179;4.000000;0.795622;0.000840;1.932345;2.334656;2.396671;3.222717;5.205744;3.394128;57.352845;0.207299;0.200737
2275.61;1167;1180;5.000000;0.737185;0.000948;2.002704;2.517039;2.283673;3.194785;5.138386;3.338332;40.707268;0.200305;0.593274
2277.41;1168;1181;5.000000;0.847816;0.000930;1.742270;2.144975;2.303272;3.161501;4.867602;3.722865;62.863780;0.203391;0.200737
2279.21;1169;1182;5.000000;0.761395;0.000819;1.982728;2.401462;2.346527;3.160695;4.760289;3.669870;42.295546;0.202024;0.200737
2281.01;1170;1183;6.000000;0.766777;0.000959;1.515803;2.230432;1.811513;2.972856;4.742373;3.572407;60.933617;0.185695;0.200737
2282.81;1171;1184;5.000000;0.721770;0.000925;1.514413;2.372696;1.691079;2.955003;4.767838;3.430438;56.030273;0.177197;0.200737
2284.61;1172;1185;7.000000;0.697429;0.000882;1.966877;2.792189;2.145017;3.389801;4.717083;3.175357;3.549087;0.220070;0.439145
2286.41;1173;1186;6.000000;0.612452;0.000743;1.856994;2.744550;1.777592;2.923211;4.428589;3.351534;21.177598;0.168547;0.200737
2288.21;1174;1187;6.000000;0.653619;0.001057;2.840436;2.708525;2.904108;3.082924;4.621231;2.626925;17.214124;0.159660;0.688537
2290.01;1175;1188;6.000000;0.686509;0.000965;2.693656;2.555736;2.891627;3.055209;4.971670;2.658440;13.237152;0.156218;0.736768
2291.81;1176;1189;6.000000;0.666940;0.001016;2.693089;2.686421;2.808830;3.119614;5.041533;2.649298;22.915113;0.163686;0.757622
2293.61;1177;1190;7.000000;0.666063;0.000896;1.738399;2.606804;1.808437;3.018123;4.920261;3.234536;37.938522;0.177408;0.200737
2295.41;1178;1191;6.000000;0.683616;0.000948;1.542383;2.496706;1.639744;2.962130;4.455957;3.423547;49.467081;0.171544;0.200737
2297.21;1179;1192;7.000000;0.796474;0.001006;1.784775;1.952502;2.223140;2.708219;4.487404;2.676748;45.355997;0.133733;0.200737
2299.01;1180;1193;7.000000;0.579222;0.000723;1.695626;2.547908;1.535912;2.568465;4.809232;3.419816;15.779591;0.125838;0.711176
2300.81;1181;1194;7.000000;0.611069;0.000880;1.811748;2.453494;1.703744;2.569854;4.787178;3.516716;37.717792;0.107740;0.644297
2302.61;1182;1195;7.000000;0.555817;0.000761;1.846906;2.613255;1.605908;2.529688;4.803791;3.578506;24.589384;0.112956;0.594746
2304.41;1183;1196;7.000000;0.505539;0.000705;2.045585;2.809872;1.617541;2.473969;4.681440;3.557272;23.689552;0.099030;0.484748
2306.21;1184;1197;7.000000;0.543272;0.000928;3.619587;2.984893;3.063393;2.812807;4.640151;2.914602;6.392138;0.145500;0.616355
2308.01;1185;1198;7.000000;0.557418;0.000794;3.792146;2.927494;3.306772;2.842004;4.823010;2.945665;6.695911;0.162800;0.200737
2309.81;1186;1199;7.000000;0.573346;0.000859;3.063834;2.892854;2.748056;2.888661;4.898401;2.961439;7.570310;0.171227;0.200737
2311.61;1187;1200;11.000000;0.447379;0.000471;2.681104;3.370920;1.863723;2.612067;4.224524;3.316407;22.477454;0.128839;0.727812
2313.41;1188;1201;11.000000;0.411189;0.000598;2.666993;3.572769;1.714952;2.554963;4.237619;3.409539;5.036753;0.125970;0.407797
2315.21;1189;1202;6.000000;0.428899;0.000635;2.861157;4.380391;1.916811;3.266844;4.389129;3.078807;22.199679;0.196465;1.030744
2317.01;1190;1203;6.000000;0.420057;0.000671;2.879423;4.503678;1.891251;3.291371;4.401836;3.139096;12.919855;0.198454;0.409639
2318.81;1191;1204;6.000000;0.422255;0.000580;3.430007;4.814369;2.262408;3.534557;4.474330;2.921448;3.488495;0.221334;0.496926
2320.61;1192;1205;5.000000;0.436595;0.000294;5.122524;5.101830;3.498674;3.878741;4.063112;2.346717;0.976159;0.243987;1.041551
2322.41;1193;1206;5.000000;0.433467;0.000460;5.141610;5.126570;3.485512;3.868487;4.074057;2.346628;1.219674;0.243463;1.231436
2324.21;1194;1207;5.000000;0.467517;0.000476;4.628941;4.680817;3.385017;3.811095;4.164997;2.372632;1.903070;0.239305;1.381236
2326.01;1195;1208;5.000000;0.450170;0.000260;5.436860;4.762322;3.827718;3.733062;3.755157;1.838619;0.602837;0.238293;1.377752
2327.81;1196;1209;7.000000;0.403215;0.000454;;;4.185490;3.073799;2.396469;0.948533;1.061829;0.140280;1.062212
2329.61;1197;1210;6.000000;0.427107;0.000279;8.015164;4.776308;5.355657;3.552907;3.260553;1.365132;0.000100;0.226335;1.189389
2331.41;1198;1211;5.000000;0.441907;0.000302;7.716044;4.610874;5.333355;3.548211;3.367091;1.369109;0.441594;0.223475;1.627266
2333.21;1199;1212;5.000000;0.463724;0.000295;6.393969;5.157328;4.637007;4.162021;4.386180;1.853190;1.288488;0.295509;1.733365
2335.01;1200;1213;5.000000;0.462161;0.000173;7.533914;5.072883;5.445154;4.077894;4.307653;1.739327;2.779200;0.280585;1.835507
2336.81;1201;1214;5.000000;0.484798;0.000289;7.926838;4.505056;6.009487;3.798774;4.174356;1.600271;3.071413;0.265082;1.705709
2338.61;1202;1215;6.000000;0.449038;0.000173;8.726013;4.828471;6.128048;3.774576;4.126445;1.602611;3.451362;0.270637;2.037779
2340.41;1203;1216;6.000000;0.420705;0.000173;6.682754;5.967860;4.393453;4.367866;4.504655;2.011288;0.470047;0.326579;1.824811
2342.21;1204;1217;6.000000;0.419512;0.000173;6.880382;6.074936;4.511732;4.436937;4.560828;2.002945;0.979338;0.327037;1.875845
2344.01;1205;1218;6.000000;0.481851;0.000173;6.298591;5.503290;4.740193;4.609889;4.415383;1.882596;0.649596;0.318692;1.801801
2345.81;1206;1219;6.000000;0.468267;0.000238;6.516290;5.473212;4.769682;4.461550;4.603491;1.939619;0.785282;0.322050;2.055532
2347.61;1207;1220;5.000000;0.472092;0.000173;9.122987;4.951460;6.732240;4.065195;4.384324;1.787471;2.955742;0.283123;1.931970
2349.41;1208;1221;6.000000;0.457268;0.000310;9.194837;5.181017;6.572096;4.122371;4.396796;1.778438;2.446331;0.278438;1.938212
2351.21;1209;1222;6.000000;0.431615;0.000307;6.573258;6.020605;4.438411;4.525505;4.531222;2.089285;3.402341;0.302341;1.798652
2353.01;1210;1223;7.000000;0.474139;0.000321;7.209099;4.922965;5.336959;4.034988;4.196621;1.936446;2.959944;0.268400;1.601621
2354.81;1211;1224;7.000000;0.435182;0.000310;6.973473;5.419928;4.746939;4.107048;4.228575;1.985557;3.410420;0.266509;1.475939
2356.61;1212;1225;6.000000;0.431404;0.000538;5.244998;5.078056;3.539771;3.815354;4.013688;2.542684;0.000100;0.256938;1.284939
2358.41;1213;1226;6.000000;0.443928;0.000353;5.078137;4.968414;3.522142;3.836195;4.179829;2.522888;1.089609;0.254796;1.315326
2360.21;1214;1227;6.000000;0.400772;0.000679;8.310420;5.257765;5.209861;3.669579;3.679285;2.147700;0.000100;0.242817;1.527777
2362.01;1215;1228;6.000000;0.410975;0.000306;5.720846;5.211853;3.677277;3.729721;4.094179;2.457966;1.076652;0.238253;1.405771
2363.81;1216;1229;6.000000;0.430382;0.000299;5.400508;4.944052;3.633672;3.703685;4.236504;2.423849;1.984596;0.236762;1.449173
2365.61;1217;1230;6.000000;0.432052;0.000531;8.272112;4.881608;5.591795;3.673228;4.062997;2.057222;1.813313;0.244662;1.485657
2367.41;1218;1231;6.000000;0.402395;0.000430;8.913224;5.274768;5.606889;3.695981;3.529074;1.981752;0.000100;0.233600;0.966731
2369.21;1219;1232;6.000000;0.404065;0.000365;10.656002;5.333688;6.734067;3.753288;3.652474;1.964905;0.318006;0.250688;1.230163
2371.01;1220;1233;6.000000;0.412730;0.000516;10.319825;5.128789;6.661233;3.686160;3.811337;1.940498;1.340472;0.248859;1.192984
2372.81;1221;1234;6.000000;0.453096;0.000173;12.116607;4.552777;8.589994;3.591155;3.473876;1.397863;1.852265;0.229702;1.578902
2374.61;1222;1235;11.000000;0.464156;0.000173;12.322495;4.440672;8.948970;3.586887;3.563791;1.423048;2.084233;0.235504;1.727027
2376.41;1223;1236;11.000000;0.428264;0.000427;13.002810;4.782409;8.708124;3.564171;3.545688;1.465909;1.825154;0.223213;1.609527
2378.21;1224;1237;8.000000;0.445346;0.000260;11.271641;4.936446;7.851959;3.828360;3.486696;1.772019;0.000100;0.263658;1.910951
2380.01;1225;1238;8.000000;0.401903;0.000569;9.160720;5.492876;5.759048;3.844393;3.884231;2.065279;0.733816;0.297436;1.497730
2381.81;1226;1239;8.000000;0.363623;0.000480;5.175266;6.213973;2.944275;3.935392;4.095942;2.460533;0.722693;0.302736;0.725061
2383.61;1227;1240;8.000000;0.366335;0.000696;3.998886;6.352623;2.291678;4.052534;4.177754;2.459151;0.853056;0.306074;1.381264
2385.41;1228;1241;8.000000;0.404378;0.000757;3.505372;5.439517;2.217343;3.830640;4.567798;2.596621;3.613024;0.270734;1.218065
2387.21;1229;1242;8.000000;0.397554;0.000781;4.809324;5.181617;2.990799;3.586337;4.311428;2.625893;2.918294;0.235263;1.485866
2389.01;1230;1243;8.000000;0.415053;0.000959;4.159588;4.371910;2.698441;3.157066;4.471412;2.918635;5.125273;0.183959;1.252583
2390.81;1231;1244;8.000000;0.404648;0.000879;4.490219;4.138729;2.842397;2.916641;3.898092;2.988214;2.329912;0.162759;0.723659
2392.61;1232;1245;11.000000;0.408274;0.001108;3.579256;3.668039;2.285850;2.607119;4.380767;3.341099;22.367189;0.145996;0.738841
2394.41;1233;1246;11.000000;0.477908;0.000971;3.147074;3.194636;2.352856;2.658368;4.625452;3.186588;10.201868;0.140947;0.949534
2396.21;1234;1247;11.000000;0.501281;0.001277;2.966054;3.145371;2.323301;2.743190;4.732760;3.003473;19.214673;0.139687;0.892037
2398.01;1235;1248;11.000000;0.532319;0.000956;5.143550;3.255899;4.282515;3.011581;4.029094;2.923679;2.989418;0.179818;1.110876
2399.81;1236;1249;7.000000;0.553014;0.000646;6.721900;2.990812;5.816545;2.880290;4.041340;2.530114;5.333915;0.185387;1.173808
2401.61;1237;1250;7.000000;0.518738;0.000649;8.919508;3.470332;7.230862;3.132658;3.946983;2.200770;5.749512;0.212000;1.190051
2403.41;1238;1251;7.000000;0.494294;0.000302;10.482562;3.635413;8.104073;3.128971;3.804571;1.921226;5.856975;0.217424;1.936965
2405.21;1239;1252;7.000000;0.510013;0.000333;11.095270;3.623495;8.839314;3.213379;3.643519;1.692363;5.050734;0.223368;1.534478
2407.01;1240;1253;7.000000;0.467148;0.000376;12.877188;4.059383;9.408925;3.302066;3.812439;1.640595;5.220166;0.243304;1.712383
2408.81;1241;1254;7.000000;0.461623;0.000331;13.523617;4.094172;9.765759;3.291485;3.701910;1.543672;4.593968;0.240355;1.908980
2410.61;1242;1255;7.000000;0.479213;0.000267;13.815290;4.038635;10.356255;3.370085;3.757170;1.501130;4.157459;0.251244;1.908703
2412.41;1243;1256;7.000000;0.499369;0.000269;13.346605;4.059878;10.425651;3.530824;3.897605;1.558005;3.790527;0.251339;1.818276
2414.21;1244;1257;7.000000;0.505624;0.000282;13.942419;4.015739;11.025024;3.535580;3.961077;1.515741;4.096367;0.245832;2.227516
2416.01;1245;1258;7.000000;0.494529;0.000173;14.340241;4.060164;11.093923;3.496539;4.046067;1.464026;5.110043;0.242767;1.949691
2417.81;1246;1259;7.000000;0.504396;0.000237;15.758806;3.868070;12.424662;3.396741;3.815800;1.399178;3.767989;0.248537;2.726180
2419.61;1247;1260;7.000000;0.458737;0.000250;16.649782;4.069364;11.945154;3.250679;3.183047;1.321794;0.747018;0.228262;1.475912
2421.41;1248;1261;7.000000;0.421758;0.000243;16.144321;4.797088;10.644198;3.520116;3.630115;1.524008;1.861126;0.270953;0.646191
2423.21;1249;1262;7.000000;0.507145;0.000173;9.004206;7.562420;7.144197;6.678667;4.481143;1.497727;0.000100;1.030526;2.302751
2425.01;1250;1263;7.000000;0.367251;0.000349;10.928657;6.755475;6.277638;4.320162;4.363911;1.994141;0.920918;0.378654;1.934611
2426.81;1251;1264;7.000000;0.382029;0.000266;7.056569;6.722197;4.217440;4.471055;4.722067;2.228466;1.858711;0.396272;1.863212
2428.61;1252;1265;7.000000;0.393494;0.000237;6.575797;6.398380;4.044933;4.382044;4.842102;2.239155;2.208579;0.402961;1.701732
2430.41;1253;1266;7.000000;0.380697;0.000340;8.123174;6.458079;4.836788;4.280897;4.735052;2.182344;2.458259;0.382788;1.944769
2432.21;1254;1267;7.000000;0.386831;0.000338;8.842608;6.196349;5.350393;4.174033;4.636306;2.141826;3.013478;0.370416;1.714212
2434.01;1255;1268;7.000000;0.374572;0.000464;8.742914;6.255693;5.121854;4.080058;4.758518;2.442573;2.982315;0.343842;1.629552
2435.81;1256;1269;7.000000;0.374571;0.000564;8.840893;5.995675;5.179360;3.910529;4.773454;2.592971;3.837563;0.301588;1.646071
2437.61;1257;1270;7.000000;0.387624;0.000617;9.319320;5.627854;5.649288;3.798263;5.111213;2.472543;6.369371;0.305792;1.907815
2439.41;1258;1271;7.000000;0.387282;0.000534;9.818527;5.346507;5.949648;3.603947;5.138478;2.418029;8.389480;0.291833;2.167316
2441.21;1259;1272;7.000000;0.367759;0.000432;9.965876;5.359930;5.732970;3.432493;4.319510;2.488926;2.940201;0.295050;0.918189
2443.01;1260;1273;7.000000;0.394663;0.000462;11.693304;4.991794;7.218130;3.430134;4.117875;2.179074;2.788628;0.295796;1.470097
2444.81;1261;1274;7.000000;0.403689;0.000237;12.859525;4.757307;8.118514;3.344009;3.985405;1.929322;2.585049;0.292810;1.524627
2446.61;1262;1275;7.000000;0.455208;0.000234;12.990256;4.122864;9.249120;3.268251;3.779019;1.761914;2.092318;0.263998;2.124109
2448.41;1263;1276;7.000000;0.484066;0.000393;13.787966;3.817570;10.438817;3.217646;4.066029;1.776021;4.362477;0.275441;1.609938
2450.21;1264;1277;7.000000;0.473832;0.000259;14.381140;3.728310;10.654388;3.075303;3.832837;1.690371;4.192891;0.257042;1.531148
2452.01;1265;1278;7.000000;0.504013;0.000251;13.702755;3.298169;10.795608;2.892773;3.655758;1.546922;4.461548;0.241017;1.479433
2453.81;1266;1279;7.000000;0.562781;0.000173;14.223246;2.685601;12.521429;2.632174;4.047817;1.401173;6.532829;0.240015;2.371717
2455.61;1267;1280;6.000000;0.421543;0.000173;20.487135;3.489746;13.509440;2.561997;3.671427;1.312768;6.095997;0.210631;2.282215
2457.41;1268;1281;6.000000;0.416758;0.000250;20.590238;3.668236;13.423409;2.662437;4.050485;1.381250;7.483814;0.219789;2.624377
2459.21;1269;1282;6.000000;0.408457;0.000173;21.033186;3.843069;13.439523;2.733835;4.090347;1.408645;7.308973;0.226759;2.225398
2461.01;1270;1283;6.000000;0.418000;0.000173;20.758696;3.879347;13.569707;2.823116;4.269581;1.451427;7.099215;0.235670;2.778862
2462.81;1271;1284;6.000000;0.428491;0.000241;18.985049;3.977403;12.719874;2.966916;4.276521;1.533940;6.948097;0.238616;2.455475
2464.61;1272;1285;6.000000;0.422403;0.000246;18.223445;4.136704;12.040844;3.042861;4.342038;1.604730;7.368509;0.249324;2.538670
2466.41;1273;1286;6.000000;0.421343;0.000352;18.437131;4.217367;12.148160;3.093581;4.443069;1.544955;7.748507;0.245721;2.937000
2468.21;1274;1287;6.000000;0.422210;0.000380;18.541176;4.305368;12.241034;3.164134;4.384582;1.518707;8.007522;0.248269;2.545367
2470.01;1275;1288;6.000000;0.410306;0.000365;19.983990;4.354601;12.824934;3.111491;4.631535;1.476495;8.898656;0.249382;3.222466
2471.81;1276;1289;6.000000;0.429364;0.000375;17.830695;4.180051;11.974727;3.125252;4.816727;1.630892;9.717654;0.244024;3.053340
2473.61;1277;1290;6.000000;0.403064;0.000251;17.557552;4.376473;11.028069;3.058519;2.982893;1.701276;0.000100;0.248324;1.219928
2475.41;1278;1291;6.000000;0.396062;0.000471;17.835677;4.466837;11.032365;3.076200;3.166231;1.676178;0.000100;0.232589;1.918417
2477.21;1279;1292;6.000000;0.385473;0.000284;18.622864;4.708108;11.229615;3.160364;3.313483;1.681781;0.339811;0.234081;1.779174
2479.01;1280;1293;6.000000;0.378813;0.000173;26.929912;4.095948;15.942825;2.699640;2.782500;1.077085;0.283451;0.209468;1.956891
2480.81;1281;1294;6.000000;0.385688;0.000173;25.115244;4.175872;15.111500;2.800641;2.918659;1.170853;0.000100;0.214787;1.274412
2482.61;1282;1295;6.000000;0.389509;0.000246;18.564200;4.558554;11.308680;3.090920;3.330434;1.681732;0.000100;0.229478;1.820361
2484.41;1283;1296;6.000000;0.417738;0.000300;19.731924;4.143839;12.882166;3.012658;3.031613;1.320607;0.282433;0.233274;1.377736
2486.21;1284;1297;5.000000;0.409997;0.000173;20.652570;4.020773;13.236893;2.870945;2.847091;1.207550;0.000100;0.213126;1.490743
2488.01;1285;1298;5.000000;0.375197;0.000247;22.683213;4.595588;13.311541;3.002252;2.960771;1.294370;0.691635;0.224251;1.165614
2489.81;1286;1299;5.000000;0.383213;0.000389;22.141343;4.459786;13.268566;2.975658;3.111652;1.292530;1.618813;0.225867;1.875546
2491.61;1287;1300;5.000000;0.368284;0.000173;22.331234;4.456751;12.859532;2.854533;2.732302;1.244061;0.000100;0.213898;1.588445
2493.41;1288;1301;5.000000;0.381517;0.000173;22.115480;4.287962;13.196913;2.848585;3.058232;1.300303;1.241965;0.213508;1.935314
2495.21;1289;1302;6.000000;0.400089;0.000259;21.526402;4.062283;13.465398;2.829171;3.042484;1.292529;4.729297;0.217382;1.746352
2497.01;1290;1303;6.000000;0.401974;0.000173;21.517914;4.039998;13.530780;2.828270;3.148157;1.297734;5.021091;0.219009;2.058547
2498.81;1291;1304;5.000000;0.400083;0.000173;22.995022;3.515745;14.044752;2.470387;3.029884;1.103561;3.953771;0.196229;1.642855
2500.61;1292;1305;6.000000;0.431717;0.000286;19.529297;3.591592;13.183389;2.699278;3.027985;1.237499;6.029373;0.212588;1.253155
2502.41;1293;1306;6.000000;0.415268;0.000173;20.741072;3.959201;13.470369;2.862639;3.238747;1.306853;6.143120;0.224696;1.239623
2504.21;1294;1307;6.000000;0.405976;0.000173;20.555494;3.503719;13.054105;2.477055;2.855272;1.192504;13.136759;0.200753;1.429293
2506.01;1295;1308;6.000000;0.411754;0.000247;20.007291;3.410542;12.853600;2.440220;2.874875;1.130657;3.288489;0.197286;2.246547
2507.81;1296;1309;5.000000;0.521351;0.000173;16.003404;1.950548;13.045488;1.770191;2.358775;0.958269;4.889736;0.155157;1.480892
2509.61;1297;1310;5.000000;0.540669;0.000334;15.300048;1.903595;12.922614;1.790575;2.373498;0.957724;5.180218;0.151876;2.061381
2511.41;1298;1311;5.000000;0.515458;0.000173;17.369543;1.677443;14.005664;1.505792;2.087063;0.791026;9.692965;0.122813;1.314693
2513.21;1299;1312;5.000000;0.522039;0.000173;16.910468;1.779731;13.809324;1.618129;2.208582;0.863378;8.901294;0.133178;0.607547
2515.01;1300;1313;5.000000;0.472905;0.000261;17.940848;1.768040;13.272175;1.456195;1.885635;0.758084;5.161995;0.102018;1.281591
2516.81;1301;1314;5.000000;0.394913;0.000352;26.056695;1.504333;15.261214;0.978738;1.351698;0.393422;36.166127;0.062802;0.443388
2518.61;1302;1315;5.000000;0.331693;0.000223;33.951822;1.785087;16.826265;0.984924;1.459758;0.304582;0.000100;0.060959;0.899113
2520.41;1303;1316;5.000000;0.301517;0.000236;46.212613;1.945983;20.894158;0.979103;1.465370;0.120400;0.000100;0.048588;1.037008
2522.21;1304;1317;5.000000;0.290397;0.000424;47.423982;1.984386;20.995144;0.979336;1.401201;0.076814;0.000100;0.046127;0.520708
2524.01;1305;1318;5.000000;0.310968;0.000173;50.015742;1.768417;24.324252;0.957539;1.387318;-0.100921;9.599999;0.025488;1.639813
2525.81;1306;1319;5.000000;0.319155;0.000173;50.917115;1.613195;25.412870;0.896038;1.212771;-0.289718;10.414420;0.006507;1.230108
2527.61;1307;1320;5.000000;0.327242;0.000319;47.637063;2.066224;24.375305;1.177175;1.592718;-0.121958;9.278904;0.038727;1.196895
2529.41;1308;1321;5.000000;0.338476;0.000374;36.188135;3.359300;19.157103;1.979452;2.210254;0.433587;7.451442;0.101019;1.511947
2531.21;1309;1322;5.000000;0.345679;0.000270;30.544241;4.040667;16.494621;2.429595;2.518726;0.743894;4.621492;0.141974;1.302587
2533.01;1310;1323;5.000000;0.399361;0.000256;10.726940;6.516557;6.692163;4.529034;4.319948;2.218589;0.000100;0.338898;1.537125
2534.81;1311;1324;5.000000;0.385537;0.000334;8.259248;7.403271;4.988919;4.967990;4.719877;2.566311;0.000100;0.376756;1.254987
2536.61;1312;1325;5.000000;0.400488;0.000244;4.805018;8.069391;3.011140;5.624079;5.213284;2.966906;0.000100;0.422205;1.461392
2538.41;1313;1326;5.000000;0.437428;0.000360;3.089425;7.670606;2.113052;5.838031;5.375486;3.223376;0.000100;0.448188;1.344421
2540.21;1314;1327;5.000000;0.449686;0.000247;3.179279;7.415463;2.235397;5.805935;5.543713;3.147005;0.000100;0.439122;1.517230
2542.01;1315;1328;5.000000;0.466584;0.000342;3.569361;7.089263;2.605014;5.760203;5.306567;3.061433;0.000100;0.440765;1.344005
2543.81;1316;1329;5.000000;0.436297;0.000270;3.750262;7.641409;2.558977;5.802833;5.472664;3.051170;0.000100;0.425307;1.681445
2545.61;1317;1330;6.000000;0.435719;0.000173;4.503459;7.610519;3.069224;5.774834;5.287088;2.966480;0.000100;0.418880;1.405527
2547.41;1318;1331;6.000000;0.453055;0.000371;4.415104;6.682716;3.127971;5.268595;5.236619;3.036051;0.000100;0.386380;1.419992
2549.21;1319;1332;6.000000;0.508065;0.000544;4.077871;5.928802;3.239541;5.242631;5.418231;3.009947;0.000100;0.385826;1.568857
2551.01;1320;1333;6.000000;0.456840;0.000445;3.886065;5.991794;2.775887;4.764666;5.039279;3.136746;0.000100;0.345736;1.168018
2552.81;1321;1334;6.000000;0.476059;0.000526;3.785092;5.681223;2.818127;4.708935;5.186838;3.137439;0.000100;0.352394;1.512484
2554.61;1322;1335;6.000000;0.471275;0.000501;3.721191;5.518574;2.743409;4.529249;5.330866;3.297685;0.579308;0.337498;0.866871
2556.41;1323;1336;6.000000;0.562183;0.000570;3.077753;3.955713;2.661366;3.795562;5.145447;3.450100;1.102537;0.297635;1.094579
2558.21;1324;1337;5.000000;0.528054;0.000680;3.692702;4.791868;3.041822;4.387931;5.511134;3.382590;1.965449;0.332310;1.332571
2560.01;1325;1338;5.000000;0.486319;0.000688;4.387007;5.417135;3.337428;4.588429;5.449303;3.179126;1.554840;0.360823;1.288764
2561.81;1326;1339;5.000000;0.529827;0.000679;4.035058;4.812589;3.338564;4.429814;5.360072;3.117215;0.586301;0.343619;1.258619
2563.61;1327;1340;4.000000;0.454453;0.000671;3.528171;4.363427;2.493960;3.440878;4.086368;3.108536;0.000100;0.254425;0.881036
2565.41;1328;1341;5.000000;0.621944;0.000871;2.634972;3.263567;2.557717;3.523431;4.708440;3.438177;35.649455;0.288116;0.355692
2567.21;1329;1342;5.000000;0.590321;0.000727;2.908697;3.467900;2.685477;3.565122;4.281082;3.359208;9.802370;0.276038;0.200737
2569.01;1330;1343;6.000000;0.639596;0.001031;3.065260;3.363081;3.042423;3.715677;4.715619;3.410042;13.391397;0.285715;0.404156
2570.81;1331;1344;6.000000;0.713631;0.000940;2.621652;2.945333;2.922846;3.655356;4.599262;3.410734;48.863735;0.287970;0.200737
2572.61;1332;1345;5.000000;0.645829;0.000866;2.210159;3.038858;2.217593;3.395403;4.615586;3.478289;24.605302;0.273332;0.200737
2574.41;1333;1346;6.000000;0.639596;0.001031;3.065260;3.363081;3.042423;3.715677;4.715619;3.410042;13.391397;0.285715;0.404156
2576.21;1334;1347;5.000000;0.603397;0.000905;2.373110;3.172912;2.233355;3.326502;5.044639;3.532227;0.000100;0.270012;0.587970
2578.01;1335;1348;6.000000;0.679162;0.000787;2.284333;2.988189;2.425451;3.531255;5.175517;3.519649;48.318463;0.272775;0.520549
2579.81;1336;1349;6.000000;0.401833;0.000347;17.040873;4.690441;10.704848;3.281235;4.086384;1.688603;5.439437;0.240245;1.035659
2581.61;1337;1350;6.000000;0.411217;0.000473;16.709262;4.527942;10.746980;3.242110;4.180806;1.700927;5.542664;0.240774;1.325051
2583.41;1338;1351;6.000000;0.461304;0.000458;12.555047;5.034340;9.054321;4.040704;4.699322;2.031129;4.729596;0.306259;1.230356
2585.21;1339;1352;6.000000;0.464658;0.000375;10.988431;5.297706;7.985431;4.278319;4.754810;2.112911;3.728035;0.311220;1.333992
2587.01;1340;1353;5.000000;0.459930;0.000270;7.002353;6.492164;5.037471;5.198045;5.245797;2.600707;2.631490;0.367209;1.469201
2588.81;1341;1354;5.000000;0.699165;0.000273;6.311173;4.231214;6.899844;5.152226;5.685893;2.581733;5.192557;0.374029;1.432865
2590.61;1342;1355;5.000000;0.501683;0.000381;4.310235;6.419274;3.381017;5.605622;5.669677;2.801683;1.920835;0.405984;1.497600
2592.41;1343;1356;6.000000;0.464262;0.000173;4.087946;6.998620;2.966187;5.653487;5.043705;2.823940;0.000100;0.396152;1.178630
2594.21;1344;1357;5.000000;0.440041;0.000250;3.934022;7.228256;2.701489;5.532358;4.775768;2.657524;0.000100;0.365373;1.096923
2596.01;1345;1358;5.000000;0.443964;0.000320;4.026335;7.184871;2.793291;5.551731;5.472311;2.801265;0.680723;0.404448;1.335647
2597.81;1346;1359;5.000000;0.480044;0.000374;3.688346;6.657086;2.768877;5.563255;5.162365;2.654652;0.000100;0.383468;1.211225
2599.61;1347;1360;5.000000;0.928068;0.000594;2.995189;3.394943;4.339520;5.476014;4.568672;2.448095;48.096056;0.457354;0.200737
2601.41;1348;1361;5.000000;0.986050;0.000774;2.790419;3.240004;4.299571;5.561401;4.763335;2.514728;57.420570;0.453794;0.200737
2603.21;1349;1362;5.000000;0.610722;0.000566;3.675855;5.309851;3.510418;5.646802;5.449177;2.723584;0.000100;0.460003;1.154158
2605.01;1350;1363;5.000000;0.548493;0.000326;3.107393;6.141259;2.663825;5.856633;5.702580;2.884138;0.000100;0.447022;1.464447
2606.81;1351;1364;5.000000;0.551065;0.000430;3.072954;6.112347;2.648998;5.865902;5.637289;2.902316;0.000100;0.439344;1.309534
2608.61;1352;1365;5.000000;0.545342;0.000347;3.076839;6.241870;2.624418;5.921907;6.004698;2.897680;0.000100;0.434741;1.475481
2610.41;1353;1366;5.000000;0.569186;0.000173;2.911207;6.026286;2.590893;5.969115;6.213052;2.875662;1.724909;0.433206;1.890187
2612.21;1354;1367;5.000000;0.544203;0.000441;2.875060;6.292606;2.438678;5.955439;5.864158;2.921677;0.000100;0.431444;1.268031
2614.01;1355;1368;5.000000;0.512540;0.000272;2.723131;6.732634;2.180942;6.003322;5.392604;2.900779;0.000100;0.430453;1.435628
2615.81;1356;1369;5.000000;0.506590;0.000232;2.786320;6.790823;2.207923;5.991090;5.318413;2.883889;0.000100;0.424802;1.177773
2617.61;1357;1370;5.000000;0.604853;0.000296;4.192399;5.209645;3.969563;5.483136;3.996224;2.440064;0.000100;0.389225;0.734725
2619.41;1358;1371;5.000000;0.506090;0.000322;3.363003;6.661113;2.658160;5.867376;5.312719;2.827212;0.212242;0.421381;1.302971
2621.21;1359;1372;5.000000;0.510812;0.000333;3.287203;6.591627;2.625718;5.858180;5.753307;2.856145;0.000100;0.423019;1.566537
2623.01;1360;1373;5.000000;0.499320;0.000335;3.168644;6.700792;2.471740;5.818766;5.780554;2.817054;0.000100;0.413148;1.537446
2624.81;1361;1374;5.000000;0.491942;0.000302;3.845410;6.619877;2.958594;5.670819;5.660662;2.722012;0.000100;0.403592;1.370238
2626.61;1362;1375;5.000000;0.531925;0.000391;3.855121;6.118308;3.207558;5.666534;5.919041;2.720942;0.939024;0.410771;2.045887
2628.41;1363;1376;5.000000;0.516029;0.000448;3.761451;6.217934;3.036398;5.587474;5.819269;2.724186;0.656075;0.410393;1.916768
2630.21;1364;1377;5.000000;0.501609;0.000232;3.783393;6.381827;2.967578;5.570418;5.497642;2.796082;0.000100;0.416837;1.307618
2632.01;1365;1378;5.000000;0.495954;0.000173;3.778527;6.522995;2.931579;5.634061;5.694644;2.838773;0.000100;0.419453;1.669129
2633.81;1366;1379;5.000000;0.482532;0.000173;4.297865;6.624341;3.243037;5.564274;5.560115;2.687290;0.000100;0.397320;1.610150
2635.61;1367;1380;5.000000;0.469290;0.000464;3.920591;6.852314;2.878084;5.600241;5.922701;2.772305;0.000100;0.410981;1.672507
2637.41;1368;1381;5.000000;0.440289;0.000344;3.710695;7.305487;2.557319;5.598681;5.171170;2.572121;0.000100;0.395665;1.102712
2639.21;1369;1382;5.000000;0.470704;0.000173;3.634332;6.901039;2.675159;5.645725;4.894530;2.752449;0.000100;0.414248;0.951391
2641.01;1370;1383;5.000000;0.433294;0.000248;3.887599;7.452857;2.635655;5.618356;4.828161;2.748973;0.000100;0.412225;1.206503
2642.81;1371;1384;6.000000;0.445001;0.000173;3.170316;7.607774;2.206812;5.895381;5.244398;2.991718;0.000100;0.436128;1.301976
2644.61;1372;1385;6.000000;0.449724;0.000238;3.262172;7.397406;2.290592;5.786915;5.331607;2.945974;0.000100;0.432266;1.370113
2646.41;1373;1386;6.000000;0.450564;0.000333;3.627638;7.454745;2.555658;5.848976;5.452832;2.900026;0.000100;0.433349;0.747757
2648.21;1374;1387;6.000000;0.447698;0.000173;3.337990;7.569308;2.337586;5.901254;5.773631;2.998577;0.000100;0.435372;1.671817
2650.01;1375;1388;6.000000;0.462565;0.000237;3.538440;7.308537;2.561136;5.880840;5.375819;2.848218;0.000100;0.418366;1.564941
2651.81;1376;1389;6.000000;0.460312;0.000223;3.369438;7.402234;2.426156;5.933203;5.571931;2.889949;0.000100;0.424496;1.577142
2653.61;1377;1390;6.000000;0.457917;0.000321;3.422480;7.442776;2.450238;5.934451;5.453162;2.844151;0.000100;0.417519;1.555143
2655.41;1378;1391;6.000000;0.460416;0.000232;3.377946;7.434473;2.432776;5.961392;5.561747;2.883342;0.000100;0.425423;1.593815
2657.21;1379;1392;6.000000;0.449312;0.000259;3.797947;7.480841;2.669753;5.852213;5.538917;2.826778;0.000100;0.410145;1.527830
2659.01;1380;1393;6.000000;0.441478;0.000440;4.121583;7.172107;2.845111;5.513979;5.738599;2.890649;1.283685;0.391140;1.814173
2660.81;1381;1394;6.000000;0.435838;0.000448;3.957149;7.335686;2.697618;5.567891;6.212949;3.054335;1.990755;0.403888;1.787974
2662.61;1382;1395;6.000000;0.427491;0.000473;4.018426;6.878435;2.687097;5.120003;5.889868;2.958302;2.018237;0.379137;1.900003
2664.41;1383;1396;11.000000;0.462831;0.000560;3.558983;6.061074;2.576106;4.884358;6.029548;3.112327;2.196867;0.380814;2.124410
2666.21;1384;1397;11.000000;0.639825;0.000755;4.256508;3.959507;4.256231;4.406835;5.959345;2.890122;3.268626;0.370892;1.858647
2668.01;1385;1398;11.000000;0.525885;0.000362;5.463105;5.767476;4.492127;5.279632;5.793130;2.703233;2.289999;0.430973;1.833163
2669.81;1386;1399;11.000000;0.457236;0.000401;2.987519;5.187089;2.136010;4.128510;5.144919;2.837028;0.678708;0.318145;1.225266
2671.61;1387;1400;11.000000;0.454529;0.000496;2.891950;5.087625;2.048914;4.016116;4.846633;2.798323;0.314357;0.310664;0.851522
2673.41;1388;1401;11.000000;0.444477;0.000458;2.716338;5.164130;1.888811;3.996376;4.445251;2.679310;0.000100;0.296196;1.085899
2675.21;1389;1402;11.000000;0.502581;0.000509;2.715455;4.695579;2.117651;4.067602;5.123249;2.994066;11.124631;0.318646;1.287683
2677.01;1390;1403;11.000000;0.526618;0.000656;2.491871;4.368718;2.040252;3.983819;4.788243;2.947660;9.301867;0.309185;1.031579
2678.81;1391;1404;11.000000;0.557117;0.000568;2.397808;4.350810;2.051925;4.138907;4.755959;3.161714;12.943291;0.330903;0.755668
2680.61;1392;1405;11.000000;0.362115;0.000524;3.097082;4.812133;1.776713;3.374164;4.085148;2.547115;0.077957;0.272880;0.849800
2682.41;1393;1406;11.000000;0.486773;0.000653;2.956482;5.053441;2.248731;4.279180;5.216103;3.143279;0.000100;0.353347;0.933439
2684.21;1394;1407;11.000000;0.440025;0.000556;3.802153;5.718354;2.617117;4.381680;5.020350;2.924166;0.000100;0.341863;1.150640
2686.01;1395;1408;11.000000;0.413377;0.000779;4.680474;5.864448;3.023742;4.220344;4.882402;2.756509;0.000100;0.315700;0.981888
2687.81;1396;1409;11.000000;0.418027;0.000415;4.990158;5.974187;3.262611;4.347716;5.504078;2.760274;2.085581;0.323840;1.341089
2689.61;1397;1410;11.000000;0.400712;0.000372;4.807142;6.187677;3.013424;4.318138;5.597231;2.738960;2.425153;0.328281;1.477812
2691.41;1398;1411;11.000000;0.429496;0.000553;4.679272;5.575171;3.143730;4.170249;5.235871;2.663687;2.310404;0.326631;1.239613
2693.21;1399;1412;11.000000;0.472350;0.000408;3.098759;5.287669;2.274766;4.326198;5.212886;3.090013;0.000100;0.358265;0.880667
2695.01;1400;1413;6.000000;0.447993;0.000391;4.401622;5.992937;3.084267;4.675517;5.656076;2.804584;2.489654;0.358990;1.692429
2696.81;1401;1414;6.000000;0.440997;0.000395;4.297523;5.897707;2.963804;4.529274;5.561947;2.765933;2.186648;0.344885;1.155355
2698.61;1402;1415;5.000000;0.425515;0.000511;4.351889;6.142176;2.896976;4.551257;5.409037;2.805015;0.313271;0.361051;1.007855
2700.41;1403;1416;6.000000;0.456302;0.000173;5.401001;6.755399;3.854221;5.366159;5.404319;2.634723;0.000100;0.505579;1.384523
2702.21;1404;1417;5.000000;0.454956;0.000238;5.766176;6.667706;4.106322;5.280577;5.409367;2.559831;0.000100;0.482415;1.597270
2704.01;1405;1418;6.000000;0.514670;0.000461;5.497187;5.546835;4.424548;4.970655;5.297060;2.460810;0.000100;0.460520;1.654850
2705.81;1406;1419;6.000000;0.515347;0.000447;5.594395;5.660915;4.506951;5.078488;5.505834;2.490983;0.000100;0.476316;1.921261
2707.61;1407;1420;5.000000;0.410945;0.000247;7.093242;7.721562;4.556706;5.520178;5.560468;2.484053;0.000100;0.544261;1.311843
2709.41;1408;1421;6.000000;0.415855;0.000349;7.048353;7.651533;4.569206;5.524667;5.642392;2.517095;0.000100;0.546142;1.753905
2711.21;1409;1422;5.000000;0.425033;0.000332;5.640004;6.827210;3.746868;5.050893;5.373957;2.672852;0.000100;0.478720;1.403943
2713.01;1410;1423;5.000000;0.431344;0.000357;6.231337;7.045880;4.184707;5.279298;5.295555;2.494122;0.000100;0.506333;1.439145
2714.81;1411;1424;5.000000;0.435601;0.000506;5.791816;6.919087;3.919978;5.234670;5.324680;2.646700;0.000100;0.490002;1.766588
2716.61;1412;1425;6.000000;0.415751;0.000173;7.297275;7.576351;4.745761;5.485659;5.163557;2.497509;0.000100;0.494875;1.235971
2718.41;1413;1426;6.000000;0.579224;0.000612;5.703363;4.584057;5.161670;4.620334;5.103945;2.504156;0.000100;0.470468;1.338813
2720.21;1414;1427;6.000000;0.581309;0.000540;4.891601;4.577897;4.427493;4.617196;5.199410;2.594396;0.000100;0.479301;1.491523
2722.01;1415;1428;6.000000;0.595135;0.000605;3.820815;4.239920;3.547730;4.382211;5.143808;2.766808;0.000100;0.446976;1.365948
2723.81;1416;1429;6.000000;0.750698;0.000884;3.368953;3.442254;3.942469;4.485857;5.177814;2.744668;0.000100;0.489058;1.205765
2725.61;1417;1430;6.000000;0.803637;0.000706;3.229560;3.268198;3.966929;4.475092;5.016689;2.730607;27.916259;0.483622;1.134439
2727.41;1418;1431;5.000000;0.740816;0.000898;3.133511;3.481254;3.597674;4.439539;4.552275;2.673491;22.434806;0.454864;0.559986
2729.21;1419;1432;5.000000;0.494448;0.000527;3.536116;5.263090;2.731975;4.529893;5.317480;3.040052;0.000100;0.369750;1.060637
2731.01;1420;1433;6.000000;0.735258;0.000807;3.177012;3.561595;3.617228;4.507666;5.003077;2.696853;13.537442;0.498272;0.725227
2732.81;1421;1434;6.000000;0.721791;0.000798;3.274569;3.637800;3.696807;4.571456;5.521065;2.816348;0.000100;0.519451;1.408464
2734.61;1422;1435;6.000000;0.732770;0.000614;3.127068;4.000233;3.583734;5.103718;5.225818;1.514765;0.000100;0.601889;1.134554
2736.41;1423;1436;6.000000;0.670658;0.000826;3.149390;4.250150;3.301593;4.961472;4.725623;1.297141;0.000100;0.564148;1.074849
2738.21;1424;1437;5.000000;0.587552;0.000401;3.494779;5.476724;3.211201;5.601516;5.020554;1.867302;0.000100;0.546815;1.658729
2740.01;1425;1438;5.000000;0.545962;0.000447;3.370190;6.040383;2.877262;5.742108;4.806047;1.951314;0.000100;0.530479;1.297802
2741.81;1426;1439;6.000000;0.625915;0.000892;3.438958;4.192785;3.362577;4.566127;5.030156;2.612721;0.000100;0.476877;1.235304
2743.61;1427;1440;6.000000;1.031656;0.000937;1.916092;1.818133;3.091238;3.265617;4.333820;1.442071;1.615104;0.179074;1.098129
2745.41;1428;1441;6.000000;1.023806;0.000752;2.389392;1.948797;3.820531;3.470543;4.392658;2.041907;1.382432;0.210711;0.902969
2747.21;1429;1442;6.000000;0.511299;0.000466;5.769909;4.712143;4.614777;4.195589;4.480651;1.683543;0.521609;0.297130;1.679382
2749.01;1430;1443;5.000000;0.408483;0.000278;8.774662;5.867506;5.600234;4.170719;4.444843;1.694260;0.000100;0.324625;1.883314
2750.81;1431;1444;5.000000;0.396042;0.000173;8.994756;5.980558;5.566196;4.121908;4.352228;1.647057;0.000100;0.318049;1.338983
2752.61;1432;1445;6.000000;0.547108;0.000641;4.654098;4.702018;3.980634;4.478908;5.099249;2.484288;0.000100;0.429361;1.063055
2754.41;1433;1446;6.000000;0.450413;0.000516;7.109290;5.463529;4.993228;4.278503;4.669008;1.955174;0.000100;0.353803;1.557874
2756.21;1434;1447;5.000000;0.424179;0.000268;7.903581;5.824448;5.226199;4.292679;4.478345;1.871534;0.000100;0.351165;1.604766
2758.01;1435;1448;5.000000;0.392538;0.000326;9.481576;5.850111;5.821751;3.998908;4.258056;1.558952;0.785667;0.307456;1.546041
2759.81;1436;1449;5.000000;0.372363;0.000276;10.412129;6.047417;6.061743;3.920109;4.221534;1.507617;1.335473;0.295111;1.658195
2761.61;1437;1450;6.000000;0.380863;0.000368;9.961029;6.130796;5.932631;4.065709;3.999502;1.514662;0.000100;0.278979;1.855435
2763.41;1438;1451;6.000000;0.392117;0.000416;9.236731;5.615500;5.665862;3.834612;3.906170;1.579293;0.324161;0.275153;1.167601
2765.21;1439;1452;6.000000;0.430556;0.000263;8.036964;5.116948;5.410424;3.834263;3.787472;1.673755;0.000100;0.268682;1.611479
2767.01;1440;1453;6.000000;0.426353;0.000348;7.883925;4.840860;5.254638;3.592974;3.914202;1.701288;0.000100;0.237630;1.299304
2768.81;1441;1454;6.000000;0.486453;0.000469;6.485760;4.294186;4.918156;3.624820;4.222529;1.816657;2.429452;0.251948;1.713531
2770.61;1442;1455;6.000000;0.497526;0.000597;6.262432;4.252517;4.873214;3.684051;3.800119;1.958985;0.299816;0.264969;1.296161
2772.41;1443;1456;6.000000;0.515254;0.000656;5.760384;4.033934;4.642354;3.619503;4.096619;2.043057;1.770380;0.253419;0.912966
2774.21;1444;1457;6.000000;0.559217;0.000587;4.858268;3.872036;4.250163;3.771097;4.214232;2.143176;1.117785;0.256423;1.520901
2776.01;1445;1458;6.000000;0.532925;0.000469;5.157451;4.038032;4.299408;3.747644;4.469578;2.153266;2.463076;0.255602;1.664837
2777.81;1446;1459;6.000000;0.527561;0.000673;5.463361;4.926655;4.504617;4.521381;4.643405;2.051751;0.000100;0.407574;1.667326
2779.61;1447;1460;6.000000;0.574503;0.000271;5.502746;5.402131;4.927149;5.382656;4.792469;1.859407;0.000100;0.595001;1.652782
2781.41;1448;1461;6.000000;0.471290;0.000366;6.394946;5.774463;4.714282;4.739012;4.574050;1.784223;0.000100;0.444491;2.267531
2783.21;1449;1462;6.000000;0.471271;0.000348;6.270529;5.324313;4.622927;4.370060;4.620265;1.870113;1.369413;0.336091;1.909715
2785.01;1450;1463;6.000000;0.467411;0.000341;5.835066;5.378252;4.259095;4.366338;4.506750;1.906878;0.894910;0.307677;1.679237
2786.81;1451;1464;6.000000;0.503753;0.000493;5.594577;5.043690;4.408608;4.423547;4.681933;1.894416;0.315619;0.313111;1.678952
2788.61;1452;1465;6.000000;0.466491;0.000389;5.807498;5.586635;4.237351;4.538119;5.393957;1.995068;4.488238;0.342676;2.124816
2790.41;1453;1466;6.000000;0.412270;0.000540;5.300780;6.073775;3.413489;4.357147;3.907584;1.935322;0.000100;0.305701;1.228090
2792.21;1454;1467;6.000000;0.401135;0.000354;5.497968;6.348536;3.449465;4.433552;4.287158;1.981029;0.000100;0.319992;1.396472
2794.01;1455;1468;6.000000;0.462666;0.000428;5.343415;5.356606;3.866405;4.315210;3.717901;1.841469;0.000100;0.300072;0.758956
2795.81;1456;1469;6.000000;0.478328;0.000544;5.353338;5.039831;4.004758;4.198271;4.209198;1.954374;0.000100;0.287061;1.071596
2797.61;1457;1470;6.000000;0.532826;0.000533;4.713615;4.449128;3.917685;4.113159;4.433405;1.842523;0.000100;0.292116;1.094159
2799.41;1458;1471;6.000000;0.680987;0.000691;2.890317;3.153472;3.078893;3.739755;4.444532;1.908674;0.000100;0.263813;0.921053
2801.21;1459;1472;6.000000;0.701432;0.000543;2.810932;3.041680;3.083278;3.714702;4.416660;1.874024;0.394869;0.256289;0.971417
2803.01;1460;1473;6.000000;0.808844;0.000810;2.064046;2.415402;2.610697;3.400715;4.419223;1.604544;1.308333;0.236894;0.783593
2804.81;1461;1474;6.000000;0.798326;0.000898;2.423547;2.528894;3.026377;3.516008;4.590227;2.158268;2.616420;0.231182;1.360407
2806.61;1462;1475;6.000000;0.783958;0.000664;2.502413;2.540519;3.059589;3.456583;4.593184;1.882447;1.317496;0.243206;0.858259
2808.41;1463;1476;6.000000;0.756381;0.000887;2.657153;2.788405;3.142585;3.673368;4.915978;2.010847;0.928264;0.305928;1.252811
2810.21;1464;1477;6.000000;0.922023;0.000786;2.029112;2.115392;2.909783;3.363509;4.621271;1.873180;26.817378;0.298058;0.500989
2812.01;1465;1478;11.000000;0.969818;0.000748;1.460059;1.870986;2.201341;3.144202;4.706309;2.442806;12.339116;0.273525;0.200737
2813.81;1466;1479;11.000000;1.070163;0.000722;1.080387;1.698250;1.807473;3.163849;4.506095;2.418293;33.811593;0.294031;0.200737
2815.61;1467;1480;11.000000;1.025500;0.000799;0.877742;1.765758;1.406797;3.150611;4.575636;3.299706;24.530695;0.295986;0.200737
2817.41;1468;1481;11.000000;0.931830;0.000702;1.061150;1.971880;1.541705;3.188407;4.860568;3.386754;25.574009;0.297718;0.200737
2819.21;1469;1482;11.000000;0.822485;0.000732;1.160722;2.295239;1.487523;3.275569;4.881228;3.569899;36.165308;0.301556;0.200737
2821.01;1470;1483;11.000000;0.664256;0.000712;1.465497;2.714093;1.521470;3.139098;5.013587;3.766667;21.482578;0.288083;0.357313
2822.81;1471;1484;11.000000;0.678480;0.000840;1.435991;2.655386;1.523308;3.136238;4.837634;3.737733;48.775673;0.294634;0.200737
2824.61;1472;1485;11.000000;0.590722;0.000715;1.653534;3.165461;1.525643;3.247950;5.050507;3.709303;36.091675;0.298216;0.365879
2826.41;1473;1486;11.000000;0.606914;0.000711;1.813036;3.166489;1.713319;3.330227;5.188439;3.804176;51.124492;0.308184;0.323404
2828.21;1474;1487;11.000000;0.591155;0.000892;1.808902;3.119754;1.669322;3.207236;5.383361;3.754769;10.933820;0.282973;0.200737
2830.01;1475;1488;11.000000;0.717674;0.000927;1.393196;2.487546;1.563317;3.107846;5.222640;3.719704;51.004991;0.259207;0.339191
2831.81;1476;1489;11.000000;0.692180;0.000991;1.474559;2.452095;1.571796;2.913804;5.047957;3.620587;28.585195;0.235791;0.200737
2833.61;1477;1490;11.000000;0.623667;0.000801;1.589692;2.636695;1.543479;2.853090;5.105038;3.605307;35.548227;0.205218;0.305882
2835.41;1478;1491;11.000000;0.631645;0.001045;1.557372;2.621241;1.528919;2.865227;5.165595;3.683567;36.833665;0.203124;0.369088
2837.21;1479;1492;11.000000;0.535942;0.001131;1.770183;2.983905;1.468255;2.757486;5.188002;3.728093;25.085710;0.184678;0.399112
2839.01;1480;1493;11.000000;0.581123;0.001054;1.579843;2.759883;1.429541;2.781721;5.375103;3.779385;13.338194;0.172284;0.200737
2840.81;1481;1494;8.000000;0.614800;0.001168;1.469876;2.527117;1.410950;2.698830;4.459148;3.830654;58.988805;0.163656;0.200737
2842.61;1482;1495;8.000000;0.622247;0.001136;1.405522;2.514113;1.359782;2.706672;4.664712;3.822675;59.144647;0.155535;0.200737
2844.41;1483;1496;8.000000;0.782441;0.001328;1.096447;1.942580;1.321147;2.608540;4.705272;3.532074;49.916518;0.143103;0.267908
2846.21;1484;1497;8.000000;0.787120;0.001211;1.049311;1.951485;1.281244;2.649818;4.753344;3.605765;46.904956;0.132782;0.294793
2848.01;1485;1498;8.000000;0.662389;0.001332;1.242185;2.234544;1.287158;2.577626;4.956933;3.503137;25.888542;0.129717;0.311306
2849.81;1486;1499;8.000000;0.856932;0.001387;0.992347;1.654730;1.328875;2.469172;4.806322;2.835865;25.182105;0.114560;0.200737
2851.61;1487;1500;8.000000;0.898835;0.001481;0.916207;1.613518;1.284861;2.522224;4.847608;2.887009;25.582843;0.112516;0.200737
2853.41;1488;1501;7.000000;0.635560;0.001250;1.313551;2.324202;1.305429;2.572915;4.788549;3.800805;19.572438;0.109665;0.200737
2855.21;1489;1502;7.000000;0.530386;0.001386;1.487393;2.774971;1.233033;2.562760;4.771577;3.689386;24.347666;0.121662;0.486689
2857.01;1490;1503;7.000000;0.531557;0.001278;1.467474;2.801957;1.220276;2.593814;4.904728;3.739214;19.753871;0.121571;0.349056
2858.81;1491;1504;7.000000;0.693208;0.001375;1.182766;2.211120;1.262584;2.631717;4.696056;3.659145;54.656595;0.119740;0.200737
2860.61;1492;1505;7.000000;0.669381;0.001325;1.208725;2.269742;1.245454;2.614201;4.972177;3.701277;43.490343;0.113459;0.200737
2862.41;1493;1506;7.000000;0.684339;0.001288;1.227797;2.176091;1.298867;2.546406;4.958786;3.727086;37.792983;0.114727;0.200737
2864.21;1494;1507;7.000000;0.808457;0.001368;1.054371;1.902452;1.320932;2.656846;4.976284;3.663183;46.659139;0.114001;0.200737
2866.01;1495;1508;7.000000;0.669574;0.001562;1.487858;2.323494;1.558008;2.708954;4.560677;3.666773;24.008568;0.124455;0.200737
2867.81;1496;1509;7.000000;0.729548;0.001446;1.414201;2.208772;1.610033;2.799592;4.758089;3.685146;31.437707;0.122231;0.200737
2869.61;1497;1510;7.000000;0.721376;0.001254;1.299740;2.061451;1.465395;2.588341;4.785586;3.660638;24.645367;0.108596;0.435757
2871.41;1498;1511;7.000000;0.701911;0.001282;1.317422;2.144705;1.447083;2.621597;4.743206;3.620658;24.480840;0.106593;0.314005
2873.21;1499;1512;7.000000;0.819247;0.001357;1.609040;2.017549;2.061161;2.877850;5.156351;3.479236;6.180024;0.124174;0.578300
2875.01;1500;1513;7.000000;0.717329;0.001247;1.332805;2.150613;1.489726;2.678486;4.943181;3.679233;25.044205;0.114130;0.545426
2876.81;1501;1514;6.000000;0.790147;0.001044;1.568192;2.241349;1.935641;3.077644;5.072272;3.543346;3.702929;0.162568;0.796761
2878.61;1502;1515;6.000000;0.754675;0.001056;1.719385;2.498192;2.029119;3.283756;5.062269;3.469305;2.623195;0.195691;0.638263
2880.41;1503;1516;6.000000;0.848288;0.001281;1.897199;2.387057;2.503629;3.510687;5.044640;3.245450;1.877290;0.222316;1.015456
2882.21;1504;1517;6.000000;0.939403;0.000979;1.670751;2.375908;2.454518;3.885508;5.734694;3.446495;2.784117;0.266290;0.926136
2884.01;1505;1518;6.000000;0.912766;0.000898;1.700693;2.728697;2.427571;4.336201;6.007923;3.388992;3.271207;0.306226;0.920979
2885.81;1506;1519;6.000000;0.880014;0.000877;1.711794;2.780266;2.356208;4.260832;5.761227;3.100841;1.743891;0.289627;0.510258
2887.61;1507;1520;6.000000;0.942865;0.000951;3.226377;2.401787;4.758775;3.943754;5.486440;2.272820;2.668989;0.256672;1.190654
2889.41;1508;1521;6.000000;0.860950;0.000949;3.868423;2.656916;5.210322;3.983335;6.014934;2.334537;4.973103;0.258873;1.041382
2891.21;1509;1522;6.000000;0.969911;0.000900;5.479981;2.177294;8.301193;3.670268;4.032273;1.718906;0.000100;0.221607;0.728414
2893.01;1510;1523;6.000000;0.960018;0.000870;5.300736;2.219609;7.956412;3.710405;4.238737;1.744966;0.000100;0.220749;1.326833
2894.81;1511;1524;6.000000;0.772527;0.000737;9.471705;2.368157;11.434895;3.183964;3.879902;1.018998;0.000100;0.172067;1.175086
2896.61;1512;1525;6.000000;0.500561;0.000547;14.987228;3.743280;11.724647;3.261192;3.626768;1.823774;0.000100;0.172966;1.439396
2898.41;1513;1526;6.000000;0.493900;0.000606;15.163786;3.810114;11.715881;3.277193;3.641080;1.798578;0.275413;0.175210;0.787598
2900.21;1514;1527;6.000000;0.646577;0.000506;10.880992;2.956178;11.004645;3.328438;3.767781;1.403500;0.473887;0.173733;0.829354
2902.01;1515;1528;6.000000;0.671845;0.000623;9.049656;3.125586;9.481936;3.646039;3.973904;1.931835;0.796193;0.192166;1.644617
2903.81;1516;1529;6.000000;0.661168;0.000433;9.483774;3.102095;9.807227;3.570640;4.163492;1.955977;0.541167;0.193664;2.055120
2905.61;1517;1530;6.000000;0.612712;0.000519;9.989244;3.547960;9.571411;3.784617;4.174941;2.046294;0.000100;0.208103;1.291872
2907.41;1518;1531;6.000000;0.612374;0.000579;10.045991;3.579351;9.621222;3.817114;4.225773;1.998533;0.000100;0.203153;0.947401
2909.21;1519;1532;6.000000;0.612784;0.000604;9.012305;3.786187;8.637271;4.038004;4.316440;2.051685;0.000100;0.230333;1.475522
2911.01;1520;1533;6.000000;0.621626;0.000585;8.894796;3.681917;8.647679;3.985731;4.314618;2.068284;0.000100;0.224777;1.622186
2912.81;1521;1534;6.000000;0.675162;0.000569;6.949297;3.549351;7.339053;4.173011;4.535522;2.121115;0.000100;0.244655;1.360435
2914.61;1522;1535;6.000000;0.655976;0.000575;6.093492;3.741344;6.207894;4.247796;4.730036;2.168345;0.000100;0.251539;1.175723
2916.41;1523;1536;6.000000;0.386749;0.000599;6.439213;5.771768;3.896565;3.885587;4.370490;3.037502;0.000100;0.222827;1.026741
2918.21;1524;1537;11.000000;0.423236;0.000536;6.897611;5.282639;4.558903;3.887983;4.787119;3.153412;0.284522;0.230820;1.206645
2920.01;1525;1538;11.000000;0.440142;0.000649;6.461575;5.055719;4.449126;3.875501;4.782227;3.074776;0.000100;0.224161;1.168254
2921.81;1526;1539;11.000000;0.416596;0.000633;6.927574;5.338966;4.509741;3.872338;4.711269;3.080581;0.258733;0.219806;1.226665
2923.61;1527;1540;6.000000;0.577898;0.000692;4.654913;3.530690;4.206866;3.552722;4.816677;2.424158;0.428237;0.211680;1.152660
2925.41;1528;1541;8.500000;0.653788;0.000754;4.546770;3.028171;4.650089;3.447404;4.695335;2.288596;0.261287;0.212731;1.189071
2927.21;1529;1542;11.000000;1.122522;0.000687;6.766245;1.402157;11.881846;2.740701;4.263016;1.194621;2.023833;0.236834;0.979411
2929.01;1530;1543;11.000000;0.512543;0.000596;1.754451;2.375459;1.402888;2.117362;4.120679;1.018478;22.930036;0.113065;0.626244
2930.81;1531;1544;11.000000;0.617360;0.000842;3.421569;3.335062;3.297132;3.577065;5.234205;2.263652;0.000100;0.206560;0.960145
2932.61;1532;1545;11.000000;0.603735;0.000998;2.948428;3.485171;2.781862;3.662028;5.068022;2.629679;0.000100;0.214329;1.080500
2934.41;1533;1546;11.000000;0.664461;0.001244;3.615539;3.161506;3.756515;3.656189;4.313052;2.523366;0.000100;0.203237;0.824755
2936.21;1534;1547;11.000000;0.666620;0.001217;3.710758;3.081489;3.869406;3.576791;4.463851;2.522985;0.000100;0.196855;0.738521
2938.01;1535;1548;11.000000;0.657728;0.001198;3.864729;3.111239;3.976380;3.563366;4.645715;2.491534;0.000100;0.203165;0.840062
2939.81;1536;1549;9.857143;0.690499;0.001128;2.876487;2.478361;3.214069;2.896931;5.140208;2.927353;1.594453;0.153797;0.945218
2941.61;1537;1550;11.000000;0.592386;0.001032;2.427580;3.167707;2.240611;3.256802;4.651112;3.447887;1.663516;0.164259;0.929895
2943.41;1538;1551;11.000000;0.577048;0.001019;2.496697;3.260224;2.253481;3.275728;4.907923;3.460334;2.329055;0.165466;0.543125
2945.21;1539;1552;11.000000;0.840678;0.001375;2.217084;2.424134;2.909739;3.543040;5.093443;2.861793;1.756822;0.171440;0.882726
2947.01;1540;1553;11.000000;0.791787;0.001241;2.438821;2.578899;3.011122;3.542392;5.061021;2.811715;1.511500;0.167044;0.840249
2948.81;1541;1554;11.000000;1.021404;0.001227;2.138839;1.970127;3.387546;3.478639;4.746170;1.755287;0.000100;0.151189;0.681595
2950.61;1542;1555;11.000000;0.985071;0.001316;2.140039;2.023932;3.290958;3.467585;4.707417;1.789283;0.000100;0.160533;1.105577
2952.41;1543;1556;11.000000;0.899321;0.001364;2.176740;2.123622;3.058979;3.321046;4.799507;2.236938;0.000100;0.154127;0.661277
2954.21;1544;1557;11.000000;0.772114;0.000967;1.843096;2.065596;2.222890;2.771120;4.776188;3.304695;2.692120;0.125560;0.280664
2956.01;1545;1558;11.000000;0.738468;0.001219;1.776149;2.315221;2.051691;2.977401;4.933732;3.368652;2.590879;0.134952;0.326025
2957.81;1546;1559;7.000000;0.735495;0.001297;1.951646;2.462236;2.245656;3.154015;4.767785;3.113347;0.927116;0.148705;0.623522
2959.61;1547;1560;7.000000;0.926849;0.001092;1.251376;1.894996;1.784402;3.018034;4.571327;3.303750;30.012295;0.149808;0.389456
2961.41;1548;1561;7.000000;0.809693;0.001134;1.626582;2.119439;2.021672;2.961628;4.798330;3.246429;14.618008;0.144907;0.540735
2963.21;1549;1562;7.000000;1.060933;0.000968;1.250013;1.518638;2.069235;2.800095;4.588288;1.521472;7.762342;0.137843;0.483567
2965.01;1550;1563;7.000000;0.889837;0.000706;2.832328;2.427934;3.939820;3.761663;4.859198;1.295541;0.352560;0.203484;1.193925
2966.81;1551;1564;6.000000;0.733137;0.000671;4.234746;3.476197;4.844670;4.431950;4.705729;1.658428;0.000100;0.246810;0.898517
2968.61;1552;1565;6.000000;0.614079;0.000711;5.610948;4.071263;5.382504;4.348655;4.923560;2.014550;0.000100;0.244686;1.500014
2970.41;1553;1566;6.000000;0.623028;0.000711;5.553102;4.060654;5.412203;4.406099;4.898651;2.006413;0.000100;0.256923;0.960321
2972.21;1554;1567;6.000000;0.625314;0.000498;6.280114;4.120647;6.142741;4.486472;4.965950;1.839473;0.000100;0.264731;1.278346
2974.01;1555;1568;6.000000;0.568826;0.000638;6.792753;4.580709;6.043603;4.536633;4.652549;1.838497;0.000100;0.263047;1.487495
2975.81;1556;1569;6.000000;0.528330;0.000704;10.269352;4.511746;8.479690;4.147673;4.664440;2.032425;0.000100;0.254184;1.255174
2977.61;1557;1570;6.000000;0.515605;0.000675;10.208335;4.667097;8.227491;4.188880;4.608968;2.044520;0.000100;0.257970;1.411624
2979.41;1558;1571;11.000000;0.512010;0.000496;9.160110;4.855611;7.329287;4.325511;4.295379;2.184233;0.000100;0.257689;1.325226
2981.21;1559;1572;11.000000;0.520612;0.000417;8.464941;4.932045;6.893494;4.471680;4.394883;2.242621;0.000100;0.263492;1.481562
2983.01;1560;1573;11.000000;0.540002;0.000507;8.466263;4.783285;7.154344;4.498050;3.975177;1.896631;0.000100;0.254110;1.197215
2984.81;1561;1574;11.000000;0.520582;0.000544;8.556196;4.880500;6.968000;4.423193;4.344249;1.937052;0.000100;0.259118;1.262699
2986.61;1562;1575;11.000000;0.537376;0.000599;9.728856;4.774554;8.166173;4.462010;4.434349;1.855475;0.000100;0.252188;1.015389
2988.41;1563;1576;11.000000;0.641794;0.000638;7.769240;3.854921;7.800225;4.308520;4.344596;1.889717;0.000100;0.242698;0.892217
2990.21;1564;1577;11.000000;1.213444;0.000739;7.087808;1.749482;13.454776;3.697209;4.287402;1.048125;0.000100;0.333802;2.141336
2992.01;1565;1578;5.000000;0.484183;0.000173;12.638217;6.185197;9.554766;5.206635;4.138415;1.413344;0.000100;0.445294;1.801271
2993.81;1566;1579;6.000000;0.507225;0.000263;12.133533;6.004964;9.624424;5.302500;4.380132;1.377577;0.000100;0.438627;1.911925
2995.61;1567;1580;6.000000;0.492712;0.000428;11.972021;6.104070;9.191004;5.213312;4.297920;1.465172;0.000100;0.427963;1.360118
2997.41;1568;1581;6.000000;0.539006;0.001073;4.710678;4.202890;3.945436;3.921778;4.625698;3.345854;31.393650;0.401693;0.200737
2999.21;1569;1582;6.000000;0.577219;0.001052;3.780976;3.851512;3.377758;3.832715;4.750438;3.607102;38.897839;0.390998;0.334912
3001.01;1570;1583;6.000000;0.538629;0.000950;2.801066;3.959008;2.349245;3.693223;4.800573;3.955644;38.016841;0.342631;0.561688
3002.81;1571;1584;6.000000;0.568576;0.001047;2.213412;3.212055;1.958476;3.163306;4.074579;3.641956;48.328184;0.277667;0.200737
3004.61;1572;1585;6.000000;0.576348;0.001080;2.186133;3.136662;1.969044;3.145917;4.619984;4.083636;48.499592;0.281184;0.324879
3006.41;1573;1586;6.000000;0.595717;0.001155;1.714885;3.096237;1.596640;3.207531;4.637968;3.606813;46.872193;0.254653;0.200737
3008.21;1574;1587;6.000000;0.685467;0.000962;1.726227;3.538871;1.846140;4.216780;4.920809;3.121863;52.034773;0.488976;0.200737
3010.01;1575;1588;6.000000;0.689153;0.001103;1.532762;3.146801;1.639611;3.743921;4.683093;3.153462;38.713163;0.404733;0.200737
3011.81;1576;1589;6.000000;0.629045;0.001490;1.211377;2.860809;1.190828;3.131090;4.419110;3.078091;56.083859;0.303694;0.200737
3013.61;1577;1590;11.000000;0.552163;0.001339;1.188872;2.546761;1.028010;2.448293;3.848317;3.532847;54.920952;0.160702;0.200737
3015.41;1578;1591;11.000000;0.592771;0.001544;1.337867;2.603153;1.233357;2.677007;4.165040;3.513578;57.678477;0.195065;0.200737
3017.21;1579;1592;5.000000;0.665217;0.001560;1.867702;2.478273;1.918036;2.834240;4.465637;3.498697;45.101550;0.176261;0.200737
3019.01;1580;1593;5.000000;0.642124;0.001465;2.134205;2.683841;2.135836;2.989054;4.378843;3.356639;52.753505;0.182189;0.200737
3020.81;1581;1594;6.000000;0.457967;0.000723;6.503889;6.120087;4.623966;4.849803;5.069870;2.626966;0.000100;0.295773;1.236808
3022.61;1582;1595;6.000000;0.438107;0.000541;6.484173;6.267242;4.439650;4.781114;5.131357;2.486773;0.000100;0.301478;1.342655
3024.41;1583;1596;6.000000;0.459371;0.000557;6.851955;6.388969;4.923442;5.110971;5.170928;2.571853;0.000100;0.323512;1.087276
3026.21;1584;1597;6.000000;0.423003;0.000323;7.703982;7.287635;5.090836;5.362215;5.289194;2.450044;0.000100;0.336293;0.924553
3028.01;1585;1598;6.000000;0.450578;0.000260;7.559497;7.032555;5.327828;5.516725;5.308892;2.438480;0.000100;0.340093;1.016247
3029.81;1586;1599;6.000000;0.465599;0.000408;7.355710;6.801189;5.318694;5.481674;5.334348;2.411066;0.000100;0.338505;1.013133
3031.61;1587;1600;6.000000;0.495656;0.000278;6.803758;6.435072;5.274760;5.554223;5.444570;2.546053;0.000100;0.353280;1.133859
3033.41;1588;1601;6.000000;0.508404;0.000173;6.663909;6.342177;5.299890;5.615597;5.520434;2.510144;0.000100;0.348785;1.549668
3035.21;1589;1602;4.000000;0.495611;0.000366;5.581439;6.454799;4.316703;5.565124;4.564484;2.279909;0.000100;0.317697;1.205048
3037.01;1590;1603;5.000000;0.531523;0.000334;5.528686;6.215638;4.595639;5.752727;4.912647;2.443591;0.000100;0.342525;1.273386
3038.81;1591;1604;4.000000;0.573014;0.000276;5.734154;5.817534;5.134910;5.800872;5.319693;2.577640;0.000100;0.361176;1.589378
3040.61;1592;1605;4.000000;0.577461;0.000252;5.676543;5.741674;5.127769;5.772477;5.429191;2.600857;0.000100;0.361895;1.864638
3042.41;1593;1606;4.000000;0.643710;0.000256;5.236597;5.117973;5.267618;5.731797;5.084780;2.588163;0.000100;0.367082;1.287999
3044.21;1594;1607;5.000000;0.694928;0.000253;5.295228;4.554935;5.754731;5.509323;5.323484;2.607327;0.000100;0.360471;1.578016
3046.01;1595;1608;4.000000;0.702654;0.000303;5.294252;4.514802;5.795944;5.504834;5.343293;2.534361;0.000100;0.361425;1.278696
3047.81;1596;1609;4.000000;0.645071;0.000410;5.785284;4.364428;5.850601;4.918323;4.837137;2.341408;0.000100;0.327321;1.381597
3049.61;1597;1610;4.000000;0.748051;0.000244;5.437327;4.099967;6.353611;5.333929;5.389277;2.668387;0.000100;0.361254;1.164968
3051.41;1598;1611;5.000000;0.637729;0.000346;6.269640;4.888930;6.254573;5.429649;5.176773;2.511915;0.000100;0.356272;1.191388
3053.21;1599;1612;5.000000;0.643296;0.000269;6.231030;4.840291;6.267080;5.421408;5.288734;2.604553;0.000100;0.369769;0.977018
3055.01;1600;1613;4.000000;0.605681;0.000379;6.876659;5.133197;6.503847;5.407913;5.038296;2.429733;0.000100;0.352197;1.086002
3056.81;1601;1614;5.000000;0.613636;0.000261;6.691577;5.052912;6.411034;5.389422;5.215448;2.520877;0.000100;0.360558;1.323332
3058.61;1602;1615;4.000000;0.622127;0.000495;5.797753;5.101902;5.639256;5.525947;5.441709;2.702072;0.000100;0.379872;1.402317
3060.41;1603;1616;4.000000;0.629196;0.000251;5.573932;5.063296;5.485660;5.547386;5.425886;2.726107;0.000100;0.380798;0.700009
3062.21;1604;1617;4.000000;0.783090;0.000340;3.971973;4.165781;4.864851;5.680440;5.461258;2.869323;0.000100;0.385813;1.005283
3064.01;1605;1618;3.000000;0.763934;0.000544;3.745854;4.225042;4.473297;5.618844;4.740855;2.752848;0.000100;0.372674;1.020395
3065.81;1606;1619;3.000000;0.847153;0.000607;3.269840;3.859581;4.331903;5.692221;5.561300;2.947240;0.000100;0.393764;0.971880
3067.61;1607;1620;3.000000;0.842476;0.000557;4.023242;3.747288;5.301348;5.495763;5.632831;2.868635;0.000100;0.394698;1.562248
3069.41;1608;1621;3.000000;0.784006;0.000480;3.948031;4.176688;4.842093;5.702793;5.810402;2.818326;0.000100;0.395782;1.051401
3071.21;1609;1622;3.000000;0.666860;0.000533;4.837626;4.676232;5.046043;5.429562;5.369042;2.747468;0.000100;0.382297;1.796713
3073.01;1610;1623;3.000000;0.799131;0.000304;3.543954;4.051252;4.427216;5.634997;5.520173;2.849600;0.000100;0.384030;0.853047
3074.81;1611;1624;4.000000;0.688562;0.000329;5.075402;4.544652;5.466524;5.448717;5.487811;2.843808;0.000100;0.388214;1.592329
3076.61;1612;1625;4.000000;0.794238;0.000587;3.522460;4.086705;4.374707;5.651701;5.445300;2.835032;0.000100;0.382013;1.282483
3078.41;1613;1626;4.000000;0.588801;0.000399;7.678812;4.834868;7.064700;4.954003;4.710376;2.419189;0.000100;0.332796;1.044999
3080.21;1614;1627;5.000000;0.556377;0.000491;8.254118;4.741377;7.182661;4.591184;4.777733;2.484326;0.000100;0.336420;1.749864
3082.01;1615;1628;5.000000;0.582833;0.000509;6.490399;4.230071;5.914401;4.291222;4.784739;2.822864;0.000100;0.318506;1.260819
3083.81;1616;1629;5.000000;0.696443;0.000581;5.045415;4.506394;5.494193;5.463252;5.758652;2.846794;0.000100;0.391934;1.220933
3085.61;1617;1630;5.000000;0.603791;0.000376;7.660222;4.726596;7.235329;4.970237;5.493201;2.542172;0.000100;0.351741;1.475298
3087.41;1618;1631;6.000000;0.590503;0.000628;3.014415;4.070978;2.779218;4.177393;5.002052;3.116012;0.000100;0.293045;1.318752
3089.21;1619;1632;7.000000;0.752848;0.000732;2.128167;2.887699;2.502176;3.778823;4.715382;3.347054;51.881760;0.284501;0.334457
3091.01;1620;1633;7.000000;0.708155;0.000707;2.361273;3.164429;2.554448;3.811788;4.983697;3.426786;28.309119;0.280051;0.480816
3092.81;1621;1634;7.000000;0.757555;0.000636;2.382115;2.899132;2.754725;3.734904;5.147198;3.489354;30.136916;0.293309;0.420262
3094.61;1622;1635;7.000000;0.807275;0.000843;2.444950;2.644883;3.086412;3.715173;5.232887;3.524327;52.479925;0.300531;0.360640
3096.41;1623;1636;6.000000;0.552475;0.000564;6.229527;4.245081;5.380323;4.081258;4.659635;2.716378;0.000100;0.303612;1.168896
3098.21;1624;1637;6.000000;0.785955;0.000527;2.778953;2.787576;3.369457;3.761808;4.705482;3.426520;39.516935;0.287828;0.433297
3100.01;1625;1638;7.000000;0.783467;0.000595;2.827967;2.802179;3.404817;3.763846;4.776341;3.434176;29.130864;0.285099;0.566840
3101.81;1626;1639;8.000000;0.724904;0.000657;3.353690;3.000118;3.724149;3.709662;4.732233;3.385185;16.002052;0.280183;0.784783
3103.61;1627;1640;8.000000;0.596849;0.000681;5.206864;3.779374;4.860454;3.928022;4.587849;3.094187;0.000100;0.254445;0.992408
3105.41;1628;1641;8.000000;0.604755;0.000590;5.491207;3.549762;5.194505;3.736838;4.561447;3.036680;0.980006;0.239281;0.917486
3107.21;1629;1642;8.000000;0.591418;0.000530;5.924549;3.803603;5.481214;3.917662;4.835637;2.887481;1.912284;0.260137;1.026338
3109.01;1630;1643;8.000000;0.581196;0.000412;6.431259;3.883025;5.823551;3.916144;4.856304;2.665817;1.513361;0.254646;1.375233
3110.81;1631;1644;8.000000;0.524693;0.000350;7.310441;4.244601;6.000067;3.878531;4.628925;2.556350;1.979314;0.249323;0.840745
3112.61;1632;1645;8.000000;0.524779;0.000454;7.950811;4.470601;6.526278;4.085471;4.788676;2.407394;1.554087;0.261674;1.690556
3114.41;1633;1646;7.000000;0.671971;0.000734;3.507455;3.038820;3.661580;3.534387;4.625508;3.116460;13.172297;0.249176;0.882761
3116.21;1634;1647;6.000000;0.638818;0.000495;6.825218;3.951667;6.819814;4.396080;5.698754;2.554675;5.084630;0.263515;1.415130
3118.01;1635;1648;6.000000;0.644458;0.000598;4.579680;3.446652;4.616869;3.868281;5.428219;2.879192;4.637332;0.245300;1.580168
3119.81;1636;1649;6.000000;0.544612;0.000173;7.813994;4.849077;6.655848;4.598411;5.287256;2.206990;3.649128;0.260007;1.362848
3121.61;1637;1650;7.000000;0.496363;0.000314;9.622081;5.314769;7.471390;4.593994;4.420936;1.869697;0.296253;0.265012;1.401420
3123.41;1638;1651;5.000000;0.497905;0.000348;10.408080;4.864197;8.106761;4.217896;4.340442;1.643038;0.791613;0.242390;1.293980
3125.21;1639;1652;6.000000;0.520831;0.000258;9.403216;4.567686;7.657460;4.142526;4.773553;1.714558;2.338928;0.241285;1.136493
3127.01;1640;1653;6.000000;0.517722;0.000173;10.451642;4.510933;8.459998;4.065639;4.478360;1.601741;2.077762;0.237374;0.813713
3128.81;1641;1654;5.000000;0.523391;0.000241;11.173631;4.553522;9.145399;4.149846;4.570895;1.642824;2.206759;0.252284;1.706190
3130.61;1642;1655;5.000000;0.529940;0.000320;10.698988;4.703362;8.868037;4.339923;4.777705;1.776340;1.717106;0.265062;1.482850
3132.41;1643;1656;5.000000;0.482516;0.000241;11.630988;5.180909;8.777334;4.352663;4.222529;1.629427;0.000100;0.259408;1.631102
3134.21;1644;1657;5.000000;0.525515;0.000173;10.569481;5.042744;8.688540;4.615128;4.701260;1.948607;0.000100;0.275487;1.391009
3136.01;1645;1658;5.000000;0.533753;0.000314;10.916842;4.745967;9.114336;4.411696;4.499703;1.781037;0.000100;0.270635;1.952121
3137.81;1646;1659;5.000000;0.510637;0.000321;11.667897;5.109474;9.318015;4.542420;4.952963;1.905558;0.600664;0.279690;1.341045
3139.61;1647;1660;5.000000;0.477713;0.000247;12.163176;5.714000;9.083160;4.749663;4.814334;1.746271;0.000100;0.335196;1.536486
3141.41;1648;1661;5.000000;0.472158;0.000298;12.571814;5.574616;9.277057;4.579387;5.144415;1.669488;1.065597;0.331305;1.732028
3143.21;1649;1662;5.000000;0.500762;0.000173;12.429952;4.874456;9.731188;4.249209;5.886563;1.744840;5.191729;0.287842;2.424772
3145.01;1650;1663;5.000000;0.487273;0.000409;13.534112;4.861837;10.316575;4.125697;5.980663;1.771483;5.693374;0.273155;2.168210
3146.81;1651;1664;6.000000;0.491717;0.000427;14.018430;4.432553;10.767470;3.791560;4.321375;1.518219;0.771816;0.237467;1.691984
3148.61;1652;1665;6.000000;0.485802;0.000173;14.492260;4.511661;11.012488;3.816949;5.010529;1.558072;3.689776;0.241414;2.043113
3150.41;1653;1666;6.000000;0.482496;0.000173;15.243957;4.689749;11.502936;3.940057;5.252572;1.607283;3.017339;0.259485;2.151481
3152.21;1654;1667;6.000000;0.460229;0.000392;15.878785;4.784150;11.431317;3.833987;4.681777;1.535308;1.253723;0.245399;1.363586
3154.01;1655;1668;6.000000;0.465658;0.000173;15.807706;4.656407;11.514712;3.775848;4.565650;1.490883;0.292158;0.230802;1.600924
3155.81;1656;1669;6.000000;0.457471;0.000173;16.301693;4.773164;11.621867;3.791711;4.607689;1.517453;0.933680;0.227968;2.004490
3157.61;1657;1670;6.000000;0.470781;0.000273;15.525534;4.687677;11.408730;3.831507;4.934257;1.501479;1.745755;0.234232;2.214652
3159.41;1658;1671;6.000000;0.477693;0.000372;14.840045;4.436086;11.090689;3.690578;5.500051;1.735052;4.860173;0.224051;2.032471
3161.21;1659;1672;5.000000;0.448278;0.000613;15.705686;4.870057;10.977390;3.790842;4.404377;2.229655;0.000100;0.234452;1.774603
3163.01;1660;1673;5.000000;0.493318;0.000638;11.804317;4.333735;9.109825;3.723016;4.365554;2.553292;0.000100;0.216729;1.210587
3164.81;1661;1674;5.000000;0.467589;0.000680;12.429363;4.474667;9.091521;3.643887;4.438746;2.528837;0.000100;0.221997;1.336074
3166.61;1662;1675;5.000000;0.554810;0.000544;8.810825;3.657697;7.625545;3.522881;4.509735;2.928973;0.000100;0.240659;1.193664
3168.41;1663;1676;5.000000;0.496240;0.000703;9.941154;4.183276;7.716834;3.615181;4.520602;2.944868;0.000100;0.251921;0.998848
3170.21;1664;1677;6.000000;0.667527;0.000814;5.589349;3.100525;5.714092;3.527666;4.594000;3.513275;28.561038;0.236361;0.919073
3172.01;1665;1678;6.000000;0.561262;0.000556;3.811208;4.717451;3.318186;4.570388;4.726344;3.056011;11.583411;0.460372;0.570117
3173.81;1666;1679;7.000000;0.712747;0.000522;2.973116;3.849763;3.287218;4.739680;4.942671;2.872197;41.576916;0.467412;0.894712
3175.61;1667;1680;7.000000;0.812915;0.000583;2.360427;3.220498;2.998312;4.554892;4.744023;3.064378;63.702509;0.429946;0.200737
3177.41;1668;1681;7.000000;0.770599;0.000640;2.214954;2.875167;2.645282;3.822238;4.943878;3.344603;53.782763;0.306067;0.200737
3179.21;1669;1682;7.000000;0.717196;0.000698;2.276359;3.042584;2.535533;3.780876;5.306435;3.367393;60.124564;0.294558;0.200737
3181.01;1670;1683;7.000000;0.688438;0.000680;2.319999;3.088105;2.491189;3.694324;5.218628;3.178725;57.277578;0.286981;0.357843
3182.81;1671;1684;7.000000;0.639232;0.000646;2.530367;3.461336;2.518041;3.833678;5.151423;2.924998;48.189726;0.320149;0.477110
3184.61;1672;1685;7.000000;0.497070;0.000598;3.999530;5.202980;3.109561;4.503576;5.334123;2.774096;1.148871;0.431000;1.416410
3186.41;1673;1686;7.000000;0.542919;0.000712;3.978068;4.769476;3.347367;4.444341;5.468841;2.748958;15.707833;0.393368;1.434444
3188.21;1674;1687;7.000000;0.670972;0.000397;3.539231;3.808767;3.671250;4.390025;5.215150;2.883926;30.795323;0.343410;0.688146
3190.01;1675;1688;6.000000;0.660860;0.000522;3.416552;3.743202;3.513936;4.277839;3.386540;3.168985;37.964904;0.311071;0.412028
3191.81;1676;1689;6.000000;0.603232;0.000779;3.739547;4.469596;3.526450;4.693482;5.159242;3.337133;0.000100;0.325751;0.976322
3193.61;1677;1690;6.000000;0.828310;0.000698;2.738545;3.349235;3.452780;4.702232;5.494096;3.463061;44.744280;0.324094;0.337122
3195.41;1678;1691;6.000000;0.679831;0.000454;2.970049;3.802633;3.158184;4.502111;5.789597;3.677748;0.000100;0.319711;1.005147
3197.21;1679;1692;6.000000;0.613068;0.000613;3.794556;4.211507;3.638501;4.493440;5.342488;3.357036;0.000100;0.302560;0.944377
3199.01;1680;1693;6.000000;0.626089;0.000647;3.444890;4.361039;3.372553;4.752084;6.028111;3.213470;0.671613;0.306468;1.643696
3200.81;1681;1694;6.000000;0.648123;0.000623;3.579122;4.289267;3.629956;4.841938;5.973571;3.118868;2.173157;0.312156;1.366337
3202.61;1682;1695;6.000000;0.670958;0.000654;4.694912;4.244992;4.922991;4.957532;6.307426;2.744740;5.161692;0.307991;1.464735
3204.41;1683;1696;6.000000;0.647279;0.000775;3.996519;4.188065;4.046303;4.720688;6.575574;2.887744;6.932406;0.287793;1.491822
3206.21;1684;1697;5.000000;0.718651;0.000584;4.690289;3.661839;5.272691;4.582979;5.438286;3.122513;0.000100;0.330089;1.172167
3208.01;1685;1698;5.000000;0.553781;0.000418;5.555348;4.773184;4.810090;4.600741;5.581619;3.283175;0.000100;0.312434;1.227097
3209.81;1686;1699;5.000000;0.535775;0.000603;5.738028;4.997290;4.808852;4.662757;5.592498;3.271886;0.000100;0.321181;1.216861
3211.61;1687;1700;6.000000;0.514589;0.000614;5.940778;5.298647;4.781059;4.746752;5.385589;3.103803;0.000100;0.304315;1.178667
3213.41;1688;1701;6.000000;0.480505;0.000500;6.252571;5.730618;4.696304;4.791899;5.184943;2.995613;0.000100;0.289464;0.842381
3215.21;1689;1702;6.000000;0.505036;0.000606;6.009653;5.372793;4.745739;4.724691;5.242055;2.952783;0.000100;0.295105;1.246680
3217.01;1690;1703;6.000000;0.529519;0.000754;4.664160;4.827164;3.863376;4.451405;5.601249;3.094633;2.110214;0.288940;0.949304
3218.81;1691;1704;6.000000;0.542472;0.000629;4.086401;4.259236;3.467563;4.023675;6.095130;2.883452;6.760810;0.258604;1.541962
3220.61;1692;1705;6.000000;0.506998;0.000523;4.345702;4.451322;3.445438;3.927907;5.676437;2.731042;4.552633;0.250695;1.448742
3222.41;1693;1706;6.000000;0.528636;0.000580;5.196991;4.849221;4.296537;4.464528;5.300617;2.701741;1.327234;0.266420;1.289113
3224.21;1694;1707;6.000000;0.553098;0.000578;5.008631;4.753568;4.332100;4.577662;5.693986;2.662613;2.792411;0.283779;1.447309
3226.01;1695;1708;5.000000;0.581639;0.000270;6.177260;5.515704;5.616072;5.584652;5.704958;2.724022;0.000100;0.343584;0.972644
3227.81;1696;1709;5.000000;0.585923;0.000173;6.115602;5.521389;5.605492;5.634128;6.019565;2.775314;0.000100;0.347340;1.330432
3229.61;1697;1710;5.000000;0.664773;0.000387;4.934449;4.928168;5.131389;5.705506;6.165204;2.806856;0.000100;0.359321;2.278348
3231.41;1698;1711;5.000000;0.642485;0.000368;5.052250;5.143636;5.077962;5.755070;6.265363;2.843447;0.000100;0.354681;1.835044
3233.21;1699;1712;5.000000;0.669716;0.000397;4.903348;4.895454;5.136873;5.709705;6.384739;2.872904;0.000100;0.364839;1.813661
3235.01;1700;1713;4.000000;0.690956;0.000507;5.462431;4.855047;5.900941;5.839199;6.313372;2.650098;0.000100;0.362600;1.832634
3236.81;1701;1714;4.000000;0.688067;0.000312;5.473932;4.809551;5.887977;5.759097;6.296243;2.665190;0.000100;0.358573;1.797683
3238.61;1702;1715;4.000000;0.755830;0.000372;5.517111;4.255836;6.519072;5.600257;6.133926;2.581249;0.000100;0.359545;1.428059
3240.41;1703;1716;3.000000;0.710962;0.000525;5.439016;4.662303;6.044957;5.765258;6.318455;2.624041;0.000100;0.360236;1.959904
3242.21;1704;1717;3.000000;0.657824;0.000534;5.543301;4.961157;5.703487;5.683082;6.189615;2.570374;0.000100;0.350943;1.789030
3244.01;1705;1718;3.000000;0.635999;0.000622;5.612963;5.179638;5.582648;5.737162;6.600245;2.526447;0.840657;0.341409;1.756197
3245.81;1706;1719;3.000000;0.624486;0.000421;5.866237;5.089751;5.730853;5.535657;5.862146;2.495939;0.000100;0.347505;1.147978
3247.61;1707;1720;3.000000;0.640764;0.000534;5.679073;5.105192;5.691622;5.696081;6.080714;2.566363;0.000100;0.398476;2.138941
3249.41;1708;1721;3.000000;0.698794;0.000473;4.969652;4.850960;5.432664;5.903608;6.258024;2.774901;0.000100;0.444601;2.064263
3251.21;1709;1722;3.000000;0.749337;0.000587;4.121984;4.434382;4.829093;5.782701;6.442505;2.950850;0.000100;0.406625;1.757295
3253.01;1710;1723;3.000000;0.772617;0.000379;4.111283;4.306010;4.967907;5.792851;6.614975;2.995061;0.000100;0.408121;1.815082
3254.81;1711;1724;3.000000;1.003900;0.000519;3.024308;3.355796;4.748422;5.865957;6.583702;2.974209;0.000100;0.408008;1.786283
3256.61;1712;1725;3.000000;0.963955;0.000546;3.099398;3.452770;4.673234;5.795828;6.774124;3.030802;0.000100;0.411865;1.459324
3258.41;1713;1726;3.000000;0.988885;0.000440;3.038200;3.389667;4.697203;5.833691;6.757728;3.027732;0.000100;0.408694;2.052282
3260.21;1714;1727;3.000000;0.934768;0.000396;3.269557;3.564641;4.780726;5.802791;6.610140;2.941881;0.000100;0.397995;2.081743
3262.01;1715;1728;3.000000;0.785313;0.000398;3.877856;4.182224;4.759713;5.716017;6.327410;2.928204;0.000100;0.399614;2.141962
3263.81;1716;1729;3.000000;0.614023;0.000276;5.965975;5.194519;5.724247;5.547056;5.662157;2.518551;0.000100;0.354415;1.191168
3265.61;1717;1730;3.000000;0.585756;0.000508;6.468127;5.235894;5.926896;5.341265;5.931969;2.320058;0.000100;0.324924;1.587942
3267.41;1718;1731;4.000000;0.611165;0.000559;6.510688;5.086587;6.220921;5.411191;5.578885;2.614074;0.000100;0.369565;1.608667
3269.21;1719;1732;4.000000;0.630984;0.000332;6.536116;5.018405;6.451038;5.514690;5.936594;2.709043;0.000100;0.377547;1.295813
3271.01;1720;1733;4.000000;0.619732;0.000265;6.522803;4.990457;6.322181;5.385488;5.823465;2.603041;0.000100;0.365844;1.604043
3272.81;1721;1734;4.000000;0.761536;0.000412;4.899629;4.088663;5.835557;5.421915;5.996693;2.724227;0.000100;0.371963;1.600320
3274.61;1722;1735;4.000000;0.793389;0.000276;4.691951;3.939376;5.820499;5.440324;6.181802;2.729317;0.000100;0.371998;1.669691
3276.41;1723;1736;4.000000;0.720867;0.000173;4.269257;4.641819;4.814290;5.827654;6.092420;2.682621;0.000100;0.383026;1.333565
3278.21;1724;1737;4.000000;0.625891;0.000173;5.100172;5.563024;4.991729;6.062848;6.105227;2.679875;0.000100;0.386049;1.972795
3280.01;1725;1738;4.000000;0.630109;0.000272;5.149208;5.434827;5.073477;5.961389;6.249095;2.668672;0.000100;0.381735;1.771241
3281.81;1726;1739;5.000000;0.589669;0.000258;6.046319;5.640339;5.577717;5.792374;5.800236;2.543526;0.000100;0.363110;1.352409
3283.61;1727;1740;4.000000;0.572447;0.000334;6.811944;5.793493;6.098407;5.774824;5.956889;2.540489;0.000100;0.368872;1.895602
3285.41;1728;1741;4.000000;0.567226;0.000261;6.733272;5.816126;5.974068;5.744916;5.973534;2.549775;0.000100;0.367279;1.763500
3287.21;1729;1742;4.000000;0.608362;0.000173;6.032193;5.556303;5.738583;5.885499;6.154887;2.642598;0.000100;0.389461;1.721124
3289.01;1730;1743;4.000000;0.598270;0.000173;6.220408;5.555999;5.821629;5.788913;0.030296;2.584923;0.000100;0.382872;1.640132
3290.81;1731;1744;4.000000;0.608350;0.000372;6.130757;5.438103;5.834120;5.759263;0.030238;2.590430;0.000100;0.384018;1.808819
3292.61;1732;1745;4.000000;0.613715;0.000173;5.938335;5.448897;5.697463;5.821639;0.030409;2.623605;0.000100;0.383506;2.085741
3294.41;1733;1746;4.000000;0.672333;0.000331;6.034216;4.693178;6.346609;5.495370;0.030513;2.738570;0.000100;0.375435;1.673115
3296.21;1734;1747;4.000000;0.652473;0.000173;6.127603;4.709064;6.254614;5.351191;0.030122;2.677587;0.000100;0.369394;1.267549
3298.01;1735;1748;5.000000;0.509676;0.000472;7.833447;5.956425;6.245202;5.286273;0.028682;2.454019;0.000100;0.344278;0.815447
3299.81;1736;1749;5.000000;0.519650;0.000807;7.846116;5.924298;6.377518;5.361518;0.029160;2.499146;0.000100;0.358897;1.772415
3301.61;1737;1750;5.000000;0.519681;0.000711;7.926100;5.907115;6.441518;5.345863;0.028929;2.471928;0.000100;0.352546;1.509510
3303.41;1738;1751;4.000000;0.515749;0.000519;7.486482;6.009572;6.040127;5.397952;0.029068;2.523004;0.000100;0.362164;1.580003
3305.21;1739;1752;4.000000;0.270052;0.028664;;;3.047103;2.745297;0.014603;1.270093;0.000050;0.181486;0.614631
3307.01;1740;1753;4.000000;0.619193;0.000711;5.421323;5.157032;5.248470;5.557616;0.030148;2.655431;0.000100;0.369518;1.664785
3308.81;1741;1754;4.000000;0.635600;0.000425;5.068495;5.058037;5.032692;5.589482;0.030129;2.700832;0.000100;0.362846;1.680349
3310.61;1742;1755;4.000000;0.667251;0.000653;4.780184;4.786558;4.982975;5.553912;0.029703;2.671650;0.000100;0.375461;1.449876
3312.41;1743;1756;3.000000;0.749777;0.000732;3.803346;4.366106;4.460225;5.699713;0.031368;2.950942;0.000100;0.389121;0.976602
3314.21;1744;1757;3.000000;0.759400;0.000173;3.814023;4.274224;4.531010;5.652856;0.031426;2.944683;0.000100;0.400255;1.690579
3316.01;1745;1758;3.000000;0.778552;0.000431;3.718774;4.196060;4.528832;5.684883;0.031896;2.872755;0.000100;0.389479;1.562104
3317.81;1746;1759;3.000000;0.904753;0.000443;2.798433;3.739173;3.960685;5.891803;0.032606;3.136047;0.000100;0.422822;1.921213
3319.61;1747;1760;3.000000;0.887075;0.000414;2.846753;3.815496;3.950443;5.894513;0.032657;3.151947;0.000100;0.420826;1.776382
3321.41;1748;1761;4.000000;0.937327;0.000624;1.858876;3.621630;2.725740;5.910473;0.033297;3.250479;0.000100;0.427688;1.124233
3323.21;1749;1762;4.000000;0.940390;0.000594;1.759418;3.534488;2.588435;5.788795;0.032442;3.200447;0.000100;0.417872;1.006137
3325.01;1750;1763;4.000000;0.840222;0.000713;2.261574;3.835267;2.971979;5.611836;0.031918;3.124930;0.000100;0.410670;1.281669
3326.81;1751;1764;3.000000;0.862582;0.000613;3.289437;3.768900;4.438872;5.662104;0.032149;3.095988;0.000100;0.417977;1.188411
3328.61;1752;1765;3.000000;0.881958;0.000555;3.271934;3.736807;4.513447;5.738330;0.032741;3.176117;0.000100;0.426546;1.521124
3330.41;1753;1766;3.000000;0.941164;0.000640;2.647352;3.520860;3.897498;5.771068;0.032844;3.209920;0.000100;0.429590;1.059454
3332.21;1754;1767;4.000000;0.649618;0.000350;5.605146;4.910022;5.696176;5.555102;0.030565;2.760445;0.000100;0.385689;1.893096
3334.01;1755;1768;4.000000;0.656575;0.000373;5.680305;4.829683;5.834485;5.521911;0.030700;2.749422;0.000100;0.383319;1.980124
3335.81;1756;1769;5.000000;0.536451;0.000173;7.956123;5.952930;6.676127;5.561868;0.028258;2.224534;0.000100;0.349949;1.506745
3337.61;1757;1770;5.000000;0.554154;0.000408;6.531146;6.108122;5.661036;5.891890;0.027052;1.981651;0.000100;0.340173;1.413676
3339.41;1758;1771;;;;;;;;;;;;
3341.21;1759;1772;4.000000;0.659200;0.000173;4.899189;5.390301;5.052275;6.188417;0.028035;2.035673;0.000100;0.353463;2.025492
3343.01;1760;1773;4.000000;0.642556;0.000173;4.905102;5.630274;4.928279;6.298183;0.028241;2.118493;0.000100;0.354401;1.213194
3344.81;1761;1774;4.000000;0.615454;0.000173;5.019587;5.813940;4.831525;6.229951;0.027924;2.039211;0.000100;0.355802;2.143777
3346.61;1762;1775;4.000000;0.691725;0.000173;4.911007;5.211371;5.310727;6.274629;0.028127;2.048318;0.000100;0.367947;2.288269
3348.41;1763;1776;4.000000;0.678706;0.000315;4.508897;5.310680;4.784222;6.272741;0.028232;2.048352;0.000100;0.350180;1.589077
3350.21;1764;1777;4.000000;0.650091;0.000316;4.446941;5.649577;4.522055;6.396498;0.028845;2.126006;0.000100;0.371849;1.662046
3352.01;1765;1778;4.000000;0.642645;0.000173;4.485356;5.718547;4.509326;6.400447;0.028729;2.097313;0.000100;0.368047;1.570149
3353.81;1766;1779;4.000000;0.616112;0.000173;4.743617;5.776248;4.571656;6.197397;0.028313;2.123732;0.000100;0.372133;1.350125
3355.61;1767;1780;5.000000;0.624481;0.000507;4.760240;5.376134;4.650322;5.846795;0.028521;2.209509;0.000100;0.386878;2.017801
3357.41;1768;1781;5.000000;0.633969;0.000314;4.396792;5.428614;4.360657;5.993786;0.028932;2.247155;0.000100;0.385106;1.771259
3359.21;1769;1782;5.000000;0.594894;0.000409;4.655143;5.753939;4.332265;5.961546;0.028559;2.224052;0.000100;0.383896;2.099891
3361.01;1770;1783;5.000000;0.578718;0.000173;11.600624;4.871395;10.503272;4.909705;0.024638;1.619966;0.000100;0.322791;1.106047
3362.81;1771;1784;5.000000;0.594001;0.000173;5.003699;5.630981;4.647478;5.822374;0.027872;2.119643;0.000100;0.387289;2.110572
3364.61;1772;1785;5.000000;0.610676;0.000173;4.848561;5.550118;4.630425;5.898693;0.027963;2.131369;0.000100;0.397598;1.866362
3366.41;1773;1786;5.000000;0.621436;0.000327;5.339596;5.290648;5.188825;5.724699;0.028298;2.119400;0.000100;0.387016;1.644653
3368.21;1774;1787;5.000000;0.607204;0.000339;5.629768;5.377326;5.347405;5.686535;0.027595;2.087895;0.000100;0.379529;2.166948
3370.01;1775;1788;5.000000;0.631905;0.000458;6.424570;4.918756;6.332755;5.400222;5.033098;2.099340;0.000100;0.356780;2.036539
3371.81;1776;1789;5.000000;0.622230;0.000368;5.944501;5.110476;5.780900;5.534936;4.886222;2.007004;0.000100;0.345465;1.747203
3373.61;1777;1790;5.000000;0.619910;0.000341;5.603114;5.222829;5.431623;5.636997;5.375294;2.088185;0.000100;0.362853;2.190294
3375.41;1778;1791;5.000000;0.653766;0.000477;4.662367;5.172299;4.761498;5.882319;5.478289;2.131957;0.000100;0.374875;1.878224
3377.21;1779;1792;5.000000;0.642041;0.000446;6.461891;4.802178;6.484925;5.364471;5.176760;1.982922;0.000100;0.356378;1.702404
3379.01;1780;1793;4.000000;0.568859;0.000173;4.675368;5.310560;4.160829;5.261098;3.983994;1.814448;0.000100;0.298249;1.301092
3380.81;1781;1794;5.000000;0.655462;0.000453;4.578459;4.969140;4.693822;5.671394;5.489107;2.225499;0.000100;0.356142;2.027049
3382.61;1782;1795;5.000000;0.644218;0.000515;4.503523;4.908630;4.536620;5.506233;5.421416;2.283912;0.000100;0.347921;2.056480
3384.41;1783;1796;6.000000;0.623951;0.000539;4.487364;4.584537;4.379060;4.979807;4.759570;2.520572;0.000100;0.374023;1.374187
3386.21;1784;1797;6.000000;0.621996;0.000354;4.549054;4.495085;4.414414;4.858600;4.889966;2.478129;0.000100;0.367789;1.575379
3388.01;1785;1798;6.000000;0.539167;0.000173;5.414283;7.163490;4.562603;6.720936;4.788187;2.110667;0.000100;0.881387;1.981720
3389.81;1786;1799;6.000000;0.865612;0.000379;3.378311;4.404032;4.572611;6.635162;5.112315;2.226158;0.000100;0.968306;1.838452
3391.61;1787;1800;6.000000;0.828620;0.000479;3.678701;4.080395;4.767848;5.887640;5.271587;2.371663;0.000100;0.548715;1.580961
3393.41;1788;1801;6.000000;0.859616;0.000407;3.486925;3.951538;4.678164;5.901933;5.686848;2.464390;0.000100;0.452015;1.618940
3395.21;1789;1802;5.000000;0.819361;0.000311;3.410221;4.062403;4.370219;5.794364;5.979951;2.516423;0.000100;0.398874;2.050134
3397.01;1790;1803;6.000000;0.647614;0.000259;4.243347;5.131398;4.296006;5.784404;5.748846;2.487505;0.000100;0.393589;1.569694
3398.81;1791;1804;6.000000;0.600754;0.000502;3.897930;5.203288;3.662367;5.442524;5.259910;2.713569;0.000100;0.340109;1.448765
3400.61;1792;1805;6.000000;0.600474;0.000575;3.715239;4.910370;3.485828;5.127353;5.143559;2.761502;0.000100;0.313465;1.499027
3402.41;1793;1806;6.000000;0.598940;0.000448;3.550782;4.810029;3.327678;5.015580;5.236874;2.798177;0.000100;0.304607;1.606618
3404.21;1794;1807;6.000000;0.649341;0.000578;2.963303;4.253716;3.010027;4.810379;5.679363;2.861333;1.606346;0.271210;1.545257
3406.01;1795;1808;6.000000;0.614038;0.000327;3.274065;4.611930;3.144148;4.931711;5.265003;2.863275;0.320461;0.293298;1.506728
3407.81;1796;1809;6.000000;0.700464;0.000643;2.971660;3.957342;3.248351;4.821557;5.437437;2.824378;0.000100;0.297817;1.665510
3409.61;1797;1810;6.000000;0.668703;0.000667;3.032589;4.131417;3.171921;4.809954;5.542837;2.971160;0.000100;0.294957;1.046289
3411.41;1798;1811;5.000000;0.659090;0.000575;2.563972;3.206354;2.623336;3.654923;4.444140;3.228054;0.000100;0.198774;0.677237
3413.21;1799;1812;5.000000;0.756096;0.000843;2.309889;2.687244;2.732185;3.538656;5.099943;3.456297;1.973867;0.221999;0.536396
3415.01;1800;1813;5.000000;0.856437;0.000827;1.733774;1.930060;2.311827;2.865575;4.910512;3.649708;4.445866;0.176419;0.339151
3416.81;1801;1814;5.250000;0.768980;0.000825;1.727549;2.099216;2.078101;2.810869;4.893494;3.733996;5.575430;0.140293;0.450402
3418.61;1802;1815;7.000000;0.736864;0.000944;1.579231;2.099535;1.820320;2.693949;4.988672;3.916768;6.306457;0.131798;0.937538
3420.41;1803;1816;7.000000;0.720896;0.000842;1.492909;2.099106;1.683654;2.634890;4.869978;3.888308;6.626117;0.127738;0.559743
3422.21;1804;1817;7.000000;0.719292;0.000932;1.702082;2.185141;1.911274;2.731979;5.090980;3.870112;7.239052;0.125374;0.839362
3424.01;1805;1818;7.000000;0.656950;0.000747;2.315215;2.557834;2.374811;2.922570;5.002071;3.676329;5.687903;0.151158;0.639073
3425.81;1806;1819;7.000000;0.639026;0.000892;3.971188;3.123426;3.969593;3.475901;4.945104;3.257600;2.161167;0.192226;0.872280
3427.61;1807;1820;7.000000;0.593057;0.000731;4.251012;3.291369;3.943483;3.398965;4.915447;3.276740;2.534832;0.188198;1.029429
3429.41;1808;1821;7.000000;0.544140;0.000676;6.733843;4.256326;5.731581;4.033256;4.944778;2.729275;0.701048;0.248668;1.267603
3431.21;1809;1822;6.000000;0.507221;0.000380;8.710410;6.113202;6.908658;5.398861;4.716427;2.154297;0.000100;0.588304;1.568668
3433.01;1810;1823;6.000000;0.525589;0.000277;8.443235;5.968427;6.936090;5.459704;4.973314;2.161387;0.000100;0.599617;1.116194
3434.81;1811;1824;6.000000;0.505948;0.000173;9.935532;7.132817;7.854324;6.280417;5.216125;1.685836;0.000100;0.800960;1.883802
3436.61;1812;1825;5.000000;0.501515;0.000173;9.952665;7.232345;7.805062;6.312812;5.341604;1.689687;0.000100;0.815025;1.647338
3438.41;1813;1826;5.000000;0.517239;0.000384;10.629402;5.687604;8.599304;5.122875;5.263822;1.965703;0.000100;0.424055;1.960898
3440.21;1814;1827;5.000000;0.534635;0.000244;10.295076;5.601950;8.592026;5.205242;5.362759;1.969034;0.000100;0.422158;1.987092
3442.01;1815;1828;5.000000;0.554719;0.000367;10.312212;4.986387;8.946850;4.816583;5.515531;2.100536;0.000100;0.345696;1.586696
3443.81;1816;1829;5.000000;0.523328;0.000256;10.986414;5.308827;8.990654;4.836177;5.213991;2.130645;0.000100;0.346428;1.421428
3445.61;1817;1830;5.000000;0.515090;0.000384;12.268386;5.102415;9.885799;4.576409;5.202901;2.223300;0.000100;0.327237;1.500393
3447.41;1818;1831;5.000000;0.511366;0.000173;12.181258;5.107270;9.743109;4.547661;5.196608;2.197200;0.000100;0.317645;2.035673
3449.21;1819;1832;5.000000;0.483484;0.000338;13.449590;5.344844;10.168199;4.498815;5.381658;2.335529;0.000100;0.310297;1.243198
3451.01;1820;1833;5.000000;0.492244;0.000281;13.202743;5.252335;10.165906;4.502206;5.558558;2.309041;0.000100;0.312270;1.707410
3452.81;1821;1834;5.000000;0.473530;0.000284;13.532192;5.456357;10.021395;4.498497;5.367450;2.225429;0.000100;0.313714;1.554783
3454.61;1822;1835;5.000000;0.485828;0.000359;13.045479;5.369641;9.914071;4.543056;5.638461;2.220213;0.000100;0.310972;1.729135
3456.41;1823;1836;5.000000;0.498110;0.000270;10.966171;5.528773;8.542906;4.795649;5.090231;2.155160;0.000100;0.335708;1.448293
3458.21;1824;1837;5.000000;0.482711;0.000322;9.774682;6.335978;7.380068;5.325957;5.369571;2.485945;0.000100;0.353037;0.837732
3460.01;1825;1838;5.000000;0.500443;0.000352;9.642132;6.071345;7.548529;5.291623;5.589142;2.466678;0.000100;0.354276;1.701425
3461.81;1826;1839;5.000000;0.495940;0.000367;9.638101;6.126800;7.466521;5.283790;5.612755;2.473336;0.000100;0.357304;1.526750
3463.61;1827;1840;6.000000;0.496345;0.000292;9.883153;6.118576;7.672573;5.287802;5.625290;2.481513;0.000100;0.360193;2.017915
3465.41;1828;1841;5.000000;0.590943;0.000269;5.886777;5.687307;5.433825;5.845504;5.847803;2.666353;0.000100;0.382221;1.432343
3467.21;1829;1842;5.000000;0.597047;0.000245;5.954079;5.625777;5.560345;5.848610;6.243924;2.670299;0.000100;0.378315;1.908595
3469.01;1830;1843;5.000000;0.601335;0.000303;5.827542;5.616311;5.478278;5.878421;5.719644;2.647884;0.000100;0.379324;1.259112
3470.81;1831;1844;4.000000;0.696485;0.000348;4.639712;4.695140;5.054938;5.694523;5.384195;2.762755;0.000100;0.365955;1.273465
3472.61;1832;1845;4.000000;0.716838;0.000257;4.597063;4.562535;5.153153;5.694079;5.631181;2.763720;0.000100;0.367461;1.412685
3474.41;1833;1846;4.000000;0.722318;0.000506;4.542691;4.507128;5.132535;5.668588;5.720971;2.763735;0.000100;0.371430;1.606715
3476.21;1834;1847;5.000000;0.765240;0.000422;4.910910;4.098318;5.876616;5.459912;5.711897;2.736245;0.000100;0.373737;1.094778
3478.01;1835;1848;5.000000;0.762730;0.000395;4.909042;4.136232;5.845275;5.485275;5.460785;2.703220;0.000100;0.370016;1.268829
3479.81;1836;1849;5.000000;0.730650;0.000173;5.098204;4.283243;5.827072;5.450471;5.475380;2.630500;0.000100;0.355266;1.423648
3481.61;1837;1850;5.000000;0.649496;0.000419;5.272627;4.866591;5.356752;5.504466;5.384755;2.671186;0.000100;0.375035;1.242096
3483.41;1838;1851;5.000000;0.660844;0.000489;4.743144;4.752999;4.901959;5.468350;5.600964;2.630069;0.000100;0.364564;1.284127
3485.21;1839;1852;5.000000;0.672039;0.000413;4.329220;4.666578;4.550568;5.460946;5.495509;2.609177;0.000100;0.361962;1.684606
3487.01;1840;1853;5.000000;0.741187;0.000303;3.739590;4.372577;4.334632;5.644102;6.154917;2.839116;0.000100;0.394006;1.043027
3488.81;1841;1854;5.000000;0.781726;0.000632;3.343929;4.157404;4.086200;5.656556;6.326689;2.850800;0.000100;0.383012;1.559966
3490.61;1842;1855;5.000000;0.757317;0.000546;2.829176;4.256267;3.350800;5.612372;5.955583;2.769871;0.000100;0.381877;1.526154
3492.41;1843;1856;5.000000;0.769375;0.000671;2.609257;4.392270;3.136722;5.865195;5.962027;2.923440;0.000100;0.416986;1.393224
3494.21;1844;1857;5.000000;0.777897;0.000630;2.355980;4.477933;2.865538;6.063304;6.374647;2.959214;0.000100;0.433244;1.484727
3496.01;1845;1858;4.000000;0.705730;0.000408;2.321251;4.709102;2.561714;5.786430;5.847567;2.616961;0.000100;0.380255;1.481052
3497.81;1846;1859;4.000000;0.743885;0.000255;2.226538;4.698403;2.590940;6.086185;6.044497;2.886799;0.000100;0.421372;1.235021
3499.61;1847;1860;5.000000;0.724391;0.000483;2.299085;4.790520;2.605340;6.042552;5.709284;2.874977;0.000100;0.424612;1.425686
3501.41;1848;1861;5.000000;0.739898;0.000537;1.907056;4.858373;2.207133;6.258543;6.045220;2.940184;0.000100;0.434258;1.568140
3503.21;1849;1862;5.000000;0.760532;0.000293;1.822719;4.835901;2.168532;6.404585;6.229171;3.026595;0.000100;0.442885;1.819769
3505.01;1850;1863;5.000000;0.803015;0.000514;1.475227;4.670257;1.852770;6.526695;6.429158;3.046659;0.000100;0.451679;1.745923
3506.81;1851;1864;5.000000;0.771762;0.000364;1.694058;4.751667;2.045262;6.385958;6.249001;2.896481;0.000100;0.430712;1.485977
3508.61;1852;1865;5.000000;0.734411;0.000299;1.967937;4.918300;2.265469;6.289933;6.006882;2.673583;0.000100;0.398479;1.469737
3510.41;1853;1866;4.000000;0.776068;0.000173;1.472410;4.672187;1.782050;6.309290;6.032856;2.809134;0.000100;0.411209;1.421253
3512.21;1854;1867;4.000000;0.757671;0.000415;1.501511;4.806456;1.779420;6.334020;6.366660;2.843808;0.000100;0.415550;1.448738
3514.01;1855;1868;4.000000;0.757907;0.000233;1.428093;4.745943;1.693148;6.264365;6.304540;2.771565;0.000100;0.404193;1.701225
3515.81;1856;1869;4.000000;0.753897;0.000249;1.520105;5.090507;1.798299;6.675377;5.896302;3.007520;0.000100;0.449405;1.063987
3517.61;1857;1870;4.000000;0.783243;0.000267;1.768809;4.619037;2.165643;6.300058;5.978903;2.877538;0.000100;0.426441;1.712449
3519.41;1858;1871;4.000000;0.827677;0.000361;1.346969;4.424080;1.743995;6.375295;6.023482;2.919071;0.000100;0.427819;1.195956
3521.21;1859;1872;4.000000;0.758780;0.000370;1.425465;4.618617;1.690032;6.103526;6.046301;2.851391;0.000100;0.408830;1.638814
3523.01;1860;1873;4.000000;0.757024;0.000336;1.489493;4.622385;1.762656;6.094406;6.382573;2.947123;0.000100;0.413319;1.451917
3524.81;1861;1874;4.000000;0.783916;0.000511;1.350232;4.539625;1.653913;6.191589;6.136043;2.917401;0.000100;0.411915;1.639419
3526.61;1862;1875;4.000000;0.800825;0.000431;1.294059;4.615583;1.619739;6.433159;6.490238;3.099443;0.000100;0.445112;1.629300
3528.41;1863;1876;4.000000;0.806696;0.000173;1.359807;4.582456;1.716033;6.438395;6.429102;2.876283;0.000100;0.420293;1.374455
3530.21;1864;1877;4.000000;0.799943;0.000377;1.606020;4.615851;2.004008;6.422738;6.752211;2.800192;0.000100;0.411853;1.706227
3532.01;1865;1878;4.000000;0.676723;0.000447;1.760229;5.257473;1.863826;6.190190;6.222611;2.872700;0.000100;0.414211;1.123863
3533.81;1866;1879;4.000000;0.748093;0.000390;1.648437;4.816336;1.929587;6.274345;6.779979;2.895326;1.212152;0.419562;1.521139
3535.61;1867;1880;4.000000;0.721708;0.000173;1.570010;4.986682;1.772014;6.268214;5.555594;2.745090;0.000100;0.391743;1.202920
3537.41;1868;1881;4.000000;0.754891;0.000173;1.320562;4.845508;1.559167;6.368566;5.724571;2.787399;0.000100;0.404296;1.137717
3539.21;1869;1882;4.000000;0.795111;0.000355;1.293907;4.569832;1.609267;6.327499;5.864824;2.788863;0.000100;0.406724;1.078538
3541.01;1870;1883;4.000000;0.799748;0.000339;1.330148;4.647481;1.663469;6.471918;6.308993;2.883318;0.000100;0.420030;1.373162
3542.81;1871;1884;4.000000;0.826410;0.000259;1.261030;4.486500;1.630734;6.453576;5.997361;2.864409;0.000100;0.413620;1.347384
3544.61;1872;1885;4.000000;0.782263;0.000333;1.240955;4.746969;1.517999;6.465785;5.932490;2.906601;0.000100;0.412227;1.161361
3546.41;1873;1886;4.000000;0.799307;0.000365;1.295823;4.494327;1.616429;6.252326;6.030136;2.769519;0.000100;0.402045;1.198610
3548.21;1874;1887;4.000000;0.751995;0.000341;1.308305;4.733625;1.538876;6.198979;5.896210;2.714776;0.000100;0.396942;1.475730
3550.01;1875;1888;4.000000;0.730256;0.000240;1.597895;4.855201;1.824845;6.174445;5.950959;2.829604;0.000100;0.411258;1.058100
3551.81;1876;1889;4.000000;0.744335;0.000354;1.463648;4.821402;1.689006;6.237861;5.912326;2.822952;0.000100;0.412390;1.535754
3553.61;1877;1890;4.000000;0.682764;0.000252;2.194691;4.866074;2.344109;5.781200;5.927817;2.722190;0.000100;0.385418;1.465318
3555.41;1878;1891;4.000000;0.749066;0.000501;2.224514;4.350323;2.606059;5.670244;6.903576;2.661020;2.027606;0.368361;1.678366
3557.21;1879;1892;4.000000;0.829740;0.000380;2.536090;3.749460;3.290713;5.417791;7.181414;2.682379;3.112803;0.367377;1.845259
3559.01;1880;1893;4.000000;0.829859;0.000345;2.497231;3.813561;3.241715;5.511533;7.451830;2.727219;3.816342;0.366255;2.000098
3560.81;1881;1894;4.000000;0.771948;0.000534;2.979857;3.930195;3.598534;5.283815;6.903043;2.594011;2.812426;0.353224;1.783987
3562.61;1882;1895;4.000000;0.727165;0.000565;3.359174;4.059196;3.821079;5.139702;6.735820;2.517598;2.901288;0.331581;1.785885
3564.41;1883;1896;4.000000;0.735748;0.000250;3.476932;4.043953;3.997770;5.179370;7.272004;2.545605;4.739666;0.341622;1.854650
3566.21;1884;1897;4.000000;0.725643;0.000481;3.830214;4.058510;4.344824;5.127917;7.271460;2.515979;4.920950;0.338650;1.906886
3568.01;1885;1898;4.000000;0.701829;0.000257;4.055913;4.096772;4.451922;5.007123;7.548296;2.439879;6.211967;0.331093;2.498583
3569.81;1886;1899;4.000000;0.773306;0.000499;4.711410;3.580366;5.699614;4.821649;7.463694;2.386978;5.411544;0.338285;2.152290
3571.61;1887;1900;4.000000;0.724427;0.000173;2.025081;4.653024;2.294983;5.869982;6.729281;2.626545;0.529025;0.373410;1.598780
3573.41;1888;1901;4.000000;0.723147;0.000291;4.000109;3.983485;4.524356;5.015494;7.026657;2.449290;3.909645;0.326695;2.118482
3575.21;1889;1902;4.000000;0.753697;0.000296;3.904153;3.868564;4.602983;5.077846;7.271404;2.467727;4.809473;0.335360;2.363952
3577.01;1890;1903;5.000000;0.678796;0.000347;4.292060;4.170844;4.556031;4.927783;6.650751;2.397001;2.742150;0.318111;1.779853
3578.81;1891;1904;5.000000;0.746056;0.000317;3.711939;4.106855;4.331666;5.335636;7.239798;2.571720;3.216170;0.343585;2.199890
3580.61;1892;1905;5.000000;0.704292;0.000284;3.893448;4.325111;4.287691;5.303266;6.966806;2.522324;2.545344;0.339460;2.265997
3582.41;1893;1906;5.000000;0.695014;0.000173;3.911566;4.424024;4.251025;5.354289;6.696978;2.557180;0.428646;0.342105;2.194688
3584.21;1894;1907;5.000000;0.649883;0.000237;4.114338;4.781934;4.180258;5.409384;6.642251;2.502203;1.155142;0.335228;1.816566
3586.01;1895;1908;5.000000;0.674360;0.000262;3.812310;4.712412;4.013788;5.522495;6.145063;2.482948;0.244569;0.336976;1.622904
3587.81;1896;1909;5.000000;0.678850;0.000173;3.745005;4.732277;3.969852;5.586708;6.676487;2.478100;1.573667;0.342717;1.802598
3589.61;1897;1910;5.000000;0.656628;0.000173;4.152506;4.957036;4.266503;5.668679;6.319853;2.627788;0.000100;0.353991;1.712904
3591.41;1898;1911;5.000000;0.644380;0.000386;3.884713;5.138978;3.911260;5.762268;6.927468;2.564711;1.110110;0.352822;1.872675
3593.21;1899;1912;5.000000;0.651964;0.000173;3.799172;5.100931;3.874060;5.790252;7.284078;2.553095;2.898880;0.350485;1.549528
3595.01;1900;1913;5.000000;0.663756;0.000284;3.726027;5.045099;3.866155;5.828697;7.515902;2.565013;2.657331;0.349970;2.371066
3596.81;1901;1914;6.000000;0.758457;0.001269;2.096741;2.672164;2.487728;3.529340;6.145360;2.505044;43.431579;0.236384;1.449510
3598.61;1902;1915;6.000000;0.795432;0.001365;1.957549;2.540246;2.421859;3.497811;5.925545;2.663834;36.252688;0.236561;1.442675
3600.41;1903;1916;6.000000;0.842127;0.001216;1.948602;2.434634;2.564657;3.566701;6.075652;2.763449;51.596088;0.245530;1.121838
3602.21;1904;1917;6.000000;0.572394;0.000423;5.819796;5.217557;5.211142;5.201618;5.904647;2.313180;0.588754;0.322559;1.969486
3604.01;1905;1918;6.000000;0.517411;0.000415;5.993965;5.719190;4.850716;5.152855;5.658171;2.213755;0.898746;0.305927;1.456958
3605.81;1906;1919;6.000000;0.549803;0.000173;6.102277;5.296676;5.246240;5.070714;6.562274;2.234091;3.385447;0.309220;1.917888
3607.61;1907;1920;5.000000;0.593683;0.000352;5.131835;5.029347;4.765267;5.199073;5.452775;2.359745;0.000100;0.328104;1.353249
3609.41;1908;1921;5.000000;0.500809;0.000173;9.841830;6.106359;7.701278;5.318637;5.266513;2.422606;0.000100;0.350794;1.567052
3611.21;1909;1922;5.000000;0.471504;0.000292;10.108816;6.473528;7.447482;5.309308;5.338979;2.452478;0.000100;0.353096;0.933332
3613.01;1910;1923;5.000000;0.463381;0.000173;12.331488;6.101181;8.927125;4.918656;5.156939;2.303245;0.000100;0.332327;1.329317
3614.81;1911;1924;5.000000;0.493713;0.000448;11.561120;5.751202;8.928676;4.943673;5.245715;2.324202;0.000100;0.335570;1.749887
3616.61;1912;1925;6.000000;0.439359;0.000719;15.395241;5.944524;10.568748;4.539154;4.621934;1.985173;0.000100;0.293848;1.309969
3618.41;1913;1926;6.000000;0.466235;0.000396;13.766330;5.695225;9.988258;4.608629;5.195548;1.985924;0.761048;0.286270;1.162581
3620.21;1914;1927;6.000000;0.470155;0.000350;13.070124;5.288464;9.554400;4.311184;5.273297;1.801966;1.495929;0.256706;1.896466
3622.01;1915;1928;6.000000;0.461731;0.000249;13.697936;5.199533;9.815622;4.156466;5.107895;1.777166;1.776786;0.256668;1.161949
3623.81;1916;1929;6.000000;0.446836;0.000318;15.094092;5.354690;10.549541;4.166646;5.290388;1.822926;1.625730;0.268836;2.136342
3625.61;1917;1930;5.000000;0.460590;0.000331;14.221585;5.272221;10.238802;4.225951;5.079181;1.854339;0.379392;0.277035;1.475820
3627.41;1918;1931;5.000000;0.461433;0.000173;14.744693;5.272605;10.635018;4.234390;5.428778;1.898746;0.784087;0.277000;1.576547
3629.21;1919;1932;6.000000;0.447225;0.000289;14.726574;5.572141;10.294540;4.336618;5.316886;1.946902;1.397256;0.282541;1.526293
3631.01;1920;1933;6.000000;0.456086;0.000173;14.488141;5.440626;10.319690;4.314572;5.186636;1.906839;1.191185;0.274635;1.610822
3632.81;1921;1934;6.000000;0.435174;0.000249;14.759677;5.594996;10.046050;4.239857;5.032183;1.855022;0.423434;0.269411;1.407451
3634.61;1922;1935;6.000000;0.487750;0.000173;12.782777;5.618195;9.680000;4.747531;5.015933;1.858672;0.000100;0.325658;1.503763
3636.41;1923;1936;6.000000;0.482105;0.000240;12.682531;5.549711;9.563427;4.658283;5.232670;1.853643;0.000100;0.318003;1.334771
3638.21;1924;1937;6.000000;0.531283;0.000271;10.627816;5.394769;8.818234;4.982730;5.502049;1.862402;0.000100;0.370040;1.845830
3640.01;1925;1938;6.000000;0.500060;0.000173;10.853843;5.725574;8.488979;4.985135;5.503906;1.874709;0.259974;0.366644;1.949191
3641.81;1926;1939;6.000000;0.505831;0.000173;12.229136;5.631192;9.677041;4.960925;4.906061;1.659136;0.000100;0.334820;1.118554
3643.61;1927;1940;5.000000;0.343265;0.000173;15.022541;6.810796;8.063256;4.069235;4.283351;2.165549;0.000100;0.351636;0.657768
3645.41;1928;1941;6.000000;0.498639;0.000173;10.863005;8.835813;8.472409;7.672527;4.695512;1.174434;0.000100;0.962631;2.029807
3647.21;1929;1942;7.250000;0.495660;0.000355;8.717733;7.354499;7.031085;6.491467;5.365419;1.635186;0.000100;0.826313;2.008414
3649.01;1930;1943;7.000000;0.439196;0.000173;5.544797;5.715899;3.804971;4.360340;5.366008;2.762949;0.000100;0.557215;1.098452
3650.81;1931;1944;7.000000;0.411121;0.000244;5.255313;5.890177;3.378834;4.214584;5.273925;2.818445;0.000100;0.580509;0.707392
3652.61;1932;1945;7.000000;0.473900;0.000497;3.216448;4.712724;2.362618;3.860103;5.156738;3.164878;34.609245;0.532792;0.200737
3654.41;1933;1946;8.000000;0.451663;0.000252;3.288696;4.921316;2.223221;3.641139;5.728239;3.193870;29.265178;0.525172;0.362108
3656.21;1934;1947;7.000000;0.495010;0.000351;3.160904;4.441886;2.436554;3.812938;5.253698;3.124811;36.790543;0.526432;0.200737
3658.01;1935;1948;7.000000;0.437770;0.000381;3.948730;5.888876;2.674003;4.444417;4.517978;2.947627;23.481626;0.593797;0.521239
3659.81;1936;1949;8.000000;0.401454;0.000371;3.753857;6.113737;2.265109;4.110409;4.910303;2.693521;24.408448;0.539791;0.288134
3661.61;1937;1950;7.000000;0.449356;0.000430;3.355180;5.594533;2.348620;4.359679;5.051755;2.886566;11.620037;0.586244;0.383778
3663.41;1938;1951;7.000000;0.456297;0.000465;3.250012;5.449576;2.313854;4.321800;5.021110;2.913464;22.797766;0.575462;0.551686
3665.21;1939;1952;7.000000;0.448766;0.000298;3.706823;5.930544;2.381538;4.262758;5.136839;2.943561;37.353138;0.586711;0.557838
3667.01;1940;1953;7.000000;0.468889;0.000493;3.234807;5.140595;2.368300;4.190047;5.039881;2.957124;34.073184;0.561804;0.346799
3668.81;1941;1954;7.000000;0.468808;0.000370;3.128164;4.440487;2.275269;3.599064;4.886136;3.063279;35.117505;0.494126;0.200737
3670.61;1942;1955;7.000000;0.499745;0.000376;2.955510;4.148346;2.277759;3.562687;4.959124;3.035497;39.655458;0.481712;0.370964
3672.41;1943;1956;7.000000;0.354976;0.000260;4.860055;6.714805;2.697915;4.149979;4.383745;2.734027;0.000100;0.559938;0.596537
3674.21;1944;1957;7.000000;0.316907;0.000173;7.661800;12.699068;3.797751;7.008497;4.058517;1.540454;0.000100;0.919826;1.357691
3676.01;1945;1958;7.000000;0.299370;0.000173;7.677578;13.377930;3.588341;6.960184;4.045217;1.459287;0.000100;0.888279;1.244328
3677.81;1946;1959;7.000000;0.283868;0.000173;6.499579;11.102670;2.885896;5.488314;3.981278;1.855995;0.000100;0.628557;1.051790
3679.61;1947;1960;7.000000;0.267375;0.000362;5.925793;10.070310;2.478213;4.686566;3.863972;1.998533;0.000100;0.543712;1.006841
3681.41;1948;1961;7.000000;0.280977;0.000173;6.030605;9.339891;2.650667;4.569489;3.592672;1.848999;0.000100;0.474568;0.729525
3683.21;1949;1962;7.000000;0.276765;0.000298;8.107771;10.266269;3.509549;4.947949;3.466138;1.808710;0.000100;0.471872;0.726565
3685.01;1950;1963;6.000000;0.303919;0.000288;9.898090;10.508726;4.701241;5.557687;3.448324;1.583354;0.000100;0.523491;0.944664
3686.81;1951;1964;6.000000;0.271511;0.000327;11.577187;12.877650;4.917328;6.089046;3.268842;1.804573;0.000100;0.389903;0.823805
3688.61;1952;1965;6.000000;0.274374;0.000173;11.548358;12.455324;4.956378;5.951118;3.009880;1.679110;0.000100;0.364131;0.630869
3690.41;1953;1966;6.000000;0.261793;0.000442;8.466834;12.820300;3.467552;5.845340;2.888629;1.692439;0.000100;0.280659;0.596466
3692.21;1954;1967;6.000000;0.261793;0.000310;8.973663;12.874532;3.675121;5.870067;3.202642;1.766056;0.000100;0.298511;0.542355
3694.01;1955;1968;6.000000;0.261793;0.000236;7.194681;13.017374;2.946548;5.935194;2.906484;1.733066;0.000100;0.282175;0.662340
3695.81;1956;1969;6.000000;0.280022;0.000405;6.523057;12.291253;2.848630;5.982570;3.129431;1.752643;0.000100;0.286290;0.547627
3697.61;1957;1970;6.000000;0.394210;0.000402;6.245068;8.314314;3.849154;5.701031;3.370702;1.657814;0.000100;0.283520;0.582218
3699.41;1958;1971;6.000000;0.400910;0.000173;5.962072;8.502267;3.733765;5.926438;5.070047;2.156850;0.000100;0.332837;1.600963
3701.21;1959;1972;6.000000;0.325520;0.000254;7.337145;10.378420;3.726088;5.863743;4.771096;2.179446;0.000100;0.326538;1.261464
3703.01;1960;1973;6.000000;0.373863;0.000304;6.494051;8.917790;3.796689;5.805830;5.049573;2.245713;0.000100;0.335130;1.315844
3704.81;1961;1974;6.000000;0.419552;0.000408;5.588552;7.930778;3.666900;5.793204;4.642060;2.335154;0.000100;0.366114;1.065519
3706.61;1962;1975;6.000000;0.446489;0.000725;4.520250;7.210782;3.157887;5.606500;4.415927;2.279640;0.000100;0.386827;1.203330
3708.41;1963;1976;6.000000;0.513926;0.000805;3.180087;4.970936;2.532143;4.401333;4.390922;2.481872;11.638916;0.367890;0.615471
3710.21;1964;1977;6.000000;0.532804;0.000876;2.821203;4.687128;2.347809;4.343562;4.275509;2.699062;39.506666;0.395755;0.200737
3712.01;1965;1978;6.000000;0.502784;0.000882;2.804864;4.931187;2.206124;4.318008;3.404492;2.667939;37.189250;0.397018;0.200737
3713.81;1966;1979;6.000000;0.652478;0.000912;2.143959;3.162955;2.187088;3.592341;3.545447;2.751892;17.288475;0.369849;0.200737
3715.61;1967;1980;6.000000;0.636209;0.000708;2.130033;3.329741;2.119800;3.689060;3.596830;2.811889;37.379159;0.362524;0.200737
3717.41;1968;1981;6.000000;0.737418;0.001036;2.040120;3.279239;2.352847;4.210476;3.680673;2.583349;44.561111;0.458516;0.200737
3719.21;1969;1982;6.000000;0.604389;0.000744;3.100394;3.888833;2.916573;4.073323;3.429803;2.587444;19.998788;0.353277;0.200737
3721.01;1970;1983;6.000000;0.771677;0.000851;2.543802;3.054307;3.070809;4.104863;3.953912;2.606029;49.514031;0.396752;0.200737
3722.81;1971;1984;6.000000;0.644912;0.000563;3.534355;3.951384;3.565591;4.437769;4.064910;2.538076;0.000100;0.362787;0.551364
3724.61;1972;1985;6.000000;0.696052;0.000741;3.190800;3.540673;3.474432;4.292195;4.041620;2.532837;0.000100;0.378907;0.200737
3726.41;1973;1986;6.000000;0.653738;0.000696;3.678092;3.845997;3.761347;4.378856;4.547396;2.586819;0.000100;0.366447;1.192442
3728.21;1974;1987;6.000000;0.655110;0.000746;3.649549;3.941263;3.740216;4.496781;3.929112;2.576940;0.000100;0.375970;1.001651
3730.01;1975;1988;6.000000;0.606826;0.000706;3.592135;4.161063;3.410039;4.397648;3.911958;2.682008;0.000100;0.337348;0.827448
3731.81;1976;1989;6.000000;0.554096;0.000173;4.645470;5.157862;4.025728;4.975996;3.965261;2.373941;0.000100;0.314312;1.230508
3733.61;1977;1990;6.000000;0.548465;0.000331;4.699158;5.239216;4.031887;5.004472;3.935620;2.360088;0.000100;0.340250;1.259094
3735.41;1978;1991;6.000000;0.582538;0.000471;4.656764;5.198065;4.243694;5.273472;4.358830;2.302319;0.000100;0.333790;0.975454
3737.21;1979;1992;6.000000;0.539193;0.000173;4.819573;5.784720;4.065283;5.432211;4.109551;2.265449;0.000100;0.318861;1.331795
3739.01;1980;1993;6.000000;0.508253;0.000173;5.234829;6.706811;4.162025;5.936381;3.917803;1.993523;0.000100;0.332636;1.589398
3740.81;1981;1994;6.000000;0.526274;0.000173;5.085633;6.579167;4.186608;6.029826;4.035013;2.079021;0.000100;0.347804;1.258241
3742.61;1982;1995;6.000000;0.603394;0.000173;4.369835;5.876149;4.124610;6.174499;5.049341;2.277146;0.000100;0.355254;1.725606
3744.41;1983;1996;6.000000;0.594690;0.000173;4.195101;6.201049;3.902374;6.421993;4.806397;2.180810;0.000100;0.354115;1.557614
3746.21;1984;1997;6.000000;0.572805;0.000173;4.347729;6.240126;3.895942;6.225196;4.817807;2.175593;0.000100;0.334773;2.260860
3748.01;1985;1998;6.000000;0.581905;0.000173;4.475851;6.222692;4.073620;6.305171;4.827946;2.160590;0.000100;0.334900;1.958796
3749.81;1986;1999;6.000000;0.616795;0.000173;4.334425;5.629662;4.182302;6.047500;4.772085;2.152507;0.000100;0.327599;1.483325
3751.61;1987;2000;6.000000;0.574633;0.000320;4.575598;6.240888;4.113174;6.245548;4.519942;2.166996;0.000100;0.337067;1.189485
3753.41;1988;2001;6.000000;0.570702;0.000297;4.613039;6.103102;4.118549;6.066158;4.549985;2.077843;0.000100;0.330840;1.996411
3755.21;1989;2002;6.000000;0.522759;0.000366;4.302774;6.277992;3.518142;5.714849;4.690203;2.285700;0.000100;0.317596;1.421618
3757.01;1990;2003;5.000000;0.488385;0.000542;4.467628;6.694548;3.412928;5.693509;4.486538;2.247267;0.000100;0.326479;1.599441
3758.81;1991;2004;5.000000;0.504535;0.000325;4.216481;6.495629;3.327740;5.707103;4.562380;2.229939;0.000100;0.321293;1.572903
3760.61;1992;2005;5.000000;0.509728;0.000435;4.558045;6.212173;3.634373;5.514443;4.880057;2.295849;0.000100;0.324341;1.011892
3762.41;1993;2006;5.000000;0.534912;0.000173;4.157082;5.985835;3.478693;5.576404;4.761095;2.321324;0.000100;0.327713;1.437186
3764.21;1994;2007;5.000000;0.465770;0.000328;4.893685;6.892839;3.564551;5.589725;4.581041;2.324975;0.000100;0.320045;1.433209
3766.01;1995;2008;5.000000;0.487121;0.000508;4.809369;6.599946;3.664556;5.598329;4.712040;2.341006;0.000100;0.320691;1.617419
3767.81;1996;2009;5.000000;0.537064;0.000554;4.379515;5.599756;3.679466;5.237707;4.472432;2.365199;0.000100;0.292232;1.385406
3769.61;1997;2010;5.000000;0.575280;0.000326;4.251850;5.176460;3.826460;5.186181;4.643362;2.391934;0.000100;0.292228;1.729179
3771.41;1998;2011;5.000000;0.498594;0.000475;5.782614;5.809056;4.508973;5.042827;4.628028;2.298607;0.000100;0.303366;1.259850
3773.21;1999;2012;5.000000;0.459635;0.000351;6.616809;6.324723;4.757775;5.062996;3.462132;2.191350;0.000100;0.293895;0.989733
3775.01;2000;2013;5.000000;0.424210;0.000672;7.211546;6.885465;4.785743;5.087063;3.323017;2.084132;0.000100;0.303851;0.553881
3776.81;2001;2014;5.000000;0.407062;0.000313;7.566603;7.274037;4.818414;5.156887;3.677392;2.213476;0.000100;0.307595;1.057290
3778.61;2002;2015;5.000000;0.415872;0.000318;7.820099;7.010928;5.087455;5.077712;4.232124;2.209429;0.000100;0.318024;1.547145
3780.41;2003;2016;5.000000;0.394911;0.000419;8.749338;7.642377;5.405214;5.256286;4.165992;2.166124;0.000100;0.323539;1.446417
3782.21;2004;2017;5.000000;0.390376;0.000173;8.891902;7.666653;5.430142;5.212422;4.525265;2.171034;0.000100;0.330438;1.567717
3784.01;2005;2018;5.000000;0.423828;0.000352;7.905341;7.049304;5.240414;5.202114;4.187850;2.169480;0.000100;0.327321;1.565656
3785.81;2006;2019;5.000000;0.433082;0.000173;7.771912;6.951689;5.264223;5.242369;4.285719;2.156425;0.000100;0.336910;1.195400
3787.61;2007;2020;5.000000;0.419671;0.000173;6.705110;7.160736;4.401360;5.233163;4.343533;2.151627;0.000100;0.325960;1.208375
3789.41;2008;2021;5.000000;0.425417;0.000312;6.849412;7.032396;4.558392;5.210401;4.584507;2.180090;0.000100;0.336498;1.153173
3791.21;2009;2022;5.000000;0.377625;0.000332;6.145722;7.762736;3.630584;5.105375;4.619649;2.466655;0.000100;0.305619;1.432801
3793.01;2010;2023;5.000000;0.391802;0.000173;5.993250;7.464686;3.673437;5.093674;4.486223;2.344309;0.000100;0.300623;1.926919
3794.81;2011;2024;5.000000;0.368272;0.000285;7.167386;8.090931;4.128269;5.188427;4.374393;2.174912;0.000100;0.314292;1.160190
3796.61;2012;2025;5.000000;0.374593;0.000173;6.878338;7.819136;4.030662;5.100748;4.569494;2.238040;0.000100;0.322209;1.308815
3798.41;2013;2026;5.000000;0.370344;0.000452;6.640739;7.863061;3.845286;5.068562;4.589701;2.215477;0.000100;0.307751;1.537342
3800.21;2014;2027;5.000000;0.387353;0.000631;5.929485;7.271780;3.592145;4.904822;4.520482;2.307103;0.000100;0.291864;1.537698
3802.01;2015;2028;5.000000;0.371981;0.000508;6.287599;7.681393;3.658872;4.976375;4.376268;2.337589;0.000100;0.289646;1.304149
3803.81;2016;2029;5.000000;0.345987;0.000658;6.901692;8.000741;3.735582;4.821061;4.217985;2.288708;0.000100;0.295472;1.248609
3805.61;2017;2030;5.000000;0.380539;0.000647;5.880512;7.325318;3.500726;4.854887;4.759809;2.349205;0.000100;0.296196;1.119430
3807.41;2018;2031;5.000000;0.359990;0.000645;5.968988;7.587394;3.361514;4.757036;4.327310;2.291603;0.000100;0.272232;1.545133
3809.21;2019;2032;5.000000;0.354463;0.000690;6.068671;7.672879;3.365175;4.736768;4.323379;2.523824;0.000100;0.259164;1.191523
3811.01;2020;2033;5.000000;0.345958;0.000523;6.277019;7.853437;3.397196;4.731911;4.515383;2.531829;0.000100;0.275021;1.332206
3812.81;2021;2034;5.000000;0.357429;0.000538;5.386007;7.340070;3.011619;4.569231;5.089042;2.821062;0.000100;0.242290;2.670145
3814.61;2022;2035;5.000000;0.374900;0.000663;4.899253;6.949646;2.873350;4.537650;4.619898;2.714923;0.000100;0.244027;1.050568
3816.41;2023;2036;5.000000;0.432036;0.000173;4.687917;6.569533;3.168422;4.943190;4.300286;2.117336;0.000100;0.291678;1.482069
3818.21;2024;2037;5.000000;0.408761;0.000439;5.739427;7.070716;3.670125;5.033677;4.435096;2.102323;0.000100;0.302617;1.734509
3820.01;2025;2038;5.000000;0.410459;0.000173;5.689440;6.815457;3.653278;4.872119;4.221194;2.028552;0.000100;0.293150;1.537307
3821.81;2026;2039;5.000000;0.400081;0.000173;6.798991;7.341408;4.255354;5.115409;4.441495;2.120690;0.000100;0.322011;1.573237
3823.61;2027;2040;5.000000;0.437650;0.000457;6.807903;6.762455;4.661043;5.154468;4.610172;2.126019;0.000100;0.323008;2.146636
3825.41;2028;2041;5.000000;0.420463;0.000476;7.673324;7.086309;5.047253;5.189211;4.468772;2.095829;0.000100;0.328765;1.850644
3827.21;2029;2042;5.000000;0.438841;0.000173;7.201589;6.916412;4.944005;5.286170;4.634090;2.179243;0.000100;0.323250;1.056003
3829.01;2030;2043;5.000000;0.451653;0.000173;7.015206;6.718783;4.956650;5.285038;4.732938;2.183847;0.000100;0.333353;1.429868
3830.81;2031;2044;5.000000;0.488680;0.000547;6.652980;5.928643;5.086087;5.045829;4.723329;2.168302;0.000100;0.312327;2.231498
3832.61;2032;2045;4.000000;0.529019;0.000602;3.524579;5.120895;2.916901;4.718131;4.011453;2.319716;0.000100;0.268278;0.869848
3834.41;2033;2046;4.000000;0.587596;0.000633;3.358097;4.832441;3.086848;4.945365;4.474283;2.460144;0.000100;0.280591;1.660511
3836.21;2034;2047;4.000000;0.568264;0.000625;3.450990;5.140611;3.067872;5.087659;4.235444;2.376438;0.000100;0.276997;1.439788
3838.01;2035;2048;4.000000;0.650226;0.000657;3.073478;4.620367;3.126352;5.232315;4.610563;2.412676;0.000100;0.289811;1.529110
3839.81;2036;2049;;;;;;;;;;;;
3841.61;2037;2050;;;;;;;;;;;;
3843.41;2038;2051;5.000000;0.813692;0.000642;2.543211;3.911383;3.237323;5.542984;4.777579;2.106790;0.000100;0.458443;1.548268
3845.21;2039;2052;5.000000;0.811940;0.000558;2.578770;3.965803;3.275516;5.607998;4.374801;2.037187;0.000100;0.473904;2.019224
3847.01;2040;2053;5.000000;0.805435;0.000879;2.899858;3.647974;3.653851;5.117236;4.270066;1.989682;0.000100;0.433074;0.200737
3848.81;2041;2054;5.000000;0.851514;0.000782;2.663955;3.408161;3.548643;5.054348;4.650077;1.974151;0.000100;0.436203;1.514608
3850.61;2042;2055;5.000000;0.847416;0.000173;2.581529;2.990995;3.422290;4.414333;3.965812;1.618545;0.000100;0.234857;0.751578
3852.41;2043;2056;5.000000;0.901849;0.000584;2.405838;2.805205;3.394248;4.406072;4.234844;1.703031;0.000100;0.246393;0.548161
3854.21;2044;2057;5.000000;0.835377;0.000689;2.838642;3.588738;3.709682;5.221286;4.673367;1.987663;0.000100;0.288472;1.124792
3856.01;2045;2058;;;;;;;;;;;;
3857.81;2046;2059;5.000000;0.705851;0.000422;3.476746;4.647533;3.839099;5.713320;4.863103;2.045647;0.000100;0.313579;2.350959
3859.61;2047;2060;5.000000;0.680162;0.000612;3.555629;4.748249;3.783312;5.624695;4.591361;1.969018;0.000100;0.305870;1.398830
3861.41;2048;2061;;;;;;;;;;;;
3863.21;2049;2062;5.000000;0.497177;0.000173;5.433131;6.886458;4.225754;5.962929;4.714931;2.083365;0.000100;0.349327;1.158962
3865.01;2050;2063;5.000000;0.525939;0.000173;5.096409;6.490297;4.193176;5.945017;4.516035;2.086751;0.000100;0.340209;1.953240
3866.81;2051;2064;5.000000;0.502226;0.000476;5.437184;7.031333;4.271852;6.150205;4.489248;2.020924;0.000100;0.352696;1.559536
3868.61;2052;2065;5.000000;0.564568;0.000544;4.625307;6.256801;4.085078;6.152078;4.595014;1.995651;0.000100;0.347474;1.818977
3870.41;2053;2066;5.000000;0.525154;0.000530;6.137834;6.389874;5.042488;5.844291;4.936873;1.998472;0.000100;0.343118;1.193916
3872.21;2054;2067;5.000000;0.533550;0.000173;5.008197;6.622663;4.180225;6.154044;4.788079;2.036779;0.000100;0.344930;1.751176
3874.01;2055;2068;5.000000;0.589924;0.000472;4.775738;5.437654;4.407371;5.586765;5.300830;2.039102;0.000100;0.327518;2.114207
3875.81;2056;2069;5.000000;0.550939;0.000173;4.862371;6.394775;4.190782;6.135952;4.710564;2.014123;0.000100;0.337623;1.754308
3877.61;2057;2070;5.000000;0.600931;0.000551;4.730001;5.320233;4.446613;5.568119;4.686079;1.979949;0.000100;0.324211;1.663311
3879.41;2058;2071;5.000000;0.511606;0.000173;5.880206;6.652685;4.706215;5.927696;4.567772;2.036411;0.000100;0.353084;1.139753
3881.21;2059;2072;5.000000;0.534064;0.000173;5.753449;6.523277;4.806896;6.067530;4.804284;2.152888;0.000100;0.361359;1.820608
3883.01;2060;2073;5.000000;0.620954;0.000596;4.264592;5.162013;4.142668;5.582535;4.203315;1.704771;0.000100;0.301047;0.629628
3884.81;2061;2074;6.000000;0.574747;0.000447;4.964345;5.612622;4.463565;5.618177;4.337973;1.734502;0.000100;0.318871;0.689066
3886.61;2062;2075;6.000000;0.523107;0.000527;5.413057;6.091944;4.429718;5.550079;4.487169;1.708203;0.000100;0.324660;2.089686
3888.41;2063;2076;6.000000;0.735037;0.000574;4.187226;4.425482;4.814805;5.665295;4.384228;1.672604;0.000100;0.309813;1.449784
3890.21;2064;2077;6.000000;0.557235;0.000523;5.343988;6.260155;4.658513;6.075424;4.114618;1.860754;0.000100;0.339967;1.703092
3892.01;2065;2078;6.000000;0.594016;0.000431;5.127483;5.818337;4.764809;6.019353;4.514839;1.912778;0.000100;0.340139;1.423809
3893.81;2066;2079;5.000000;0.591471;0.000526;5.093621;5.541427;4.713063;5.708315;4.306250;1.935398;0.000100;0.325323;1.346567
3895.61;2067;2080;5.000000;0.407950;0.000524;6.806265;7.710729;4.343689;5.478416;4.349364;1.929543;0.000100;0.324661;1.842142
3897.41;2068;2081;5.000000;0.464547;0.000472;6.866426;6.221466;4.990038;5.033563;4.129913;1.758248;0.000100;0.297355;1.495462
3899.21;2069;2082;5.000000;0.411125;0.000713;7.098490;7.369100;4.565450;5.276449;4.230365;1.804323;0.000100;0.302903;2.025550
3901.01;2070;2083;5.000000;0.362090;0.000173;7.523894;9.136760;4.261888;5.761840;4.190074;2.070738;0.000100;0.343154;1.536376
3902.81;2071;2084;5.000000;0.367681;0.000173;6.965594;8.739465;4.006566;5.596398;4.335117;2.114198;0.000100;0.333355;1.022798
3904.61;2072;2085;5.000000;0.387537;0.000541;6.769923;8.489670;4.104310;5.730031;4.278396;2.262004;0.000100;0.349118;0.919758
3906.41;2073;2086;5.000000;0.465002;0.000566;5.271026;7.199059;3.834363;5.830201;4.386416;2.231531;0.000100;0.350448;1.408215
3908.21;2074;2087;5.000000;0.404994;0.000623;7.817633;7.987277;4.952984;5.633782;4.228818;2.265462;0.000100;0.360077;1.088439
3910.01;2075;2088;5.000000;0.416669;0.000173;7.660026;7.933265;4.993040;5.757002;3.905540;2.024834;0.000100;0.345353;0.782020
3911.81;2076;2089;5.000000;0.398320;0.000173;8.031364;8.428430;5.004548;5.846985;4.227443;2.024084;0.000100;0.372743;1.509800
3913.61;2077;2090;5.000000;0.453658;0.000473;6.953316;7.552925;4.934731;5.967554;3.986778;1.970088;0.000100;0.351331;0.607931
3915.41;2078;2091;5.000000;0.437118;0.000173;7.454870;7.696403;5.097793;5.859218;4.073933;1.974356;0.000100;0.355731;1.450214
3917.21;2079;2092;5.000000;0.411424;0.000173;6.918229;7.666436;4.452748;5.493339;4.378288;2.271186;0.000100;0.404354;1.640685
3919.01;2080;2093;;;;;;;;;;;;
3920.81;2081;2094;5.000000;0.324939;0.000628;9.228106;9.403868;4.690913;5.321830;4.366505;2.135528;0.000100;0.350792;1.764341
3922.61;2082;2095;5.000000;0.581890;0.000173;4.089227;5.189213;3.722418;5.258903;3.819615;1.926037;0.000100;0.589956;0.681553
3924.41;2083;2096;5.000000;0.344986;0.000173;8.521639;8.784573;4.599045;5.278067;4.081329;2.099260;0.000100;0.330698;1.785382
3926.21;2084;2097;5.000000;0.553421;0.000849;4.728750;5.858184;4.093979;5.646405;4.118938;1.289892;0.000100;0.588872;1.047586
3928.01;2085;2098;5.000000;0.842033;0.000173;3.067730;4.239822;4.041005;6.217698;4.760881;0.944490;0.000100;0.845544;1.548397
3929.81;2086;2099;5.000000;0.584780;0.000173;4.658384;7.480382;4.261584;7.618496;4.217090;1.103120;0.000100;1.127802;1.200440
3931.61;2087;2100;5.000000;0.561097;0.000173;5.699102;8.784286;5.002506;8.584150;4.008606;1.034041;0.000100;1.330280;1.282564
3933.41;2088;2101;5.000000;0.612504;0.000173;7.057727;7.913954;6.762657;8.442202;4.289854;1.205891;0.000100;1.245979;2.540031
3935.21;2089;2102;5.000000;0.474976;0.000173;12.369547;8.522820;9.191128;7.050307;3.428506;1.173746;0.000100;0.980532;0.866804
3937.01;2090;2103;5.000000;0.399989;0.000173;19.996509;7.226474;12.512549;5.034168;3.004102;1.042196;0.000100;0.582077;2.005283
3938.81;2091;2104;5.000000;0.409387;0.000462;21.888027;5.765250;14.017934;4.110600;2.745565;0.997088;0.000100;0.334316;1.965745
3940.61;2092;2105;5.000000;0.386497;0.000173;23.463978;6.245622;14.187022;4.204119;3.333204;1.087790;0.000100;0.351731;2.627811
3942.41;2093;2106;5.000000;0.513285;0.000173;16.268030;4.460677;13.062823;3.987609;3.469611;1.256675;0.000100;0.274055;2.127222
3944.21;2094;2107;5.000000;0.499560;0.000173;16.445250;4.596643;12.852020;3.999277;3.014764;1.218969;0.000100;0.268947;1.686895
3946.01;2095;2108;5.000000;0.535205;0.000173;9.550176;5.035052;7.996033;4.693284;4.084142;1.915392;0.000100;0.325509;1.764748
3947.81;2096;2109;5.000000;0.536282;0.000173;9.431816;4.909690;7.912834;4.585646;3.753450;1.878842;0.000100;0.312232;1.685870
3949.61;2097;2110;5.000000;0.407628;0.000627;8.887302;7.219276;5.667311;5.125197;4.412647;2.265764;0.000100;0.350516;1.418786
3951.41;2098;2111;5.000000;0.377676;0.000173;7.855172;8.145584;4.641079;5.357907;4.342611;2.298257;0.000100;0.337015;1.748703
3953.21;2099;2112;5.000000;0.411722;0.000523;6.780157;7.622068;4.367043;5.465505;4.269730;2.312141;0.000100;0.328169;1.754044
3955.01;2100;2113;5.000000;0.406703;0.000173;6.042397;7.453655;3.844413;5.279584;4.336013;2.469802;0.000100;0.325581;2.295004
3956.81;2101;2114;5.000000;0.440306;0.000726;5.693977;6.845751;3.922054;5.249630;4.945339;2.422815;0.000100;0.321470;1.324941
3958.61;2102;2115;;;;;;;;;;;;
3960.41;2103;2116;5.000000;0.439967;0.000485;5.172892;6.214627;3.560381;4.761983;4.758968;2.643375;0.000100;0.282042;1.599976
3962.21;2104;2117;5.000000;0.378628;0.000441;5.088662;6.762759;3.014110;4.459531;4.307464;2.618344;0.000100;0.251776;1.348099
3964.01;2105;2118;5.000000;0.383486;0.000173;5.432901;6.827065;3.259301;4.559702;4.617961;2.506565;0.000100;0.266413;1.414035
3965.81;2106;2119;5.000000;0.389411;0.000524;5.937976;7.599199;3.617350;5.153823;4.456368;2.131444;0.000100;0.317728;2.234885
3967.61;2107;2120;5.000000;0.439073;0.000173;5.761742;6.812663;3.957615;5.209623;4.834608;2.271988;0.000100;0.324371;1.576250
3969.41;2108;2121;5.000000;0.428924;0.000173;6.410158;6.884787;4.301228;5.143088;4.530676;2.203105;0.000100;0.320041;1.789303
3971.21;2109;2122;5.000000;0.417289;0.000482;6.829488;7.099859;4.458286;5.159875;4.577695;2.168241;0.000100;0.327906;1.694138
3973.01;2110;2123;5.000000;0.420940;0.000173;7.225157;7.054321;4.757852;5.171643;4.446250;2.154206;0.000100;0.336415;1.174911
3974.81;2111;2124;5.000000;0.469971;0.000585;6.167843;6.571151;4.534691;5.378554;4.758597;2.208867;0.000100;0.327563;1.353833
3976.61;2112;2125;5.000000;0.413331;0.000173;5.806373;6.974548;3.754446;5.020728;4.298521;2.285087;0.000100;0.304638;1.450786
3978.41;2113;2126;5.000000;0.428383;0.000465;5.777197;6.710390;3.871619;5.006484;4.509321;2.407504;0.000100;0.303382;0.924697
3980.21;2114;2127;5.000000;0.435524;0.000173;5.319191;6.540214;3.624107;4.960861;4.011077;2.237429;0.000100;0.289672;1.194706
3982.01;2115;2128;5.000000;0.435062;0.000173;5.255697;6.555135;3.577052;4.966910;4.511136;2.310540;0.000100;0.294479;1.669650
3983.81;2116;2129;5.000000;0.438375;0.000698;4.787672;6.488706;3.283324;4.954013;4.578272;2.452042;0.000100;0.301681;1.759534
3985.61;2117;2130;5.000000;0.427655;0.000610;5.015356;6.687819;3.355356;4.981166;4.802045;2.496892;0.000100;0.313468;1.512249
3987.41;2118;2131;5.000000;0.420342;0.000523;5.752596;7.067757;3.782773;5.174135;4.514845;2.256940;0.000100;0.322340;1.206180
3989.21;2119;2132;5.000000;0.441629;0.000440;5.912842;6.874729;4.085050;5.287695;4.956971;2.343462;0.000100;0.350006;1.891340
3991.01;2120;2133;5.000000;0.414423;0.000471;6.419008;7.276652;4.161547;5.252042;4.546691;2.301540;0.000100;0.348395;1.287652
3992.81;2121;2134;6.000000;0.431373;0.000173;6.567345;6.977544;4.431858;5.242136;4.502813;2.279653;0.000100;0.328311;1.493801
3994.61;2122;2135;6.000000;0.471804;0.000510;6.101306;6.320670;4.503271;5.193715;4.537045;2.283725;0.000100;0.323014;1.996365
3996.41;2123;2136;6.000000;0.564898;0.000471;4.897135;5.306985;4.327682;5.221206;4.650888;2.292910;0.000100;0.320091;1.211726
3998.21;2124;2137;6.000000;0.773887;0.000173;5.455641;3.356165;6.604908;4.523493;4.286321;1.985367;0.000100;0.308016;1.492540
4000.01;2125;2138;6.000000;0.791753;0.000173;4.901738;3.328984;6.071323;4.590443;5.145836;2.174000;0.000100;0.304060;1.292717
4001.81;2126;2139;5.000000;0.608523;0.000548;3.387909;4.842774;3.220703;5.121770;5.160348;2.482808;0.000100;0.314167;1.759828
4003.61;2127;2140;5.000000;0.589949;0.000310;3.633310;4.976436;3.353182;5.112997;5.196979;2.561630;0.000100;0.313029;1.840653
4005.41;2128;2141;5.000000;0.621211;0.000341;3.397081;4.773369;3.298674;5.161845;5.354652;2.584372;0.000100;0.308078;2.102424
4007.21;2129;2142;5.000000;0.574239;0.000291;3.608231;5.223977;3.240328;5.223762;5.129020;2.765385;0.000100;0.318349;1.492955
4009.01;2130;2143;5.000000;0.593742;0.000326;3.153006;5.015830;2.928637;5.185144;5.300084;2.866002;0.000100;0.305165;1.588230
4010.81;2131;2144;5.750000;0.572924;0.000273;3.096439;5.173677;2.769852;5.151719;5.091712;2.789639;0.000100;0.297829;1.831406
4012.61;2132;2145;6.000000;0.608637;0.000715;3.024177;4.754259;2.868430;5.017451;5.214460;2.904613;0.000100;0.297390;1.973805
4014.41;2133;2146;6.000000;0.586029;0.000411;3.449297;5.063773;3.162454;5.166887;5.031149;2.744491;0.000100;0.297089;1.951712
4016.21;2134;2147;6.000000;0.553493;0.000256;3.294395;5.325383;2.851063;5.132404;5.132312;2.811227;0.000100;0.288093;1.916339
4018.01;2135;2148;6.000000;0.545983;0.000442;3.448652;5.380970;2.945444;5.116234;5.422141;2.869589;0.000100;0.298509;1.796841
4019.81;2136;2149;6.000000;0.589604;0.000447;3.213254;5.010602;2.963550;5.144127;5.286039;2.852334;0.000100;0.297392;1.923813
4021.61;2137;2150;6.000000;0.556548;0.000351;3.862526;5.312720;3.360696;5.146179;5.160860;2.751583;0.000100;0.298671;1.269957
4023.41;2138;2151;6.000000;0.569781;0.000319;3.696358;5.197805;3.294434;5.153919;5.193507;2.737637;0.000100;0.300349;2.098855
4025.21;2139;2152;6.000000;0.928354;0.000173;3.886753;3.174325;5.644393;5.132121;4.925608;2.120319;0.000100;0.337028;1.881998
4027.01;2140;2153;6.000000;0.651121;0.000362;3.455165;5.015548;3.515353;5.681574;4.851337;2.207143;0.000100;0.335307;1.596837
4028.81;2141;2154;6.000000;0.636066;0.000340;3.624934;5.242171;3.602693;5.802966;5.050739;2.312549;0.000100;0.344992;1.911495
4030.61;2142;2155;6.000000;0.631150;0.000460;3.846362;5.195327;3.806236;5.709142;5.326087;2.252273;0.000100;0.336027;2.480720
4032.41;2143;2156;6.000000;0.627717;0.000316;3.753832;5.050646;3.685976;5.521315;4.578275;2.108487;0.000100;0.319371;1.617055
4034.21;2144;2157;4.000000;0.511879;0.000345;5.071246;6.143949;4.062105;5.475805;4.696418;2.203494;0.000100;0.335993;1.507904
4036.01;2145;2158;6.000000;0.454080;0.000173;6.441066;6.731171;4.575579;5.322821;4.896082;2.276126;0.000100;0.341721;1.738778
4037.81;2146;2159;6.000000;0.443007;0.000341;7.290230;6.906163;5.052121;5.328287;5.093325;2.314097;0.000100;0.355657;2.413604
4039.61;2147;2160;6.000000;0.467823;0.000318;7.206828;6.512116;5.266287;5.300224;5.144171;2.263275;0.000100;0.344722;1.846519
4041.41;2148;2161;6.000000;0.473584;0.000173;7.307935;6.430949;5.407318;5.295944;5.229857;2.294005;0.000100;0.338652;1.658529
4043.21;2149;2162;5.000000;0.512392;0.000386;6.670387;5.932933;5.346971;5.294429;5.372392;2.271112;0.000100;0.341394;1.888069
4045.01;2150;2163;5.000000;0.466750;0.000173;6.432696;6.405896;4.695321;5.204460;5.286539;2.167907;0.000100;0.333059;1.859309
4046.81;2151;2164;5.000000;0.470764;0.000487;6.440197;6.311841;4.742357;5.172627;5.459028;2.228229;1.114505;0.341372;1.731131
4048.61;2152;2165;6.000000;0.452454;0.000173;6.126890;6.529022;4.336686;5.144780;5.396182;2.255799;0.810523;0.346769;1.971569
4050.41;2153;2166;6.000000;0.440616;0.000422;6.311519;6.631213;4.347546;5.085490;5.423904;2.250455;1.355079;0.341074;2.332239
4052.21;2154;2167;6.000000;0.464684;0.000444;6.792942;6.412187;4.937457;5.189166;5.059549;2.362829;0.000100;0.343889;1.707757
4054.01;2155;2168;6.000000;0.469228;0.000412;6.678989;6.383565;4.899835;5.213415;5.208667;2.386685;0.000100;0.349992;1.352716
4055.81;2156;2169;6.000000;0.478897;0.000274;6.427773;6.282067;4.811669;5.237781;4.945924;2.264434;0.000100;0.342279;1.932378
4057.61;2157;2170;6.000000;0.454384;0.000417;7.591855;6.620397;5.395902;5.237846;5.185771;2.284031;0.000100;0.338546;1.679130
4059.41;2158;2171;6.000000;0.517514;0.000173;7.033784;5.719611;5.688954;5.147115;5.363136;2.307095;0.000100;0.331422;2.019460
4061.21;2159;2172;6.000000;0.553278;0.000358;6.587208;5.255371;5.698285;5.057769;5.844984;2.385143;1.558504;0.332796;2.344568
4063.01;2160;2173;6.000000;0.604598;0.000173;5.308242;4.771976;5.015590;5.020692;5.706095;2.404596;3.137198;0.319400;2.130534
4064.81;2161;2174;6.000000;0.625816;0.000173;3.704044;4.773574;3.624865;5.201439;5.563210;2.520451;1.810415;0.312055;2.036069
4066.61;2162;2175;6.000000;0.629457;0.000379;3.026863;4.699623;2.979829;5.151601;6.027401;2.815169;1.940154;0.302500;2.085287
4068.41;2163;2176;6.000000;0.619808;0.000173;3.015547;4.904627;2.922596;5.289937;5.972069;2.721430;2.062003;0.301306;1.997966
4070.21;2164;2177;6.000000;0.661194;0.000173;2.948472;4.798387;3.049484;5.524966;6.204083;2.632299;2.710975;0.321353;1.835535
4072.01;2165;2178;6.000000;0.640920;0.000173;3.066210;5.123248;3.073914;5.718253;5.915028;2.397975;2.758354;0.332508;2.271733
4073.81;2166;2179;6.000000;0.684784;0.000584;2.890735;4.684048;3.096718;5.586183;6.044269;2.422432;2.335172;0.342036;2.426414
4075.61;2167;2180;6.000000;0.676912;0.000173;3.006253;4.844312;3.183130;5.711051;6.238105;2.448503;4.129086;0.345156;2.677221
4077.41;2168;2181;5.000000;0.680843;0.000326;3.287637;4.798635;3.501179;5.689587;5.297410;2.482371;0.000100;0.352644;1.796714
4079.21;2169;2182;5.000000;0.687445;0.000173;3.266984;4.741908;3.513564;5.676030;5.636597;2.480376;0.000100;0.355523;2.495829
4081.01;2170;2183;5.000000;0.671246;0.000303;3.004652;4.858103;3.159818;5.677859;5.431206;2.406255;0.000100;0.348172;2.469353
4082.81;2171;2184;6.000000;0.732226;0.000413;3.219364;4.739606;3.687664;6.043752;5.961928;2.341550;0.000100;0.363163;2.584600
4084.61;2172;2185;6.000000;0.726551;0.000307;3.186699;4.734688;3.621733;5.991044;5.792437;2.322844;0.000100;0.360609;1.982501
4086.41;2173;2186;6.000000;0.676144;0.000173;3.799352;5.219948;4.010381;6.137534;5.776461;2.258176;0.000100;0.351426;2.069268
4088.21;2174;2187;6.000000;0.662237;0.000173;3.648426;5.560017;3.779744;6.412726;4.976806;2.069797;0.000100;0.350581;2.489573
4090.01;2175;2188;6.000000;0.642696;0.000173;4.013009;5.700320;4.034985;6.380031;5.884065;2.192822;0.000100;0.362028;2.649389
4091.81;2176;2189;6.000000;0.635329;0.000355;3.890269;5.738887;3.866295;6.349498;6.063845;2.255314;0.000100;0.378321;2.145520
4093.61;2177;2190;6.000000;0.602631;0.000173;4.425943;5.888816;4.166154;6.172922;6.016858;2.202670;0.000100;0.365379;2.523639
4095.41;2178;2191;6.000000;0.592467;0.000374;4.722985;5.804829;4.377268;5.989733;5.860977;2.265633;0.000100;0.363736;1.775444
4097.21;2179;2192;6.000000;0.575294;0.000173;4.841901;5.897265;4.355677;5.906251;6.284579;2.388099;0.658403;0.382366;2.263458
4099.01;2180;2193;6.000000;0.585332;0.000305;4.827386;5.728403;4.417602;5.835047;6.558705;2.316044;2.728110;0.377710;2.539488
4100.81;2181;2194;6.000000;0.633456;0.000422;4.753749;5.164270;4.701633;5.688569;5.584849;2.216012;1.412262;0.369198;1.982116
4102.61;2182;2195;6.000000;0.550367;0.000361;5.235999;5.982438;4.505848;5.727939;5.572010;2.264520;0.000100;0.387372;1.929162
4104.41;2183;2196;6.000000;0.564953;0.000291;5.061683;5.818637;4.470628;5.722712;5.686747;2.278214;0.000100;0.388194;2.404664
4106.21;2184;2197;6.000000;0.537517;0.000384;5.301541;6.185528;4.457131;5.789978;5.646737;2.280443;0.000100;0.381677;2.942914
4108.01;2185;2198;6.000000;0.562904;0.000173;5.470214;5.818122;4.816412;5.703530;5.657296;2.269127;0.000100;0.382971;1.981081
4109.81;2186;2199;6.000000;0.548768;0.000340;5.534843;5.979069;4.751545;5.714528;5.683686;2.254519;0.000100;0.386902;1.521469
4111.61;2187;2200;6.000000;0.552243;0.000300;5.439221;5.928381;4.699134;5.701603;5.722887;2.262358;0.000100;0.381954;2.615488
4113.41;2188;2201;5.000000;0.536040;0.000395;8.169790;5.567652;6.850963;5.197838;5.427609;2.213130;0.000100;0.345001;1.712301
4115.21;2189;2202;5.000000;0.543107;0.000496;8.122669;5.503732;6.901456;5.205428;5.337947;2.239212;0.000100;0.335021;1.973472
4117.01;2190;2203;5.000000;0.552904;0.000173;8.005187;5.383688;6.922321;5.183650;5.410012;2.249787;0.000100;0.338378;1.847734
4118.81;2191;2204;5.000000;0.559837;0.000435;5.484495;5.667232;4.801871;5.524936;5.712048;2.471154;0.000100;0.359053;1.693545
4120.61;2192;2205;5.000000;0.533551;0.000553;5.791029;5.961389;4.832556;5.538128;5.750191;2.492946;0.000100;0.355729;2.351479
4122.41;2193;2206;5.000000;0.559376;0.000346;7.721077;5.388318;6.745087;5.242243;5.257759;2.212608;0.000100;0.334640;1.535746
4124.21;2194;2207;6.000000;0.459232;0.000301;6.174524;7.206249;4.435540;5.761293;5.134588;2.403137;0.000100;0.360576;1.619729
4126.01;2195;2208;6.000000;0.466473;0.000384;5.713788;7.197177;4.166481;5.842022;5.812676;2.457342;0.000100;0.368000;2.022336
4127.81;2196;2209;6.000000;0.460045;0.000293;5.338728;7.584864;3.840698;6.076016;5.337763;2.485221;0.000100;0.382389;1.832005
4129.61;2197;2210;6.000000;0.492405;0.000321;5.063478;7.102875;3.892032;6.079491;5.608148;2.534483;0.000100;0.387459;2.068348
4131.41;2198;2211;6.000000;0.474732;0.000173;5.330718;7.297441;3.953539;6.026156;5.489382;2.480938;0.000100;0.382499;1.835856
4133.21;2199;2212;6.000000;0.479234;0.000173;4.843381;7.341971;3.630945;6.127670;5.768376;2.521725;0.000100;0.382395;1.596161
4135.01;2200;2213;6.000000;0.500890;0.000173;4.893613;6.966383;3.832035;6.070163;5.839287;2.502103;0.000100;0.386521;1.500726
4136.81;2201;2214;6.000000;0.481566;0.000312;4.799063;7.319011;3.610521;6.132040;5.949219;2.521075;0.000100;0.383183;1.939215
4138.61;2202;2215;6.000000;0.481672;0.000173;4.918727;7.348432;3.704137;6.162965;6.162346;2.553735;0.000100;0.388208;2.156833
4140.41;2203;2216;6.000000;0.482758;0.000173;4.706985;7.312786;3.554072;6.147950;6.089022;2.499650;0.000100;0.386126;2.708352
4142.21;2204;2217;6.000000;0.420697;0.000405;5.254581;8.221851;3.451457;6.015630;5.994407;2.595892;0.000100;0.407999;1.857441
4144.01;2205;2218;6.000000;0.439129;0.000173;4.991254;8.012244;3.425896;6.124104;5.997747;2.562382;0.000100;0.402279;2.563480
4145.81;2206;2219;6.000000;0.414931;0.000317;5.332522;8.379478;3.454220;6.042748;5.745529;2.565633;0.000100;0.389181;1.652076
4147.61;2207;2220;6.000000;0.458972;0.000517;5.003780;7.629104;3.564241;6.056231;5.872307;2.539739;0.000100;0.402128;2.441790
4149.41;2208;2221;6.000000;0.458533;0.000439;8.463282;6.554815;6.055066;5.199062;5.224733;2.286922;0.000100;0.335811;1.894636
4151.21;2209;2222;6.000000;0.490196;0.000359;8.412733;6.243403;6.450674;5.329306;5.661791;2.393946;0.000100;0.362253;2.299084
4153.01;2210;2223;6.000000;0.421418;0.000315;10.537122;7.116316;6.946292;5.220496;5.049130;2.286859;0.000100;0.344763;1.898234
4154.81;2211;2224;6.000000;0.406958;0.000326;11.121682;7.236544;7.078687;5.128227;5.297814;2.210315;0.000100;0.347610;1.676465
4156.61;2212;2225;6.000000;0.389711;0.000321;13.275632;7.271133;8.093368;4.935022;5.259952;2.117442;0.000100;0.346771;1.665336
4158.41;2213;2226;6.000000;0.418846;0.000474;12.617789;6.723299;8.261878;4.902007;5.179252;2.046576;0.000100;0.337185;2.546817
4160.21;2214;2227;6.000000;0.439014;0.000312;13.499856;6.326504;9.260158;4.832511;5.153774;2.014334;0.000100;0.339962;1.736225
4162.01;2215;2228;6.000000;0.377676;0.000173;15.064177;7.284353;8.900360;4.791405;4.486111;1.928795;0.000100;0.314758;1.326001
4163.81;2216;2229;6.000000;0.419553;0.000318;14.140680;6.470782;9.265864;4.715443;4.834997;1.918246;0.000100;0.326429;1.443780
4165.61;2217;2230;6.000000;0.421986;0.000173;14.326916;6.428083;9.457894;4.724250;4.943167;1.908191;0.000100;0.324423;1.744557
4167.41;2218;2231;6.000000;0.427508;0.000173;15.122323;6.234041;10.112253;4.640056;4.804307;1.833696;0.000100;0.304840;1.757070
4169.21;2219;2232;6.000000;0.458621;0.000314;14.923958;5.702416;10.699947;4.551892;4.824751;1.787580;0.000100;0.301626;1.756387
4171.01;2220;2233;6.000000;0.455689;0.000431;14.878070;5.747437;10.584413;4.551385;4.907162;1.792026;0.000100;0.302381;1.937350
4172.81;2221;2234;6.000000;0.429519;0.000326;15.700093;6.241879;10.547325;4.667931;4.653020;1.783988;0.000100;0.303851;0.924784
4174.61;2222;2235;6.000000;0.490667;0.000173;12.176947;5.850519;9.321242;4.986935;4.934070;1.860423;0.000100;0.305762;1.752558
4176.41;2223;2236;6.000000;0.485436;0.000311;12.338213;5.894674;9.365839;4.980644;4.609544;1.874058;0.000100;0.306922;1.593855
4178.21;2224;2237;6.000000;0.516785;0.000173;12.372428;5.445248;10.001286;4.900284;4.923637;1.816934;0.000100;0.309696;0.829607
4180.01;2225;2238;6.000000;0.521719;0.000173;12.373716;5.390358;10.075741;4.890505;5.219725;1.893253;0.000100;0.322318;2.553507
4181.81;2226;2239;6.000000;0.448182;0.000173;15.557329;5.913754;10.904967;4.615371;4.908776;1.821126;0.000100;0.305211;1.776859
4183.61;2227;2240;6.000000;0.421328;0.000324;16.854583;6.163537;11.109320;4.522740;4.743940;1.819393;0.000100;0.307068;1.559793
4185.41;2228;2241;6.000000;0.430443;0.000173;17.237070;6.092081;11.534287;4.537526;4.076366;1.767167;0.000100;0.300832;1.187631
4187.21;2229;2242;6.000000;0.440810;0.000383;16.959448;5.805562;11.693138;4.456396;4.416096;1.781614;0.000100;0.304997;1.311414
4189.01;2230;2243;5.000000;0.544939;0.000173;14.649417;4.505289;12.486494;4.275427;4.129207;1.624023;0.000100;0.281244;1.298953
4190.81;2231;2244;5.000000;0.452986;0.000435;16.655678;5.675576;11.774354;4.467645;4.384633;1.827209;0.000100;0.300069;1.426404
4192.61;2232;2245;5.000000;0.474928;0.000321;14.594496;5.709806;10.840288;4.720900;4.648963;1.954193;0.000100;0.322829;1.369738
4194.41;2233;2246;5.000000;0.473555;0.000173;14.634097;5.739487;10.797339;4.717692;4.776619;1.934815;0.000100;0.308875;1.756725
4196.21;2234;2247;5.000000;0.506334;0.000173;13.729139;5.337524;10.874786;4.706886;4.825109;1.905760;0.000100;0.309996;1.389968
4198.01;2235;2248;5.000000;0.469306;0.000173;14.332676;5.855764;10.518010;4.784718;4.761751;1.946472;0.000100;0.313363;1.623327
4199.81;2236;2249;5.000000;0.487791;0.000173;14.290753;5.490447;10.903810;4.663873;4.564520;1.898771;0.000100;0.305249;1.585066
4201.61;2237;2250;5.000000;0.466884;0.000173;14.879716;5.672161;10.865992;4.611643;4.707822;1.900352;0.000100;0.304550;2.380198
4203.41;2238;2251;5.000000;0.472764;0.000173;15.041953;5.649229;11.106626;4.644765;4.585693;1.870957;0.000100;0.307182;1.215883
4205.21;2239;2252;5.000000;0.494160;0.000173;14.451602;5.413825;11.115577;4.636250;4.595548;1.927267;0.000100;0.299402;1.302480
4207.01;2240;2253;6.000000;0.409299;0.000173;19.880474;5.974085;12.708177;4.254619;4.344015;1.774014;0.000100;0.296501;0.730099
4208.81;2241;2254;6.000000;0.401161;0.000345;20.156067;6.062354;12.638993;4.233209;4.543308;1.805852;0.000100;0.292545;2.397137
4210.61;2242;2255;5.000000;0.378265;0.000173;23.193355;5.998429;13.724318;3.951535;3.772200;1.675248;0.000100;0.265320;1.185320
4212.41;2243;2256;5.000000;0.399212;0.000552;21.723791;5.768099;13.564945;4.009387;4.027743;1.734334;0.000100;0.276332;1.165790
4214.21;2244;2257;5.000000;0.405908;0.000303;21.690426;5.534073;13.768836;3.910779;4.268129;1.707418;0.000100;0.268964;0.663836
4216.01;2245;2258;5.000000;0.397779;0.000173;21.733352;5.774490;13.523545;4.000270;4.218627;1.695683;0.000100;0.275165;1.843563
4217.81;2246;2259;5.000000;0.418246;0.000358;20.680662;5.611082;13.508761;4.078716;4.504755;1.766599;0.000100;0.285100;1.895060
4219.61;2247;2260;5.000000;0.405344;0.000519;21.059624;5.681929;13.337845;4.006509;4.172152;1.744574;0.000100;0.272064;1.609545
4221.41;2248;2261;5.000000;0.411155;0.000439;20.743557;5.633295;13.342059;4.033823;4.356788;1.758894;0.000100;0.275978;2.048190
4223.21;2249;2262;5.000000;0.405823;0.000528;19.968727;5.858216;12.668855;4.138151;4.264377;1.904145;0.000100;0.290906;0.615350
4225.01;2250;2263;5.000000;0.426584;0.000346;19.322127;5.580931;12.823842;4.124033;4.583941;1.902552;0.000100;0.290906;0.831355
4226.81;2251;2264;5.000000;0.403520;0.000173;19.967424;5.892831;12.587096;4.137803;4.578011;1.948571;0.000100;0.295761;1.378493
4228.61;2252;2265;5.000000;0.417652;0.000173;19.480299;5.748321;12.698864;4.173777;4.563942;1.956240;0.000100;0.289725;0.777366
4230.41;2253;2266;5.000000;0.402919;0.000383;21.029412;5.779862;13.250249;4.053825;4.350696;1.740021;0.000100;0.277895;1.749911
4232.21;2254;2267;5.000000;0.490429;0.000173;9.362789;6.732161;7.175603;5.742352;5.505238;2.379245;0.000100;0.361406;1.793019
4234.01;2255;2268;5.000000;0.490585;0.000535;9.202888;6.667558;7.058389;5.694393;5.440638;2.410182;0.000100;0.357720;2.000552
4235.81;2256;2269;5.000000;0.449235;0.000173;8.772116;7.415610;6.159783;5.794921;5.329826;2.518529;0.000100;0.367057;1.978800
4237.61;2257;2270;5.000000;0.445611;0.000173;8.509142;7.581560;5.929917;5.882200;5.401740;2.546204;0.000100;0.372688;1.273741
4239.41;2258;2271;5.000000;0.442608;0.000173;8.500369;7.538691;5.881525;5.807291;5.614868;2.536651;0.000100;0.366494;2.021336
4241.21;2259;2272;5.000000;0.461328;0.000173;8.266473;7.184155;5.962005;5.768894;5.602501;2.516135;0.000100;0.366440;1.269673
4243.01;2260;2273;5.000000;0.430376;0.000173;9.176034;7.623783;6.174801;5.710555;5.622096;2.456667;0.000100;0.362626;2.125452
4244.81;2261;2274;5.000000;0.483914;0.000173;8.965556;6.728516;6.786935;5.669332;5.544035;2.466823;0.000100;0.360976;1.769098
4246.61;2262;2275;5.000000;0.496361;0.000318;8.210416;6.679765;6.376551;5.771535;5.210409;2.447017;0.000100;0.357388;2.298114
4248.41;2263;2276;5.000000;0.524440;0.000422;7.951358;6.173987;6.521545;5.635884;5.588314;2.410778;0.000100;0.358390;1.733345
4250.21;2264;2277;5.000000;0.496300;0.000420;7.826606;6.731328;6.074552;5.817203;5.228095;2.487243;0.000100;0.376230;2.113563
4252.01;2265;2278;5.000000;0.523680;0.000173;7.541361;6.441044;6.162092;5.863215;5.725264;2.497736;0.000100;0.371451;1.894893
4253.81;2266;2279;4.000000;0.576009;0.000498;5.595657;5.976965;5.038279;5.993202;5.826635;2.542345;0.000100;0.376546;1.426701
4255.61;2267;2280;4.000000;0.586992;0.000173;5.477476;5.890976;5.019386;6.015625;6.036632;2.541869;0.000100;0.378584;1.593887
4257.41;2268;2281;5.000000;0.565394;0.000173;5.365885;6.151731;4.746077;6.054846;5.517038;2.635646;0.000100;0.387784;1.507797
4259.21;2269;2282;4.500000;0.681573;0.000588;5.254744;4.696016;5.602063;5.573682;4.799211;2.564327;0.000100;0.369785;1.503996
4261.01;2270;2283;4.000000;0.668346;0.000635;5.591122;4.679609;5.841535;5.444326;5.420202;2.547962;0.000100;0.362757;1.741020
4262.81;2271;2284;4.000000;0.696006;0.000573;5.493734;4.436033;5.981691;5.377267;5.590404;2.661063;0.000100;0.365043;1.854261
4264.61;2272;2285;4.000000;0.644557;0.000319;6.090852;4.653704;6.141016;5.222091;4.565762;2.518249;0.000100;0.351113;0.452634
4266.41;2273;2286;4.000000;0.680196;0.000847;5.834792;4.485299;6.207210;5.310906;5.768263;2.642756;0.000100;0.363206;1.959791
4268.21;2274;2287;4.000000;0.583542;0.000392;7.843851;5.130649;7.160614;5.214218;5.071938;2.263185;0.000100;0.339411;2.014432
4270.01;2275;2288;4.000000;0.536166;0.000712;8.186957;5.543379;6.861315;5.173370;5.053702;2.327779;0.000100;0.343314;1.124571
4271.81;2276;2289;4.000000;0.570218;0.000709;7.786474;5.269672;6.931740;5.224715;5.348792;2.389053;0.000100;0.349973;2.294195
4273.61;2277;2290;4.000000;0.548496;0.000343;6.543830;5.720920;5.604385;5.455329;5.629114;2.697442;0.000100;0.378454;1.160878
4275.41;2278;2291;4.000000;0.585211;0.000363;6.972811;5.245826;6.379876;5.344479;5.824150;2.516423;0.000100;0.372629;1.760443
4277.21;2279;2292;4.000000;0.676231;0.000329;5.113617;4.739138;5.401287;5.572896;5.894636;2.707342;0.000100;0.381235;1.546023
4279.01;2280;2293;4.000000;0.726264;0.000173;4.417743;4.369017;5.019241;5.526257;5.586715;2.793259;0.000100;0.371997;1.319889
4280.81;2281;2294;4.000000;0.822291;0.000341;3.717371;3.957335;4.781329;5.667181;5.995131;2.818078;0.000100;0.383837;1.334736
4282.61;2282;2295;4.000000;0.968156;0.000754;2.363355;3.467865;3.576120;5.843373;6.243320;3.042930;0.000100;0.409060;1.687279
4284.41;2283;2296;4.000000;0.962884;0.000789;2.515211;3.421551;3.788707;5.737810;6.196226;3.024722;0.000100;0.403237;1.936811
4286.21;2284;2297;4.000000;1.016046;0.000173;2.156237;3.423053;3.423083;6.051926;6.107569;3.106966;0.000100;0.420126;1.541034
4288.01;2285;2298;4.000000;1.023469;0.000564;2.029514;3.385587;3.249683;6.034713;5.850941;3.052628;0.000100;0.412160;0.200737
4289.81;2286;2299;3.000000;1.020388;0.000340;1.824324;3.506100;2.912225;6.230780;6.685932;3.204887;0.000100;0.434520;1.537494
4291.61;2287;2300;3.000000;0.992830;0.000532;1.832363;3.553958;2.848008;6.144170;6.408029;3.093231;0.000100;0.424592;1.702230
4293.41;2288;2301;3.000000;0.829703;0.000468;2.221430;4.302852;2.873031;6.205393;6.329973;2.973126;0.000100;0.431637;1.998856
4295.21;2289;2302;4.000000;0.836535;0.000173;2.052542;4.288682;2.685918;6.247815;6.113874;3.137902;0.000100;0.433177;0.653650
4297.01;2290;2303;4.000000;0.719520;0.000173;4.277277;6.292934;4.811565;7.881918;5.315939;1.934455;0.000100;1.030213;1.738641
4298.81;2291;2304;4.000000;0.722591;0.000173;4.239540;6.238639;4.769845;7.814480;5.226060;1.964604;0.000100;1.046832;1.761472
4300.61;2292;2305;4.000000;0.754275;0.000525;3.468706;5.903239;4.086708;7.736686;5.822083;2.088413;0.000100;0.826640;1.831175
4302.41;2293;2306;4.000000;0.938223;0.000173;3.345631;4.711914;4.908864;7.696739;5.642847;1.704752;0.000100;0.969126;2.536999
4304.21;2294;2307;4.000000;0.945161;0.000173;3.389195;4.663303;5.004617;7.663705;5.736789;1.718659;0.000100;0.972209;2.831748
4306.01;2295;2308;4.000000;0.816501;0.000173;3.278669;5.160035;4.185538;7.332530;5.814722;2.153435;0.000100;0.797678;1.093268
4307.81;2296;2309;4.000000;0.766374;0.000173;3.377757;5.391822;4.045803;7.191777;6.067389;2.358908;0.000100;0.747618;1.889010
4309.61;2297;2310;4.000000;0.720471;0.000436;3.872299;5.360158;4.355019;6.716871;5.999915;2.443249;0.000100;0.654374;1.431878
4311.41;2298;2311;4.000000;0.837856;0.000599;2.153721;4.295382;2.822827;6.267561;5.925907;3.142824;0.000100;0.439765;1.218902
4313.21;2299;2312;4.000000;0.693904;0.000173;5.039461;5.275365;5.466213;6.373098;5.977099;2.434610;0.000100;0.614311;1.842068
4315.01;2300;2313;4.000000;0.704958;0.000173;4.908339;5.175179;5.411986;6.353531;6.247088;2.442341;0.000100;0.598478;1.380006
4316.81;2301;2314;4.000000;0.656502;0.000173;5.448218;5.534031;5.592477;6.323835;6.526879;2.439677;0.000100;0.601954;2.040954
4318.61;2302;2315;4.000000;0.645211;0.000340;5.533640;5.601991;5.585459;6.294934;6.540371;2.358376;0.000100;0.633493;2.232600
4320.41;2303;2316;4.000000;0.615199;0.000173;6.590717;5.714885;6.343244;6.122856;6.224376;2.290200;0.000100;0.591018;2.262731
4322.21;2304;2317;4.000000;0.450718;0.000367;11.240461;6.929659;7.925208;5.438299;4.463580;2.076116;0.000100;0.446925;1.026847
4324.01;2305;2318;5.000000;0.459406;0.000700;10.850333;6.903728;7.797399;5.523644;5.180786;2.246496;0.000100;0.461537;2.095034
4325.81;2306;2319;5.000000;0.487591;0.000173;10.364284;6.556707;7.901706;5.566399;5.224456;2.266531;0.000100;0.455729;1.816106
4327.61;2307;2320;5.000000;0.509024;0.000173;9.746821;6.308086;7.761318;5.592203;5.393882;2.248862;0.000100;0.469981;1.254378
4329.41;2308;2321;5.000000;0.501348;0.000379;9.842533;6.390335;7.714773;5.578714;5.302142;2.216893;0.000100;0.462102;1.101854
4331.21;2309;2322;5.000000;0.505462;0.000561;10.011164;6.256920;7.900309;5.494792;5.849685;2.232845;0.000100;0.466602;2.282140
4333.01;2310;2323;5.000000;0.550372;0.000352;7.563744;5.907994;6.507148;5.657490;5.945754;2.477701;0.000100;0.468443;1.444106
4334.81;2311;2324;5.000000;0.556061;0.000386;7.491142;5.827895;6.515979;5.643794;6.216954;2.468129;0.000100;0.468994;1.324721
4336.61;2312;2325;5.000000;0.699850;0.000381;5.201427;4.703379;5.694109;5.731822;6.371539;2.701558;0.000100;0.410678;1.575967
4338.41;2313;2326;5.000000;0.650093;0.000654;5.521845;4.994860;5.615653;5.655238;5.278447;2.731433;0.000100;0.406990;1.338334
4340.21;2314;2327;5.000000;0.649135;0.000173;5.479506;5.018879;5.562704;5.670282;5.447278;2.701471;0.000100;0.400222;1.141787
4342.01;2315;2328;5.000000;0.848778;0.000568;3.565493;3.912295;4.732860;5.781419;6.018250;3.005180;0.000100;0.412661;1.399284
4343.81;2316;2329;5.000000;0.860781;0.000488;3.572318;3.852159;4.809438;5.774557;5.988898;2.986732;0.000100;0.411935;0.864703
4345.61;2317;2330;4.000000;0.875440;0.000644;3.490145;3.847111;4.779836;5.865620;6.275330;3.025594;0.000100;0.428874;1.431661
4347.41;2318;2331;4.000000;0.959523;0.000321;3.211860;3.693979;4.810244;6.165980;5.996867;2.675740;0.000100;0.441499;1.022034
4349.21;2319;2332;4.000000;0.813900;0.000249;2.337213;4.493215;2.972335;6.366766;6.555526;2.941413;0.000100;0.490789;1.630568
4351.01;2320;2333;4.000000;0.725829;0.000408;1.856327;5.078270;2.107436;6.416132;7.169758;3.146090;0.000100;0.490185;1.962152
4352.81;2321;2334;4.000000;0.742239;0.000279;1.433214;5.013928;1.664043;6.479441;7.533066;3.200288;0.000100;0.475612;1.798726
4354.61;2322;2335;4.000000;0.788022;0.000508;1.175013;4.803262;1.450036;6.591483;7.351969;3.235283;0.000100;0.465909;1.868820
4356.41;2323;2336;4.000000;0.868648;0.000452;0.999967;4.404137;1.352772;6.644265;7.472104;3.244332;0.000100;0.468061;1.967740
4358.21;2324;2337;4.000000;0.806250;0.000517;1.086496;4.745177;1.369410;6.661419;7.441263;3.233065;0.000100;0.464297;1.844791
4360.01;2325;2338;4.000000;0.863379;0.000534;1.045843;4.473659;1.420006;6.706144;7.726374;3.251377;0.000100;0.486891;1.993013
4361.81;2326;2339;4.000000;0.916606;0.000439;1.043998;4.201867;1.497246;6.707889;8.042148;3.330428;0.459072;0.483497;2.025109
4363.61;2327;2340;4.000000;0.859210;0.000507;1.154082;4.471080;1.548428;6.686995;8.017059;3.209709;0.000100;0.468219;1.695876
4365.41;2328;2341;4.000000;0.938947;0.000368;0.985355;4.108449;1.447377;6.717401;7.841084;3.187681;0.000100;0.475599;2.042252
4367.21;2329;2342;4.000000;0.913555;0.000443;0.937506;4.282551;1.338228;6.812801;7.922895;3.255067;0.000100;0.485233;1.948482
4369.01;2330;2343;4.000000;0.903160;0.000399;1.658615;4.133038;2.343334;6.499565;7.459499;3.095465;0.000100;0.478639;1.283276
4370.81;2331;2344;4.000000;0.816267;0.000556;1.378792;4.671904;1.760486;6.631212;7.537440;3.278122;0.000100;0.481723;1.789627
4372.61;2332;2345;4.000000;0.790969;0.000563;1.607547;4.718101;1.988985;6.498958;6.691522;3.288212;0.000100;0.485539;1.185716
4374.41;2333;2346;4.000000;0.757491;0.000623;1.885350;4.931013;2.234580;6.502918;6.888909;3.173813;0.000100;0.495748;1.006951
4376.21;2334;2347;4.000000;0.780421;0.000549;1.776029;4.803903;2.165971;6.524810;7.069230;3.300631;0.000100;0.484726;1.528625
4378.01;2335;2348;4.000000;0.728402;0.000472;1.776176;5.005243;2.022885;6.348615;7.202342;3.346742;0.000100;0.478077;1.665615
4379.81;2336;2349;4.000000;0.731782;0.000422;1.724081;4.994195;1.973464;6.364950;7.114704;3.327531;0.000100;0.480643;1.316297
4381.61;2337;2350;4.000000;0.784410;0.000173;1.669991;4.677158;2.049513;6.388366;7.500600;3.330299;0.000100;0.477078;1.214487
4383.41;2338;2351;4.000000;0.933853;0.000622;1.549851;3.850192;2.264119;6.261369;7.621310;3.385087;0.000100;0.463861;2.182138
4385.21;2339;2352;4.000000;0.924951;0.000388;1.545651;3.878096;2.236102;6.244466;7.235135;3.354823;0.000100;0.463990;0.746889
4387.01;2340;2353;4.000000;0.791350;0.000580;3.850388;4.293601;4.598018;5.800494;6.447546;2.911394;0.000100;0.397207;1.575400
4388.81;2341;2354;5.000000;0.777403;0.000420;3.926983;4.317020;4.592347;5.737276;6.539966;2.916234;0.000100;0.398349;1.749892
4390.61;2342;2355;5.000000;0.634431;0.000546;6.145207;4.946883;6.085338;5.455999;6.748503;2.808126;0.894004;0.385930;2.101748
4392.41;2343;2356;5.000000;0.651876;0.000502;6.003387;4.807151;6.121880;5.457572;7.084498;2.792872;0.000100;0.391797;2.192355
4394.21;2344;2357;5.000000;0.916686;0.000660;2.800758;3.626795;4.014934;5.788616;7.095290;3.134651;0.000100;0.423483;1.742264
4396.01;2345;2358;5.000000;0.701791;0.000173;4.350331;4.751581;4.772228;5.802619;6.742381;2.822390;0.000100;0.392681;2.292690
4397.81;2346;2359;5.000000;0.606702;0.000173;5.729558;5.566371;5.438686;5.881053;5.910853;2.710398;0.000100;0.385112;1.264889
4399.61;2347;2360;6.000000;0.553708;0.000374;6.772974;5.932444;5.863652;5.719263;6.036533;2.602428;0.000100;0.371764;1.646306
4401.41;2348;2361;6.000000;0.614134;0.000173;6.791138;5.214686;6.518930;5.572986;6.138409;2.533838;0.000100;0.362183;1.770466
4403.21;2349;2362;5.000000;0.566910;0.000321;7.218276;5.692664;6.399044;5.618135;6.551801;2.547467;0.000100;0.374189;2.058377
4405.01;2350;2363;5.000000;0.557021;0.000421;7.219003;5.781111;6.289206;5.605278;6.517591;2.544740;0.000100;0.368565;1.762653
4406.81;2351;2364;5.000000;0.504210;0.000358;7.683158;6.422890;6.059676;5.639974;6.704532;2.614502;0.000100;0.382009;2.449348
4408.61;2352;2365;6.000000;0.493585;0.000173;7.826983;6.652179;6.043268;5.718309;6.608980;2.597219;0.000100;0.377444;1.764898
4410.41;2353;2366;6.000000;0.499418;0.000432;7.774559;6.565840;6.063500;5.703122;6.584826;2.614887;0.000100;0.378535;1.987561
4412.21;2354;2367;6.000000;0.468541;0.000173;7.803907;7.073669;5.718707;5.771035;6.473690;2.576293;0.000100;0.374644;1.877025
4414.01;2355;2368;6.000000;0.476750;0.000341;7.691697;6.973593;5.736351;5.789334;6.439331;2.595199;0.000100;0.372152;1.582536
4415.81;2356;2369;6.000000;0.559053;0.000358;6.611687;6.054496;5.782432;5.894783;6.479781;2.463905;0.000100;0.361047;1.828025
4417.61;2357;2370;6.000000;0.554961;0.000402;6.676553;6.046354;5.795981;5.843612;6.243492;2.390453;0.000100;0.350437;2.259218
4419.41;2358;2371;6.000000;0.571840;0.000327;7.396452;5.716369;6.615750;5.692677;6.597857;2.496272;0.000100;0.366444;2.624309
4421.21;2359;2372;6.000000;0.547705;0.000301;7.844271;5.903957;6.713867;5.627965;6.361328;2.476823;0.000100;0.363855;1.747582
4423.01;2360;2373;6.000000;0.450926;0.000173;13.904346;5.870165;9.805039;4.608435;4.995273;2.157478;0.000100;0.315156;2.058338
4424.81;2361;2374;6.000000;0.434218;0.000406;16.115319;5.752029;10.947100;4.349733;5.351200;2.088444;0.000100;0.302487;1.686741
4426.61;2362;2375;6.000000;0.408763;0.000388;17.622766;5.995975;11.258657;4.267633;4.980797;1.964675;0.000100;0.288081;1.013174
4428.41;2363;2376;6.000000;0.444862;0.000368;17.021976;5.513695;11.835138;4.269706;5.159702;1.938847;0.000100;0.290669;1.660738
4430.21;2364;2377;6.000000;0.435807;0.000440;17.072191;5.689228;11.626186;4.315036;5.134884;1.914769;0.000100;0.298827;1.689312
4432.01;2365;2378;6.000000;0.417905;0.000431;18.152335;5.836280;11.865199;4.247622;5.263225;1.877848;0.000100;0.299518;2.450948
4433.81;2366;2379;6.000000;0.450139;0.000419;17.079964;5.348121;12.026113;4.192185;5.273215;1.860711;0.000100;0.301473;0.888014
4435.61;2367;2380;6.000000;0.437999;0.000553;17.119484;5.503595;11.728034;4.197800;5.498344;1.910202;0.000100;0.302617;2.155457
4437.41;2368;2381;6.000000;0.448772;0.000407;16.064024;5.526884;11.272827;4.318521;5.612640;2.024700;0.000100;0.312530;1.613041
4439.21;2369;2382;6.000000;0.471567;0.000384;14.348867;5.395754;10.545567;4.410896;5.668097;2.043454;0.000100;0.312418;1.425994
4441.01;2370;2383;6.000000;0.458969;0.000373;15.110972;5.436287;10.851032;4.345305;5.855465;2.131611;0.000100;0.320060;1.698699
4442.81;2371;2384;6.000000;0.590428;0.000780;12.819082;4.055683;11.835879;4.167022;5.937720;2.002072;1.269007;0.325152;2.765401
4444.61;2372;2385;6.000000;0.424161;0.000535;17.721793;5.763389;11.759796;4.257188;5.515935;2.071151;0.000100;0.307924;0.862198
4446.41;2373;2386;6.000000;0.441249;0.000431;17.470439;5.521889;12.043437;4.240525;4.691493;1.910544;0.000100;0.279521;1.136753
4448.21;2374;2387;6.000000;0.433827;0.000367;18.063032;5.536140;12.253810;4.181311;4.780366;1.844842;0.000100;0.281273;0.606177
4450.01;2375;2388;6.000000;0.430979;0.000370;18.636717;5.543289;12.535393;4.152254;5.146260;1.856951;0.000100;0.283871;2.521082
4451.81;2376;2389;6.000000;0.429179;0.000383;18.519727;5.556687;12.430353;4.151536;5.250887;1.843774;0.000100;0.286804;1.645295
4453.61;2377;2390;6.000000;0.437665;0.000336;18.738006;5.286490;12.826926;4.029132;5.273659;1.827537;0.000100;0.288201;2.103476
4455.41;2378;2391;6.000000;0.449838;0.000362;17.897839;5.335825;12.595069;4.180314;5.266630;1.873626;0.618745;0.296331;1.816915
4457.21;2379;2392;6.000000;0.449417;0.000173;17.327051;5.389504;12.165004;4.210147;5.333853;1.863565;0.612845;0.287288;1.985919
4459.01;2380;2393;6.000000;0.424545;0.000374;18.286262;5.837017;12.138177;4.313370;5.399427;1.925983;0.792589;0.299804;1.970099
4460.81;2381;2394;6.000000;0.432924;0.000173;17.128998;5.838771;11.601150;4.402361;5.510861;1.977044;0.766558;0.306553;2.113918
4462.61;2382;2395;6.000000;0.437862;0.000389;15.693688;6.017979;10.743938;4.587815;5.642121;2.020843;0.591373;0.311261;2.065987
4464.41;2383;2396;6.000000;0.404235;0.000173;15.678252;6.704234;9.914209;4.719751;4.320099;1.969915;0.000100;0.303241;1.695181
4466.21;2384;2397;6.000000;0.436433;0.000173;15.108392;6.114033;10.314844;4.647223;5.389416;2.029251;0.540992;0.318473;2.329546
4468.01;2385;2398;6.000000;0.452908;0.000173;13.842871;6.124887;9.800847;4.824199;5.383697;2.021979;0.000100;0.315669;2.412589
4469.81;2386;2399;6.000000;0.499803;0.000173;12.263257;5.685023;9.588438;4.948618;5.866308;2.133207;0.000100;0.322349;2.061371
4471.61;2387;2400;6.000000;0.495677;0.000354;12.644696;5.671508;9.804722;4.894889;4.482688;2.053235;0.000100;0.318483;0.846080
4473.41;2388;2401;6.000000;0.472407;0.000602;13.140427;5.868084;9.711114;4.827982;4.661232;2.018289;0.000100;0.323285;2.030548
4475.21;2389;2402;6.000000;0.475139;0.000173;12.948864;5.811983;9.619123;4.806095;5.274225;2.043102;0.000100;0.329049;1.975574
4477.01;2390;2403;6.000000;0.486841;0.000173;13.224190;5.428550;10.064959;4.600169;5.340365;1.972592;0.000100;0.316922;1.608649
4478.81;2391;2404;6.000000;0.497131;0.000319;14.034293;5.250690;10.903698;4.543195;5.311597;1.883097;0.707441;0.315513;2.343365
4480.61;2392;2405;6.000000;0.501090;0.000173;14.229496;5.155433;11.151963;4.498776;5.285164;1.878118;0.871013;0.322605;1.774324
4482.41;2393;2406;6.000000;0.511811;0.000553;13.662951;5.158033;10.936734;4.596754;5.786802;1.878590;3.505936;0.316023;2.824963
4484.21;2394;2407;6.000000;0.503758;0.000173;12.955108;5.459766;10.205387;4.787385;5.429928;1.890066;1.587706;0.325661;2.226979
4486.01;2395;2408;6.000000;0.487150;0.000173;13.144139;5.873385;10.015937;4.983118;5.300629;2.009370;0.000100;0.352902;2.379830
4487.81;2396;2409;6.000000;0.479370;0.000173;13.164838;5.996856;9.861610;5.002377;5.205589;1.987658;0.000100;0.357200;2.138261
4489.61;2397;2410;6.000000;0.474368;0.000619;12.428972;6.147289;9.223339;5.078774;5.499616;2.049482;0.000100;0.340602;2.275376
4491.41;2398;2411;6.000000;0.473747;0.000315;12.316623;6.096890;9.127609;5.030212;5.288864;2.038982;0.000100;0.336804;1.682085
4493.21;2399;2412;6.000000;0.474001;0.000173;12.403367;6.086164;9.188904;5.019965;5.375349;2.038538;0.000100;0.333643;3.030857
4495.01;2400;2413;6.000000;0.486999;0.000173;11.866604;6.022309;9.039792;5.107874;5.275899;2.007115;0.000100;0.367935;1.817520
4496.81;2401;2414;6.000000;0.436789;0.000173;13.554306;6.316586;9.259060;4.804550;4.873086;1.925122;0.000100;0.326541;2.522032
4498.61;2402;2415;6.000000;0.458948;0.000173;13.287656;5.953102;9.518284;4.748939;4.897688;1.911100;0.000100;0.317276;1.613639
4500.41;2403;2416;6.000000;0.445442;0.000639;13.584246;6.108043;9.463934;4.738064;5.206162;1.917217;0.000100;0.326450;2.048487
4502.21;2404;2417;6.000000;0.432454;0.000173;13.688845;6.356453;9.259336;4.787483;5.215581;1.967111;0.000100;0.324528;2.406563
4504.01;2405;2418;6.000000;0.438374;0.000173;13.619987;6.340970;9.340249;4.841189;4.578535;1.992502;0.000100;0.331245;1.774405
4505.81;2406;2419;6.000000;0.447099;0.000449;13.177999;6.192943;9.210881;4.820206;4.658537;2.055042;0.000100;0.333177;2.119900
4507.61;2407;2420;6.000000;0.450656;0.000173;13.245589;6.123887;9.322923;4.797268;4.848443;2.018940;0.000100;0.331063;1.569162
4509.41;2408;2421;6.000000;0.415864;0.000307;14.291267;6.683251;9.294062;4.837439;4.907267;2.045462;0.000100;0.338145;1.031751
4511.21;2409;2422;6.000000;0.406967;0.000311;14.362825;6.855272;9.143015;4.857658;5.219497;2.109951;0.000100;0.345086;2.614868
4513.01;2410;2423;6.000000;0.431990;0.000173;13.545347;6.701621;9.153775;5.041858;4.907146;1.952230;0.000100;0.393219;1.644268
4514.81;2411;2424;6.000000;0.408905;0.000572;14.560264;6.746750;9.313832;4.804685;5.016537;2.040602;0.000100;0.337040;1.672016
4516.61;2412;2425;6.000000;0.410229;0.000319;14.067924;6.966510;9.022479;4.972492;5.164524;1.957759;0.000100;0.379790;1.814191
4518.41;2413;2426;6.000000;0.428839;0.000173;12.662442;6.594558;8.489956;4.922698;5.260207;2.104802;0.000100;0.350782;1.949354
4520.21;2414;2427;6.000000;0.399866;0.000173;13.162585;7.028761;8.220736;4.886435;5.059397;2.072700;0.000100;0.344447;1.580767
4522.01;2415;2428;6.000000;0.407489;0.000173;11.701044;7.085342;7.460235;5.028008;4.723020;2.140528;0.000100;0.343712;1.602386
4523.81;2416;2429;6.000000;0.445711;0.000427;10.022831;6.648134;6.988335;5.160670;5.178471;2.248638;0.000100;0.360477;1.904254
4525.61;2417;2430;6.000000;0.444230;0.000299;9.468026;6.790038;6.577228;5.252608;5.766862;2.346646;0.000100;0.363203;1.969193
4527.41;2418;2431;6.000000;0.447764;0.000173;8.744430;6.859991;6.121560;5.344683;5.779014;2.423169;0.902189;0.367291;2.102759
4529.21;2419;2432;6.000000;0.436013;0.000345;8.517067;7.078049;5.810108;5.374414;5.739136;2.437412;0.000100;0.359532;1.672643
4531.01;2420;2433;6.000000;0.424501;0.000374;7.766173;7.451999;5.153990;5.509148;5.997283;2.490812;0.376153;0.379478;2.105217
4532.81;2421;2434;6.000000;0.445373;0.000173;7.038243;7.207180;4.903555;5.588784;6.224708;2.471761;1.018546;0.377006;1.995301
4534.61;2422;2435;6.000000;0.425025;0.000320;6.506854;7.610323;4.325258;5.631537;5.894505;2.528476;0.000100;0.380160;2.183593
4536.41;2423;2436;6.000000;0.452512;0.000460;5.329279;7.450829;3.771164;5.870845;5.733518;2.677722;0.000100;0.398573;1.754513
4538.21;2424;2437;6.000000;0.452726;0.000325;5.319590;7.473385;3.767493;5.892560;5.974859;2.644156;0.000100;0.399343;2.173061
4540.01;2425;2438;5.000000;0.447625;0.000491;5.524796;7.445604;3.868929;5.804191;5.913702;2.667543;0.000100;0.400959;1.517271
4541.81;2426;2439;5.000000;0.522885;0.000295;4.993536;6.681626;4.084370;6.084216;5.893591;2.573647;0.000100;0.390132;2.037038
4543.61;2427;2440;5.000000;0.512313;0.000343;5.125223;6.795174;4.107563;6.062134;5.885011;2.566130;0.000100;0.386342;1.819937
4545.41;2428;2441;5.000000;0.495561;0.000367;5.349378;7.019773;4.145774;6.057317;5.815189;2.551836;0.000100;0.390540;1.381241
4547.21;2429;2442;5.000000;0.519527;0.000386;4.431044;6.652223;3.601325;6.019024;6.013958;2.697614;0.000100;0.397425;2.180149
4549.01;2430;2443;5.000000;0.492347;0.000173;4.624324;7.044741;3.559930;6.038821;6.133245;2.639775;0.000100;0.397421;2.255951
4550.81;2431;2444;5.000000;0.496098;0.000173;4.386299;6.975882;3.403792;6.026984;6.109116;2.667978;0.000100;0.397203;2.011277
4552.61;2432;2445;5.000000;0.547090;0.000356;4.759700;6.227683;4.072340;5.930164;6.021580;2.586595;0.000100;0.391942;2.525455
4554.41;2433;2446;5.000000;0.539650;0.000173;4.960903;6.275530;4.188107;5.898039;6.197761;2.592906;0.000100;0.387099;2.193529
4556.21;2434;2447;5.000000;0.540461;0.000340;6.164050;5.903372;5.207504;5.554767;6.005279;2.505606;0.000100;0.380557;1.879030
4558.01;2435;2448;5.000000;0.518479;0.000652;6.259000;6.182710;5.071480;5.578733;6.100901;2.554124;0.000100;0.381004;1.710257
4559.81;2436;2449;5.000000;0.533169;0.000389;6.149619;6.000615;5.108155;5.555199;6.044718;2.526897;0.788614;0.376588;2.390384
4561.61;2437;2450;5.000000;0.514169;0.000317;6.478333;6.189948;5.210712;5.542715;6.040073;2.495343;0.000100;0.375583;2.002679
4563.41;2438;2451;5.000000;0.538489;0.000173;6.618897;5.770047;5.573729;5.410417;5.433156;2.313717;0.000100;0.354476;2.573933
4565.21;2439;2452;5.000000;0.525868;0.000319;6.664725;5.973573;5.482696;5.470499;5.527787;2.250196;0.000100;0.368235;1.626964
4567.01;2440;2453;5.000000;0.550173;0.000480;6.264086;5.771016;5.373922;5.510349;5.815248;2.254479;0.833433;0.367721;2.554323
4568.81;2441;2454;5.000000;0.571769;0.000173;5.304913;5.724111;4.733656;5.690439;5.818130;2.301847;0.000100;0.383510;2.045107
4570.61;2442;2455;5.000000;0.565665;0.000324;5.305942;5.907334;4.674607;5.794997;5.785004;2.325368;0.000100;0.396964;2.129399
4572.41;2443;2456;6.000000;0.520329;0.000554;5.344042;6.411346;4.341874;5.791367;5.189084;2.252303;0.000100;0.374524;2.060844
4574.21;2444;2457;6.000000;0.560498;0.000340;4.740168;5.971688;4.153784;5.825327;5.569020;2.291475;0.000100;0.375387;1.838204
4576.01;2445;2458;6.000000;0.565434;0.000312;4.811634;5.937828;4.256130;5.847399;5.756400;2.321055;0.000100;0.378890;1.695787
4577.81;2446;2459;6.000000;0.542698;0.000173;4.988121;6.203031;4.234835;5.862852;5.964634;2.378605;0.000100;0.382867;1.902516
4579.61;2447;2460;6.000000;0.599475;0.000295;4.503600;5.653025;4.218705;5.897421;6.116084;2.364384;0.545827;0.380060;2.283048
4581.41;2448;2461;5.000000;0.527213;0.000308;4.881111;6.548245;4.019922;6.007070;5.529865;2.261118;0.000100;0.353919;1.933226
4583.21;2449;2462;5.000000;0.596815;0.000173;4.328850;6.019962;4.039491;6.252922;5.452843;2.210461;0.000100;0.359720;2.166356
4585.01;2450;2463;5.000000;0.599328;0.000335;4.366985;6.018256;4.089024;6.276729;5.883456;2.279988;0.000100;0.368638;2.495235
4586.81;2451;2464;5.000000;0.604551;0.000374;4.393559;5.930789;4.152788;6.239031;5.725237;2.231317;0.000100;0.362689;2.267421
4588.61;2452;2465;5.000000;0.607345;0.000413;4.338566;5.953777;4.120847;6.294901;5.906747;2.243481;0.000100;0.364373;2.399548
4590.41;2453;2466;5.000000;0.640792;0.000515;4.202789;5.576983;4.212776;6.223712;5.770372;2.214671;0.000100;0.348412;2.555495
4592.21;2454;2467;5.000000;0.647689;0.000329;4.215055;5.572537;4.269188;6.283319;5.585906;2.157360;0.000100;0.345751;2.454655
4594.01;2455;2468;5.000000;0.670962;0.000305;4.076255;5.252449;4.278299;6.137152;5.632752;2.209466;0.000100;0.348010;2.213018
4595.81;2456;2469;5.000000;0.700005;0.000292;3.825619;5.030952;4.189248;6.133440;5.683350;2.184693;0.000100;0.340093;2.082219
4597.61;2457;2470;5.000000;0.653492;0.000340;4.310219;5.427637;4.406056;6.176104;6.075818;2.272144;0.830298;0.354697;2.370351
4599.41;2458;2471;5.000000;0.682016;0.000173;3.744324;4.969616;3.994973;5.901692;5.581360;2.308090;0.000100;0.340681;2.441967
4601.21;2459;2472;5.000000;0.710234;0.000173;3.611809;4.812495;4.011447;5.951300;5.561202;2.368006;0.000100;0.357044;1.783734
4603.01;2460;2473;5.000000;0.651658;0.000173;3.802986;5.118918;3.876658;5.809797;5.871535;2.429962;0.000100;0.354535;2.473233
4604.81;2461;2474;5.000000;0.667809;0.000173;3.572840;4.953131;3.732808;5.760495;5.810385;2.423019;0.000100;0.352231;1.942971
4606.61;2462;2475;5.000000;0.673541;0.000173;3.196426;4.801322;3.367790;5.631944;5.625901;2.481013;0.000100;0.342427;1.701042
4608.41;2463;2476;5.000000;0.620048;0.000173;3.330531;4.984504;3.230417;5.382519;5.776384;2.740280;0.000100;0.326016;1.823685
4610.21;2464;2477;5.000000;0.643428;0.000173;3.308736;4.825143;3.329151;5.403275;5.922189;2.724726;0.000100;0.328944;1.921264
4612.01;2465;2478;5.000000;0.439844;0.000383;;;3.816843;5.170748;4.161079;2.611516;0.344585;0.311866;1.439902
4613.81;2466;2479;5.000000;0.634717;0.000294;3.877571;4.694952;3.850493;5.189400;5.742235;2.643781;0.630888;0.314013;2.213280
4615.61;2467;2480;5.000000;0.601311;0.000465;4.348592;4.852222;4.090615;5.081417;5.539190;2.574983;0.600322;0.314984;1.987351
4617.41;2468;2481;5.000000;0.595310;0.000294;5.068717;4.868598;4.719598;5.047372;5.468383;2.496997;0.520327;0.316269;1.919042
4619.21;2469;2482;5.000000;0.615546;0.000173;4.820900;4.749019;4.642364;5.091216;5.756517;2.566869;1.727220;0.322036;1.392429
4621.01;2470;2483;5.000000;0.598883;0.000458;5.478982;4.903183;5.131713;5.113524;5.492727;2.378204;0.517543;0.323202;1.717960
4622.81;2471;2484;5.000000;0.629945;0.000334;5.424112;4.644117;5.345221;5.095229;5.933682;2.395708;2.239655;0.329324;2.064179
4624.61;2472;2485;5.000000;0.600235;0.000173;6.019552;5.357846;5.652359;5.600826;5.506577;2.309086;0.000100;0.362838;2.781638
4626.41;2473;2486;5.000000;0.710265;0.000173;5.548967;5.001135;6.156028;6.174587;5.414269;2.215695;0.000100;0.553622;2.627972
4628.21;2474;2487;5.000000;0.720367;0.000313;5.538472;4.882291;6.235990;6.121003;5.506798;2.184706;0.000100;0.567540;1.403684
4630.01;2475;2488;5.000000;0.560964;0.000494;6.372254;5.857794;5.589138;5.717878;5.657341;2.389475;0.000100;0.377075;2.289273
4631.81;2476;2489;6.000000;0.593703;0.000173;7.506949;7.722634;6.969944;7.981667;5.258524;1.469659;0.000100;1.084993;3.201701
4633.61;2477;2490;5.000000;0.565644;0.000173;7.239483;5.813378;6.372201;5.697121;5.139372;2.002667;0.000100;0.428574;2.031248
4635.41;2478;2491;5.000000;0.576080;0.000173;7.457242;5.615109;6.718514;5.633215;5.674914;2.017420;0.000100;0.451368;2.389343
4637.21;2479;2492;5.000000;0.528589;0.000419;8.068917;6.024275;6.672287;5.545970;5.723058;2.080364;0.000100;0.404803;1.931296
4639.01;2480;2493;5.000000;0.521645;0.000480;7.720242;5.981783;6.298345;5.432833;5.742251;2.365032;0.000100;0.380567;1.806320
4640.81;2481;2494;5.000000;0.531809;0.000528;7.495161;5.952161;6.235103;5.511080;5.862026;2.345689;0.000100;0.389392;2.398134
4642.61;2482;2495;5.000000;0.536158;0.000334;7.431262;5.896199;6.232109;5.505572;5.557220;2.299589;0.000100;0.378750;1.955534
4644.41;2483;2496;6.000000;0.471232;0.000492;6.930832;6.767187;5.109403;5.551633;5.369261;2.319268;0.000100;0.374169;1.628544
4646.21;2484;2497;6.000000;0.499284;0.000603;6.044555;6.440223;4.711767;5.592856;5.403271;2.393094;0.000100;0.371535;1.882567
4648.01;2485;2498;5.000000;0.507543;0.000173;5.788014;6.388700;4.595852;5.647206;5.095591;2.509074;0.000100;0.367695;2.070601
4649.81;2486;2499;;;;;;;;;;;;
4651.61;2487;2500;5.000000;0.564087;0.000565;5.816547;5.607162;5.132608;5.508045;5.866475;2.441333;0.000100;0.384138;2.063176
4653.41;2488;2501;5.000000;0.544732;0.000173;6.136964;5.856138;5.226944;5.552277;5.934205;2.447460;0.000100;0.375691;2.195713
4655.21;2489;2502;5.000000;0.549525;0.000344;6.817255;5.732826;5.860497;5.486466;5.399849;2.287249;0.000100;0.361134;1.757630
4657.01;2490;2503;5.000000;0.559433;0.000548;6.831555;5.480769;5.978967;5.339918;5.476208;2.245096;0.000100;0.363135;2.039269
4658.81;2491;2504;5.000000;0.545777;0.000446;6.887290;5.662676;5.848686;5.349985;5.328217;2.232670;0.000100;0.351455;1.750098
4660.61;2492;2505;5.000000;0.560440;0.000394;7.084658;5.494566;6.207935;5.357054;5.078232;2.072001;0.000100;0.342799;2.286005
4662.41;2493;2506;5.000000;0.545563;0.000173;7.800641;5.551096;6.655215;5.271448;5.340788;2.072764;0.000100;0.360634;1.276734
4664.21;2494;2507;5.000000;0.547644;0.000337;8.015959;5.656591;6.866721;5.395065;5.106725;2.108818;0.000100;0.358586;1.700090
4666.01;2495;2508;5.000000;0.555319;0.000173;7.915373;5.584496;6.872850;5.397371;5.367090;2.098749;0.000100;0.360389;2.343619
4667.81;2496;2509;5.000000;0.608674;0.000550;4.842103;5.492516;4.610211;5.821900;5.520592;2.268245;0.000100;0.380027;2.829447
4669.61;2497;2510;5.000000;0.555350;0.000537;5.379288;5.959197;4.673572;5.763464;5.304247;2.262104;0.000100;0.378502;1.427640
4671.41;2498;2511;5.000000;0.545218;0.000173;5.177289;6.237419;4.415885;5.922779;5.653126;2.294518;0.000100;0.391555;2.425136
4673.21;2499;2512;5.000000;0.559946;0.000311;5.131408;6.034071;4.494379;5.882486;5.717368;2.283766;0.000100;0.387389;2.112815
4675.01;2500;2513;5.000000;0.585573;0.000344;4.911411;5.839460;4.499397;5.954072;5.988747;2.301226;0.000100;0.386482;1.956355
4676.81;2501;2514;5.000000;0.524315;0.000329;6.242860;6.470055;5.120689;5.908166;5.213659;2.172049;0.000100;0.369252;2.102487
4678.61;2502;2515;5.000000;0.536765;0.000362;6.254180;6.294001;5.250886;5.883760;5.198281;2.139992;0.000100;0.357477;2.212669
4680.41;2503;2516;5.000000;0.589755;0.000401;5.584805;5.921302;5.130972;6.055687;5.398993;2.106610;0.000100;0.365701;2.419374
4682.21;2504;2517;5.000000;0.590916;0.000173;4.924353;5.985265;4.551736;6.159440;5.490615;2.187122;0.000100;0.362543;1.966573
4684.01;2505;2518;5.000000;0.577699;0.000173;4.710661;6.204495;4.257228;6.242650;5.807045;2.260936;0.000100;0.360115;2.928939
4685.81;2506;2519;5.000000;0.609966;0.000173;4.409727;5.828085;4.207190;6.190965;5.471831;2.189976;0.000100;0.354240;1.766211
4687.61;2507;2520;5.000000;0.600796;0.000350;4.452239;5.962603;4.159993;6.217850;5.474026;2.137963;0.000100;0.348986;2.063033
4689.41;2508;2521;5.000000;0.612759;0.000432;3.881156;5.889558;3.720437;6.285289;5.363122;2.160801;0.000100;0.353116;2.629110
4691.21;2509;2522;5.000000;0.648369;0.000311;3.623094;5.566101;3.672692;6.270553;5.609590;2.194937;0.000100;0.352056;2.458622
4693.01;2510;2523;5.000000;0.629083;0.000366;3.973565;5.666236;3.910122;6.206127;5.820101;2.251114;0.000100;0.356808;1.932490
4694.81;2511;2524;5.000000;0.634170;0.000173;4.917132;5.321540;4.872320;5.870923;5.013638;2.222976;0.000100;0.349984;1.430894
4696.61;2512;2525;5.000000;0.637368;0.000173;4.023222;5.370665;4.010592;5.961050;5.014772;2.274173;0.000100;0.346619;2.026308
4698.41;2513;2526;5.000000;0.668294;0.000173;3.553499;5.089928;3.714768;5.923037;4.907607;2.210252;0.000100;0.340993;1.436575
4700.21;2514;2527;5.000000;0.683867;0.000342;3.375635;4.996892;3.608351;5.947754;5.205816;2.315490;0.000100;0.351571;1.612840
4702.01;2515;2528;5.000000;0.681400;0.000311;3.309559;4.853818;3.527822;5.758209;5.222558;2.324785;0.000100;0.343786;2.185428
4703.81;2516;2529;5.000000;0.657518;0.000311;3.471660;5.054145;3.570177;5.787228;5.413251;2.332672;0.000100;0.347182;1.812807
4705.61;2517;2530;5.000000;0.628225;0.000432;3.276523;5.216000;3.220116;5.706969;5.073383;2.371088;0.000100;0.337577;2.432849
4707.41;2518;2531;5.000000;0.680995;0.000173;3.238412;4.869751;3.450060;5.775624;5.702419;2.388145;0.000100;0.350263;2.890546
4709.21;2519;2532;5.000000;0.673981;0.000649;3.138017;4.852294;3.305550;5.687023;5.345833;2.377119;0.000100;0.354976;1.728628
4711.01;2520;2533;5.000000;0.664122;0.000504;3.105236;4.937123;3.225939;5.709635;5.726755;2.440659;0.000100;0.356247;1.951760
4712.81;2521;2534;5.000000;0.659858;0.000337;4.281399;4.703073;4.419446;5.404874;4.983066;2.254159;0.000100;0.354314;2.337021
4714.61;2522;2535;5.000000;0.694402;0.000301;4.213928;4.472434;4.575170;5.405828;5.166947;2.216874;0.000100;0.349368;1.936436
4716.41;2523;2536;5.000000;0.691903;0.000173;3.135644;4.772260;3.393549;5.750487;5.476004;2.471796;0.000100;0.353181;1.927597
4718.21;2524;2537;5.000000;0.701099;0.000447;3.120395;4.681331;3.421842;5.714862;5.660037;2.474878;0.000100;0.358478;1.828112
4720.01;2525;2538;5.000000;0.697416;0.000173;4.136615;4.463916;4.512572;5.418597;5.675555;2.266678;0.000100;0.345938;2.137485
4721.81;2526;2539;5.000000;0.705085;0.000173;3.059872;4.649052;3.371916;5.706738;5.659767;2.455449;0.000100;0.357224;2.694326
4723.61;2527;2540;5.000000;0.685469;0.000173;3.283080;4.712111;3.517640;5.623153;5.891990;2.483989;0.794518;0.354964;2.600155
4725.41;2528;2541;5.000000;0.719698;0.000459;3.148730;4.465826;3.539781;5.588596;5.739694;2.458577;1.651052;0.359930;2.242937
4727.21;2529;2542;5.000000;0.641631;0.000371;3.421770;4.976759;3.434455;5.559910;5.044653;2.433222;0.000100;0.334958;1.956716
4729.01;2530;2543;5.000000;0.583172;0.000352;4.638967;5.279730;4.231581;5.360964;5.333395;2.371486;0.000100;0.331968;1.333166
4730.81;2531;2544;5.000000;0.506202;0.000173;5.455400;5.906674;4.319205;5.206006;4.275298;2.211613;0.000100;0.317292;1.088516
4732.61;2532;2545;5.000000;0.563442;0.000173;4.849071;5.435272;4.273695;5.332830;4.684053;2.340502;0.000100;0.323914;1.735215
4734.41;2533;2546;5.000000;0.563270;0.000415;4.962695;5.419795;4.363240;5.312342;5.175074;2.390728;0.000100;0.331808;1.641680
4736.21;2534;2547;5.000000;0.539933;0.000427;4.984348;5.606630;4.209985;5.272182;5.179033;2.356454;0.000100;0.325739;2.366494
4738.01;2535;2548;5.000000;0.537638;0.000513;5.057885;5.595888;4.254045;5.239766;5.570407;2.430526;0.000100;0.317709;1.983527
4739.81;2536;2549;5.000000;0.674644;0.000173;3.336834;4.726112;3.521743;5.552698;5.673463;2.475087;0.000100;0.355056;1.834158
4741.61;2537;2550;5.000000;0.561937;0.000173;4.856827;5.301943;4.268874;5.188185;5.494288;2.466804;1.099007;0.323915;1.859553
4743.41;2538;2551;5.000000;0.530568;0.000353;5.173298;5.579214;4.293867;5.155148;5.472166;2.452575;0.000100;0.331022;1.649110
4745.21;2539;2552;5.000000;0.701773;0.000173;6.715633;4.021340;7.372422;4.914407;5.450519;2.221576;2.554311;0.312467;1.322894
4747.01;2540;2553;5.000000;0.690535;0.000173;6.817270;4.084119;7.363384;4.911123;5.429144;2.253692;2.787636;0.316870;1.901897
4748.81;2541;2554;5.000000;0.618946;0.000299;6.145951;4.634532;5.951084;4.995795;4.696574;2.241182;0.000100;0.315762;1.834297
4750.61;2542;2555;5.000000;0.505593;0.000173;4.985064;5.883439;3.942364;5.180457;5.417428;2.507627;0.000100;0.332713;1.915332
4752.41;2543;2556;5.000000;0.515060;0.000545;4.859719;5.797858;3.914487;5.199896;5.511829;2.530959;0.000100;0.337381;1.390989
4754.21;2544;2557;5.000000;0.659076;0.000327;5.917273;4.368586;6.099595;5.006253;5.105235;2.232393;1.274669;0.313318;2.057333
4756.01;2545;2558;5.000000;0.522881;0.000319;4.451642;5.534525;3.640974;5.039559;5.648420;2.565460;1.972020;0.321606;2.008860
4757.81;2546;2559;5.000000;0.535172;0.000472;4.362132;5.434883;3.651505;5.064772;5.770056;2.548755;2.261878;0.314517;2.218333
4759.61;2547;2560;5.000000;0.551920;0.000583;3.634816;4.987721;3.135388;4.787293;5.848146;2.517259;3.455824;0.287491;1.716283
4761.41;2548;2561;5.000000;0.568017;0.000385;3.536964;4.849247;3.142016;4.796039;5.735621;2.499473;2.747373;0.289568;2.166926
4763.21;2549;2562;5.000000;0.513802;0.000392;3.908022;5.348465;3.139656;4.785013;5.720625;2.807650;2.775542;0.288270;2.034761
4765.01;2550;2563;5.000000;0.513388;0.000173;3.834397;5.333272;3.079427;4.768617;5.707722;2.806985;2.160230;0.286722;1.880426
4766.81;2551;2564;6.000000;0.585461;0.000661;3.300040;4.877589;3.019669;4.967585;5.233602;2.776635;0.000100;0.324106;1.814771
4768.61;2552;2565;6.000000;0.653514;0.000465;3.271933;4.207898;3.344930;4.789200;5.464998;2.794882;0.000100;0.319549;1.830528
4770.41;2553;2566;6.000000;0.727144;0.000462;3.425455;3.693879;3.896431;4.677916;5.705149;2.859040;1.778105;0.325374;1.516937
4772.21;2554;2567;6.000000;0.852938;0.000726;3.184578;3.060323;4.247042;4.545280;5.958912;2.996916;3.202556;0.343525;2.011641
4774.01;2555;2568;6.000000;0.929922;0.000771;3.016028;2.549616;4.387435;4.128589;6.087645;3.079047;4.113842;0.322742;1.749892
4775.81;2556;2569;6.000000;0.941912;0.000640;3.168332;2.424678;4.668480;3.977492;5.923913;2.997915;4.841250;0.306302;1.497002
4777.61;2557;2570;5.000000;1.008554;0.000792;2.897895;2.286764;4.566799;4.006853;6.322736;2.750129;6.078772;0.294286;1.779833
4779.41;2558;2571;5.000000;1.064906;0.000709;2.451292;2.268590;4.080182;4.205247;5.694588;2.589021;4.053323;0.290263;1.775851
4781.21;2559;2572;4.000000;1.186611;0.000782;1.661127;2.100491;3.082020;4.339028;5.822276;2.796701;3.618849;0.287491;1.786582
4783.01;2560;2573;4.000000;1.226719;0.000754;1.232859;2.019784;2.365998;4.315482;5.577794;2.894580;2.784659;0.292827;1.416729
4784.81;2561;2574;4.000000;1.168980;0.000406;1.291808;2.131038;2.362225;4.338320;4.963073;2.852861;0.000100;0.288707;1.279441
4786.61;2562;2575;4.000000;1.213738;0.000652;1.449355;1.978410;2.748271;4.178283;5.413592;3.091596;2.048120;0.282958;1.089697
4788.41;2563;2576;4.000000;1.212991;0.000635;1.443651;1.969753;2.739270;4.161142;5.552745;3.105863;3.577050;0.286340;1.365431
4790.21;2564;2577;4.000000;0.961566;0.000822;2.329294;2.554913;3.503897;4.278748;5.603981;2.918175;3.323242;0.281144;1.081072
4792.01;2565;2578;5.000000;0.923791;0.000972;3.160540;2.404145;4.560212;3.857606;5.244062;2.740149;3.629006;0.244255;1.227378
4793.81;2566;2579;5.000000;0.840103;0.000899;4.605475;2.701858;6.050318;3.952081;5.418582;2.698138;3.626093;0.249531;0.875567
4795.61;2567;2580;5.000000;0.828579;0.000961;5.068277;2.513736;6.561123;3.626336;5.502694;2.532809;5.414489;0.226186;1.540268
4797.41;2568;2581;6.000000;0.953903;0.001182;4.416211;2.198241;6.570283;3.642903;5.447453;2.428581;5.120302;0.207110;1.898292
4799.21;2569;2582;6.000000;0.780477;0.001096;5.816082;2.863826;7.091557;3.888364;5.393089;2.124153;5.106132;0.216394;1.865427
4801.01;2570;2583;6.000000;0.927427;0.000723;6.300150;2.315649;9.139780;3.739891;5.311834;2.013922;4.463961;0.286202;1.792346
4802.81;2571;2584;6.000000;0.509915;0.000325;4.692797;5.793086;3.743201;5.142556;4.955150;2.475427;0.000100;0.333919;1.525423
4804.61;2572;2585;6.000000;0.782975;0.000668;6.689505;2.699053;8.195015;3.680320;4.476008;2.233756;1.466100;0.240374;1.067490
4806.41;2573;2586;6.000000;0.787885;0.000930;6.579435;2.683685;8.108911;3.682548;4.640295;2.323320;1.966312;0.241110;1.435614
4808.21;2574;2587;5.000000;0.856091;0.000861;6.056239;2.531596;8.109219;3.773239;4.776146;2.280668;2.571686;0.241898;1.861624
4810.01;2575;2588;5.000000;0.887296;0.000867;5.305628;2.396137;7.363602;3.702580;5.312297;2.746887;4.216738;0.285196;0.560964
4811.81;2576;2589;5.000000;0.835707;0.000527;5.591388;2.498042;7.309731;3.635606;5.188572;2.772858;3.411656;0.286528;1.033655
4813.61;2577;2590;5.000000;0.974756;0.000584;3.932106;2.395482;5.984143;4.061422;5.569576;2.841683;3.349915;0.308490;1.448244
4815.41;2578;2591;5.000000;0.963165;0.000556;3.964358;2.415764;5.967691;4.047084;5.489095;2.828685;3.588276;0.302186;1.936076
4817.21;2579;2592;5.000000;0.942834;0.000650;3.622194;2.757091;5.342484;4.527329;5.773855;3.110473;3.413443;0.347773;1.965038
4819.01;2580;2593;5.000000;0.987487;0.000296;3.450250;2.610779;5.329873;4.489873;5.946036;3.083868;3.634745;0.348378;1.695761
4820.81;2581;2594;5.000000;0.919902;0.000332;3.710794;2.808843;5.335113;4.496883;5.383355;3.018714;1.014844;0.340365;0.920942
4822.61;2582;2595;5.000000;0.936812;0.000354;3.626957;2.855006;5.315346;4.658121;5.998168;3.098575;3.236633;0.367176;1.116864
4824.41;2583;2596;5.000000;0.933516;0.000173;3.570457;2.836543;5.214490;4.611561;6.287029;3.067333;3.914084;0.372604;1.888432
4826.21;2584;2597;5.000000;0.816179;0.000349;5.161321;3.344231;6.583950;4.750099;5.901254;2.631890;1.932688;0.438780;1.726986
4828.01;2585;2598;5.000000;0.819136;0.000710;5.071334;3.276677;6.494937;4.672582;5.826274;2.598835;1.173749;0.427654;1.273061
4829.81;2586;2599;5.000000;0.680233;0.000420;9.061863;3.384737;9.643091;4.009907;5.467309;2.381091;3.483919;0.359663;1.812401
4831.61;2587;2600;5.000000;0.737815;0.000308;8.263523;3.182513;9.537644;4.089522;5.401146;2.370322;3.071189;0.364739;2.540368
4833.41;2588;2601;4.000000;0.712768;0.000582;8.691810;3.223991;9.691736;4.001899;5.494993;2.340708;3.820789;0.354844;1.649282
4835.21;2589;2602;5.000000;0.713720;0.000339;8.667570;3.262856;9.677651;4.055819;5.022198;2.449109;1.178213;0.346599;1.600399
4837.01;2590;2603;5.000000;0.813778;0.000381;7.388796;2.879981;9.387021;4.071753;5.412812;2.501496;3.409330;0.338570;0.814693
4838.81;2591;2604;5.000000;0.775417;0.000315;8.360043;2.893557;10.138480;3.907365;5.303559;2.381587;3.893779;0.327313;1.551194
4840.61;2592;2605;5.000000;0.781165;0.000173;8.077749;2.838158;9.867360;3.860261;5.505103;2.492445;3.991070;0.326004;2.173948
4842.41;2593;2606;5.000000;0.763009;0.000332;7.917011;2.956423;9.450420;3.927929;5.628555;2.500308;4.490233;0.331509;1.927789
4844.21;2594;2607;5.000000;0.793588;0.000173;8.289165;2.813656;10.290015;3.888740;5.536711;2.435431;4.140783;0.335341;0.889488
4846.01;2595;2608;5.000000;0.688181;0.000173;9.121929;3.362679;9.820473;4.030332;5.197725;2.393134;2.350377;0.348462;0.940542
4847.81;2596;2609;5.000000;0.779120;0.000173;8.376074;2.863019;10.209009;3.884943;5.295987;2.469525;2.746654;0.342278;1.734754
4849.61;2597;2610;5.000000;0.779782;0.000173;8.555087;2.858627;10.436081;3.882218;5.340181;2.459241;3.402636;0.334216;1.981093
4851.41;2598;2611;5.000000;0.766565;0.000495;8.617280;2.893251;10.333640;3.862606;5.087815;2.457698;2.841036;0.329906;0.935837
4853.21;2599;2612;5.000000;0.787697;0.000173;6.248557;3.170483;7.698333;4.349600;4.911827;2.733840;0.000100;0.344742;1.445334
4855.01;2600;2613;5.000000;0.852846;0.000411;5.303538;3.049331;7.069688;4.524371;5.320252;2.802813;1.566927;0.359451;1.428662
4856.81;2601;2614;5.000000;0.871917;0.000571;5.006731;2.971583;6.823731;4.510780;5.464776;2.757092;2.239124;0.358838;1.411561
4858.61;2602;2615;5.000000;0.879271;0.000352;4.777036;2.993189;6.565530;4.581124;5.705287;2.765130;3.329995;0.350114;1.513299
4860.41;2603;2616;5.000000;0.904528;0.000333;4.516929;2.902047;6.391185;4.571354;6.002510;2.864198;3.461128;0.372742;2.243263
4862.21;2604;2617;5.000000;0.956050;0.000410;4.295555;2.792147;6.425386;4.646157;6.004042;2.925443;2.897406;0.373057;1.657418
4864.01;2605;2618;5.000000;0.936469;0.000508;4.028072;2.799530;5.899706;4.562907;5.957587;2.947570;3.271859;0.378732;1.680037
4865.81;2606;2619;5.000000;0.879423;0.000665;4.193900;2.982935;5.769784;4.568643;5.912079;2.914589;2.898312;0.377497;1.801254
4867.61;2607;2620;5.000000;0.949725;0.000553;3.527511;2.815651;5.228644;4.642225;6.048903;2.930324;2.519080;0.376392;2.007831
4869.41;2608;2621;5.000000;0.909055;0.000789;3.229097;2.950884;4.592375;4.667782;6.134690;3.014436;3.400692;0.382294;1.844440
4871.21;2609;2622;4.000000;0.892248;0.000173;2.868888;3.040354;3.994714;4.715619;5.398093;3.224542;0.000100;0.405820;0.971364
4873.01;2610;2623;4.000000;0.935234;0.000351;2.606950;2.924268;3.814523;4.761966;5.849461;3.272377;0.512766;0.403866;1.469350
4874.81;2611;2624;4.000000;0.961540;0.000521;2.027456;2.902523;3.049349;4.860523;6.307990;3.375783;1.764307;0.420223;1.679609
4876.61;2612;2625;4.000000;0.976019;0.000350;2.583149;2.789009;3.944241;4.740303;6.379076;3.299805;2.606461;0.417943;1.943517
4878.41;2613;2626;5.000000;0.968813;0.000368;2.069529;2.874365;3.136661;4.849961;6.485584;3.379008;2.575281;0.417914;1.374511
4880.21;2614;2627;3.000000;0.957285;0.000325;1.619148;2.973150;2.424595;4.956899;5.762317;3.369980;0.741821;0.424791;1.068159
4882.01;2615;2628;3.000000;0.957278;0.000772;1.322457;3.009721;1.980030;5.017843;5.783098;3.321132;0.000100;0.427149;1.227168
4883.81;2616;2629;3.000000;0.971755;0.000526;1.736200;2.959335;2.639055;5.008185;6.459605;3.092013;0.000100;0.469270;2.049506
4885.61;2617;2630;3.000000;0.844880;0.000733;2.533514;3.637690;3.346758;5.344848;6.239001;3.168614;0.000100;0.532334;1.683568
4887.41;2618;2631;3.000000;0.847353;0.000364;2.213180;3.573083;2.933573;5.272833;6.594042;3.295904;0.000100;0.489907;2.295933
4889.21;2619;2632;3.000000;0.985444;0.000789;1.655496;2.978200;2.544151;5.104176;7.068779;3.378677;2.668732;0.444398;1.444337
4891.01;2620;2633;3.000000;1.016789;0.000619;1.560908;2.851575;2.482821;5.049556;7.168388;3.362585;4.585258;0.438986;1.862798
4892.81;2621;2634;3.000000;1.032169;0.000679;1.441139;2.797156;2.319015;5.017607;7.166664;3.363670;2.740595;0.431969;1.604373
4894.61;2622;2635;3.000000;0.963676;0.000572;1.330027;2.991532;2.005100;5.019909;6.925100;3.336235;3.409669;0.418871;1.776356
4896.41;2623;2636;3.000000;1.078275;0.000570;1.204894;2.721098;2.026827;5.100017;6.614911;3.444305;1.052243;0.432410;1.768525
4898.21;2624;2637;2.000000;1.038816;0.000173;1.088553;2.829434;1.769049;5.119075;6.857875;3.530494;3.080921;0.431265;1.738709
4900.01;2625;2638;2.000000;1.013689;0.000455;1.128634;2.877759;1.783658;5.063365;6.734420;3.484883;2.189281;0.423962;1.622919
4901.81;2626;2639;2.000000;1.075316;0.000461;1.048120;2.719435;1.763525;5.092324;6.876274;3.515775;2.295107;0.419898;1.884367
4903.61;2627;2640;3.000000;1.048681;0.000518;1.043974;2.802108;1.712520;5.117501;6.861107;3.461027;2.416569;0.422787;1.693081
4905.41;2628;2641;3.000000;1.049174;0.000393;1.071894;2.815468;1.759230;5.143407;7.012404;3.494788;2.376442;0.430548;2.311788
4907.21;2629;2642;4.000000;1.424049;0.000638;3.036511;1.687865;6.764397;4.186130;6.640726;2.671443;6.443455;0.419530;2.690367
4909.01;2630;2643;4.000000;1.429542;0.000431;3.218904;1.632225;7.198620;4.063762;6.675602;2.592229;5.951585;0.414471;2.175648
4910.81;2631;2644;3.000000;0.959886;0.000598;1.613795;3.078649;2.423324;5.146749;6.137896;3.219748;0.000100;0.410380;1.665372
4912.61;2632;2645;3.000000;1.017305;0.000470;1.209745;2.898009;1.924871;5.133613;6.588381;3.337696;1.582416;0.419310;2.006640
4914.41;2633;2646;3.000000;1.040403;0.000407;1.244070;2.797005;2.025365;5.065363;6.799034;3.362070;2.193838;0.421249;2.185689
4916.21;2634;2647;3.000000;0.995179;0.000303;1.206879;2.930918;1.878982;5.079607;5.834645;3.261183;0.000100;0.408079;1.762251
4918.01;2635;2648;4.000000;1.004705;0.000439;2.059945;2.886051;3.237816;5.049427;6.049425;3.211718;0.527602;0.413197;1.708019
4919.81;2636;2649;4.000000;1.019603;0.000173;1.911521;2.838871;3.048975;5.041154;6.456816;3.217631;2.682070;0.413250;1.355017
4921.61;2637;2650;4.000000;1.021378;0.000173;2.176982;2.761829;3.471481;4.908798;6.584236;3.180135;2.386477;0.410250;1.992823
4923.41;2638;2651;4.000000;1.094245;0.000663;2.065471;2.619435;3.532995;4.983859;6.498022;3.190511;2.743421;0.403137;1.474035
4925.21;2639;2652;4.000000;1.081620;0.000723;2.007107;2.626528;3.395635;4.947705;6.691929;3.217554;3.798159;0.416923;1.725329
4927.01;2640;2653;4.000000;0.983856;0.000639;3.810082;2.717219;5.856842;4.653653;6.404835;2.867892;4.424353;0.374433;2.052488
4928.81;2641;2654;4.000000;1.058660;0.000732;2.152640;2.661642;3.555391;4.898089;6.676529;3.168042;3.060815;0.398128;1.709570
4930.61;2642;2655;4.000000;0.896234;0.000173;4.208577;2.933534;5.898693;4.578619;6.168508;2.861130;3.084385;0.379046;1.061445
4932.41;2643;2656;4.000000;0.925425;0.000463;4.228322;2.857330;6.121540;4.603950;6.274282;2.866619;4.429128;0.372531;1.670384
4934.21;2644;2657;4.000000;0.885207;0.000483;4.226030;2.736529;5.854814;4.221855;6.006614;2.676640;2.873787;0.357062;0.874365
4936.01;2645;2658;5.000000;0.536597;0.000437;14.351110;4.034803;12.010204;3.761080;4.332388;1.898014;2.194766;0.274678;1.442703
4937.81;2646;2659;5.000000;0.568190;0.000173;13.957031;3.839382;12.381213;3.793087;4.706585;1.894577;2.379003;0.269600;1.515947
4939.61;2647;2660;5.000000;0.516616;0.000173;15.187195;4.218130;12.213451;3.781001;4.523188;1.814797;2.467541;0.281778;1.552817
4941.41;2648;2661;5.000000;0.497843;0.000425;15.647520;4.276212;12.186394;3.707542;4.799218;1.819112;3.059413;0.265491;2.683774
4943.21;2649;2662;6.000000;0.469267;0.000173;18.541221;4.514007;13.607384;3.688704;4.594349;1.583513;2.980066;0.253437;2.451478
4945.01;2650;2663;6.000000;0.532443;0.000534;14.816475;4.045984;12.313862;3.744140;4.870197;1.813642;2.452220;0.269770;1.484378
4946.81;2651;2664;6.000000;0.441998;0.000173;19.749207;4.820308;13.655711;3.710626;4.299025;1.557403;2.006981;0.245834;2.153504
4948.61;2652;2665;6.000000;0.416827;0.000173;22.751819;5.054158;14.816732;3.664219;4.109962;1.281794;2.497155;0.228715;2.826516
4950.41;2653;2666;6.000000;0.470500;0.000000;19.615000;4.640000;14.418500;3.798000;3.895000;1.217000;0.563000;0.211500;2.293000
4952.21;2654;2667;6.000000;0.511500;0.000000;18.090000;4.305000;14.468000;3.833000;4.367000;1.253000;2.304500;0.237000;2.710500
4954.01;2655;2668;6.000000;0.601000;0.000000;14.315000;3.805000;13.438000;3.982500;4.830000;1.352500;5.073000;0.243000;3.317000
4955.81;2656;2669;6.000000;0.656000;0.000000;12.685000;3.605000;13.008500;4.114500;4.765000;1.455500;3.864500;0.253000;3.177500
4957.61;2657;2670;6.000000;0.584000;0.000500;13.435000;4.115000;12.246000;4.180000;4.708000;1.572500;1.589000;0.267000;2.149000
4959.41;2658;2671;6.000000;0.539500;0.000000;13.430000;4.540000;11.333000;4.269500;4.892000;1.686500;2.150000;0.281500;2.219500
4961.21;2659;2672;6.000000;0.576500;0.000000;12.430000;4.230000;11.212500;4.249000;4.859000;1.677000;3.278000;0.275500;2.030000
4963.01;2660;2673;6.000000;0.549500;0.000000;13.185000;4.465000;11.338000;4.276500;4.870500;1.681500;2.187500;0.271500;1.552000
4964.81;2661;2674;6.000000;0.514000;0.000000;12.650000;5.005000;10.177500;4.484000;5.090000;1.866000;2.568000;0.302000;2.700500
4966.61;2662;2675;6.000000;0.542000;0.000000;11.975000;4.780000;10.147500;4.505500;5.155000;1.846000;2.373000;0.300000;2.106500
4968.41;2663;2676;6.000000;0.514000;0.000000;8.800000;5.685000;7.070500;5.080500;4.973500;2.173000;0.000000;0.329000;2.372000
4970.21;2664;2677;6.000000;0.469000;0.000500;8.920000;6.335000;6.528500;5.166500;5.466500;2.297000;1.548500;0.349000;1.628000
4972.01;2665;2678;6.000000;0.457000;0.000000;8.610000;6.685000;6.160500;5.318500;5.651000;2.269000;1.810000;0.346000;2.425000
4973.81;2666;2679;6.000000;0.472500;0.000500;8.185000;6.530000;6.046500;5.371000;6.113500;2.366000;2.121500;0.349500;2.156000
4975.61;2667;2680;6.000000;0.486000;0.000000;9.540000;7.510000;7.258500;6.361500;5.750000;1.929500;0.000000;0.649500;3.373000
4977.41;2668;2681;6.000000;0.474000;0.000500;9.275000;7.435000;6.879500;6.139500;6.381000;2.026500;1.275500;0.596500;2.290500
4979.21;2669;2682;6.000000;0.444500;0.000000;8.760000;7.065000;6.068000;5.448000;6.062000;2.299500;2.019000;0.376500;2.497000
4981.01;2670;2683;6.000000;0.427500;0.000000;8.430000;7.280000;5.630000;5.411500;5.989500;2.356000;1.956000;0.366500;3.338000
4982.81;2671;2684;6.000000;0.470000;0.000000;7.185000;6.675000;5.281500;5.465500;6.302500;2.360000;2.778500;0.355500;2.777500
4984.61;2672;2685;6.000000;0.421500;0.000500;8.290000;7.465000;5.460500;5.475000;5.675500;2.496500;0.000000;0.369000;2.231500
4986.41;2673;2686;6.000000;0.421500;0.000000;7.625000;7.345000;5.027500;5.383000;5.223500;2.523000;0.000000;0.349000;2.164000
4988.21;2674;2687;6.000000;0.448000;0.000000;7.115000;6.955000;4.991500;5.429500;5.471000;2.540500;0.000000;0.357000;2.422500
4990.01;2675;2688;6.000000;0.443500;0.000500;6.625000;7.080000;4.592500;5.463500;5.531500;2.582500;0.000000;0.353500;2.128500
4991.81;2676;2689;6.000000;0.432500;0.000000;7.415000;7.210000;5.015500;5.428500;5.830500;2.532000;0.000000;0.351500;2.536500
4993.61;2677;2690;6.000000;0.454000;0.000000;6.470000;6.850000;4.594500;5.419000;5.603000;2.562000;0.000000;0.352000;1.584000
4995.41;2678;2691;6.000000;0.434500;0.000000;6.990000;7.175000;4.742500;5.412500;5.673000;2.583000;0.000000;0.346000;1.451500
4997.21;2679;2692;6.000000;0.467000;0.000500;6.365000;6.630000;4.644000;5.389500;5.885500;2.592500;0.000000;0.348000;2.422500
4999.01;2680;2693;6.000000;0.484000;0.000000;5.305000;6.325000;4.014000;5.331000;5.687000;2.540000;0.000000;0.332500;2.730500
5000.81;2681;2694;6.000000;0.518000;0.000500;5.070000;6.000000;4.104500;5.404500;5.538000;2.551500;0.000000;0.344500;2.117500
5002.61;2682;2695;6.000000;0.508000;0.000000;5.215000;6.005000;4.139500;5.307500;5.645500;2.547500;0.000000;0.341500;2.049500
5004.41;2683;2696;6.000000;0.391000;0.000667;4.703333;6.666667;2.873667;4.536333;5.945667;3.180000;0.429000;0.266000;1.728667
5006.21;2684;2697;6.000000;0.401000;0.001000;4.570000;6.245000;2.864000;4.357000;6.154500;3.518000;0.000000;0.307500;1.428500
5008.01;2685;2698;6.000000;0.432500;0.001000;5.835000;6.050000;3.946000;4.553500;5.829000;3.186000;0.000000;0.338000;1.461500
5009.81;2686;2699;6.000000;0.374000;0.001000;4.905000;6.580000;2.870000;4.287500;6.199000;3.544500;0.000000;0.299000;1.588500
5011.61;2687;2700;6.000000;0.426000;0.000500;4.810000;6.310000;3.204500;4.681000;5.966000;3.291000;0.000000;0.361000;1.534000
5013.41;2688;2701;6.000000;0.415000;0.000500;4.780000;6.385000;3.100500;4.616000;5.987500;3.304000;0.000000;0.351000;1.872000
5015.21;2689;2702;6.000000;0.425000;0.001000;5.430000;6.160000;3.609500;4.555000;6.053500;3.263000;0.000000;0.339500;1.977000
5017.01;2690;2703;6.000000;0.390000;0.000500;5.565000;6.555000;3.392000;4.449000;5.531500;3.051000;0.706500;0.282500;1.623000
5018.81;2691;2704;6.000000;0.387000;0.001000;5.380000;6.680000;3.256000;4.504000;5.677500;3.093000;0.562500;0.291500;1.578500
5020.61;2692;2705;6.000000;0.389000;0.000000;5.270000;6.695000;3.208000;4.537500;5.483000;3.063000;0.505000;0.299000;1.779500
5022.41;2693;2706;6.000000;0.445000;0.000500;6.580000;6.645000;4.576000;5.145000;4.928000;2.311000;0.000000;0.344000;1.449500
5024.21;2694;2707;6.000000;0.469000;0.000500;6.290000;6.285000;4.616000;5.134500;5.190500;2.351000;0.000000;0.348500;1.647000
5026.01;2695;2708;6.000000;0.464000;0.000000;6.350000;6.345000;4.609500;5.128000;4.998000;2.264000;0.000000;0.338000;1.837500
5027.81;2696;2709;6.000000;0.493000;0.000500;6.115000;6.030000;4.715500;5.176500;5.122500;2.296000;0.000000;0.346500;1.853500
5029.61;2697;2710;6.000000;0.492500;0.000500;6.545000;6.110000;5.032000;5.233000;5.328500;2.303500;0.000000;0.352000;2.320500
5031.41;2698;2711;6.000000;0.489000;0.000500;6.965000;6.135000;5.328500;5.224500;5.221500;2.270000;0.000000;0.348000;2.038000
5033.21;2699;2712;6.000000;0.495500;0.000000;7.090000;5.885000;5.497000;5.080500;5.027000;2.284500;0.000000;0.331500;1.483500
5035.01;2700;2713;6.000000;0.502500;0.000500;7.340000;5.955000;5.769500;5.209500;5.261500;2.330500;0.000000;0.334000;2.353500
5036.81;2701;2714;6.000000;0.542000;0.000000;6.390000;5.505000;5.413500;5.197000;5.425000;2.402000;1.133500;0.341500;1.714500
5038.61;2702;2715;6.000000;0.548000;0.000000;6.420000;5.425000;5.504500;5.180500;5.587500;2.391000;0.897000;0.345000;2.069000
5040.41;2703;2716;6.000000;0.544439;0.000339;6.633562;5.358135;5.646029;5.076714;4.867161;2.254744;0.000100;0.328329;1.643483
5042.21;2704;2717;6.000000;0.557615;0.000486;6.187630;5.173119;5.397179;5.023465;4.972949;2.279888;0.000100;0.321580;1.984660
5044.01;2705;2718;6.000000;0.568145;0.000173;5.623531;5.097175;4.993732;5.038971;5.190489;2.393927;0.535438;0.315538;1.979919
5045.81;2706;2719;6.000000;0.589097;0.000458;4.755244;4.986764;4.381905;5.116011;5.252116;2.467036;0.000100;0.311716;1.973486
5047.61;2707;2720;6.000000;0.599023;0.000311;4.546943;4.875495;4.260708;5.086339;5.312171;2.585917;0.609978;0.317880;1.683060
5049.41;2708;2721;6.000000;0.628624;0.000573;3.621064;4.784780;3.561001;5.236869;5.161925;2.579587;0.000100;0.318478;1.576420
5051.21;2709;2722;6.000000;0.639257;0.000319;3.475977;4.723768;3.475057;5.258344;5.572827;2.647849;0.000100;0.316780;2.481167
5053.01;2710;2723;6.000000;0.624403;0.000353;3.117825;4.946803;3.044756;5.378768;4.916108;2.540876;0.000100;0.317253;1.499609
5054.81;2711;2724;6.000000;0.691503;0.000173;2.856075;4.487054;3.088613;5.402337;5.431670;2.582674;0.548859;0.329077;1.861139
5056.61;2712;2725;6.000000;0.680870;0.000591;2.991449;4.590574;3.184267;5.439943;5.472701;2.548620;0.000100;0.333137;2.003058
5058.41;2713;2726;5.000000;0.674570;0.000173;3.841864;4.662369;4.051767;5.476028;5.620521;2.485090;0.532409;0.343121;2.163450
5060.21;2714;2727;6.000000;0.692535;0.000173;3.350252;4.615936;3.630006;5.566977;5.341401;2.494915;0.000100;0.342457;1.835877
5062.01;2715;2728;6.000000;0.720455;0.000351;3.214498;4.491410;3.611849;5.621297;5.412298;2.412691;0.000100;0.352121;2.044121
5063.81;2716;2729;6.000000;0.702768;0.000334;3.212040;4.660621;3.532153;5.703349;5.490884;2.434201;0.000100;0.350979;2.188464
5065.61;2717;2730;6.000000;0.702038;0.000173;3.308149;4.677025;3.632933;5.718639;5.390711;2.347571;0.000100;0.348879;1.346366
5067.41;2718;2731;6.000000;0.700965;0.000173;3.413955;4.751404;3.743526;5.800473;5.535807;2.323424;0.000100;0.356150;2.455816
5069.21;2719;2732;6.000000;0.705251;0.000173;3.418326;4.745073;3.770837;5.828161;5.335181;2.265565;0.000100;0.346162;2.284923
5071.01;2720;2733;6.000000;0.705329;0.000420;3.498133;4.811273;3.857593;5.907066;5.450012;2.279151;0.000100;0.341697;2.207310
5072.81;2721;2734;6.000000;0.663425;0.000306;3.770232;5.122066;3.909871;5.910215;4.554218;2.142947;0.000100;0.328581;1.884739
5074.61;2722;2735;6.000000;0.695970;0.000173;3.698177;4.901696;4.024787;5.935430;5.040340;2.209379;0.000100;0.338196;1.791351
5076.41;2723;2736;4.000000;0.669174;0.000173;4.000466;5.173003;4.188021;6.028740;4.770563;2.077019;0.000100;0.332313;2.065551
5078.21;2724;2737;4.000000;0.711509;0.000173;3.793832;4.836565;4.220581;5.991458;5.110588;2.145303;0.000100;0.340495;2.551287
5080.01;2725;2738;4.000000;0.726479;0.000173;3.873851;4.800961;4.400970;6.071384;5.088031;2.107218;0.000100;0.337855;1.899520
5081.81;2726;2739;4.000000;0.740749;0.000331;3.726832;4.753774;4.314604;6.127709;5.259587;2.097929;0.000100;0.339338;2.150841
5083.61;2727;2740;4.000000;0.685517;0.000173;4.052621;5.140872;4.344826;6.136477;5.046190;2.102272;0.000100;0.344364;2.142968
5085.41;2728;2741;4.000000;0.674411;0.000173;4.149092;5.295925;4.377465;6.220364;5.294970;2.149094;0.000100;0.350485;2.607424
5087.21;2729;2742;4.000000;0.673561;0.000425;4.064577;5.109471;4.282878;5.993852;5.445467;2.384288;0.000100;0.338540;1.488713
5089.01;2730;2743;4.000000;0.779062;0.000311;3.529690;4.145098;4.297751;5.619593;5.326834;2.351326;0.000100;0.320935;2.284880
5090.81;2731;2744;4.000000;0.796655;0.000498;2.926770;3.691709;3.643225;5.114479;4.975216;2.552773;0.000100;0.292535;1.617381
5092.61;2732;2745;4.000000;0.815227;0.000501;2.894009;3.595979;3.683395;5.094152;5.008680;2.534509;0.000100;0.294430;1.990228
5094.41;2733;2746;4.000000;0.790188;0.000574;2.959380;3.733438;3.658348;5.138009;5.174043;2.462419;0.000100;0.300694;1.692423
5096.21;2734;2747;4.000000;0.852873;0.000475;2.758379;3.441485;3.652442;5.078640;5.274358;2.410433;0.000100;0.294861;1.952349
5098.01;2735;2748;4.000000;0.925700;0.000707;2.117159;2.578468;3.062552;4.152943;5.083768;2.708424;0.000100;0.250989;0.833500
5099.81;2736;2749;4.000000;1.001688;0.000578;2.024627;2.432227;3.168382;4.238383;5.174760;2.686797;0.630371;0.253571;1.561064
5101.61;2737;2750;4.000000;0.683205;0.000753;;;1.848448;3.976856;3.481593;1.934791;0.750636;0.259885;0.743685
5103.41;2738;2751;4.000000;0.968555;0.000566;1.799695;2.336933;2.727017;3.942018;5.080693;2.872576;1.386249;0.247908;1.253082
5105.21;2739;2752;4.000000;1.012769;0.000874;1.575041;2.191527;2.494652;3.863150;5.054873;2.987854;0.563485;0.270829;1.367686
5107.01;2740;2753;5.000000;0.995673;0.000807;1.779304;2.469589;2.771423;4.282879;5.002630;2.946584;0.000100;0.273829;0.955309
5108.81;2741;2754;6.000000;0.895603;0.000741;1.506655;2.438997;2.111724;3.804217;4.335832;2.827561;0.000100;0.223216;0.675933
5110.61;2742;2755;6.000000;0.966850;0.000783;1.422211;2.174518;2.144629;3.661867;4.303430;2.873957;23.843059;0.233202;0.430093
5112.41;2743;2756;6.000000;1.221455;0.000769;1.212643;1.920970;2.314349;4.083342;5.167366;3.038013;55.596934;0.267307;0.200737
5114.21;2744;2757;7.000000;1.324872;0.000698;0.880356;1.368300;1.824536;3.157134;5.259115;3.327525;53.522813;0.249732;0.200737
5116.01;2745;2758;7.000000;1.372970;0.000661;0.841277;1.313476;1.806345;3.138972;5.052129;3.323065;61.247984;0.226986;0.200737
5117.81;2746;2759;7.000000;1.302666;0.000823;0.979079;1.591084;1.994454;3.608984;5.241774;2.967038;54.654411;0.270888;0.494832
5119.61;2747;2760;7.000000;1.266639;0.000826;1.004313;1.660610;1.985435;3.653936;5.209392;2.985274;51.370770;0.265126;0.487667
5121.41;2748;2761;5.000000;1.331638;0.000754;0.807460;1.392171;1.677701;3.222284;4.577174;3.130485;53.113181;0.252483;0.200737
5123.21;2749;2762;6.000000;1.340137;0.000835;0.806286;1.417110;1.689887;3.306572;4.604893;3.263177;60.662331;0.250017;0.200737
5125.01;2750;2763;6.000000;1.369348;0.000910;0.809103;1.422580;1.725871;3.384386;4.766605;3.234170;53.811016;0.242162;0.200737
5126.81;2751;2764;6.000000;1.297552;0.000864;0.759657;1.349352;1.539666;3.040533;4.968535;3.402209;65.183875;0.267674;0.200737
5128.61;2752;2765;6.000000;1.289781;0.000882;0.743705;1.340798;1.499678;3.009980;5.092071;3.454753;60.875472;0.260027;0.200737
5130.41;2753;2766;6.000000;1.206323;0.000450;0.975585;1.541439;1.839998;3.237158;4.816622;3.393812;54.735359;0.246391;0.200737
5132.21;2754;2767;6.000000;1.241279;0.000785;0.957165;1.555261;1.853927;3.351905;5.149140;3.451643;45.752448;0.253226;0.200737
5134.01;2755;2768;5.000000;1.083005;0.000711;1.883401;2.092977;3.177484;3.936283;5.641266;2.932132;3.701778;0.276632;1.895378
5135.81;2756;2769;5.000000;1.147681;0.000789;1.802112;1.989765;3.203845;3.938480;5.448317;2.935513;32.115200;0.283744;1.055415
5137.61;2757;2770;5.000000;1.038203;0.000348;2.327282;2.288256;3.775669;4.133749;5.698407;2.429454;3.454607;0.285899;0.638845
5139.41;2758;2771;5.000000;1.037060;0.000755;2.338398;2.312937;3.793110;4.177233;5.699947;2.435406;3.516266;0.296933;1.100686
5141.21;2759;2772;5.000000;0.834350;0.000524;4.091336;3.214372;5.340212;4.670805;4.896029;2.248425;0.000100;0.296413;1.521741
5143.01;2760;2773;5.000000;0.805620;0.000655;4.476890;3.197091;5.640237;4.484995;5.365840;2.378466;2.024939;0.299827;1.531330
5144.81;2761;2774;5.000000;0.806215;0.000609;4.563310;3.212496;5.754998;4.510499;5.333588;2.413355;0.782613;0.306687;2.148585
5146.61;2762;2775;5.000000;0.927854;0.000739;2.888569;2.308521;4.192081;3.729613;5.277611;2.917337;1.021749;0.257993;1.088360
5148.41;2763;2776;5.000000;0.874594;0.000479;2.783954;2.269703;3.808770;3.457344;4.623036;2.792855;0.000100;0.221536;0.451846
5150.21;2764;2777;5.000000;0.983926;0.000540;2.378690;2.094574;3.655291;3.585334;5.240836;3.013483;2.479914;0.241025;1.039437
5152.01;2765;2778;5.000000;0.982845;0.000611;2.396840;2.091475;3.683921;3.579169;5.378831;3.015660;3.748126;0.243998;1.305527
5153.81;2766;2779;5.000000;1.015460;0.000633;2.202041;2.294778;3.497695;4.058359;5.642388;3.117322;2.827470;0.265724;1.110206
5155.61;2767;2780;5.000000;1.001014;0.000777;2.176536;2.302943;3.406805;4.013476;5.488603;3.078793;2.264610;0.263062;1.182619
5157.41;2768;2781;5.000000;0.989164;0.000659;2.201152;2.325110;3.406202;4.005603;5.578160;3.069124;2.854898;0.268119;1.107277
5159.21;2769;2782;5.000000;0.817650;0.000611;2.694029;3.211712;3.446314;4.573643;4.969895;2.606320;0.000100;0.290550;1.374465
5161.01;2770;2783;5.000000;0.863748;0.000406;2.658460;3.165390;3.591993;4.761382;5.550088;2.753054;0.000100;0.315111;1.307476
5162.81;2771;2784;5.000000;0.892910;0.000695;2.560072;3.086792;3.575037;4.800210;5.790140;2.812262;1.271522;0.314331;1.830487
5164.61;2772;2785;5.000000;0.779614;0.000322;2.644843;3.621812;3.225808;4.916177;5.262158;2.908457;0.000100;0.323661;1.336720
5166.41;2773;2786;5.000000;0.757731;0.000344;2.769558;3.684478;3.282949;4.862373;5.415657;2.914542;0.000100;0.323568;1.394566
5168.21;2774;2787;5.000000;0.749010;0.000345;2.986775;4.042108;3.499509;5.271871;5.765952;2.838560;0.000100;0.347253;1.229350
5170.01;2775;2788;5.000000;0.721621;0.000521;3.136881;4.177233;3.536770;5.245377;5.973882;2.840765;0.822411;0.342615;1.816082
5171.81;2776;2789;5.000000;0.741343;0.000544;3.363781;4.348503;3.898339;5.610912;6.479966;2.836941;1.140725;0.372368;2.085920
5173.61;2777;2790;5.000000;0.730167;0.000468;3.405296;4.409554;3.888521;5.605694;6.434647;2.822562;0.628395;0.367140;1.645892
5175.41;2778;2791;5.000000;0.663224;0.000173;3.720827;4.846785;3.860519;5.598409;5.890912;2.762305;0.000100;0.367053;1.893897
5177.21;2779;2792;5.000000;0.619478;0.000376;4.067429;5.458572;3.941408;5.888734;6.508108;2.712358;0.889299;0.381967;2.372092
5179.01;2780;2793;5.000000;0.592441;0.000173;4.052270;5.669725;3.756138;5.849366;5.951859;2.637764;0.000100;0.367662;1.986698
5180.81;2781;2794;4.000000;0.633524;0.000448;4.056566;5.345391;4.020113;5.897174;6.397228;2.644362;0.526782;0.386609;2.188608
5182.61;2782;2795;4.000000;0.661450;0.000173;3.818775;5.136446;3.949816;5.914537;6.530993;2.637333;1.361896;0.372135;2.254892
5184.41;2783;2796;4.000000;0.605630;0.000301;3.638584;5.739405;3.446504;6.052741;6.613708;2.649703;0.752904;0.387318;2.289846
5186.21;2784;2797;4.000000;0.595115;0.000173;3.596642;5.825687;3.344121;6.031075;6.427409;2.623394;0.000100;0.387684;1.642470
5188.01;2785;2798;5.000000;0.582270;0.000173;3.441495;6.057855;3.132270;6.134888;6.515311;2.724897;0.000100;0.397152;1.894944
5189.81;2786;2799;5.000000;0.550607;0.000173;3.460879;6.343878;2.981777;6.080768;5.618848;2.609343;0.000100;0.391096;1.967296
5191.61;2787;2800;5.000000;0.534596;0.000173;3.542554;6.613118;2.962666;6.154585;5.451505;2.571468;0.000100;0.382716;2.105107
5193.41;2788;2801;5.000000;0.559534;0.000352;3.507455;6.259806;3.069672;6.099510;6.009832;2.687953;0.000100;0.398070;2.198916
5195.21;2789;2802;5.000000;0.581718;0.000173;3.015639;6.164045;2.744349;6.243666;6.476354;2.668187;0.000100;0.403357;1.568199
5197.01;2790;2803;5.000000;0.586206;0.000337;2.984841;6.123601;2.735314;6.245627;6.835868;2.731932;0.667769;0.412089;2.159322
5198.81;2791;2804;5.000000;0.557457;0.000173;3.120919;6.434607;2.721583;6.245141;6.615252;2.715417;0.000100;0.411141;2.304501
5200.61;2792;2805;5.000000;0.573435;0.000173;3.044900;6.253947;2.730975;6.245021;6.437450;2.738061;0.000100;0.417540;2.167726
5202.41;2793;2806;5.000000;0.562039;0.000173;3.074300;6.371248;2.702906;6.235405;6.242261;2.678424;0.000100;0.400038;2.091005
5204.21;2794;2807;5.000000;0.531611;0.000324;3.251871;6.700402;2.702756;6.202213;6.588591;2.741447;0.000100;0.413450;2.718862
5206.01;2795;2808;5.000000;0.532783;0.000299;3.225192;6.730203;2.687995;6.244535;6.577707;2.725164;0.000100;0.410238;2.190178
5207.81;2796;2809;5.000000;0.525824;0.000366;3.325610;6.796637;2.735666;6.223784;6.482377;2.728285;0.000100;0.407755;2.195889
5209.61;2797;2810;6.000000;0.483246;0.000173;3.972303;7.330924;3.000486;6.161807;5.785478;2.690474;0.000100;0.401740;1.258079
5211.41;2798;2811;6.000000;0.458067;0.000320;4.192750;7.603838;3.004715;6.066178;6.258015;2.692401;0.000100;0.401647;2.056421
5213.21;2799;2812;6.000000;0.490096;0.000406;3.964425;7.158394;3.033160;6.095837;6.550479;2.710117;0.000100;0.395793;2.435958
5215.01;2800;2813;6.000000;0.503802;0.000308;3.689930;6.921445;2.906419;6.070844;6.372161;2.659113;0.981355;0.388352;2.002200
5216.81;2801;2814;6.000000;0.473761;0.000538;4.297286;7.323753;3.184525;6.042211;7.020238;2.642423;1.965719;0.400650;2.114143
5218.61;2802;2815;6.000000;0.502047;0.000415;4.261730;6.835617;3.346906;5.976185;6.576205;2.596129;1.204365;0.388131;2.129302
5220.41;2803;2816;6.000000;0.501936;0.000372;4.271491;6.864837;3.352673;5.999982;7.070835;2.661160;1.914836;0.402728;2.503186
5222.21;2804;2817;6.000000;0.496963;0.000303;4.739890;6.804803;3.681839;5.887601;6.779577;2.587475;0.000100;0.393203;2.246107
5224.01;2805;2818;6.000000;0.511903;0.000454;4.973200;6.564395;3.982546;5.852370;6.864048;2.642644;2.119042;0.398424;2.391542
5225.81;2806;2819;6.000000;0.508101;0.000523;4.996252;6.605853;3.962593;5.833860;6.778319;2.588141;1.557381;0.397119;2.504367
5227.61;2807;2820;6.000000;0.484935;0.000173;3.529749;7.365565;2.669494;6.202269;5.814602;2.709678;0.000100;0.412919;2.191845
5229.41;2808;2821;6.000000;0.478190;0.000173;5.250130;6.951513;3.926596;5.788250;6.025311;2.632086;0.000100;0.399254;1.760443
5231.21;2809;2822;6.000000;0.497463;0.000348;5.083771;6.706945;3.956354;5.810311;6.062609;2.606826;0.000100;0.401204;2.338524
5233.01;2810;2823;6.000000;0.496906;0.000615;5.191887;6.629456;4.035741;5.736880;6.248166;2.626327;0.000100;0.392324;2.510966
5234.81;2811;2824;6.000000;0.480956;0.000320;5.822024;6.823570;4.378083;5.709558;6.197364;2.583452;0.000100;0.394557;2.202712
5236.61;2812;2825;5.000000;0.496939;0.000574;5.628229;6.650487;4.375345;5.755661;6.318253;2.665586;0.000100;0.398205;2.136945
5238.41;2813;2826;5.000000;0.515723;0.000173;6.102659;6.355359;4.923549;5.708334;6.452623;2.593858;0.000100;0.389137;2.076611
5240.21;2814;2827;5.000000;0.500791;0.000308;6.488159;6.423747;5.082327;5.601379;6.370010;2.544057;0.686521;0.391854;2.137102
5242.01;2815;2828;6.000000;0.436689;0.000173;7.999946;7.199233;5.464405;5.474297;4.691237;2.417830;0.000100;0.353841;1.692328
5243.81;2816;2829;6.000000;0.441471;0.000492;8.075870;6.991146;5.575587;5.372783;4.700763;2.361277;0.000100;0.353413;1.039168
5245.61;2817;2830;6.000000;0.435230;0.000173;9.054616;7.067598;6.165033;5.357207;4.981282;2.316366;0.000100;0.355337;1.639966
5247.41;2818;2831;6.000000;0.434628;0.000420;8.858699;7.111033;6.009078;5.372366;5.032388;2.302745;0.000100;0.356990;1.391338
5249.21;2819;2832;6.000000;0.435789;0.000373;10.032982;6.957240;6.839821;5.280376;5.455409;2.286852;0.000100;0.357235;2.111105
5251.01;2820;2833;6.000000;0.434676;0.000536;11.324694;6.809061;7.694529;5.148734;5.475589;2.116437;0.000100;0.349523;1.818094
5252.81;2821;2834;6.000000;0.435277;0.000310;10.981651;7.027554;7.459732;5.313938;5.445274;2.044524;0.000100;0.355357;1.856888
5254.61;2822;2835;6.000000;0.459729;0.000575;11.642639;6.585646;8.370822;5.271945;6.250731;2.203535;2.104360;0.365342;2.437235
5256.41;2823;2836;6.000000;0.441216;0.000173;12.048718;6.898923;8.305635;5.296809;5.977560;2.123582;0.000100;0.493216;2.392801
5258.21;2824;2837;6.000000;0.442138;0.000173;11.948379;6.978810;8.251565;5.365361;5.841922;2.084072;0.000100;0.491128;2.339453
5260.01;2825;2838;6.000000;0.425019;0.000611;10.635374;7.415687;7.065411;5.487157;5.317076;2.217047;0.000100;0.502247;2.197265
5261.81;2826;2839;6.000000;0.418735;0.000327;11.880799;7.086858;7.780393;5.165508;5.728972;2.129818;0.688104;0.375716;2.188061
5263.61;2827;2840;6.000000;0.441551;0.000454;10.204448;6.883979;7.046623;5.293731;6.060463;2.252413;1.430100;0.370217;2.651810
5265.41;2828;2841;6.000000;0.461010;0.000601;9.880030;6.616633;7.123943;5.308264;6.028769;2.184847;1.590409;0.356270;2.192737
5267.21;2829;2842;6.000000;0.457840;0.000443;9.758944;6.598671;6.990175;5.261119;5.931960;2.204859;1.838832;0.359563;2.421485
5269.01;2830;2843;6.000000;0.432427;0.000380;10.102991;6.930684;6.834966;5.219618;5.776914;2.274616;0.627120;0.353860;2.231127
5270.81;2831;2844;6.000000;0.434529;0.000326;10.675199;6.847408;7.254603;5.180109;5.981206;2.291312;0.870113;0.356944;2.351117
5272.61;2832;2845;6.000000;0.437597;0.000173;11.510315;6.788802;7.877918;5.173365;5.905889;2.237612;0.752134;0.357743;1.416835
5274.41;2833;2846;6.000000;0.445304;0.000335;11.586536;6.616390;8.051813;5.118188;6.038165;2.224486;2.060664;0.355446;2.584161
5276.21;2834;2847;6.000000;0.428475;0.000173;11.776606;6.884395;7.893689;5.137364;5.973456;2.191723;2.381140;0.346967;2.131718
5278.01;2835;2848;5.000000;0.403224;0.000173;12.615364;7.263283;7.957601;5.099411;5.510103;2.188159;0.000100;0.345939;1.406789
5279.81;2836;2849;5.000000;0.417517;0.000173;12.391623;7.019488;8.093626;5.104012;5.359826;2.180774;0.000100;0.348225;1.922237
5281.61;2837;2850;5.000000;0.436401;0.000173;12.003714;6.637079;8.187595;5.041956;5.380600;2.165043;0.633083;0.338807;1.899000
5283.41;2838;2851;5.000000;0.407080;0.000385;12.657209;7.047541;8.060646;4.996281;5.267208;2.150300;0.000100;0.344604;1.651842
5285.21;2839;2852;5.000000;0.416493;0.000295;12.362861;6.849391;8.053004;4.966985;5.230833;2.175575;0.000100;0.348038;1.507637
5287.01;2840;2853;6.000000;0.387570;0.000325;13.605603;7.164236;8.248779;4.835046;5.015752;2.101553;0.000100;0.330086;2.133082
5288.81;2841;2854;6.000000;0.411392;0.000343;13.092168;6.746935;8.424199;4.833994;5.123276;2.092436;0.000100;0.327970;2.104549
5290.61;2842;2855;6.000000;0.411275;0.000514;13.742364;6.741289;8.816768;4.817574;5.436940;2.111717;0.908892;0.332313;1.770076
5292.41;2843;2856;6.000000;0.402064;0.000173;14.330590;6.772310;9.010740;4.739323;5.658402;2.096933;1.083551;0.346774;2.221977
5294.21;2844;2857;6.000000;0.414555;0.000438;14.076802;6.534491;9.129613;4.717684;5.729411;2.125317;2.062498;0.337732;2.029289
5296.01;2845;2858;6.000000;0.411665;0.000173;14.137131;6.621429;9.097444;4.744320;5.208332;2.150311;0.000100;0.329457;1.832248
5297.81;2846;2859;6.000000;0.431524;0.000363;13.196462;6.339886;8.907650;4.764250;5.275174;2.162822;0.000100;0.334326;1.981573
5299.61;2847;2860;6.000000;0.423538;0.000173;13.821665;6.427152;9.156450;4.740215;5.541638;2.173175;0.000100;0.325914;1.934284
5301.41;2848;2861;6.000000;0.437717;0.000381;13.325360;6.233109;9.123946;4.750201;5.543820;2.190142;0.568304;0.329128;2.018098
5303.21;2849;2862;6.000000;0.444259;0.000173;13.195721;6.133580;9.170802;4.745725;5.813552;2.179667;1.977192;0.330940;2.415171
5305.01;2850;2863;6.000000;0.431245;0.000173;13.657262;6.368356;9.211955;4.781890;5.596248;2.156392;0.757192;0.334414;1.951142
5306.81;2851;2864;6.000000;0.478802;0.000173;12.833579;5.642464;9.613195;4.704779;5.723894;2.173409;0.000100;0.330846;2.805631
5308.61;2852;2865;6.000000;0.443472;0.000298;13.929783;6.090384;9.662441;4.703219;5.711607;2.161334;1.623305;0.326252;2.746204
5310.41;2853;2866;6.000000;0.445831;0.000173;13.797664;6.015630;9.622609;4.670565;5.672312;2.177659;1.404698;0.323724;2.008362
5312.21;2854;2867;6.000000;0.456571;0.000330;13.301851;5.962204;9.480019;4.733657;5.610498;2.173521;0.000100;0.325422;2.168833
5314.01;2855;2868;5.000000;0.441663;0.000339;14.695690;6.020838;10.150299;4.629921;4.887481;2.063276;0.000100;0.311036;1.560539
5315.81;2856;2869;5.000000;0.442998;0.000173;14.673093;6.014583;10.156613;4.636431;4.934617;2.016324;0.000100;0.312269;1.585011
5317.61;2857;2870;5.000000;0.441880;0.000173;14.838840;6.033717;10.246038;4.638258;5.123591;2.014251;0.000100;0.310307;1.804726
5319.41;2858;2871;6.000000;0.453707;0.000173;14.343356;5.937271;10.177961;4.689917;5.115192;2.021459;0.000100;0.310933;1.356781
5321.21;2859;2872;5.000000;0.465949;0.000453;14.703533;5.943714;10.706733;4.818375;5.230720;1.890993;0.000100;0.337989;2.246515
5323.01;2860;2873;5.000000;0.479722;0.000173;14.072811;5.814537;10.535654;4.851592;5.255687;1.889966;0.000100;0.335119;2.357194
5324.81;2861;2874;5.000000;0.472752;0.000389;15.063497;5.803254;11.099556;4.761469;5.226999;1.818002;0.000100;0.329809;1.817078
5326.61;2862;2875;5.000000;0.453457;0.000364;15.153632;6.065501;10.748577;4.789520;5.293719;1.869322;0.000100;0.338051;1.714758
5328.41;2863;2876;5.000000;0.454448;0.000173;14.115869;5.896233;10.032938;4.664657;5.198596;1.909052;0.000100;0.324690;1.597144
5330.21;2864;2877;5.000000;0.444351;0.000173;14.708935;6.112114;10.216518;4.725816;5.257267;1.906149;1.079501;0.328900;2.381415
5332.01;2865;2878;6.000000;0.448218;0.000173;13.293086;6.150991;9.312702;4.795940;4.624904;1.858446;0.000100;0.309826;1.884560
5333.81;2866;2879;6.000000;0.463227;0.000405;13.597898;5.838586;9.851828;4.706372;5.618812;1.923929;2.040278;0.317447;2.733376
5335.61;2867;2880;6.000000;0.479483;0.000404;12.460568;5.762263;9.346032;4.811811;5.809872;1.963187;2.885243;0.317587;2.351857
5337.41;2868;2881;6.000000;0.474391;0.000569;12.743752;5.830925;9.453226;4.814785;5.906163;1.920791;3.110495;0.313470;2.494232
5339.21;2869;2882;6.000000;0.485882;0.000550;12.903241;5.684760;9.806365;4.810265;5.916639;1.901135;2.215951;0.315333;2.876036
5341.01;2870;2883;6.000000;0.486899;0.000300;12.612533;5.681234;9.607002;4.817709;5.497712;1.861903;1.097704;0.309579;1.917820
5342.81;2871;2884;6.000000;0.495967;0.000173;12.473567;5.669050;9.672509;4.894477;5.918942;1.934843;2.509124;0.314398;2.410593
5344.61;2872;2885;5.000000;0.483359;0.000392;12.977276;5.806505;9.812681;4.887996;5.670347;1.976882;1.318567;0.323376;2.216789
5346.41;2873;2886;6.000000;0.461732;0.000367;12.644739;6.218417;9.112957;4.989005;4.603938;1.852820;0.000100;0.320723;0.848399
5348.21;2874;2887;6.000000;0.453545;0.000341;12.974234;6.281035;9.198588;4.952462;5.423362;1.886516;0.957998;0.327152;2.219460
5350.01;2875;2888;6.000000;0.439291;0.000173;12.653623;6.616568;8.694442;5.057153;5.651607;1.985995;0.908709;0.332055;2.597537
5351.81;2876;2889;6.000000;0.429846;0.000173;12.314551;6.651046;8.267227;4.970132;5.545300;1.994283;1.015454;0.330645;2.178596
5353.61;2877;2890;6.000000;0.413078;0.000392;12.659382;6.881892;8.180691;4.951019;5.900776;2.092229;1.902501;0.387137;2.292998
5355.41;2878;2891;6.000000;0.403988;0.000395;12.928099;7.069131;8.167897;4.968332;6.028548;2.127315;2.983368;0.341817;2.071131
5357.21;2879;2892;6.000000;0.403603;0.000590;13.008931;6.893714;8.213708;4.845746;6.171811;2.055846;2.968215;0.333099;2.690437
5359.01;2880;2893;6.000000;0.418648;0.000173;13.107962;6.754115;8.584741;4.924593;6.529632;2.138547;5.048269;0.336833;2.712154
5360.81;2881;2894;5.000000;0.418029;0.000652;14.147920;6.621476;9.251819;4.819439;5.593721;2.001848;0.753876;0.323263;1.391896
5362.61;2882;2895;5.000000;0.438121;0.000173;13.170632;6.341774;9.005284;4.830022;5.572375;2.002330;1.102140;0.326457;2.280838
5364.41;2883;2896;5.000000;0.399645;0.000327;15.263153;6.855900;9.538764;4.770514;5.647785;1.969917;1.107219;0.329181;2.787853
5366.21;2884;2897;5.000000;0.406151;0.000311;15.234880;6.768874;9.670661;4.785000;5.729806;1.997607;2.203816;0.325684;1.846858
5368.01;2885;2898;6.000000;0.424972;0.000173;15.240999;6.317176;10.130383;4.673022;5.561699;1.940538;1.791305;0.329579;2.489414
5369.81;2886;2899;6.000000;0.402654;0.000173;15.860810;6.621745;9.986478;4.640570;5.359436;1.863300;0.831129;0.315519;1.986622
5371.61;2887;2900;6.000000;0.401539;0.000314;16.217298;6.592042;10.175888;4.606865;5.802270;1.934078;2.701032;0.324139;2.701777
5373.41;2888;2901;6.000000;0.421165;0.000356;14.644680;6.443317;9.644915;4.725322;5.880870;1.953679;3.195710;0.313682;2.406932
5375.21;2889;2902;6.000000;0.420047;0.000307;14.718346;6.462525;9.665673;4.724609;5.951612;2.009299;3.466253;0.327895;2.162653
5377.01;2890;2903;6.000000;0.443872;0.000173;13.857007;6.095274;9.622188;4.711994;0.026462;1.979127;3.238543;0.319805;1.977559
5378.81;2891;2904;6.000000;0.420298;0.000449;15.264483;6.381080;10.032576;4.670688;0.026346;1.936122;3.031116;0.328190;1.510717
5380.61;2892;2905;6.000000;0.424166;0.000456;14.979532;6.354199;9.935934;4.692694;0.026476;1.975645;3.422453;0.318295;2.580458
5382.41;2893;2906;6.000000;0.441045;0.000173;14.108554;6.128718;9.729299;4.706542;0.026382;1.971461;0.575451;0.316312;1.840859
5384.21;2894;2907;6.000000;0.473663;0.000173;13.209537;5.758277;9.775711;4.743033;0.026237;1.947579;2.443836;0.313350;2.392801
5386.01;2895;2908;6.000000;0.440328;0.000316;13.480509;6.191626;9.285211;4.746362;0.025681;1.899818;1.920020;0.307974;2.540889
5387.81;2896;2909;6.000000;0.459787;0.000173;12.910798;5.896875;9.284178;4.721171;0.025675;1.901177;2.366520;0.309876;1.830114
5389.61;2897;2910;6.000000;0.456925;0.000308;14.103966;5.926336;10.076914;4.713771;0.026017;1.915337;2.642174;0.314718;1.729114
5391.41;2898;2911;6.000000;0.444795;0.000173;13.986547;6.160365;9.727673;4.770259;0.026084;1.960712;2.761866;0.319578;3.077889
5393.21;2899;2912;6.000000;0.442536;0.000319;14.258186;6.174721;9.870895;4.759038;0.025980;1.927063;3.303373;0.313278;2.626276
5395.01;2900;2913;6.000000;0.448542;0.000436;14.171968;6.040912;9.944298;4.719105;0.025974;1.887834;2.971146;0.316242;2.361317
5396.81;2901;2914;6.000000;0.473894;0.000173;13.630059;5.777552;10.102993;4.768005;0.026188;1.861707;2.542041;0.311773;1.623339
5398.61;2902;2915;6.000000;0.472582;0.000173;13.749621;5.818747;10.165148;4.789200;0.026186;1.861775;2.412181;0.313724;1.727043
5400.41;2903;2916;6.000000;0.461752;0.000173;13.994808;5.852696;10.079976;4.692136;0.025915;1.837482;2.691062;0.307621;2.252778
5402.21;2904;2917;6.000000;0.512727;0.000344;11.060717;5.911202;8.870676;5.277891;0.027213;2.009758;0.000100;0.543464;1.962920
5404.01;2905;2918;6.000000;0.514816;0.000173;10.862688;5.917040;8.745907;5.303721;0.026887;1.984433;0.000100;0.538475;2.525627
5405.81;2906;2919;6.000000;0.563784;0.000510;8.395573;5.994018;7.404680;5.885494;0.028469;2.162026;0.000100;0.732007;3.019174
5407.61;2907;2920;6.000000;0.545805;0.000320;8.725535;6.144766;7.446933;5.836692;0.028202;2.097074;0.000100;0.736651;2.462538
5409.41;2908;2921;6.000000;0.484165;0.000339;13.397894;5.680483;10.143829;4.787354;0.025582;1.807942;3.053373;0.326581;2.313169
5411.21;2909;2922;5.000000;0.466459;0.000173;13.767739;5.858039;10.041775;4.755300;0.025248;1.781714;2.556079;0.320104;2.425484
5413.01;2910;2923;5.000000;0.457504;0.000534;13.932861;6.022556;9.955379;4.791073;0.025224;1.769838;2.445768;0.318521;2.538621
5414.81;2911;2924;5.000000;0.502929;0.000173;12.381395;5.577194;9.738148;4.884533;0.025923;1.867145;2.852584;0.310379;3.119288
5416.61;2912;2925;5.000000;0.489427;0.000173;12.816814;5.741387;9.812242;4.893299;0.026300;1.901734;2.879176;0.317984;2.308199
5418.41;2913;2926;6.000000;0.488778;0.000491;12.340787;5.911671;9.418919;5.024417;0.026623;1.964793;2.377224;0.324787;1.863743
5420.21;2914;2927;6.000000;0.501591;0.000173;11.976459;5.726136;9.396011;5.001574;0.026688;1.995352;3.573944;0.322406;2.151436
5422.01;2915;2928;6.000000;0.492134;0.000173;12.375959;5.838068;9.526949;5.003274;0.026472;1.944369;3.659262;0.317956;2.704779
5423.81;2916;2929;6.000000;0.505336;0.000173;12.501619;5.606031;9.882646;4.934002;0.026349;1.949345;3.704280;0.322481;2.987441
5425.61;2917;2930;6.000000;0.491767;0.000349;12.600559;5.790911;9.693375;4.958673;0.026187;1.926272;3.409300;0.320882;2.297565
5427.41;2918;2931;6.000000;0.512695;0.000173;12.009456;5.566786;9.632080;4.970653;0.026311;1.931227;3.319760;0.319222;2.292609
5429.21;2919;2932;6.000000;0.511656;0.000329;12.714471;5.454428;10.176959;4.860503;0.026335;1.903297;3.583045;0.311375;2.405085
5431.01;2920;2933;6.000000;0.523732;0.000173;12.280542;5.303000;10.050102;4.833068;0.026112;1.870485;3.585228;0.311560;2.411171
5432.81;2921;2934;6.000000;0.504565;0.000173;12.679126;5.513097;10.007561;4.844654;0.026221;1.880506;2.906830;0.321823;2.038788
5434.61;2922;2935;6.000000;0.502769;0.000173;12.780149;5.540074;10.047438;4.848778;0.026334;1.904354;2.998118;0.315807;2.901743
5436.41;2923;2936;6.000000;0.491562;0.000311;14.115834;5.579033;10.834796;4.770745;0.026037;1.861685;2.478560;0.315192;1.791440
5438.21;2924;2937;6.000000;0.511931;0.000382;13.746008;5.352461;11.007428;4.771896;0.026120;1.876682;3.973340;0.316139;2.374097
5440.01;2925;2938;6.000000;0.519643;0.000173;13.324207;5.345441;10.780683;4.816951;0.025876;1.848488;4.802769;0.314675;2.388931
5441.81;2926;2939;6.000000;0.502550;0.000173;13.526274;5.537531;10.630492;4.845695;0.026441;1.881560;4.279235;0.319166;2.841831
5443.61;2927;2940;5.000000;0.506969;0.000173;13.304400;5.421922;10.551391;4.787090;0.025868;1.851608;4.481174;0.314657;2.520326
5445.41;2928;2941;5.000000;0.533123;0.000173;12.692316;5.176018;10.584232;4.805738;0.025865;1.843888;3.440233;0.317007;1.738756
5447.21;2929;2942;5.000000;0.515672;0.000173;13.020699;5.363391;10.484115;4.807476;0.026242;1.877250;4.193359;0.313983;3.044143
5449.01;2930;2943;5.000000;0.507615;0.000367;13.119536;5.392892;10.416467;4.766887;0.025818;1.857435;3.423154;0.315489;2.883944
5450.81;2931;2944;6.000000;0.516987;0.000173;13.864828;5.076464;11.187397;4.562789;0.025846;1.848764;2.595832;0.301958;2.118189
5452.61;2932;2945;6.000000;0.506499;0.000173;14.275291;5.197285;11.306865;4.584164;0.025518;1.862132;2.872337;0.305384;1.900134
5454.41;2933;2946;6.000000;0.519204;0.000173;14.030438;5.049483;11.393345;4.564270;0.025557;1.852452;3.839021;0.295682;2.833863
5456.21;2934;2947;6.000000;0.532686;0.000307;13.711162;4.905130;11.425806;4.550643;0.025834;1.878343;4.092917;0.309016;1.766551
5458.01;2935;2948;6.000000;0.529564;0.000366;13.548825;4.965425;11.224594;4.579383;0.026091;1.907194;4.543011;0.308215;1.999480
5459.81;2936;2949;6.000000;0.523339;0.000349;13.975930;5.000469;11.427032;4.552178;0.025893;1.868981;4.386290;0.296643;2.990874
5461.61;2937;2950;6.000000;0.517749;0.000462;14.420205;4.980711;11.677667;4.490347;0.025969;1.904096;3.894358;0.304933;2.855808
5463.41;2938;2951;6.000000;0.529380;0.000173;13.796754;4.880326;11.419731;4.495669;0.025476;1.854257;3.634720;0.306445;3.026745
5465.21;2939;2952;6.000000;0.514254;0.000173;13.961917;5.162052;11.221410;4.619220;0.026251;1.881709;4.544490;0.316376;2.740463
5467.01;2940;2953;6.000000;0.542739;0.000173;13.085532;4.918903;11.103054;4.648421;0.026236;1.897209;4.224013;0.308896;2.191447
5468.81;2941;2954;5.000000;0.523995;0.000173;12.852879;5.203979;10.528628;4.744854;0.026483;1.975989;0.704783;0.303017;2.663322
5470.61;2942;2955;5.000000;0.512456;0.000339;13.272623;5.347753;10.634499;4.770112;0.026670;1.998765;3.228328;0.315015;1.987952
5472.41;2943;2956;5.000000;0.532244;0.000173;12.610125;5.138907;10.486816;4.758468;5.953481;1.985975;3.329006;0.314571;2.641897
5474.21;2944;2957;5.000000;0.463320;0.000173;13.833530;5.987264;10.025755;4.830535;6.027843;2.050367;3.018986;0.310774;2.552153
5476.01;2945;2958;5.000000;0.496050;0.000468;13.498655;5.508312;10.475126;4.758786;5.972502;2.015708;3.344167;0.310496;2.015970
5477.81;2946;2959;5.000000;0.496029;0.000304;13.275150;5.661521;10.301575;4.890206;6.091271;2.057066;3.508723;0.311430;1.796649
5479.61;2947;2960;5.000000;0.463120;0.000343;13.958166;6.010198;10.108720;4.847394;6.128290;2.121596;3.754141;0.314942;2.108443
5481.41;2948;2961;5.000000;0.485556;0.000173;13.277689;5.747147;10.085482;4.859628;6.132977;2.067666;3.778317;0.318182;2.873342
5483.21;2949;2962;5.000000;0.497159;0.000173;13.013550;5.590245;10.116659;4.838980;6.366168;2.087313;3.643240;0.309435;2.001768
5485.01;2950;2963;5.000000;0.464448;0.000173;14.321924;5.820712;10.402545;4.707395;6.030328;2.031807;3.509289;0.297096;2.059742
5486.81;2951;2964;5.000000;0.445589;0.000487;14.734168;6.137426;10.270746;4.762914;5.267807;1.991807;1.520699;0.290698;2.395589
5488.61;2952;2965;5.000000;0.462230;0.000173;14.332564;5.887444;10.362640;4.739048;5.541482;2.007179;2.121931;0.303125;1.781246
5490.41;2953;2966;5.000000;0.447024;0.000173;16.250435;6.022301;11.364021;4.688456;6.020266;1.996983;2.742022;0.304300;2.285455
5492.21;2954;2967;5.000000;0.456496;0.000173;18.029168;5.311163;12.875231;4.222617;5.368112;1.907059;2.588154;0.278072;2.327792
5494.01;2955;2968;5.000000;0.439795;0.000173;18.886576;5.469743;12.994253;4.189544;5.542416;1.868049;2.889959;0.275988;2.906722
5495.81;2956;2969;5.000000;0.482699;0.000173;16.994953;5.061996;12.831445;4.252599;5.411722;1.856772;2.686135;0.274743;2.039792
5497.61;2957;2970;5.000000;0.488278;0.000450;16.215756;4.731651;12.366018;4.017438;5.456854;1.915673;3.264749;0.260980;2.305870
5499.41;2958;2971;5.000000;0.456385;0.000173;18.071336;5.275912;12.901895;4.193531;5.399731;1.799164;2.046702;0.274558;1.789259
5501.21;2959;2972;5.000000;0.501915;0.000337;15.725602;4.629074;12.334653;4.040656;5.453194;1.927735;2.499027;0.262739;2.242078
5503.01;2960;2973;5.000000;0.498371;0.000505;16.004360;4.670755;12.461959;4.049055;5.583805;1.900832;3.019125;0.267959;2.443847
5504.81;2961;2974;5.000000;0.479165;0.000173;16.391157;4.881515;12.283154;4.073352;4.900900;1.871957;1.218775;0.257005;1.613227
5506.61;2962;2975;5.000000;0.507447;0.000173;14.863189;4.773899;11.755286;4.208624;5.283937;1.792129;0.000100;0.293060;2.386960
5508.41;2963;2976;5.000000;0.487213;0.000173;15.256134;4.895493;11.627913;4.153895;5.251410;1.790506;0.000100;0.288518;1.993124
5510.21;2964;2977;6.000000;0.497811;0.000632;14.764925;4.805796;11.494404;4.165350;5.248385;1.759555;0.000100;0.290554;1.819151
5512.01;2965;2978;6.000000;0.633984;0.000588;6.817565;3.329726;6.760650;3.675283;5.728531;2.532229;2.231194;0.310296;1.131787
5513.81;2966;2979;6.000000;0.638689;0.000462;7.285422;3.369901;7.278277;3.747983;5.695183;2.446510;0.711617;0.303922;1.421262
5515.61;2967;2980;6.000000;0.603617;0.000586;7.849095;3.530271;7.388522;3.700651;5.786940;2.495178;0.896353;0.297609;2.207871
5517.41;2968;2981;6.000000;0.717413;0.000633;2.819713;2.426190;3.132791;3.007466;5.330303;2.869775;1.904186;0.269139;0.750466
5519.21;2969;2982;7.000000;0.849778;0.000722;2.349576;2.353558;3.104489;3.468513;5.705579;3.111797;22.226148;0.322246;0.200737
5521.01;2970;2983;7.000000;0.896602;0.000776;2.101158;2.319224;3.048357;3.330528;5.166083;2.484776;45.272690;0.362356;0.200737
5522.81;2971;2984;7.000000;0.974238;0.000751;2.512331;2.153241;3.824341;3.651353;5.750421;2.756442;22.956030;0.342466;0.682975
5524.61;2972;2985;7.000000;0.991167;0.000874;2.897548;2.077624;4.478718;3.577916;5.830263;2.745544;26.048748;0.319391;1.287275
5526.41;2973;2986;6.000000;0.985502;0.000984;2.968506;2.110569;4.576578;3.622533;5.731369;2.680049;48.427000;0.325753;0.920644
5528.21;2974;2987;6.000000;0.910597;0.000864;3.216741;2.282485;4.535578;3.587160;5.908003;2.721646;25.299061;0.324864;0.526709
5530.01;2975;2988;6.000000;0.886889;0.000787;3.262973;2.442491;4.517978;3.765688;6.171216;2.978415;27.569084;0.317682;1.134798
5531.81;2976;2989;6.000000;0.751022;0.000627;3.773030;2.835144;4.428736;3.706098;6.231558;2.935094;3.696095;0.308148;1.307365
5533.61;2977;2990;6.000000;0.686484;0.000807;3.900909;3.072246;4.189248;3.673001;6.122763;3.046972;4.604054;0.291382;0.800317
5535.41;2978;2991;6.000000;0.507359;0.000173;12.728014;4.923714;10.092232;4.343921;5.598740;2.038855;1.595529;0.325405;1.559812
5537.21;2979;2992;6.000000;0.490171;0.000417;13.142366;5.038441;10.076958;4.300078;5.920251;2.114289;2.660798;0.317912;2.166644
5539.01;2980;2993;6.000000;0.441271;0.000616;14.012306;5.505997;9.666873;4.229149;5.793770;2.242131;3.116397;0.276188;1.913128
5540.81;2981;2994;6.000000;0.484508;0.000173;12.060712;4.990787;9.119467;4.198396;5.544677;2.308299;2.326600;0.283912;1.844420
5542.61;2982;2995;6.000000;0.441125;0.000459;15.855143;6.061274;10.941223;4.656648;5.900640;1.946725;2.791286;0.308628;1.569030
5544.41;2983;2996;6.000000;0.415321;0.000173;16.972230;6.482235;11.027579;4.688854;5.833415;1.943209;2.952315;0.297766;2.640157
5546.21;2984;2997;5.000000;0.428321;0.000447;16.535817;6.251557;11.078744;4.662472;5.949139;1.974886;4.073334;0.297748;2.301323
5548.01;2985;2998;5.000000;0.454933;0.000173;15.572071;5.884747;11.068174;4.658819;6.076470;1.997803;3.146696;0.299942;2.921687
5549.81;2986;2999;6.000000;0.478179;0.000302;16.979734;5.266063;12.699010;4.385282;5.513871;1.827094;3.416560;0.277780;2.638082
5551.61;2987;3000;6.000000;0.447763;0.000173;18.679691;5.428915;13.084423;4.233470;5.688982;1.784556;3.099538;0.278871;2.287214
5553.41;2988;3001;6.000000;0.455436;0.000612;17.922456;5.375365;12.768286;4.263430;5.806506;1.827454;2.978307;0.284690;2.195869
5555.21;2989;3002;6.000000;0.464695;0.000347;17.622358;5.181192;12.809757;4.193305;5.552610;1.766717;2.928962;0.268244;2.275451
5557.01;2990;3003;5.000000;0.455647;0.000548;17.470881;5.338244;12.448074;4.233088;5.260438;1.752353;2.787597;0.270097;2.404880
5558.81;2991;3004;5.000000;0.495263;0.000311;16.647063;4.932693;12.838812;4.242236;5.613361;1.838770;2.741006;0.278968;1.519812
5560.61;2992;3005;5.000000;0.494996;0.000173;16.652686;4.860180;12.895266;4.189903;5.877981;1.832084;3.083002;0.278078;2.111985
5562.41;2993;3006;5.000000;0.482010;0.000420;17.017830;5.010128;12.802272;4.195535;5.613781;1.822965;3.352812;0.282158;2.545691
5564.21;2994;3007;5.000000;0.462398;0.000327;17.772388;5.157977;12.852607;4.152708;5.550143;1.762077;3.666211;0.265718;2.242168
5566.01;2995;3008;5.000000;0.477469;0.000173;17.071412;5.017686;12.750840;4.172360;5.490468;1.773807;3.616926;0.268559;1.272247
5567.81;2996;3009;5.000000;0.479899;0.000552;16.854796;5.026887;12.650257;4.200600;5.676626;1.818578;3.523957;0.271232;1.892088
5569.61;2997;3010;5.000000;0.507257;0.000391;16.082300;4.794745;12.750792;4.232696;5.544127;1.770159;1.790491;0.261516;1.920443
5571.41;2998;3011;5.000000;0.481262;0.000320;17.114295;5.019742;12.883054;4.206365;5.568527;1.786568;2.799228;0.267328;2.156751
5573.21;2999;3012;5.000000;0.462612;0.000173;17.644206;5.248153;12.740693;4.220564;5.553953;1.831391;2.554496;0.269437;2.178813
5575.01;3000;3013;5.000000;0.449841;0.000173;18.815021;5.304637;13.240560;4.155927;5.713406;1.774002;2.270707;0.265580;1.990302
5576.81;3001;3014;5.000000;0.455221;0.000173;18.105615;5.307790;12.893858;4.208099;5.671131;1.799996;2.585836;0.263865;2.591488
5578.61;3002;3015;5.000000;0.467074;0.000173;17.929432;5.188293;13.065586;4.208529;5.690236;1.805771;2.600635;0.272600;2.029403
5580.41;3003;3016;5.000000;0.469484;0.000324;18.561692;5.126693;13.621775;4.189152;5.636213;1.726048;2.535462;0.271720;3.607211
5582.21;3004;3017;5.000000;0.449030;0.000348;19.030695;5.385457;13.352913;4.204229;5.473482;1.658750;2.400476;0.274650;2.290125
5584.01;3005;3018;5.000000;0.466472;0.000613;18.449017;5.124463;13.458877;4.161225;5.606802;1.710513;2.687791;0.270810;1.852603
5585.81;3006;3019;5.000000;0.472368;0.000397;18.100458;5.065259;13.375141;4.167026;5.685199;1.695395;2.823040;0.271116;2.896487
5587.61;3007;3020;5.000000;0.469057;0.000582;18.205073;5.158893;13.358527;4.214376;5.586649;1.693421;2.025035;0.266128;2.212268
5589.41;3008;3021;5.000000;0.487209;0.000560;15.533076;5.128954;11.833158;4.348339;5.889703;1.981482;2.934513;0.285201;2.071190
5591.21;3009;3022;4.000000;0.469452;0.000301;14.869244;5.430176;10.916332;4.438198;5.686718;1.993985;1.281173;0.288937;2.236449
5593.01;3010;3023;4.000000;0.491451;0.000359;15.019052;5.127806;11.514660;4.378938;5.806267;1.980035;2.595476;0.289162;1.884667
5594.81;3011;3024;4.000000;0.502825;0.000392;14.050542;5.098943;11.047811;4.463123;6.134253;2.099091;2.107229;0.297634;1.831508
5596.61;3012;3025;5.000000;0.521754;0.000369;12.809798;5.075549;10.439741;4.604790;6.336481;2.168574;3.024558;0.306448;3.066778
5598.41;3013;3026;5.000000;0.720906;0.000340;11.492771;3.590408;12.957778;4.507538;6.220220;1.999203;4.295019;0.303235;2.555408
5600.21;3014;3027;5.000000;0.561400;0.000510;11.497407;4.854595;10.093617;4.740894;5.735251;2.141468;0.824497;0.316964;2.288908
5602.01;3015;3028;5.000000;0.507077;0.000430;15.009722;4.943934;11.890752;4.361969;5.869993;1.924778;3.619458;0.283538;2.380989
5603.81;3016;3029;4.000000;0.579939;0.000302;10.775058;4.780141;9.762846;4.822991;6.438154;2.242178;1.938452;0.318716;2.972928
5605.61;3017;3030;4.000000;0.551525;0.000621;11.079552;4.968098;9.556656;4.771231;6.202404;2.172661;1.108501;0.303229;3.029636
5607.41;3018;3031;4.000000;0.588282;0.000352;9.242208;5.142247;8.496729;5.262288;6.614889;2.362416;1.877242;0.337244;2.055078
5609.21;3019;3032;6.000000;0.561482;0.000173;8.170420;5.726574;7.164441;5.587593;5.914335;2.396804;0.000100;0.336080;2.045767
5611.01;3020;3033;6.000000;0.620217;0.000173;7.602752;5.271278;7.373140;5.690536;6.574949;2.378711;1.704803;0.341781;2.389323
5612.81;3021;3034;6.000000;0.584747;0.000325;7.430993;5.673378;6.792984;5.775147;6.847762;2.378333;1.820807;0.345454;2.348894
5614.61;3022;3035;5.000000;0.609472;0.000173;7.495371;5.449430;7.137820;5.778656;6.862970;2.331279;1.661641;0.348075;3.150695
5616.41;3023;3036;5.000000;0.604444;0.000173;7.574928;5.558132;7.161114;5.850377;6.859839;2.348324;0.000100;0.339956;2.564563
5618.21;3024;3037;5.000000;0.569828;0.000173;7.034691;5.869941;6.260915;5.821333;6.312194;2.305837;0.000100;0.338570;2.294318
5620.01;3025;3038;5.000000;0.602808;0.000471;7.044293;5.596042;6.636949;5.865494;7.057122;2.406342;1.669814;0.352324;2.531075
5621.81;3026;3039;5.000000;0.599852;0.000173;7.124751;5.654562;6.684321;5.906258;7.082075;2.457042;0.686268;0.355871;3.474805
5623.61;3027;3040;6.000000;0.584877;0.000173;7.354711;5.789951;6.730143;5.897452;6.988943;2.470404;1.727232;0.350169;2.567612
5625.41;3028;3041;5.000000;0.564826;0.000173;6.997621;5.973817;6.178710;5.871496;6.904506;2.473426;1.695782;0.355360;2.577320
5627.21;3029;3042;6.000000;0.505502;0.000173;7.649891;6.683283;6.049528;5.883907;5.998332;2.437370;0.000100;0.360917;1.607182
5629.01;3030;3043;6.000000;0.493561;0.000173;8.090403;6.732200;6.243376;5.785435;6.290275;2.394513;0.000100;0.358946;1.206092
5630.81;3031;3044;6.000000;0.482202;0.000297;8.117434;6.935476;6.123306;5.824453;6.712966;2.459028;1.961785;0.358595;2.349690
5632.61;3032;3045;6.000000;0.473476;0.000173;8.770805;6.819506;6.492193;5.621143;6.848254;2.428114;1.839748;0.362612;3.033721
5634.41;3033;3046;6.000000;0.499351;0.000325;7.995430;6.637188;6.211629;5.741298;7.090676;2.530116;2.664791;0.362808;2.754434
5636.21;3034;3047;6.000000;0.467897;0.000173;8.684232;6.953733;6.352672;5.663098;6.981804;2.484281;2.816626;0.358384;2.021246
5638.01;3035;3048;6.000000;0.480599;0.000319;8.318605;6.822160;6.253704;5.710070;6.967483;2.499052;2.522384;0.353947;2.280314
5639.81;3036;3049;6.000000;0.496305;0.000173;7.954873;6.567075;6.172304;5.673291;6.764400;2.476521;1.884966;0.353986;1.762311
5641.61;3037;3050;6.000000;0.504547;0.000312;7.797522;6.472394;6.150498;5.682017;6.931574;2.508077;2.857976;0.357457;2.055452
5643.41;3038;3051;6.000000;0.498959;0.000358;8.246865;6.521961;6.428084;5.658440;7.130786;2.561534;2.454678;0.363696;1.901718
5645.21;3039;3052;5.000000;0.487415;0.000621;8.303459;6.545157;6.311535;5.536527;5.604096;2.393632;0.000100;0.352814;1.288354
5647.01;3040;3053;5.000000;0.488729;0.000596;8.369532;6.474217;6.395876;5.509020;5.842096;2.389797;0.000100;0.347752;2.346744
5648.81;3041;3054;5.000000;0.509772;0.000411;8.185412;6.349791;6.527676;5.637527;6.384074;2.521869;0.838610;0.361987;2.295175
5650.61;3042;3055;5.000000;0.520062;0.000173;8.122340;6.318515;6.602979;5.719855;6.599888;2.543997;1.662544;0.373104;1.747696
5652.41;3043;3056;5.000000;0.509233;0.000345;8.148106;6.294025;6.490583;5.581664;6.513736;2.515165;1.334047;0.361380;1.766235
5654.21;3044;3057;5.000000;0.523178;0.000412;8.081932;6.272120;6.612434;5.713909;6.822010;2.591356;1.240822;0.369598;2.617603
5656.01;3045;3058;5.000000;0.521878;0.000173;7.534304;6.300290;6.138656;5.719169;6.934896;2.571630;1.685117;0.371078;2.228417
5657.81;3046;3059;5.000000;0.560405;0.000421;6.703451;5.880291;5.876834;5.739228;6.545876;2.551225;0.000100;0.359081;1.798305
5659.61;3047;3060;5.000000;0.519960;0.000378;6.914138;6.450839;5.609527;5.829920;7.020873;2.602312;2.654132;0.362768;2.839668
5661.41;3048;3061;5.000000;0.626296;0.000352;6.534155;5.169848;6.401792;5.638509;7.004371;2.544144;3.580780;0.371750;2.276674
5663.21;3049;3062;5.000000;0.529204;0.000173;6.521748;6.332913;5.392072;5.828047;6.069985;2.596507;0.000100;0.358869;2.075817
5665.01;3050;3063;5.000000;0.554261;0.000309;6.678230;6.098376;5.789288;5.884598;6.868064;2.673336;2.189243;0.375192;2.014455
5666.81;3051;3064;5.000000;0.546968;0.000395;6.184215;6.046352;5.289025;5.758049;5.899192;2.541430;0.000100;0.348960;2.038620
5668.61;3052;3065;5.000000;0.637405;0.000173;5.090578;5.140844;5.073728;5.704945;6.655545;2.789781;0.000100;0.393299;1.829087
5670.41;3053;3066;5.000000;0.627008;0.000173;5.136123;5.246501;5.036809;5.728072;6.842463;2.800737;1.050588;0.383737;2.121482
5672.21;3054;3067;5.000000;0.690078;0.000361;4.679751;4.769037;5.049204;5.728169;7.031473;2.830863;1.887715;0.379231;2.260941
5674.01;3055;3068;5.000000;0.987628;0.000553;2.436912;2.716495;3.761847;4.667581;6.534799;2.732894;2.632967;0.378292;2.046403
5675.81;3056;3069;5.000000;0.933712;0.000619;2.555118;2.800040;3.726314;4.549165;6.474854;2.755332;2.543862;0.380065;1.396019
5677.61;3057;3070;5.000000;0.933908;0.000514;2.621350;2.848696;3.828988;4.632316;5.829517;2.480828;0.000100;0.375477;1.662513
5679.41;3058;3071;5.000000;0.903084;0.000624;2.621011;2.953896;3.699697;4.639758;5.899747;2.593449;0.000100;0.386196;1.251545
5681.21;3059;3072;5.000000;0.938732;0.000539;2.620536;2.922388;3.841704;4.771050;6.527997;2.654973;0.963492;0.370502;1.554670
5683.01;3060;3073;5.000000;0.941025;0.000295;2.751067;2.976946;4.049999;4.878839;6.786027;2.642908;2.509159;0.374930;2.338347
5684.81;3061;3074;5.000000;0.844044;0.000639;3.717568;3.705741;4.909284;5.447314;7.203665;2.981406;2.865403;0.376346;2.070187
5686.61;3062;3075;5.000000;0.732585;0.000360;4.024335;4.222840;4.611183;5.386640;6.707742;2.881917;1.664305;0.355645;2.101767
5688.41;3063;3076;5.000000;0.742524;0.000388;4.953352;4.166761;5.753950;5.388370;7.061372;2.753124;3.413604;0.370403;2.420318
5690.21;3064;3077;5.000000;0.743856;0.000379;5.068218;4.168235;5.896994;5.397983;7.059436;2.804904;3.975898;0.366692;1.980252
5692.01;3065;3078;5.000000;0.730149;0.000601;5.308826;4.215161;6.063218;5.359880;7.324334;2.788287;4.345985;0.364609;2.402543
5693.81;3066;3079;5.000000;0.729649;0.000376;5.575016;4.167155;6.363500;5.294813;7.357612;2.760357;4.857523;0.368506;2.470202
5695.61;3067;3080;4.000000;0.674311;0.000582;6.015799;4.554538;6.345954;5.348813;6.738726;2.801654;2.431492;0.366126;2.220244
5697.41;3068;3081;4.000000;0.733274;0.000355;5.544364;4.181574;6.359872;5.340249;7.049264;2.821127;2.988946;0.375933;2.366550
5699.21;3069;3082;4.000000;0.705131;0.000850;5.759995;4.352833;6.352860;5.344512;7.237019;2.818488;3.280670;0.365709;2.577435
5701.01;3070;3083;4.000000;0.698025;0.000342;6.030577;4.250662;6.583432;5.166010;6.797383;2.902976;2.055332;0.365813;1.835135
5702.81;3071;3084;4.000000;0.699654;0.000645;6.044159;4.275859;6.597777;5.200865;6.761976;2.853895;1.980011;0.356428;1.829828
5704.61;3072;3085;4.000000;0.712345;0.000173;5.993721;4.193347;6.678891;5.202324;6.926915;2.871409;2.416724;0.362662;2.126176
5706.41;3073;3086;5.000000;0.547054;0.000604;4.955821;4.156057;4.235377;3.956570;4.590896;2.711686;0.000100;0.308927;1.107971
5708.21;3074;3087;5.000000;0.587340;0.000736;4.423097;3.750142;4.065236;3.836797;4.565081;2.728204;0.000100;0.280065;1.172452
5710.01;3075;3088;5.000000;0.557591;0.000648;4.541864;3.969002;3.953075;3.849510;4.549913;2.773324;0.000100;0.292994;0.852355
5711.81;3076;3089;5.000000;0.612098;0.000585;5.459945;4.581610;5.228285;4.884014;6.650387;3.064061;1.355070;0.383261;2.039419
5713.61;3077;3090;5.000000;0.652877;0.000827;4.993395;4.744238;5.100462;5.394317;6.088277;2.977026;0.676463;0.378832;1.134149
5715.41;3078;3091;5.000000;0.870289;0.000329;5.114878;3.389083;6.962756;5.136923;6.745897;2.686514;2.929961;0.382461;2.374828
5717.21;3079;3092;4.000000;0.711424;0.000546;4.569981;4.554583;5.081967;5.633447;6.610208;2.954645;1.126144;0.387575;2.513625
5719.01;3080;3093;4.000000;0.739583;0.000658;4.122867;4.443619;4.769716;5.720004;7.219052;3.048364;3.136730;0.400779;1.938133
5720.81;3081;3094;4.000000;0.784842;0.000173;3.947348;4.212193;4.836256;5.749707;7.814914;3.094931;4.916246;0.392163;3.260464
5722.61;3082;3095;4.000000;0.808361;0.000368;3.815036;4.076861;4.824785;5.738512;7.897798;3.110381;4.533258;0.404855;2.057116
5724.41;3083;3096;4.000000;0.840051;0.000359;3.380308;3.952195;4.441293;5.780936;7.879403;3.129152;4.314155;0.395248;1.829049
5726.21;3084;3097;4.000000;1.115477;0.000640;4.243692;2.609508;7.406390;5.067617;7.715804;2.680935;5.804426;0.406867;2.896853
5728.01;3085;3098;3.000000;0.826598;0.000326;3.422670;3.999958;4.425807;5.758423;6.891668;3.139166;0.677880;0.404671;1.488746
5729.81;3086;3099;3.000000;0.842513;0.000483;3.227436;3.898497;4.252950;5.718053;7.420520;3.178368;1.954239;0.420432;1.860114
5731.61;3087;3100;5.000000;0.800244;0.000550;3.400204;4.342226;4.255243;6.043873;6.297083;2.930723;0.000100;0.505708;2.007635
5733.41;3088;3101;4.000000;0.805264;0.000813;3.262848;4.086179;4.104131;5.724566;6.646938;3.081193;0.931011;0.393263;1.302853
5735.21;3089;3102;4.000000;0.851193;0.000736;3.218737;3.882376;4.280223;5.749029;7.282192;3.129457;2.921026;0.396966;2.113734
5737.01;3090;3103;4.000000;0.903771;0.000342;3.118234;3.664166;4.409007;5.767213;7.893296;3.138394;4.647342;0.392884;2.602461
5738.81;3091;3104;4.000000;0.910014;0.000608;2.819710;3.608000;4.012472;5.715672;7.419033;3.088345;3.509005;0.396803;2.432687
5740.61;3092;3105;4.000000;0.934089;0.000664;2.539496;3.602773;3.710516;5.860825;8.185189;3.289978;4.279221;0.415386;2.692952
5742.41;3093;3106;4.000000;0.987756;0.000173;2.617197;3.405297;4.043950;5.858086;7.831505;3.284378;3.906956;0.418735;2.325803
5744.21;3094;3107;4.000000;1.062508;0.000551;2.100731;3.201571;3.491660;5.924373;8.041945;3.387480;4.679712;0.422095;2.136504
5746.01;3095;3108;3.000000;1.011097;0.000543;1.988503;3.389351;3.145256;5.968529;7.857478;3.437537;3.131094;0.426059;1.661212
5747.81;3096;3109;4.000000;0.993216;0.000386;2.738445;3.361743;4.254448;5.812661;7.951097;3.269162;4.359329;0.413948;2.548497
5749.61;3097;3110;4.000000;1.058677;0.000389;1.927841;3.228298;3.188142;5.943875;8.190682;3.458786;3.109151;0.435067;1.999870
5751.41;3098;3111;4.000000;1.019221;0.000540;2.026115;3.373654;3.230652;5.988393;8.285083;3.497858;3.885918;0.439299;2.144196
5753.21;3099;3112;4.000000;0.937050;0.000721;1.881758;3.671852;2.760463;5.989440;7.930898;3.395906;4.068191;0.431310;1.976641
5755.01;3100;3113;4.000000;1.097499;0.000414;2.724207;2.950055;4.674309;5.631064;8.052851;3.080661;4.595459;0.431230;2.463353
5756.81;3101;3114;4.000000;0.935643;0.000380;2.087660;3.736528;3.055728;6.088586;7.436375;3.286131;1.864606;0.429685;1.922313
5758.61;3102;3115;4.000000;0.899787;0.000390;1.904559;3.921387;2.681986;6.139648;7.794016;3.350721;2.717565;0.434883;1.934166
5760.41;3103;3116;4.000000;0.861815;0.000554;1.772707;4.204468;2.386118;6.304301;8.548937;3.560787;3.648469;0.454269;2.490582
5762.21;3104;3117;4.000000;0.848785;0.000364;1.770097;4.235517;2.349883;6.260276;8.246132;3.486236;2.605675;0.450271;2.497281
5764.01;3105;3118;4.000000;0.885238;0.000338;1.733673;4.052023;2.401251;6.246851;8.338914;3.519031;4.253121;0.448295;1.965319
5765.81;3106;3119;4.000000;0.920214;0.000582;1.679998;3.919688;2.418615;6.281616;8.622509;3.512665;4.193935;0.450011;2.296365
5767.61;3107;3120;4.000000;0.897373;0.000548;1.926734;3.369406;2.701127;5.260311;8.238673;3.408312;5.269398;0.402845;1.818729
5769.41;3108;3121;4.000000;0.827962;0.000571;2.026859;3.654595;2.625265;5.269933;7.814369;3.349344;3.896528;0.398072;1.920565
5771.21;3109;3122;4.000000;0.802943;0.000553;1.868187;3.692853;2.346589;5.163887;6.549816;3.188764;1.722521;0.375299;1.639533
5773.01;3110;3123;6.000000;0.820351;0.000474;1.693520;3.478886;2.171946;4.969833;7.398340;3.392305;3.758282;0.375387;1.470077
5774.81;3111;3124;6.000000;0.819221;0.000173;1.736868;3.477388;2.222916;4.957955;7.437230;3.267191;4.126129;0.392999;1.388899
5776.61;3112;3125;6.000000;0.817291;0.000760;1.659538;3.556465;2.113187;5.038142;7.675383;3.343166;4.161658;0.387890;1.843233
5778.41;3113;3126;6.000000;0.818607;0.000674;1.486730;3.541774;1.904729;5.049260;7.927098;3.470041;5.487512;0.415913;1.646634
5780.21;3114;3127;6.000000;0.894466;0.000724;1.436193;3.277810;2.009648;5.106234;7.790292;3.419359;3.916344;0.384890;1.626840
5782.01;3115;3128;6.000000;0.826080;0.000545;1.605123;3.644347;2.073281;5.242198;8.247192;3.394533;6.146381;0.410134;1.573075
5783.81;3116;3129;6.000000;0.882907;0.000724;1.448609;3.441746;2.001346;5.292846;8.298903;3.575157;7.030471;0.422838;1.575464
5785.61;3117;3130;5.000000;0.848803;0.000563;1.187839;3.611917;1.575931;5.337567;7.019671;3.585013;1.763560;0.430305;0.852925
5787.41;3118;3131;5.000000;0.789166;0.000525;1.266731;3.838772;1.562854;5.274113;7.219346;3.518186;2.670667;0.407270;1.532612
5789.21;3119;3132;5.000000;0.774355;0.000337;1.335406;4.012379;1.616562;5.406587;7.147223;3.529306;2.252886;0.410494;1.129157
5791.01;3120;3133;5.000000;0.834432;0.000603;1.157010;3.644007;1.509847;5.294777;7.510307;3.559789;2.870311;0.396991;1.075626
5792.81;3121;3134;5.000000;0.771777;0.000582;1.332460;4.035353;1.606612;5.421957;7.463816;3.552253;2.343219;0.420054;1.433060
5794.61;3122;3135;5.000000;0.866947;0.000494;1.070608;3.532335;1.451721;5.333250;7.364045;3.535423;3.662428;0.390290;1.553044
5796.41;3123;3136;5.000000;0.949008;0.000413;0.973197;3.259205;1.444345;5.385789;7.522761;3.606325;4.017335;0.415090;1.651721
5798.21;3124;3137;5.000000;0.853275;0.000854;1.144369;3.618568;1.527290;5.375541;7.721674;3.599154;3.807882;0.414583;1.548958
5800.01;3125;3138;5.000000;0.772755;0.000386;1.223895;4.193766;1.478942;5.638684;7.354641;3.356534;0.000100;0.396380;1.065460
5801.81;3126;3139;5.000000;0.792065;0.000424;1.490864;3.882826;1.846161;5.356013;7.708166;3.018169;0.855077;0.389699;1.378081
5803.61;3127;3140;6.000000;0.848296;0.000766;1.590812;3.313620;2.110792;4.895274;7.965405;2.884139;1.805320;0.350755;1.385003
5805.41;3128;3141;6.000000;0.872858;0.001088;1.575121;3.056547;2.149638;4.644775;8.034934;2.962114;1.152946;0.339920;1.166191
5807.21;3129;3142;6.000000;0.869098;0.001113;1.903424;2.956774;2.587713;4.475538;8.206495;2.774260;2.784859;0.334681;1.001841
5809.01;3130;3143;6.000000;0.901786;0.000816;1.778725;2.859386;2.505405;4.484451;8.214148;2.679485;3.220746;0.335954;0.830966
5810.81;3131;3144;6.000000;0.883652;0.000543;1.806715;2.876392;2.495611;4.424371;8.282388;2.698481;3.072298;0.326341;1.387672
5812.61;3132;3145;6.000000;0.866740;0.000830;1.874252;2.920977;2.541407;4.409262;8.206964;2.737989;3.085201;0.318370;1.492443
5814.41;3133;3146;6.000000;0.810344;0.001139;1.947791;3.081618;2.469254;4.349011;8.055127;2.742113;2.944889;0.311037;1.034387
5816.21;3134;3147;6.000000;0.872051;0.000745;1.866280;2.897915;2.544844;4.397822;8.486118;2.790683;3.283123;0.330413;1.042678
5818.01;3135;3148;6.000000;0.823894;0.000558;1.364950;3.492671;1.758914;5.010262;7.250145;3.213019;0.000100;0.363569;1.266990
5819.81;3136;3149;6.000000;0.803812;0.000582;1.478873;3.823227;1.859668;5.351870;7.634343;3.218030;1.456220;0.394776;1.218074
5821.61;3137;3150;6.000000;0.829956;0.000527;1.260676;4.084706;1.634692;5.892145;8.339043;3.376228;1.900918;0.427916;1.617006
5823.41;3138;3151;6.000000;0.834922;0.000354;1.191700;4.280304;1.556677;6.223985;8.571696;3.404284;4.069116;0.439030;2.147382
5825.21;3139;3152;6.000000;0.816258;0.000475;1.267202;4.593226;1.616783;6.526145;9.027714;3.522927;4.184031;0.463167;2.405056
5827.01;3140;3153;6.000000;0.797827;0.000347;1.260195;4.628394;1.572767;6.429857;8.976939;3.595004;3.435909;0.470851;2.363052
5828.81;3141;3154;4.000000;0.796609;0.000173;1.286666;4.694273;1.602864;6.512591;9.295691;3.645301;4.608047;0.472708;2.779735
5830.61;3142;3155;4.000000;0.762249;0.000490;1.347204;4.873051;1.606183;6.468828;9.218092;3.655038;4.762093;0.479374;1.991617
5832.41;3143;3156;4.000000;0.770746;0.000463;1.332087;4.775325;1.605983;6.409760;9.450863;3.742358;5.236156;0.472383;2.410489
5834.21;3144;3157;4.000000;0.746073;0.000173;1.422020;4.978337;1.659218;6.464923;9.074441;3.616047;4.532741;0.467379;1.836932
5836.01;3145;3158;4.000000;0.776060;0.000329;1.604344;4.677606;1.946959;6.320804;8.796812;3.673340;4.432146;0.461974;1.717003
5837.81;3146;3159;4.000000;0.772694;0.000567;1.554286;4.614348;1.878864;6.209674;9.063369;3.619590;5.496491;0.459498;2.077739
5839.61;3147;3160;4.000000;0.890867;0.000341;1.422999;4.155501;1.983001;6.447419;9.244268;3.556703;5.297591;0.472596;1.902596
5841.41;3148;3161;4.000000;0.877557;0.000604;1.387766;4.075388;1.905081;6.228850;9.444166;3.626592;6.538539;0.461740;2.512024
5843.21;3149;3162;4.000000;0.793410;0.000328;1.499899;4.505305;1.861643;6.225456;9.649293;3.622032;6.099685;0.461130;1.688659
5845.01;3150;3163;4.000000;0.878194;0.000347;1.418558;4.106814;1.948855;6.281238;9.424973;3.654740;6.302742;0.450063;2.203031
5846.81;3151;3164;4.000000;0.860333;0.000504;1.464544;4.132481;1.969361;6.188247;9.487622;3.663810;6.750545;0.455804;2.338753
5848.61;3152;3165;4.000000;0.946119;0.000173;1.793340;3.689407;2.653937;6.078431;9.471647;3.538532;6.214896;0.437341;2.208370
5850.41;3153;3166;4.000000;0.952386;0.000784;1.748402;3.658669;2.604362;6.067757;9.514542;3.553439;7.045495;0.443240;2.771374
5852.21;3154;3167;4.000000;0.928904;0.000348;1.753566;3.756608;2.548481;6.077175;9.328554;3.499143;6.374865;0.431944;2.753529
5854.01;3155;3168;5.000000;0.717598;0.000173;4.067705;4.469680;4.563705;5.583802;7.454560;3.028889;3.724553;0.394269;1.940792
5855.81;3156;3169;5.000000;0.692982;0.000599;4.420158;4.570478;4.791980;5.516004;7.607883;3.032402;3.114730;0.397278;1.868348
5857.61;3157;3170;5.000000;0.709539;0.000611;4.869302;4.446145;5.399365;5.492922;7.785945;2.988546;4.560048;0.393200;2.327356
5859.41;3158;3171;5.000000;0.694950;0.000490;5.331821;4.511150;5.793026;5.458361;8.030910;3.019040;5.206009;0.394641;2.557296
5861.21;3159;3172;5.000000;0.696385;0.000590;5.484585;4.484418;5.974819;5.438863;7.963368;3.032867;5.494062;0.389541;2.180787
5863.01;3160;3173;5.000000;0.675473;0.000696;5.506509;4.637924;5.818493;5.455776;8.072513;3.038311;5.158409;0.389231;2.756684
5864.81;3161;3174;5.000000;0.714784;0.000634;5.239402;4.424126;5.842593;5.491750;8.026759;3.023211;5.640215;0.394460;2.056351
5866.61;3162;3175;5.000000;0.682759;0.000348;5.408270;4.599802;5.776635;5.469635;8.249109;3.050742;5.760044;0.399236;2.402480
5868.41;3163;3176;5.000000;0.721995;0.000374;4.821246;4.476258;5.441769;5.625489;8.230596;3.064354;5.416924;0.396141;2.645339
5870.21;3164;3177;5.000000;0.736945;0.000316;4.751649;4.371497;5.477665;5.610585;8.400608;3.081478;5.432651;0.393248;2.538249
5872.01;3165;3178;5.000000;0.679752;0.000381;4.618554;4.775365;4.911018;5.653408;7.789382;2.851023;3.893948;0.389230;3.025554
5873.81;3166;3179;5.000000;0.701660;0.000173;4.417027;4.655460;4.848289;5.688126;7.977276;2.853044;4.604440;0.384553;1.816647
5875.61;3167;3180;5.000000;0.627545;0.000504;5.119761;5.232597;5.025372;5.718790;7.858075;2.736722;3.966008;0.382028;2.534130
5877.41;3168;3181;5.000000;0.611874;0.000722;5.281206;5.287981;5.051710;5.632876;7.674096;2.686935;3.441625;0.377988;2.305740
5879.21;3169;3182;5.000000;0.612866;0.000602;5.244132;5.297013;5.027857;5.653937;7.753905;2.692702;3.516468;0.384278;2.032819
5881.01;3170;3183;5.000000;0.663884;0.000408;5.447680;4.797521;5.657778;5.547039;7.747157;2.650007;4.461221;0.382401;2.646313
5882.81;3171;3184;5.000000;0.543564;0.000173;7.176407;6.112961;6.102325;5.787012;7.702287;2.668230;3.795098;0.386338;2.618276
5884.61;3172;3185;5.000000;0.539464;0.000173;7.233488;6.142328;6.104386;5.770765;7.452048;2.705502;3.634008;0.377593;1.936458
5886.41;3173;3186;6.000000;0.588470;0.000447;7.982364;5.563661;7.347534;5.700370;7.519182;2.609271;4.493116;0.384332;2.439263
5888.21;3174;3187;6.000000;0.588193;0.000343;7.873818;5.598226;7.245046;5.734269;7.629835;2.605691;4.227263;0.382550;2.647432
5890.01;3175;3188;6.000000;0.589976;0.000335;8.072962;5.555148;7.449922;5.706829;7.437259;2.573365;4.146161;0.381784;1.835730
5891.81;3176;3189;6.000000;0.594270;0.000319;7.908517;5.522717;7.345751;5.710816;7.425657;2.579946;4.751034;0.379449;2.203823
5893.61;3177;3190;6.000000;0.554553;0.000173;7.089127;6.057612;6.150100;5.850553;7.679685;2.678688;3.975535;0.376881;2.748181
5895.41;3178;3191;6.000000;0.567853;0.000317;6.918426;5.895020;6.142595;5.825414;7.786565;2.657875;3.887283;0.382688;2.319410
5897.21;3179;3192;6.000000;0.539467;0.000173;7.083289;6.221635;5.977776;5.845551;7.644727;2.627487;3.249552;0.380984;3.048906
5899.01;3180;3193;6.000000;0.570927;0.000251;6.824994;5.888243;6.094647;5.853266;7.121520;2.568157;2.477179;0.366272;2.113954
5900.81;3181;3194;6.000000;0.564340;0.000173;6.865660;5.971395;6.059432;5.867956;7.258400;2.594996;2.765500;0.375553;2.709829
5902.61;3182;3195;6.000000;0.647808;0.000173;6.392405;5.115378;6.478191;5.771343;6.910345;2.539923;2.780814;0.363507;2.080476
5904.41;3183;3196;5.000000;0.575805;0.000301;7.382485;5.578502;6.637759;5.586640;6.393366;2.536776;0.734605;0.362021;1.951953
5906.21;3184;3197;5.000000;0.541422;0.000313;8.573081;5.681552;7.259232;5.356151;6.283408;2.411865;1.797602;0.354405;1.900593
5908.01;3185;3198;5.000000;0.560246;0.000567;8.624939;5.478338;7.555377;5.344040;6.277811;2.400343;0.889458;0.350620;1.061701
5909.81;3186;3199;5.000000;0.559797;0.000464;8.532797;5.495556;7.468091;5.356149;6.354043;2.431803;0.578314;0.346569;2.973589
5911.61;3187;3200;5.000000;0.501384;0.000173;10.891791;5.776114;8.535980;5.039464;6.420851;2.459794;0.832089;0.351594;1.458604
5913.41;3188;3201;5.000000;0.477050;0.000367;12.722707;5.657900;9.479484;4.690077;5.996610;2.308985;0.762865;0.337324;1.843307
5915.21;3189;3202;5.000000;0.486330;0.000500;12.633510;5.555975;9.611668;4.705926;6.098918;2.321543;2.027119;0.333683;2.152478
5917.01;3190;3203;5.000000;0.492768;0.000328;12.457766;5.497241;9.602587;4.717506;6.183624;2.293497;1.330769;0.334755;2.033687
5918.81;3191;3204;5.000000;0.484743;0.000453;12.769873;5.532085;9.683607;4.669695;6.363546;2.347345;0.571025;0.336478;2.382903
5920.61;3192;3205;5.000000;0.453141;0.000371;15.272664;5.682639;10.826358;4.484566;6.201156;2.197187;1.902273;0.328784;1.867078
5922.41;3193;3206;5.000000;0.433687;0.000621;15.686656;5.949319;10.639731;4.492797;5.944890;2.184362;1.717251;0.327024;1.989634
5924.21;3194;3207;5.000000;0.437556;0.000419;16.370581;5.797500;11.205541;4.417116;5.585954;2.006306;1.748229;0.302530;1.493170
5926.01;3195;3208;5.000000;0.422081;0.000173;16.795328;6.080083;11.071875;4.460840;5.596512;1.985684;1.452954;0.300896;2.590144
5927.81;3196;3209;5.000000;0.415366;0.000395;17.471079;6.056920;11.352750;4.381616;5.709563;2.024024;1.756069;0.313129;1.893757
5929.61;3197;3210;5.000000;0.421270;0.000326;17.468706;5.963474;11.510802;4.374092;5.815443;2.006092;1.993657;0.306766;2.222134
5931.41;3198;3211;5.000000;0.423694;0.000328;17.390221;5.814763;11.519890;4.288441;5.680523;1.967431;1.923778;0.302954;2.200717
5933.21;3199;3212;5.000000;0.440833;0.000626;16.486314;5.631615;11.349931;4.318532;5.905260;2.002778;2.784913;0.311287;2.438037
5935.01;3200;3213;5.000000;0.430195;0.000306;17.137283;5.764296;11.525365;4.315385;5.952678;2.040545;2.723974;0.301983;2.658593
5936.81;3201;3214;5.000000;0.423630;0.000173;17.636525;5.853746;11.688709;4.318278;5.770904;1.983893;2.923077;0.300117;2.012462
5938.61;3202;3215;5.000000;0.421985;0.000305;17.519835;5.891358;11.565417;4.329574;5.766981;2.020290;3.166439;0.301343;2.254332
5940.41;3203;3216;6.000000;0.409889;0.000173;19.064369;6.028429;12.223641;4.303217;5.524395;1.994713;2.235967;0.304438;1.784065
5942.21;3204;3217;6.000000;0.427493;0.000425;18.380580;5.713653;12.286772;4.252459;5.731356;2.019911;2.546459;0.306795;1.469478
5944.01;3205;3218;6.000000;0.425183;0.000503;17.945246;5.864777;11.936270;4.342934;5.972717;2.035979;2.656324;0.310632;2.441831
5945.81;3206;3219;6.000000;0.423681;0.000446;18.274483;5.828464;12.109697;4.299659;5.908245;1.981772;3.491613;0.308456;1.702923
5947.61;3207;3220;6.000000;0.427421;0.000369;17.132298;5.784382;11.453723;4.304952;6.001676;2.084017;3.457218;0.311565;2.849850
5949.41;3208;3221;6.000000;0.423746;0.000173;17.414113;5.820916;11.543045;4.295712;5.981484;2.098924;4.189114;0.313255;2.035098
5951.21;3209;3222;6.000000;0.430643;0.000532;17.011035;5.730431;11.459877;4.297867;6.037154;2.085186;4.272511;0.313058;2.420584
5953.01;3210;3223;6.000000;0.442710;0.000617;16.744777;5.593065;11.595811;4.312254;5.944633;2.062884;3.913850;0.317497;2.242515
5954.81;3211;3224;6.000000;0.431045;0.000173;14.844554;5.656629;10.009847;4.246282;5.900169;2.189631;3.525057;0.319341;1.741004
5956.61;3212;3225;6.000000;0.464694;0.000324;13.569268;5.204211;9.862624;4.211123;5.733408;2.205074;4.132053;0.309948;1.826354
5958.41;3213;3226;5.000000;0.434580;0.000450;11.939278;5.905216;8.115714;4.468040;5.625202;2.388751;1.871308;0.308571;1.833540
5960.21;3214;3227;5.000000;0.449683;0.000173;11.640614;5.618495;8.188907;4.400258;5.780400;2.417015;3.504518;0.303248;2.206195
5962.01;3215;3228;5.000000;0.443189;0.000613;11.946182;5.699201;8.282160;4.399132;5.954533;2.408894;3.623932;0.310734;1.660271
5963.81;3216;3229;5.000000;0.435364;0.000301;12.553242;5.956831;8.545111;4.513259;6.087951;2.383720;3.697309;0.311986;1.854802
5965.61;3217;3230;5.000000;0.452693;0.000332;12.253924;5.689539;8.661484;4.476797;6.143665;2.425687;4.161885;0.308930;2.619797
5967.41;3218;3231;5.000000;0.486124;0.000523;10.389890;5.446512;7.894759;4.609798;6.194000;2.508501;3.484160;0.331548;2.466854
5969.21;3219;3232;5.000000;0.480156;0.000310;10.408562;5.594445;7.812341;4.675234;6.459331;2.504778;4.747236;0.312014;1.982451
5971.01;3220;3233;5.000000;0.492143;0.000508;9.981363;5.306670;7.676231;4.546088;6.242936;2.512883;4.166687;0.313720;2.017442
5972.81;3221;3234;5.000000;0.466944;0.000358;10.630107;5.621978;7.765184;4.572005;6.261341;2.527429;3.588630;0.319389;1.584871
5974.61;3222;3235;5.000000;0.485931;0.000487;10.105685;5.397113;7.681498;4.567459;6.440472;2.561686;4.883072;0.310989;1.965561
5976.41;3223;3236;5.000000;0.448233;0.000604;12.621861;5.717704;8.850154;4.462798;5.405652;2.222756;1.232154;0.314513;2.084176
5978.21;3224;3237;5.000000;0.455262;0.000346;12.172329;5.586421;8.668455;4.425973;5.485017;2.242109;2.788767;0.305143;1.662441
5980.01;3225;3238;5.000000;0.461664;0.000571;11.840136;5.653802;8.531332;4.536904;5.877455;2.293794;2.936790;0.322394;1.559643
5981.81;3226;3239;5.000000;0.463517;0.000333;11.747470;5.620875;8.516971;4.537393;6.102874;2.372373;3.975261;0.321573;2.535402
5983.61;3227;3240;5.000000;0.464229;0.000173;11.661093;5.631141;8.468660;4.552831;6.230642;2.409081;3.602520;0.321403;2.759832
5985.41;3228;3241;5.000000;0.468053;0.000357;10.785420;5.569976;7.897503;4.539599;6.257728;2.417541;4.405130;0.311257;2.254220
5987.21;3229;3242;5.000000;0.486883;0.000381;10.399771;5.342003;7.918067;4.528851;6.188867;2.437281;4.613815;0.317688;1.937624
5989.01;3230;3243;5.000000;0.496859;0.000655;10.428649;5.084002;8.105354;4.399314;5.991492;2.378900;3.964365;0.326028;2.216625
5990.81;3231;3244;5.000000;0.510467;0.000327;10.746786;4.879357;8.566610;4.332090;6.024097;2.253728;4.413290;0.338366;1.633381
5992.61;3232;3245;5.000000;0.513832;0.000306;10.949110;4.879483;8.795638;4.365091;5.916074;2.233972;4.074177;0.329234;1.974014
5994.41;3233;3246;5.000000;0.477842;0.000582;12.190094;5.267696;9.110947;4.383671;5.381856;2.229918;2.042678;0.320520;2.399011
5996.21;3234;3247;5.000000;0.489695;0.000517;11.910987;5.049174;9.123842;4.305970;5.593578;2.211804;2.175971;0.315713;1.701259
5998.01;3235;3248;5.000000;0.558821;0.000337;10.982255;4.521367;9.599003;4.399181;6.150468;2.305505;4.639957;0.326158;2.082415
5999.81;3236;3249;5.000000;0.546658;0.000481;11.119619;4.586675;9.508750;4.366460;6.121098;2.287228;5.196568;0.321151;3.055559
6001.61;3237;3250;5.000000;0.523314;0.000478;10.323684;5.064075;8.449188;4.613495;6.419597;2.348821;4.432630;0.328838;2.183336
6003.41;3238;3251;5.000000;0.511978;0.000173;9.581212;5.121626;7.673938;4.566761;6.548168;2.422530;4.747761;0.328570;2.169175
6005.21;3239;3252;5.000000;0.516295;0.000484;10.579030;5.122077;8.544661;4.605708;6.405128;2.333693;4.753285;0.334256;2.123845
6007.01;3240;3253;5.000000;0.491442;0.000539;9.969178;5.569248;7.662893;4.766158;6.313015;2.429140;5.098244;0.333025;1.824495
6008.81;3241;3254;6.000000;0.455143;0.000355;10.150589;5.829713;7.222130;4.619252;5.310123;2.333531;1.581342;0.318801;1.666987
6010.61;3242;3255;6.000000;0.441044;0.000307;10.812383;5.997526;7.458928;4.606972;5.751809;2.351308;3.712824;0.326200;2.024111
6012.41;3243;3256;6.000000;0.460149;0.000545;10.039402;5.672544;7.216761;4.539458;5.535628;2.335678;2.567301;0.306156;1.523254
6014.21;3244;3257;6.000000;0.484244;0.000346;10.100507;5.383335;7.647812;4.537277;6.356360;2.418183;4.984218;0.334185;2.368379
6016.01;3245;3258;6.000000;0.482606;0.000427;10.916259;5.394825;8.241202;4.534389;6.197189;2.289195;5.182169;0.341640;1.809090
6017.81;3246;3259;5.000000;0.482648;0.000314;10.787500;5.352132;8.138378;4.496598;6.467866;2.337349;4.935653;0.342445;2.550143
6019.61;3247;3260;5.000000;0.466520;0.000351;10.970067;5.433334;8.001109;4.412360;6.291075;2.369289;4.765274;0.334427;2.513651
6021.41;3248;3261;5.000000;0.477762;0.000422;10.751602;5.361511;8.035973;4.461009;6.261401;2.352686;5.331774;0.339932;2.259508
6023.21;3249;3262;5.000000;0.459655;0.000369;11.371904;5.600760;8.171728;4.478232;6.197614;2.251130;5.227450;0.327895;2.612475
6025.01;3250;3263;5.000000;0.463847;0.000173;11.195181;5.494220;8.120613;4.436262;5.948912;2.221242;5.403302;0.322996;2.239297
6026.81;3251;3264;6.000000;0.400913;0.000646;13.303795;6.689555;8.339515;4.667845;5.639035;2.342724;2.451955;0.336052;2.022772
6028.61;3252;3265;6.000000;0.416114;0.000513;12.972019;6.370304;8.444824;4.616301;5.967016;2.378294;4.124646;0.341285;2.180315
6030.41;3253;3266;6.000000;0.427848;0.000173;12.644465;6.205522;8.463255;4.623496;6.279798;2.354120;3.986292;0.339656;1.898947
6032.21;3254;3267;6.000000;0.404449;0.000481;12.738778;6.718823;8.059931;4.732602;5.980091;2.329249;3.734469;0.343167;2.125131
6034.01;3255;3268;6.000000;0.408963;0.000310;12.711568;6.639906;8.127038;4.726881;6.216612;2.406487;4.009315;0.348644;1.589083
6035.81;3256;3269;6.000000;0.391285;0.000507;13.217707;7.084860;8.088504;4.827518;6.270648;2.284040;3.873701;0.358482;2.969161
6037.61;3257;3270;6.000000;0.393238;0.000173;12.914479;7.091075;7.941802;4.856098;6.184136;2.279343;3.892557;0.357506;1.903039
6039.41;3258;3271;6.000000;0.399569;0.000314;12.279789;7.107624;7.673956;4.943330;6.324748;2.300910;4.306889;0.363692;2.416711
6041.21;3259;3272;6.000000;0.402778;0.000584;12.297367;7.052163;7.748582;4.946818;6.224987;2.249719;3.493008;0.355526;1.900238
6043.01;3260;3273;6.000000;0.405356;0.000495;11.931268;7.091348;7.562234;5.001836;6.384440;2.346744;4.299165;0.356913;2.388628
6044.81;3261;3274;5.000000;0.385814;0.000173;12.403805;7.466206;7.486481;5.016265;5.552428;2.311034;0.757753;0.348746;2.186014
6046.61;3262;3275;5.000000;0.432536;0.000173;11.195288;6.663400;7.560647;5.012409;6.336858;2.352994;2.341913;0.363022;2.662009
6048.41;3263;3276;6.000000;0.457196;0.000173;11.202916;6.315307;8.012160;5.028211;6.714026;2.447799;4.545924;0.369871;2.828487
6050.21;3264;3277;6.000000;0.431059;0.000173;11.915326;6.651516;8.031774;4.992424;6.863112;2.439398;5.524533;0.368169;2.671544
6052.01;3265;3278;5.000000;0.449887;0.000367;9.906265;6.455951;6.970709;5.057567;6.807263;2.531555;4.689749;0.375292;2.231579
6053.81;3266;3279;5.000000;0.446624;0.000354;9.941452;6.469734;6.943841;5.031550;6.835540;2.504532;5.158978;0.361727;2.592713
6055.61;3267;3280;5.000000;0.443061;0.000539;9.284530;6.894309;6.426863;5.311341;7.015116;2.520446;4.326597;0.380824;2.390336
6057.41;3268;3281;5.000000;0.434522;0.000457;9.523046;6.985504;6.468650;5.284580;6.968295;2.522668;4.629837;0.376605;2.734373
6059.21;3269;3282;5.000000;0.443801;0.000173;7.875282;7.147006;5.467428;5.524154;6.857409;2.553663;3.814975;0.388727;2.101794
6061.01;3270;3283;5.000000;0.453645;0.000348;7.757388;7.010295;5.498182;5.533187;6.972255;2.584753;3.271557;0.388398;2.912797
6062.81;3271;3284;5.000000;0.440807;0.000473;11.288093;6.501453;7.783786;4.991258;5.958631;2.421385;2.565035;0.362501;1.900948
6064.61;3272;3285;5.000000;0.441608;0.000321;11.410728;6.519925;7.882984;5.014495;6.488902;2.419911;3.801581;0.364641;1.985914
6066.41;3273;3286;4.000000;0.438824;0.000313;7.014543;7.511882;4.815362;5.741076;6.745419;2.559576;2.453062;0.387444;2.114207
6068.21;3274;3287;4.000000;0.450899;0.000173;7.060951;7.261103;4.979243;5.699698;6.870168;2.544358;3.218865;0.388071;3.317354
6070.01;3275;3288;4.000000;0.560282;0.000308;4.746547;5.938763;4.158984;5.794352;7.536799;2.874858;4.326799;0.401448;2.476422
6071.81;3276;3289;5.000000;0.568357;0.000323;4.567572;5.888683;4.057894;5.824565;7.378437;2.866942;3.926074;0.403090;2.622014
6073.61;3277;3290;5.000000;0.584375;0.000457;5.592628;5.510946;5.111550;5.608081;7.491518;2.666840;4.796636;0.391143;3.242090
6075.41;3278;3291;5.000000;0.587474;0.000173;5.475906;5.590216;5.027199;5.713197;7.324471;2.671443;4.017530;0.396565;2.627763
6077.21;3279;3292;5.000000;0.585321;0.000350;5.597974;5.491997;5.125909;5.598571;7.279548;2.630747;5.026709;0.403839;2.291877
6079.01;3280;3293;5.000000;0.656591;0.000458;4.472388;5.221050;4.593887;5.970292;6.260621;2.350137;2.884231;0.367957;2.554203
6080.81;3281;3294;6.000000;0.709102;0.000374;3.811328;4.797422;4.228383;5.924716;6.193558;2.277668;2.328150;0.355184;2.552165
6082.61;3282;3295;5.000000;0.722095;0.000532;3.431008;4.706085;3.875130;5.918228;6.286750;2.354202;3.497957;0.350370;2.145851
6084.41;3283;3296;5.000000;0.734281;0.000510;3.563068;4.527583;4.093899;5.779887;6.051290;2.295937;2.849035;0.352840;2.345182
6086.21;3284;3297;5.000000;0.788128;0.000462;3.348240;4.186970;4.128224;5.746162;6.585066;2.394631;5.775324;0.360902;3.156479
6088.01;3285;3298;5.000000;0.779349;0.000309;2.976877;4.262833;3.629379;5.785919;6.432138;2.464978;3.926262;0.364623;2.482886
6089.81;3286;3299;5.000000;0.821883;0.000332;2.741834;4.078862;3.525463;5.838460;6.989838;2.517708;4.323068;0.375401;2.796698
6091.61;3287;3300;5.000000;0.810743;0.000314;2.838575;4.136982;3.598313;5.840286;7.006384;2.587656;4.638923;0.377439;2.749431
6093.41;3288;3301;5.000000;0.804219;0.000173;2.920493;4.168337;3.672236;5.836445;7.155958;2.564734;5.502746;0.375053;2.882247
6095.21;3289;3302;5.000000;0.782343;0.000173;3.011699;4.286882;3.685804;5.840241;7.113584;2.564187;5.239698;0.372291;2.567927
6097.01;3290;3303;4.000000;0.671240;0.000173;3.516944;4.997468;3.693711;5.841569;6.776208;2.518934;4.254271;0.367064;2.503680
6098.81;3291;3304;4.000000;0.675399;0.000173;3.526004;4.913210;3.725835;5.778979;6.758148;2.543129;2.519449;0.372613;2.942432
6100.61;3292;3305;5.000000;0.658250;0.000304;3.265661;5.169113;3.362700;5.925012;6.676528;2.615578;1.948747;0.390739;2.658088
6102.41;3293;3306;5.000000;0.456462;0.000336;8.160038;7.100901;5.823949;5.643503;6.613388;2.497502;0.658530;0.410897;2.016156
6104.21;3294;3307;5.000000;0.464322;0.000333;8.019963;7.008578;5.825509;5.667607;6.815767;2.488600;1.535081;0.407080;2.711003
6106.01;3295;3308;5.000000;0.419068;0.000476;10.114334;7.506988;6.618982;5.471989;6.595807;2.362032;2.276371;0.407183;2.556639
6107.81;3296;3309;5.000000;0.415062;0.000506;12.183087;7.156161;7.910265;5.173088;6.377823;2.261742;2.612784;0.370461;2.170257
6109.61;3297;3310;5.000000;0.457920;0.000314;12.096296;6.241358;8.650601;4.970421;6.672579;2.259250;2.667805;0.373033;2.981722
6111.41;3298;3311;5.000000;0.481590;0.000446;12.009659;5.910169;9.046011;4.956097;6.888456;2.391455;3.274474;0.371061;2.159665
6113.21;3299;3312;5.000000;0.474904;0.000313;11.779659;6.034608;8.750594;4.990820;6.176278;2.392512;0.000100;0.369075;2.046401
6115.01;3300;3313;5.000000;0.478016;0.000321;11.722138;5.987938;8.765785;4.985077;6.367854;2.385877;0.000100;0.376953;2.013678
6116.81;3301;3314;5.000000;0.680394;0.000173;3.357784;4.903058;3.574034;5.810064;6.805175;2.553839;2.898956;0.370278;3.059974
6118.61;3302;3315;4.000000;0.481661;0.000537;12.787033;5.700619;9.629758;4.779517;6.838389;2.325297;2.132580;0.359450;2.313645
6120.41;3303;3316;4.000000;0.494211;0.000310;12.349468;5.518093;9.537479;4.744063;6.810507;2.358052;2.757853;0.352891;2.604115
6122.21;3304;3317;4.000000;0.485109;0.000415;12.429150;5.736425;9.430536;4.846101;6.798833;2.356404;2.658956;0.355611;2.306327
6124.01;3305;3318;4.000000;0.483137;0.000483;12.648080;5.745905;9.559071;4.834819;6.475628;2.378410;1.514448;0.363314;2.235119
6125.81;3306;3319;4.000000;0.517199;0.000655;12.865134;5.074895;10.402598;4.569369;6.431691;2.274320;2.439500;0.330334;1.700102
6127.61;3307;3320;4.000000;0.477066;0.000474;13.793081;5.557096;10.289632;4.615567;6.494432;2.267554;2.825215;0.327229;2.501412
6129.41;3308;3321;4.000000;0.451370;0.000173;13.850679;5.550520;9.771929;4.359568;5.357363;2.074179;0.000100;0.297515;1.883411
6131.21;3309;3322;5.000000;0.420972;0.000173;16.829750;5.860594;11.083196;4.296676;5.314909;2.141155;0.000100;0.292541;1.664326
6133.01;3310;3323;5.000000;0.437012;0.000173;16.650617;5.577763;11.382490;4.244647;5.735651;2.206895;2.017387;0.306186;1.815165
6134.81;3311;3324;5.000000;0.443679;0.000173;16.328512;5.506011;11.327036;4.253552;6.110604;2.339688;2.679818;0.303509;2.362603
6136.61;3312;3325;5.000000;0.456329;0.000387;15.970233;5.283578;11.393340;4.198247;6.307736;2.361059;3.568239;0.303914;1.398552
6138.41;3313;3326;5.000000;0.467234;0.000360;15.862715;5.103519;11.577058;4.147127;6.543441;2.340881;4.290612;0.298825;3.106247
6140.21;3314;3327;5.000000;0.447962;0.000328;16.468623;5.269271;11.541342;4.110911;6.458279;2.446471;4.465064;0.293504;2.051545
6142.01;3315;3328;5.000000;0.485900;0.000173;15.000676;4.930312;11.402543;4.172280;6.475676;2.436046;4.599116;0.306979;1.566822
6143.81;3316;3329;5.000000;0.473000;0.000173;15.382072;5.173845;11.373423;4.254698;6.409008;2.366336;3.053549;0.321966;1.567489
6145.61;3317;3330;5.000000;0.445420;0.000327;16.607355;5.699869;11.570930;4.421510;6.694090;2.247007;4.942133;0.320353;2.718897
6147.41;3318;3331;5.000000;0.519053;0.000173;14.962061;4.711749;12.141518;4.255196;6.552280;2.016635;4.826298;0.326308;2.491751
6149.21;3319;3332;5.000000;0.430372;0.000173;17.131411;5.837393;11.534072;4.375379;6.117730;2.201742;3.110803;0.322118;1.782326
6151.01;3320;3333;5.000000;0.508769;0.000750;14.942728;4.913777;11.893126;4.354013;6.424064;2.081245;5.065129;0.315242;3.138052
6152.81;3321;3334;5.000000;0.521347;0.000499;15.209941;4.732306;12.405046;4.296844;6.247129;2.003399;4.227086;0.299761;2.201744
6154.61;3322;3335;5.000000;0.454135;0.000173;16.574462;5.438335;11.770824;4.299616;6.089456;2.018879;3.766197;0.307312;2.194954
6156.41;3323;3336;5.000000;0.467625;0.000173;16.140686;5.320704;11.807272;4.332752;6.323430;2.053913;4.139519;0.309549;1.617997
6158.21;3324;3337;5.000000;0.424390;0.000173;17.530721;5.806398;11.633314;4.291103;5.976022;2.005076;3.379703;0.289858;2.106362
6160.01;3325;3338;5.000000;0.424642;0.000319;18.081494;5.942974;12.012238;4.395161;6.365291;2.040927;3.504516;0.316819;2.613646
6161.81;3326;3339;5.000000;0.434266;0.000299;17.738308;5.713619;12.050688;4.321260;6.550397;2.205156;3.945175;0.320622;1.508591
6163.61;3327;3340;5.000000;0.432519;0.000320;17.204842;5.693258;11.638706;4.288405;6.364377;2.290766;3.543817;0.322557;1.862575
6165.41;3328;3341;5.000000;0.686226;0.000568;11.957991;3.199986;12.825284;3.820884;6.742117;2.252808;5.495221;0.319379;2.458062
6167.21;3329;3342;5.000000;0.458991;0.000173;15.991437;5.185762;11.482545;4.144994;5.588339;2.442705;2.311455;0.303522;1.356825
6169.01;3330;3343;5.000000;0.451716;0.000173;16.848600;5.310987;11.902509;4.177238;6.001582;2.439229;3.552468;0.315457;1.886835
6170.81;3331;3344;5.000000;0.463717;0.000410;16.065876;5.168037;11.654533;4.173645;6.372251;2.472124;4.084248;0.318071;2.284892
6172.61;3332;3345;5.000000;0.457463;0.000297;16.673019;5.225402;11.931691;4.163083;6.275913;2.471742;3.723686;0.316280;1.637167
6174.41;3333;3346;5.000000;0.459392;0.000173;15.909305;5.178485;11.433378;4.143226;6.240290;2.544840;3.415554;0.315612;1.778568
6176.21;3334;3347;5.000000;0.451884;0.000414;16.366525;5.276458;11.569720;4.152567;6.435369;2.585144;4.075053;0.322084;1.600428
6178.01;3335;3348;5.000000;0.459537;0.000378;16.274671;5.168478;11.698830;4.136121;6.287902;2.516599;3.617502;0.320549;1.878227
6179.81;3336;3349;5.000000;0.469393;0.000173;15.757739;5.131337;11.569877;4.194739;6.385504;2.559589;3.949050;0.319076;1.912776
6181.61;3337;3350;5.000000;0.466869;0.000173;15.246501;5.227171;11.126018;4.247150;6.148146;2.566160;3.990600;0.317908;1.233922
6183.41;3338;3351;5.000000;0.458789;0.000173;15.979150;5.173513;11.453772;4.127802;6.280181;2.459106;4.103841;0.318046;1.788339
6185.21;3339;3352;5.000000;0.467698;0.000173;15.456472;5.048922;11.304416;4.110383;6.117711;2.474102;3.575773;0.315195;1.186410
6187.01;3340;3353;5.000000;0.460649;0.000334;15.329072;5.359096;11.046075;4.299338;6.357335;2.511317;3.805142;0.317556;2.028868
6188.81;3341;3354;5.000000;0.429139;0.000173;17.058768;5.805415;11.449089;4.337357;5.084013;2.183002;0.666143;0.301577;1.419072
6190.61;3342;3355;5.000000;0.445197;0.000173;17.475595;5.675296;12.171147;4.400471;5.456339;1.977154;0.702566;0.305405;1.564369
6192.41;3343;3356;5.000000;0.447120;0.000335;16.894731;5.649958;11.812653;4.394937;5.640739;2.066597;1.228322;0.311463;1.740274
6194.21;3344;3357;5.000000;0.429266;0.000331;16.763813;6.068427;11.254625;4.536201;5.744212;2.068221;1.293635;0.338091;1.695203
6196.01;3345;3358;5.000000;0.450962;0.000173;16.049433;6.031801;11.321735;4.737030;6.024486;1.950538;2.466545;0.354730;2.241474
6197.81;3346;3359;5.000000;0.450064;0.000173;16.197041;6.093046;11.393154;4.771752;5.834444;1.718380;2.218416;0.347420;3.081114
6199.61;3347;3360;5.000000;0.451073;0.000173;16.468439;5.822321;11.620604;4.573955;5.838447;1.683394;2.641263;0.329108;1.436745
6201.41;3348;3361;5.000000;0.439718;0.000589;16.471247;6.176533;11.332034;4.729307;5.849638;1.697050;2.158042;0.340102;2.729901
6203.21;3349;3362;5.000000;0.452155;0.000173;15.699893;6.086179;11.102618;4.784985;6.354598;1.841970;3.760886;0.359670;2.695608
6205.01;3350;3363;5.000000;0.427954;0.000565;15.175825;6.245717;10.160125;4.655098;6.356343;1.989836;4.564013;0.347315;2.918718
6206.81;3351;3364;5.000000;0.426838;0.000173;14.168717;6.257247;9.460959;4.651428;6.150656;2.077510;3.224926;0.351664;2.247245
6208.61;3352;3365;5.000000;0.438830;0.000173;13.784459;6.118484;9.463136;4.675966;5.994966;2.078428;3.799140;0.352491;1.814105
6210.41;3353;3366;5.000000;0.439984;0.000489;13.634576;6.082623;9.384538;4.660373;6.003611;2.138143;2.617824;0.349857;2.603690
6212.21;3354;3367;5.000000;0.466877;0.000307;12.185393;5.841239;8.854885;4.729943;6.331150;2.361757;3.554534;0.348898;2.399554
6214.01;3355;3368;5.000000;0.418981;0.000173;13.693766;6.374146;8.974524;4.650870;6.449179;2.326164;3.203292;0.357222;2.185626
6215.81;3356;3369;5.000000;0.434147;0.000173;13.191770;6.157466;8.946433;4.651608;6.069384;2.272875;2.560423;0.342936;2.518511
6217.61;3357;3370;5.000000;0.421624;0.000383;13.604066;6.382893;8.972930;4.686990;6.488592;2.319196;4.345210;0.351732;2.770742
6219.41;3358;3371;6.000000;0.425614;0.000328;11.213767;6.571769;7.464831;4.868099;6.257830;2.502546;2.259234;0.353083;1.321140
6221.21;3359;3372;6.000000;0.417116;0.000551;10.841054;6.747518;7.074040;4.901807;6.356978;2.490457;2.521880;0.357198;1.926076
6223.01;3360;3373;6.000000;0.428467;0.000173;10.502500;6.790314;7.039668;5.066783;6.469242;2.430994;2.297020;0.362138;2.207684
6224.81;3361;3374;6.000000;0.440787;0.000346;10.226654;6.592909;7.038707;5.051907;6.511789;2.411126;3.187819;0.370631;2.127073
6226.61;3362;3375;6.000000;0.462613;0.000173;9.747478;6.406923;7.054192;5.161952;6.736399;2.421372;3.474648;0.373978;2.289221
6228.41;3363;3376;6.000000;0.426922;0.000454;9.701408;6.942842;6.473377;5.153937;6.743534;2.419621;3.083129;0.362245;2.218172
6230.21;3364;3377;6.000000;0.429442;0.000507;9.442416;7.056153;6.344254;5.276369;6.640674;2.351598;4.272928;0.356360;2.630935
6232.01;3365;3378;6.000000;0.411263;0.000341;9.137924;7.356517;5.874649;5.266558;5.581410;2.359214;0.000100;0.365031;1.886208
6233.81;3366;3379;6.000000;0.437769;0.000342;9.017635;6.934914;6.175189;5.286875;6.049212;2.419437;0.845556;0.371188;2.265883
6235.61;3367;3380;5.000000;0.432413;0.000510;9.233836;7.020253;6.246321;5.286929;5.980658;2.295410;0.000100;0.361184;2.575408
6237.41;3368;3381;5.000000;0.449863;0.000382;8.944850;6.821666;6.293438;5.341759;6.187842;2.349667;1.186134;0.368691;2.292048
6239.21;3369;3382;5.000000;0.449627;0.000308;8.270542;6.896394;5.817407;5.400326;6.381356;2.443444;1.883700;0.380037;1.865876
6241.01;3370;3383;5.000000;0.447485;0.000317;7.407000;7.035435;5.185100;5.482982;6.366298;2.457954;1.209839;0.379567;1.595075
6242.81;3371;3384;6.000000;0.460814;0.000173;7.234881;6.867629;5.213132;5.509761;6.675201;2.545864;1.956271;0.382411;1.735718
6244.61;3372;3385;6.000000;0.465864;0.000505;6.735817;6.951936;4.908485;5.640300;6.694500;2.545406;2.588797;0.390506;2.313693
6246.41;3373;3386;5.000000;0.452198;0.000501;7.039419;7.142426;4.980167;5.625013;6.542400;2.529939;1.916125;0.386251;2.340968
6248.21;3374;3387;5.000000;0.445213;0.000439;5.953349;7.286763;4.146418;5.649377;6.404142;2.456294;1.009917;0.376005;2.711607
6250.01;3375;3388;5.000000;0.459441;0.000434;5.870095;7.166255;4.217475;5.733236;6.793127;2.581507;1.638492;0.392409;2.108340
6251.81;3376;3389;5.000000;0.446149;0.000173;5.463788;7.521383;3.811280;5.843635;6.863476;2.603439;1.649297;0.395967;2.378655
6253.61;3377;3390;5.000000;0.476698;0.000316;5.621380;6.994644;4.191296;5.804158;6.765928;2.580537;1.575623;0.393148;2.575090
6255.41;3378;3391;5.000000;0.487139;0.000173;4.649110;6.804954;3.543092;5.773399;6.870429;2.621603;1.965674;0.391873;2.177435
6257.21;3379;3392;5.000000;0.515890;0.000422;3.925485;6.576005;3.168052;5.908411;7.024088;2.702560;0.383940;0.410055;2.373000
6259.01;3380;3393;5.000000;0.488661;0.000383;3.689531;6.977196;2.812767;5.922622;6.946563;2.685486;0.952637;0.402754;1.648348
6260.81;3381;3394;5.000000;0.498233;0.000352;3.617366;6.773909;2.819474;5.877864;6.706332;2.708670;1.075064;0.407943;2.029094
6262.61;3382;3395;5.000000;0.509648;0.000420;3.506848;6.601757;2.796373;5.858954;6.895573;2.693482;0.578968;0.401567;2.308642
6264.41;3383;3396;5.000000;0.524102;0.000352;3.450109;6.515593;2.828834;5.946744;7.137768;2.744390;1.160367;0.424611;2.013107
6266.21;3384;3397;5.000000;0.536757;0.000330;3.325769;6.444218;2.792760;6.024000;7.158463;2.738348;0.000100;0.417865;2.350869
6268.01;3385;3398;5.000000;0.546842;0.000374;3.132644;6.135530;2.678274;5.840176;7.036023;2.710201;0.593270;0.402756;3.070541
6269.81;3386;3399;5.000000;0.558753;0.000406;3.066296;6.015194;2.680181;5.853542;7.084293;2.723428;0.895998;0.395251;2.609917
6271.61;3387;3400;5.000000;0.584800;0.000486;3.056390;5.696169;2.795540;5.799941;7.189888;2.820483;1.563923;0.401428;2.161131
6273.41;3388;3401;5.000000;0.564468;0.000436;3.138139;5.869195;2.771053;5.769880;7.192709;2.789790;2.317165;0.403698;2.202016
6275.21;3389;3402;5.000000;0.526751;0.000317;4.132031;6.269565;3.401764;5.744303;6.301955;2.797734;0.000100;0.382000;1.827102
6277.01;3390;3403;5.000000;0.535247;0.000534;4.334782;6.047131;3.629274;5.635805;6.620159;2.779164;0.000100;0.396355;1.953648
6278.81;3391;3404;5.000000;0.530681;0.000434;4.149904;6.137672;3.442055;5.669201;6.776603;2.856346;0.000100;0.378782;1.930292
6280.61;3392;3405;5.000000;0.564613;0.000334;3.854619;5.828089;3.401468;5.725905;6.772176;2.849083;1.193628;0.394198;1.917583
6282.41;3393;3406;5.000000;0.533418;0.000443;3.785576;5.872621;3.158788;5.455351;6.807211;2.993206;2.109334;0.387365;1.645816
6284.21;3394;3407;5.000000;0.555254;0.000329;3.575178;5.637714;3.103749;5.450480;6.726248;2.937226;0.699686;0.376272;1.681110
6286.01;3395;3408;5.000000;0.544863;0.000173;3.594460;5.738174;3.058294;5.439511;6.764356;3.018328;1.397778;0.379013;2.563820
6287.81;3396;3409;5.000000;0.559464;0.000338;3.531760;5.601390;3.071124;5.426961;6.717279;2.953663;1.901628;0.376080;1.578323
6289.61;3397;3410;5.000000;0.522887;0.000316;4.323531;6.376942;3.534777;5.804374;6.805441;2.813392;0.808077;0.395582;2.205394
6291.41;3398;3411;5.000000;0.538369;0.000317;4.123476;6.265631;3.471867;5.872087;6.807020;2.813688;0.565962;0.388340;2.102861
6293.21;3399;3412;5.000000;0.512237;0.000425;4.403510;6.517601;3.522541;5.808837;6.888762;2.808417;0.638461;0.385349;2.130102
6295.01;3400;3413;5.000000;0.519009;0.000365;4.264477;6.363589;3.461697;5.749493;6.797710;2.747840;1.421295;0.392056;2.130630
6296.81;3401;3414;5.000000;0.510851;0.000426;2.817646;6.554930;2.251383;5.828323;7.021986;2.916147;1.939717;0.398818;2.013514
6298.61;3402;3415;5.000000;0.570177;0.000668;2.539724;5.666413;2.259204;5.609199;7.067613;2.951308;2.379083;0.385691;2.164058
6300.41;3403;3416;5.000000;0.496592;0.000466;3.085952;6.170404;2.397700;5.335796;6.378476;2.876387;1.115399;0.354949;1.550917
6302.21;3404;3417;5.000000;0.527542;0.000331;2.817952;6.040549;2.325684;5.549181;6.686125;2.869470;0.000100;0.367543;2.068806
6304.01;3405;3418;5.000000;0.529902;0.000330;3.224475;6.014455;2.665935;5.536543;7.177804;2.933721;3.790057;0.399903;1.923853
6305.81;3406;3419;5.000000;0.514122;0.000421;3.364792;5.978033;2.705935;5.352384;6.926857;3.016409;3.266148;0.374259;1.683793
6307.61;3407;3420;5.000000;0.515754;0.000384;3.501775;6.124237;2.823207;5.500341;7.008129;3.046372;3.470531;0.381737;2.276014
6309.41;3408;3421;5.000000;0.546197;0.000415;3.273143;5.769379;2.785800;5.464318;6.890979;3.004949;3.175957;0.406164;1.375030
6311.21;3409;3422;5.000000;0.517557;0.000520;3.442541;6.023458;2.787058;5.428614;7.146159;3.004920;5.000493;0.376875;1.563550
6313.01;3410;3423;5.000000;0.520976;0.000173;3.363452;6.026764;2.741176;5.468351;7.159494;2.998656;2.812346;0.385608;1.619962
6314.81;3411;3424;5.000000;0.542236;0.000306;4.240221;6.427012;3.592879;6.061862;7.061274;2.678084;1.077584;0.492983;1.565835
6316.61;3412;3425;5.000000;0.526751;0.000366;4.268504;6.528923;3.517110;5.989377;6.978555;2.695000;0.628642;0.487288;2.383752
6318.41;3413;3426;5.000000;0.503255;0.000585;4.806559;7.383079;3.778676;6.465134;6.036189;2.407417;0.000100;0.614155;1.973680
6320.21;3414;3427;5.000000;0.501939;0.000333;4.564336;7.344470;3.583937;6.419806;6.689895;2.553663;0.000100;0.586170;2.088627
6322.01;3415;3428;5.000000;0.502885;0.000556;4.538117;7.303600;3.570228;6.396649;6.866313;2.633928;0.000100;0.551266;2.417357
6323.81;3416;3429;5.000000;0.515805;0.000173;4.535278;7.057179;3.659437;6.339746;7.069986;2.613294;0.000100;0.555792;2.495775
6325.61;3417;3430;5.000000;0.504439;0.000331;4.036636;7.087758;3.183123;6.223031;7.217946;2.943353;1.844455;0.505725;1.652936
6327.41;3418;3431;5.000000;0.499889;0.000173;4.081232;7.107033;3.186797;6.183170;7.287579;2.922264;0.674059;0.489476;2.507054
6329.21;3419;3432;5.000000;0.490980;0.000173;4.037629;7.212509;3.101272;6.167280;7.310360;2.980750;1.602809;0.491820;2.345808
6331.01;3420;3433;5.000000;0.494721;0.000173;4.147532;7.185955;3.210028;6.191402;7.423222;2.953278;1.108895;0.495478;2.365924
6332.81;3421;3434;5.000000;0.524715;0.000173;3.498322;6.655879;2.864631;6.071006;7.311394;2.998926;2.404321;0.411905;1.601779
6334.61;3422;3435;5.000000;0.492047;0.000632;3.661714;7.058958;2.818641;6.049238;7.252852;2.981353;1.927922;0.410714;2.257324
6336.41;3423;3436;5.000000;0.517113;0.000173;3.831244;6.870964;3.096320;6.182058;7.202423;2.909480;0.812950;0.495580;2.082011
6338.21;3424;3437;5.000000;0.505615;0.000398;3.551850;6.827922;2.809412;6.012216;7.273012;3.032352;1.814873;0.403542;2.395364
6340.01;3425;3438;5.000000;0.530639;0.000415;3.694265;6.495144;3.062074;5.997489;7.277453;3.015673;2.588406;0.400783;2.108440
6341.81;3426;3439;5.000000;0.539352;0.000173;3.651765;6.372974;3.080633;5.985199;6.833574;2.898055;0.000100;0.379308;2.101603
6343.61;3427;3440;5.000000;0.519907;0.000173;3.785445;6.496832;3.078225;5.882228;6.342023;2.886203;0.000100;0.384629;1.958027
6345.41;3428;3441;5.000000;0.520095;0.000173;3.966329;6.473127;3.225945;5.861563;6.833240;2.934021;2.535739;0.393960;2.833743
6347.21;3429;3442;5.000000;0.550983;0.000489;3.873510;6.077736;3.339219;5.832125;7.011761;2.868082;2.592209;0.387021;2.798128
6349.01;3430;3443;5.000000;0.574415;0.000497;3.772169;5.789880;3.389690;5.792261;7.713269;2.939828;4.917211;0.396242;3.009281
6350.81;3431;3444;5.000000;0.539163;0.000173;4.493283;6.214802;3.789897;5.835465;7.304660;2.893897;3.316808;0.400497;2.193682
6352.61;3432;3445;5.000000;0.539230;0.000342;4.482183;6.246406;3.779459;5.865426;7.347634;2.873752;3.720784;0.404339;2.470905
6354.41;3433;3446;5.000000;0.571272;0.000304;6.026104;5.669425;5.385280;5.640678;7.138822;2.595548;3.930030;0.397230;2.883477
6356.21;3434;3447;5.000000;0.568727;0.000173;6.136611;5.662258;5.455026;5.602790;7.168085;2.562982;4.022681;0.387644;3.399248
6358.01;3435;3448;5.000000;0.570227;0.000417;6.224100;5.661773;5.551641;5.622608;6.899230;2.556847;2.320066;0.398421;1.842847
6359.81;3436;3449;5.000000;0.554407;0.000696;6.206604;5.852218;5.382181;5.650025;6.534738;2.526090;2.667345;0.391959;2.078496
6361.61;3437;3450;5.000000;0.534898;0.000173;6.209301;6.076631;5.194861;5.658299;6.604999;2.537418;1.970560;0.391685;2.110655
6363.41;3438;3451;5.000000;0.582057;0.000173;5.963723;5.331233;5.430342;5.404387;6.738753;2.469150;3.175846;0.386442;2.362933
6365.21;3439;3452;5.000000;0.569171;0.000507;5.876104;5.744319;5.223567;5.688868;7.115834;2.582450;4.020329;0.393795;3.142475
6367.01;3440;3453;5.000000;0.567775;0.000173;6.007216;5.480429;5.335617;5.419194;6.676776;2.498898;3.930394;0.382653;2.450012
6368.81;3441;3454;5.000000;0.638286;0.000679;3.044055;4.345092;3.038364;4.827251;6.082463;3.028705;2.237487;0.354414;1.566462
6370.61;3442;3455;5.000000;0.698029;0.000643;2.559298;3.967394;2.788935;4.813927;6.549153;3.014158;5.185454;0.337520;2.068465
6372.41;3443;3456;5.000000;0.666286;0.000339;2.448390;4.210818;2.551369;4.883910;6.608124;3.094663;5.571859;0.326170;2.091125
6374.21;3444;3457;5.000000;0.692079;0.000854;2.593817;4.029652;2.805530;4.853510;6.877485;3.045410;6.302252;0.341358;2.522697
6376.01;3445;3458;5.000000;0.645808;0.000764;2.694263;4.135397;2.720429;4.649294;6.721936;3.055596;6.019241;0.330153;2.262717
6377.81;3446;3459;5.000000;0.669145;0.000339;2.387503;3.921723;2.492985;4.563770;6.229416;3.099149;4.916034;0.322027;2.004624
6379.61;3447;3460;5.000000;0.573936;0.000546;2.471876;3.699258;2.231125;3.727842;5.399761;2.558011;2.395690;0.268460;1.509877
6381.41;3448;3461;5.000000;0.694551;0.000719;2.919384;3.844114;3.156211;4.634367;6.578770;3.051075;4.920287;0.343096;1.624638
6383.21;3449;3462;5.000000;0.725744;0.000740;2.639536;3.585668;2.943882;4.477033;6.683836;2.998411;6.139758;0.341549;1.875901
6385.01;3450;3463;6.000000;0.679724;0.000512;2.961599;3.782928;3.139528;4.463833;6.243712;3.000950;4.853104;0.328787;1.535134
6386.81;3451;3464;6.000000;0.608022;0.000556;3.314671;4.133943;3.148461;4.372051;6.225522;3.020669;4.873611;0.334481;1.739036
6388.61;3452;3465;6.000000;0.620142;0.000462;3.803370;4.441532;3.689793;4.797106;6.149310;2.889890;4.049526;0.362367;1.893565
6390.41;3453;3466;6.000000;0.627440;0.000697;3.853276;4.447463;3.778925;4.855843;6.166943;2.832055;3.867318;0.360354;1.966997
6392.21;3454;3467;6.000000;0.649293;0.000566;3.720993;4.168957;3.779261;4.713678;6.214687;2.900180;3.719660;0.369881;1.764431
6394.01;3455;3468;6.000000;0.606486;0.000531;3.713464;4.528504;3.521713;4.782901;6.153156;2.811680;2.034893;0.381617;1.968917
6395.81;3456;3469;6.000000;0.578018;0.000173;5.159327;4.705618;4.665183;4.737054;6.225415;2.705584;4.130235;0.345394;2.042894
6397.61;3457;3470;6.000000;0.553236;0.000443;5.707679;5.234426;4.938828;5.042506;6.167322;2.520813;2.716907;0.380443;1.445253
6399.41;3458;3471;6.000000;0.534070;0.000594;5.494931;5.250065;4.588612;4.880680;6.220212;2.657743;3.736017;0.370179;1.509256
6401.21;3459;3472;6.000000;0.519650;0.000715;5.600452;5.451529;4.551222;4.932424;6.474035;2.669472;3.939991;0.410812;2.346210
6403.01;3460;3473;6.000000;0.538107;0.000726;5.313159;5.350756;4.470109;5.013145;6.686126;2.601937;4.990484;0.401541;3.011669
6404.81;3461;3474;6.000000;0.519582;0.000626;5.091003;5.419663;4.137034;4.901846;6.621005;2.652577;4.620498;0.374755;2.047988
6406.61;3462;3475;6.000000;0.496223;0.000629;5.346176;5.785289;4.150164;4.999840;6.805909;2.695765;4.911921;0.389390;2.568461
6408.41;3463;3476;6.000000;0.499194;0.000521;5.389399;6.257813;4.208949;5.440342;6.800670;2.551048;2.920023;0.424643;1.917204
6410.21;3464;3477;6.000000;0.501847;0.000333;5.560464;6.039159;4.364296;5.277625;6.708074;2.470747;1.872137;0.438212;2.531190
6412.01;3465;3478;6.000000;0.464187;0.000759;5.795702;6.255814;4.197823;5.049390;6.719784;2.557477;3.470594;0.402943;2.727230
6413.81;3466;3479;6.000000;0.461457;0.000692;5.642666;6.382069;4.068361;5.124651;6.130283;2.469533;1.375204;0.391227;1.611098
6415.61;3467;3480;6.000000;0.489728;0.000841;5.493301;5.862554;4.207609;4.998783;6.503009;2.404819;4.304046;0.393311;2.640869
6417.41;3468;3481;6.000000;0.437249;0.000351;6.986699;6.561221;4.774211;4.990352;5.909580;2.419356;1.106285;0.381848;1.662023
6419.21;3469;3482;5.000000;0.474718;0.000572;4.659847;5.698155;3.455090;4.702947;6.066347;2.663256;2.373211;0.370141;2.015320
6421.01;3470;3483;5.000000;0.479593;0.000542;4.794780;5.710390;3.593259;4.766123;6.312380;2.673216;2.987699;0.386674;1.639450
6422.81;3471;3484;5.000000;0.462363;0.000658;4.908021;5.856500;3.550031;4.714920;6.309729;2.646521;3.461913;0.358060;2.007758
6424.61;3472;3485;5.000000;0.485119;0.000706;4.692269;5.684417;3.558210;4.797642;6.727591;2.622821;4.131381;0.393879;1.796697
6426.41;3473;3486;5.000000;0.502393;0.000657;4.603737;5.354345;3.607999;4.674515;6.387601;2.531633;2.759160;0.354432;2.252045
6428.21;3474;3487;5.000000;0.472292;0.000582;4.975785;5.689946;3.676301;4.680486;6.538687;2.628710;3.991884;0.382279;1.708343
6430.01;3475;3488;5.000000;0.494271;0.000865;4.053969;5.177594;3.134619;4.457047;6.861196;3.045731;6.161137;0.320115;2.368553
6431.81;3476;3489;5.000000;0.494234;0.000707;3.781491;5.247483;2.922212;4.512825;6.661367;3.051310;5.720933;0.320490;1.796711
6433.61;3477;3490;5.000000;0.486041;0.000697;4.024568;5.245016;3.059514;4.439427;6.665797;2.970994;5.228169;0.312475;1.591971
6435.41;3478;3491;5.000000;0.465247;0.000595;4.050929;5.369607;2.943674;4.349889;6.475194;2.940987;5.712404;0.306943;1.586252
6437.21;3479;3492;5.000000;0.494815;0.000663;3.682934;5.483398;2.848627;4.708423;6.491960;2.960263;5.140532;0.335023;1.969272
6439.01;3480;3493;5.000000;0.489346;0.000468;3.639567;5.549130;2.786016;4.729142;6.488916;3.005972;4.553408;0.347046;1.743650
6440.81;3481;3494;5.000000;0.505864;0.000509;3.769506;5.491122;2.982698;4.837114;6.786360;2.990769;6.359699;0.338107;2.542091
6442.61;3482;3495;5.000000;0.498035;0.000750;3.592383;5.649727;2.795868;4.897345;6.691145;3.103712;4.897895;0.343682;1.825643
6444.41;3483;3496;5.000000;0.529301;0.000557;7.455234;5.085647;6.173005;4.688114;5.494109;2.261212;1.299993;0.335266;2.274083
6446.21;3484;3497;5.000000;0.544957;0.000546;7.511899;5.115246;6.403435;4.855216;5.863370;2.358936;1.992477;0.343917;2.059490
6448.01;3485;3498;5.000000;0.552696;0.000515;7.774898;4.870703;6.721899;4.686564;5.772928;2.210445;2.953217;0.330426;1.482540
6449.81;3486;3499;5.000000;0.573627;0.000311;7.476287;4.674010;6.692370;4.659806;5.945170;2.180088;2.400031;0.335751;2.168174
6451.61;3487;3500;5.000000;0.516624;0.000635;8.255937;5.032344;6.672439;4.527916;5.933845;2.214063;3.590922;0.324941;1.694029
6453.41;3488;3501;5.000000;0.538117;0.000475;7.952545;4.970735;6.679747;4.648566;6.195381;2.211403;3.379125;0.329518;2.499685
6455.21;3489;3502;5.000000;0.519141;0.000173;9.182829;5.485443;7.457562;4.959485;6.271838;2.254336;4.311251;0.348235;2.077220
6457.01;3490;3503;5.000000;0.500740;0.000338;9.517760;5.691822;7.455617;4.963595;6.146892;2.245845;3.587078;0.344732;3.143998
6458.81;3491;3504;5.000000;0.542379;0.000173;8.770586;5.323209;7.433484;5.021929;6.296126;2.300976;4.519908;0.353542;3.183148
6460.61;3492;3505;5.000000;0.533832;0.000173;9.111089;5.296537;7.607184;4.923663;6.290841;2.286544;3.564002;0.347235;2.562791
6462.41;3493;3506;5.000000;0.505139;0.000651;9.321622;5.630234;7.366108;4.953226;6.054844;2.235700;3.806319;0.342993;3.016570
6464.21;3494;3507;4.000000;0.911371;0.000425;2.181648;3.102538;3.110176;4.924064;7.111677;3.259686;5.734593;0.411806;1.698297
6466.01;3495;3508;3.000000;0.982228;0.000583;1.710566;2.878069;2.627092;4.921697;7.120198;3.364450;5.746665;0.416473;1.775312
6467.81;3496;3509;3.000000;1.007393;0.000591;1.235701;2.803847;1.947199;4.919406;7.578401;3.533248;6.106287;0.429562;1.820386
6469.61;3497;3510;3.000000;1.065267;0.000349;1.240343;2.674681;2.065672;4.960031;7.180846;3.576769;3.841290;0.432994;1.912198
6471.41;3498;3511;3.000000;1.057842;0.000393;1.269109;2.698979;2.099434;4.971712;7.343450;3.580443;4.653641;0.424676;2.206492
6473.21;3499;3512;3.000000;1.051466;0.000464;1.263167;2.719483;2.077812;4.979999;7.313478;3.557449;5.633418;0.423626;1.659591
6475.01;3500;3513;3.000000;1.073884;0.000295;1.344497;2.653243;2.258691;4.962314;7.312125;3.533622;5.094094;0.429702;2.093834
6476.81;3501;3514;4.000000;1.077221;0.000545;1.334272;2.645621;2.247600;4.959156;7.655525;3.585122;5.677087;0.431939;1.821882
6478.61;3502;3515;4.000000;1.092585;0.000519;1.546051;2.582978;2.638990;4.911559;7.602343;3.521648;5.938180;0.425313;1.883006
6480.41;3503;3516;4.000000;1.036383;0.000303;1.599970;2.738411;2.591856;4.941280;7.260313;3.494005;4.777461;0.422052;1.491877
6482.21;3504;3517;4.000000;1.025696;0.000603;1.602225;2.761372;2.571005;4.932833;7.341842;3.445082;5.960861;0.416658;2.211079
6484.01;3505;3518;4.000000;1.030609;0.000340;1.602706;2.739877;2.583455;4.915170;7.222538;3.486552;4.777732;0.418506;1.639270
6485.81;3506;3519;4.000000;1.069874;0.000546;1.541770;2.634572;2.576971;4.903514;7.338268;3.452582;4.660910;0.424709;1.722888
6487.61;3507;3520;4.000000;1.054367;0.000747;1.549189;2.673621;2.555064;4.908786;7.440739;3.546711;4.643362;0.426269;1.924912
6489.41;3508;3521;4.000000;1.040165;0.000173;1.549653;2.718096;2.521796;4.923930;7.430617;3.549054;5.654860;0.425080;2.046708
6491.21;3509;3522;4.000000;1.012591;0.000173;1.567724;2.728791;2.483316;4.812363;7.390565;3.525813;6.093066;0.428135;2.423076
6493.01;3510;3523;4.000000;1.006606;0.000491;1.959596;2.741614;3.084488;4.805415;7.377766;3.477451;5.188349;0.418213;2.173369
6494.81;3511;3524;4.000000;0.969926;0.000630;2.418528;2.807889;3.669701;4.742927;6.962496;3.440777;5.058088;0.427782;2.224006
6496.61;3512;3525;4.000000;0.939468;0.000466;2.498565;2.951429;3.671411;4.828846;7.137014;3.415090;6.137757;0.422735;2.286666
6498.41;3513;3526;4.000000;0.921256;0.000503;2.977362;2.917928;4.291215;4.681696;7.333561;3.272443;5.751034;0.402421;2.400325
6500.21;3514;3527;4.000000;0.929515;0.000173;2.868399;2.917659;4.170998;4.722968;7.206229;3.311137;5.571369;0.410303;2.045357
6502.01;3515;3528;4.000000;0.927125;0.000423;2.903693;2.900672;4.211410;4.682789;7.148078;3.302865;5.400682;0.414238;2.018012
6503.81;3516;3529;4.000000;0.938295;0.000722;2.869679;2.897187;4.200327;4.724661;7.055591;3.302540;5.416950;0.408134;1.457849
6505.61;3517;3530;4.000000;0.955919;0.000672;2.758285;2.857704;4.124058;4.757354;6.973475;3.286781;5.060077;0.407894;1.752866
6507.41;3518;3531;4.000000;0.938606;0.000364;2.805756;2.905591;4.118217;4.749672;7.309512;3.343752;5.588896;0.421770;2.776475
6509.21;3519;3532;4.000000;0.899126;0.000173;3.289371;3.543632;4.623146;5.546348;7.102400;2.901297;0.921977;0.590361;1.799399
6511.01;3520;3533;4.000000;0.873360;0.000421;3.533497;3.688750;4.828458;5.610098;6.858751;2.865468;0.000100;0.623520;2.183216
6512.81;3521;3534;4.000000;0.926967;0.000506;3.351545;3.409801;4.851970;5.494259;6.954056;2.965276;0.804593;0.600780;2.246763
6514.61;3522;3535;4.000000;0.879065;0.000360;3.542066;3.615281;4.869920;5.534415;6.878117;2.875124;0.000100;0.600791;1.949042
6516.41;3523;3536;4.000000;0.913946;0.000173;3.065336;3.069379;4.382298;4.885005;7.068722;3.255839;5.862457;0.422950;1.773167
6518.21;3524;3537;4.000000;0.889715;0.000352;3.119775;3.117028;4.341268;4.829860;7.295880;3.339080;6.601512;0.416418;2.285654
6520.01;3525;3538;4.000000;0.783008;0.000368;3.779190;3.583663;4.628079;4.886453;6.393331;3.045930;2.407833;0.447528;1.850356
6521.81;3526;3539;4.000000;0.782089;0.000308;3.828270;3.562670;4.684992;4.850981;6.583644;3.057956;4.725830;0.440583;1.756884
6523.61;3527;3540;4.000000;0.799329;0.000173;3.893082;3.522511;4.867713;4.902816;6.451122;3.011897;4.399773;0.440066;1.899445
6525.41;3528;3541;4.000000;0.832083;0.000477;3.897127;3.359468;5.067830;4.863309;6.769426;2.985239;4.923850;0.435471;1.496141
6527.21;3529;3542;4.000000;0.850144;0.000344;3.849002;3.344027;5.117041;4.949839;6.816213;3.021775;4.836842;0.437602;2.345548
6529.01;3530;3543;4.000000;0.814648;0.000534;4.053455;3.390381;5.163910;4.807852;6.841897;3.027874;5.191124;0.410074;1.939033
6530.81;3531;3544;4.000000;0.824007;0.000371;4.075098;3.330630;5.253134;4.779765;6.697505;3.009675;5.942269;0.407862;2.018160
6532.61;3532;3545;4.000000;0.847137;0.000391;4.042036;3.239556;5.356644;4.779584;6.842221;3.030751;6.461768;0.403887;1.931626
6534.41;3533;3546;4.000000;0.832732;0.000653;4.035642;3.257426;5.255897;4.724261;6.565072;3.002604;5.096979;0.391173;1.918110
6536.21;3534;3547;4.000000;0.866729;0.000173;4.009488;3.143903;5.434809;4.745399;6.785978;3.118783;5.563834;0.404915;2.032992
6538.01;3535;3548;5.000000;0.877792;0.000704;4.042315;3.123758;5.549001;4.772628;6.879954;3.100565;5.912662;0.404403;2.407930
6539.81;3536;3549;5.000000;0.852196;0.000173;4.019904;3.179266;5.358893;4.718589;6.992523;3.121230;5.736994;0.396451;1.630296
6541.61;3537;3550;5.000000;0.871546;0.000315;3.956236;3.157076;5.386141;4.786034;6.734954;3.071924;5.188455;0.395400;2.128444
6543.41;3538;3551;5.000000;0.822206;0.000307;4.163652;3.308531;5.356080;4.736839;6.494146;3.026626;4.809803;0.393117;1.612711
6545.21;3539;3552;4.666667;0.851517;0.000370;4.246369;3.195587;5.653817;4.736957;6.743225;3.134666;5.535092;0.400066;1.753749
6547.01;3540;3553;4.000000;0.855174;0.000606;4.270608;3.143858;5.711847;4.681917;6.538559;3.032194;5.115514;0.389848;1.796587
6548.81;3541;3554;4.000000;0.793085;0.000173;5.455130;3.271924;6.768009;4.519305;6.151683;2.828460;5.038321;0.378513;1.892658
6550.61;3542;3555;4.000000;0.780775;0.000316;5.755253;3.269598;7.030794;4.445602;6.193352;2.811273;5.339730;0.373200;1.614992
6552.41;3543;3556;4.000000;0.785022;0.000358;5.690606;3.299222;6.988090;4.510750;6.378693;2.873719;4.692289;0.381190;2.434494
6554.21;3544;3557;4.000000;0.823691;0.000173;5.370211;3.158713;6.920274;4.530425;6.437700;2.846120;5.039855;0.383032;1.397225
6556.01;3545;3558;4.000000;0.827540;0.000426;5.625672;3.093764;7.279638;4.458506;6.368192;2.792382;6.063255;0.370013;1.890533
6557.81;3546;3559;4.000000;0.845497;0.000173;5.494037;3.051660;7.266302;4.493819;6.491294;2.828033;5.896016;0.373749;1.495676
6559.61;3547;3560;4.000000;0.879612;0.000299;5.546298;2.878203;7.631948;4.409314;6.712245;2.846869;6.367423;0.375152;2.320959
6561.41;3548;3561;4.000000;0.862629;0.000358;5.659949;2.888425;7.635060;4.338409;6.265564;2.780978;5.991036;0.366218;1.692118
6563.21;3549;3562;4.000000;0.866588;0.000362;5.620342;2.841076;7.619109;4.287652;6.740798;2.807174;7.370864;0.368479;2.933041
6565.01;3550;3563;4.000000;0.891657;0.000634;5.443044;2.735908;7.589814;4.248221;6.594263;2.817782;7.256017;0.360576;2.626077
6566.81;3551;3564;4.000000;0.938585;0.000543;5.070265;2.578465;7.443579;4.215124;6.404135;2.779383;6.892479;0.361311;2.287094
6568.61;3552;3565;4.000000;0.893066;0.000529;5.526841;2.678711;7.720799;4.165698;6.124171;2.671883;6.408884;0.352283;1.705275
6570.41;3553;3566;4.000000;0.881992;0.000471;5.574139;2.720588;7.676376;4.172528;5.736699;2.699487;5.226051;0.341431;1.687656
6572.21;3554;3567;4.000000;0.826128;0.000173;7.523442;2.705592;9.715963;3.890940;6.022408;2.559549;6.695936;0.331065;2.241274
6574.01;3555;3568;4.000000;0.813286;0.000582;7.655991;2.748910;9.739452;3.892317;6.322998;2.590704;8.549203;0.333488;2.317795
6575.81;3556;3569;4.000000;0.804722;0.000173;7.572122;2.823176;9.532795;3.956269;6.185634;2.580508;7.364111;0.342901;1.596200
6577.61;3557;3570;4.000000;0.796786;0.000607;7.414885;2.909974;9.242578;4.037561;6.141247;2.566667;7.157020;0.338195;2.188616
6579.41;3558;3571;4.000000;0.806175;0.000543;5.818020;3.223840;7.326349;4.520924;6.383295;2.784205;6.382341;0.356610;1.386475
6581.21;3559;3572;4.000000;0.815820;0.000547;5.506642;3.200594;7.025693;4.547472;6.838426;2.888723;7.713654;0.374359;2.531288
6583.01;3560;3573;4.000000;0.836612;0.000173;4.945081;3.184218;6.472270;4.637314;6.492917;2.900139;6.457294;0.375978;1.791978
6584.81;3561;3574;4.000000;0.830418;0.000299;4.885158;3.207377;6.338500;4.633315;6.602608;2.894546;6.591539;0.373201;1.788812
6586.61;3562;3575;4.000000;0.936319;0.000337;3.847286;2.882905;5.633324;4.698187;6.981274;3.042286;7.361681;0.385759;2.365424
6588.41;3563;3576;4.000000;0.862271;0.000669;4.231719;3.092594;5.708263;4.644296;6.911282;3.016235;7.501589;0.383122;1.199068
6590.21;3564;3577;4.000000;1.003280;0.000173;3.750133;2.494594;5.884615;4.358372;6.603101;2.849488;6.657138;0.377216;2.500363
6592.01;3565;3578;4.000000;1.099116;0.000334;3.686846;2.285079;6.326639;4.371137;6.944881;2.878027;7.317025;0.388307;1.641769
6593.81;3566;3579;4.000000;1.014247;0.000577;2.986524;2.564968;4.730759;4.523163;6.786509;3.033286;6.256979;0.402511;2.289534
6595.61;3567;3580;4.000000;1.027566;0.000603;2.770120;2.615227;4.451361;4.678568;7.250589;3.204900;6.932491;0.408676;1.953776
6597.41;3568;3581;4.000000;1.022542;0.000387;2.837107;2.602156;4.538071;4.633911;7.337981;3.204664;6.637865;0.411715;2.740267
6599.21;3569;3582;4.000000;0.989326;0.000502;2.877162;2.727074;4.452935;4.698219;7.391438;3.213190;6.657133;0.417719;2.352384
6601.01;3570;3583;4.000000;1.013598;0.000629;2.354014;2.722934;3.732115;4.805228;7.534403;3.300719;6.721901;0.417202;2.246319
6602.81;3571;3584;5.000000;0.985791;0.000444;2.277587;2.775071;3.511538;4.763478;7.452906;3.334060;6.231281;0.417524;1.988939
6604.61;3572;3585;5.000000;1.020582;0.000453;1.667353;2.742445;2.661659;4.872764;7.210620;3.364494;5.565528;0.416238;1.965488
6606.41;3573;3586;4.000000;1.016050;0.000538;1.709811;2.741976;2.717492;4.850480;6.933439;3.305606;3.935761;0.416457;1.736790
6608.21;3574;3587;4.000000;1.120705;0.000612;1.233048;2.552924;2.161240;4.982265;7.530785;3.495396;6.950841;0.424363;1.534251
6610.01;3575;3588;5.000000;1.127385;0.000673;1.184243;2.544939;2.088803;4.996768;7.530222;3.533833;6.611209;0.420339;1.914098
6611.81;3576;3589;5.000000;1.129741;0.000359;1.305133;2.543986;2.304844;5.002818;7.300092;3.355654;6.178270;0.414407;1.784645
6613.61;3577;3590;5.000000;1.107255;0.000631;1.319188;2.587415;2.284640;4.989274;7.271842;3.342055;5.194133;0.408979;2.302214
6615.41;3578;3591;5.000000;1.003338;0.000521;3.144560;2.667528;4.935792;4.661266;7.338905;3.092597;7.517713;0.389092;2.878003
6617.21;3579;3592;5.000000;0.962378;0.000467;3.247810;2.819426;4.888828;4.723787;7.117511;3.057538;6.656388;0.387718;2.970756
6619.01;3580;3593;5.000000;0.720560;0.000529;8.336672;3.256748;9.396409;4.086362;6.204714;2.396646;6.792751;0.331666;2.740553
6620.81;3581;3594;4.000000;0.637011;0.000459;10.066842;3.658623;9.926988;4.036464;5.712226;2.287105;6.251319;0.309588;2.253300
6622.61;3582;3595;4.000000;0.581693;0.000470;11.855335;3.857683;10.788302;3.908165;5.594692;2.058329;6.326386;0.292843;2.054438
6624.41;3583;3596;4.000000;0.620566;0.000173;11.382694;3.548467;11.049724;3.833702;5.705696;2.037429;6.675812;0.288461;2.196826
6626.21;3584;3597;5.000000;0.504128;0.000173;17.385759;4.169254;13.604869;3.642545;5.012969;1.586211;4.905445;0.268797;2.218545
6628.01;3585;3598;5.000000;0.566103;0.000173;15.203872;3.778562;13.464313;3.724543;5.522887;1.698857;6.534234;0.270751;2.584959
6629.81;3586;3599;5.000000;0.540801;0.000173;16.978559;3.938828;14.364330;3.709602;4.997212;1.504462;5.530406;0.263558;1.965860
6631.61;3587;3600;5.000000;0.551567;0.000173;16.511004;3.869748;14.243387;3.715922;5.127463;1.488152;6.223970;0.260433;2.326390
6633.41;3588;3601;5.000000;0.507541;0.000173;17.079171;4.105903;13.517788;3.621007;5.125543;1.584795;4.901484;0.257837;2.421189
6635.21;3589;3602;5.000000;0.621749;0.000327;11.414528;3.949919;11.097960;4.276429;5.683089;1.787593;5.705405;0.298420;2.310368
6637.01;3590;3603;5.000000;0.622137;0.000173;11.478705;3.961773;11.171709;4.292709;5.770480;1.805837;6.015112;0.292536;2.665708
6638.81;3591;3604;5.000000;0.613371;0.000173;8.445130;4.398543;8.103379;4.698810;6.001095;2.191265;5.285583;0.324375;2.210235
6640.61;3592;3605;5.000000;0.582582;0.000173;8.838540;4.662138;8.052874;4.728613;5.557235;2.168173;3.273306;0.325491;2.282891
6642.41;3593;3606;5.000000;0.476626;0.000470;6.970591;6.578891;5.196392;5.460136;6.540369;2.555540;3.741574;0.367182;1.438276
6644.21;3594;3607;5.000000;0.431094;0.000388;7.357578;7.199663;4.961503;5.405286;6.583555;2.593332;4.155336;0.370383;2.060150
6646.01;3595;3608;5.000000;0.434375;0.000339;7.419324;7.196554;5.040640;5.443512;6.263211;2.484382;2.960110;0.356787;2.343439
6647.81;3596;3609;5.000000;0.444198;0.000446;6.324225;7.030479;4.391457;5.434855;6.202116;2.421093;2.392524;0.416174;2.373580
6649.61;3597;3610;5.000000;0.476981;0.000173;6.026168;6.448077;4.495838;5.356554;6.560108;2.464811;2.870842;0.416697;2.696719
6651.41;3598;3611;5.000000;0.534519;0.000330;4.404374;5.451378;3.681022;5.069789;6.356411;2.615896;3.333519;0.424875;2.428338
6653.21;3599;3612;5.000000;0.517626;0.000293;4.586938;5.583339;3.714087;5.033321;6.452541;2.683894;3.575115;0.439541;1.624177
6655.01;3600;3613;5.000000;0.549408;0.000636;4.152539;5.284023;3.567429;5.055210;6.363440;2.686401;3.273385;0.438478;2.156580
6656.81;3601;3614;5.000000;0.540144;0.000173;4.080810;5.355462;3.448407;5.037964;6.585892;2.765538;3.726026;0.463525;1.990120
6658.61;3602;3615;5.000000;0.573550;0.000173;4.032383;5.008820;3.616407;5.000737;5.804914;2.730046;0.000100;0.448410;2.296754
6660.41;3603;3616;6.000000;0.523461;0.000353;4.215797;5.142511;3.433063;4.669729;6.061006;2.874824;3.168440;0.371656;1.715814
6662.21;3604;3617;6.000000;0.529085;0.000394;4.167246;5.102594;3.449323;4.701840;6.500308;2.954996;3.509506;0.371901;1.953922
6664.01;3605;3618;6.000000;0.532105;0.000522;3.901341;4.922531;3.242647;4.558995;6.511323;3.089903;3.730390;0.332502;2.104256
6665.81;3606;3619;6.000000;0.519207;0.000321;3.929851;5.049849;3.192674;4.563593;6.517151;3.042159;4.382307;0.347341;2.624820
6667.61;3607;3620;5.000000;0.623226;0.000565;5.278286;4.580499;5.146203;4.971862;6.470502;2.707560;2.891598;0.371864;1.974382
6669.41;3608;3621;5.000000;0.515152;0.000425;5.853646;5.634282;4.717137;5.054932;6.115230;2.609193;2.387857;0.376975;1.724614
6671.21;3609;3622;5.000000;0.498762;0.000173;5.895203;5.813096;4.596186;5.048479;6.373736;2.626238;3.283169;0.389493;2.412549
6673.01;3610;3623;5.000000;0.485582;0.000315;5.693697;6.474629;4.322048;5.476128;6.318483;2.341630;2.679084;0.439885;2.360356
6674.81;3611;3624;5.000000;0.492308;0.000458;5.416336;6.518763;4.163742;5.582319;6.425798;2.247747;3.569139;0.455739;1.591854
6676.61;3612;3625;5.000000;0.482180;0.000542;5.646073;6.611920;4.258915;5.552515;6.289773;2.218004;2.231172;0.477952;2.481876
6678.41;3613;3626;5.000000;0.471226;0.000304;5.815353;6.752090;4.286873;5.541166;5.619369;2.241127;0.000100;0.459795;2.376382
6680.21;3614;3627;5.000000;0.479524;0.000392;5.781390;6.627006;4.329468;5.524010;5.743395;2.224144;0.000100;0.462169;2.161000
6682.01;3615;3628;5.000000;0.470008;0.000518;4.762805;6.216616;3.499696;5.083113;6.275535;2.622587;2.698319;0.385499;1.702967
6683.81;3616;3629;5.000000;0.483600;0.000569;4.572295;6.097061;3.455768;5.125116;6.469767;2.664319;3.747023;0.397428;2.139197
6685.61;3617;3630;5.000000;0.490031;0.000779;4.358874;5.527703;3.340681;4.716446;6.767045;3.094350;4.598556;0.328419;1.988084
6687.41;3618;3631;5.000000;0.476056;0.000680;4.340314;5.685282;3.232417;4.713652;6.795089;3.052800;5.079339;0.328813;2.104374
6689.21;3619;3632;5.000000;0.503694;0.000173;4.877934;6.116786;3.843865;5.364818;6.428439;2.306393;4.230176;0.388094;2.470860
6691.01;3620;3633;5.000000;0.499748;0.000173;4.788586;6.188550;3.743349;5.384694;6.580302;2.276992;4.766827;0.379086;2.418454
6692.81;3621;3634;5.000000;0.479086;0.000173;5.148638;6.655025;3.858764;5.552379;6.393965;2.380514;4.180341;0.395041;2.451990
6694.61;3622;3635;5.000000;0.479879;0.000173;4.897113;6.396730;3.675208;5.344700;6.660926;2.446800;3.746220;0.441758;2.388593
6696.41;3623;3636;5.000000;0.491074;0.000558;4.709810;6.257704;3.617275;5.350533;6.644999;2.472582;3.975464;0.461333;2.544552
6698.21;3624;3637;5.000000;0.489657;0.000173;4.801988;6.372165;3.676629;5.432222;6.894954;2.556568;3.807188;0.491771;2.020748
6700.01;3625;3638;5.000000;0.460678;0.000584;5.411791;6.857499;3.898835;5.498297;6.881690;2.322119;3.276854;0.505952;2.279724
6701.81;3626;3639;5.000000;0.455147;0.000554;5.719781;6.930899;4.070841;5.489446;6.552869;2.231905;3.180156;0.491748;2.940456
6703.61;3627;3640;5.000000;0.518306;0.000558;6.032203;6.255693;4.890031;5.643410;6.408824;1.994422;3.091713;0.495323;2.394808
6705.41;3628;3641;5.000000;0.531833;0.000173;5.596014;5.995825;4.647720;5.546953;6.527789;2.146606;2.422139;0.498963;2.866711
6707.21;3629;3642;5.000000;0.536371;0.000375;5.543590;5.934015;4.650637;5.542700;6.662006;2.160937;3.259357;0.509524;3.033659
6709.01;3630;3643;5.000000;0.520710;0.000326;5.715662;6.151866;4.653325;5.574610;6.588857;2.095664;2.511646;0.506139;2.659576
6710.81;3631;3644;6.000000;0.507886;0.000173;6.291003;9.410623;4.991878;8.312528;6.261725;1.741665;0.000100;1.075531;3.559505
6712.61;3632;3645;6.000000;0.508118;0.000173;7.001058;10.198411;5.558969;9.015619;6.534944;1.277449;0.000100;1.235169;2.949016
6714.41;3633;3646;6.000000;0.520695;0.000173;6.775903;9.868023;5.515684;8.943787;6.561933;1.232751;0.000100;1.281890;3.704257
6716.21;3634;3647;6.000000;0.512803;0.000173;6.008588;9.298422;4.817556;8.294889;6.760877;1.665197;0.000100;1.166895;3.122501
6718.01;3635;3648;5.000000;0.654221;0.000354;5.483618;5.738482;5.610499;6.535877;6.344319;2.122342;0.000100;0.614703;2.653244
6719.81;3636;3649;5.000000;0.661530;0.000389;5.387043;6.020636;5.567033;6.926024;6.566229;1.931621;0.000100;0.681217;3.145351
6721.61;3637;3650;5.000000;0.672898;0.000335;4.904082;5.031094;5.162342;5.896028;6.739784;2.213471;2.191036;0.438533;2.945652
6723.41;3638;3651;5.000000;0.696947;0.000173;4.747075;4.898533;5.175455;5.945951;6.772687;2.206389;2.128457;0.425493;2.584716
6725.21;3639;3652;5.000000;0.560192;0.000173;6.065486;5.629796;5.315377;5.492680;6.675525;2.318608;4.206018;0.413128;2.775832
6727.01;3640;3653;5.000000;0.547372;0.000173;5.949992;5.657229;5.092745;5.391090;6.470582;2.342009;4.344453;0.398641;2.726001
6728.81;3641;3654;5.000000;0.598774;0.000349;5.092987;4.978644;4.769625;5.190955;5.897437;2.491987;2.803718;0.337200;2.400146
6730.61;3642;3655;5.000000;0.594960;0.000173;4.429980;5.011541;4.123045;5.192964;6.498413;2.624120;4.527470;0.332747;2.165838
6732.41;3643;3656;5.000000;0.630827;0.000336;3.960580;4.761533;3.908728;5.231067;6.618379;2.625184;6.443698;0.333500;2.747774
6734.21;3644;3657;5.000000;0.647050;0.000173;3.493237;4.723760;3.536094;5.323249;6.639381;2.630150;5.920242;0.338758;2.545574
6736.01;3645;3658;5.000000;0.672493;0.000399;3.365031;4.601127;3.536132;5.385076;7.173737;2.761113;7.147381;0.351693;2.609184
6737.81;3646;3659;5.000000;0.670636;0.000444;2.828298;4.691737;2.964295;5.477047;6.753650;2.734517;5.101677;0.351094;2.054667
6739.61;3647;3660;5.000000;0.681839;0.000542;2.833818;4.583865;3.014891;5.437200;6.692048;2.721940;4.171779;0.358324;2.707299
6741.41;3648;3661;5.000000;0.670796;0.000173;2.893104;4.676386;3.035591;5.462790;6.547224;2.712448;5.306418;0.351101;1.986653
6743.21;3649;3662;5.000000;0.645774;0.000298;2.888436;4.812314;2.917922;5.412388;6.512439;2.711432;4.038681;0.345045;2.496554
6745.01;3650;3663;5.000000;0.735442;0.000173;2.596361;4.340637;2.986615;5.557408;6.580381;2.735844;3.921879;0.361497;2.281246
6746.81;3651;3664;5.000000;0.692556;0.000433;2.706755;4.576359;2.928888;5.516279;5.905658;2.661867;2.181383;0.363701;2.097662
6748.61;3652;3665;5.000000;0.777406;0.000319;2.623943;4.161209;3.185365;5.629234;6.380392;2.712684;3.827386;0.360617;1.659325
6750.41;3653;3666;5.000000;0.776450;0.000173;2.637266;4.183355;3.203429;5.655900;6.633829;2.776446;5.339041;0.367191;2.167188
6752.21;3654;3667;5.000000;0.759049;0.000381;3.084360;4.382264;3.661257;5.793047;6.558910;2.690236;4.065444;0.351183;1.729906
6754.01;3655;3668;5.000000;0.713064;0.000173;3.271250;4.756355;3.638886;5.893625;6.158779;2.640988;0.861211;0.365236;1.805847
6755.81;3656;3669;5.000000;0.692958;0.000378;3.333652;5.005725;3.612548;6.038711;7.257002;2.855718;5.124867;0.380819;2.409364
6757.61;3657;3670;5.000000;0.712578;0.000173;3.183370;4.846664;3.547475;6.011835;7.154204;2.694704;5.669996;0.365785;2.914423
6759.41;3658;3671;5.000000;0.711276;0.000173;2.945328;4.837532;3.277102;5.992432;7.131515;2.699839;5.334209;0.372617;2.527499
6761.21;3659;3672;5.000000;0.707961;0.000425;2.932072;4.699409;3.247666;5.794245;6.951314;2.665030;4.800512;0.373205;2.148499
6763.01;3660;3673;5.000000;0.745797;0.000300;2.808640;4.461625;3.275988;5.794335;7.043133;2.597529;4.709909;0.375878;2.116682
6764.81;3661;3674;5.000000;0.705709;0.000173;2.996191;4.626480;3.307424;5.685979;5.181044;2.396486;0.000100;0.355235;2.054536
6766.61;3662;3675;5.000000;0.779744;0.000438;2.757280;4.196790;3.362038;5.698591;6.322296;2.443472;3.045679;0.370252;2.467048
6768.41;3663;3676;5.000000;0.791909;0.000173;2.637123;4.309648;3.266570;5.943468;6.677098;2.494806;4.297625;0.372800;2.384660
6770.21;3664;3677;5.000000;0.802512;0.000341;2.633308;4.189955;3.306147;5.855703;6.869245;2.510026;4.037508;0.371671;3.077400
6772.01;3665;3678;5.000000;0.810079;0.000173;2.830744;4.247701;3.586859;5.992218;6.833270;2.406235;5.080742;0.364968;2.482021
6773.81;3666;3679;5.000000;0.801812;0.000173;2.890875;4.308930;3.623513;6.014757;6.906188;2.351040;4.788410;0.364794;2.711600
6775.61;3667;3680;5.000000;0.744486;0.000173;3.486965;4.651678;4.061111;6.031412;6.799348;2.446055;3.698780;0.354923;2.616747
6777.41;3668;3681;5.000000;0.744021;0.000173;3.538363;4.665794;4.117009;6.043987;6.805320;2.431826;4.298543;0.357933;2.903554
6779.21;3669;3682;5.000000;0.721197;0.000342;3.479950;4.924958;3.926166;6.186030;6.792134;2.415815;3.836965;0.364613;2.667580
6781.01;3670;3683;5.000000;0.734409;0.000352;3.379596;4.837449;3.882848;6.187386;7.015248;2.456108;4.174999;0.371291;3.034559
6782.81;3671;3684;5.000000;0.677952;0.000448;4.611331;4.925745;4.889107;5.810147;6.035167;2.418040;2.980732;0.373710;2.335273
6784.61;3672;3685;5.000000;0.623760;0.000173;4.185715;5.373442;4.084425;5.837441;6.527177;2.428422;2.670716;0.387901;2.133955
6786.41;3673;3686;5.000000;0.582252;0.000357;4.489153;5.690635;4.088298;5.767543;6.735216;2.362054;3.467379;0.392414;3.125122
6788.21;3674;3687;5.000000;0.619544;0.000173;4.251834;5.317357;4.120639;5.737470;6.666847;2.352769;3.460915;0.401715;2.594648
6790.01;3675;3688;5.000000;0.654430;0.000335;4.548248;4.943022;4.656447;5.633857;6.643984;2.300150;3.725301;0.387573;1.775010
6791.81;3676;3689;5.000000;0.629113;0.000173;4.624838;5.183955;4.551648;5.679932;6.357052;2.307104;2.362144;0.400227;2.185319
6793.61;3677;3690;5.000000;0.661621;0.000173;5.595781;4.682891;5.791823;5.396029;6.636267;2.268890;3.585637;0.371327;3.530649
6795.41;3678;3691;5.000000;0.674485;0.000173;5.573518;4.553508;5.880785;5.348968;6.698698;2.251887;3.990376;0.372193;2.468752
6797.21;3679;3692;5.000000;0.647790;0.000382;5.873456;4.759499;5.951261;5.369175;6.632912;2.367341;4.681611;0.368098;2.549440
6799.01;3680;3693;5.000000;0.649174;0.000334;5.748423;4.747038;5.837132;5.366333;6.631238;2.385373;4.035174;0.368884;2.541793
6800.81;3681;3694;5.000000;0.594711;0.000318;5.069000;5.412828;4.716078;5.606265;5.793312;2.428707;0.000100;0.368438;2.070300
6802.61;3682;3695;5.000000;0.607056;0.000313;4.329512;5.483982;4.110925;5.797890;6.307756;2.422336;1.418698;0.373458;1.867610
6804.41;3683;3696;5.000000;0.610155;0.000401;3.874714;5.576141;3.697014;5.924720;6.635368;2.552999;1.983050;0.383630;1.764040
6806.21;3684;3697;5.000000;0.617474;0.000319;3.829197;5.464154;3.699183;5.876059;6.856937;2.519827;2.267942;0.383117;2.416449
6808.01;3685;3698;5.000000;0.573997;0.000173;4.236928;5.944107;3.803987;5.941772;7.199442;2.647714;3.636299;0.388981;2.882967
6809.81;3686;3699;5.000000;0.573791;0.000312;4.260965;5.888646;3.823924;5.883975;7.216795;2.695606;3.228308;0.383756;2.303891
6811.61;3687;3700;5.000000;0.553154;0.000298;4.111202;6.114210;3.557608;5.890329;7.123005;2.602309;3.588139;0.383184;2.479035
6813.41;3688;3701;5.000000;0.529137;0.000173;3.554589;6.553112;2.942296;6.039046;7.256705;2.775654;2.438172;0.401454;2.763997
6815.21;3689;3702;5.000000;0.513501;0.000542;3.656921;6.739111;2.936570;6.024888;7.520505;2.765334;3.301886;0.403110;3.075328
6817.01;3690;3703;5.000000;0.509835;0.000360;3.546184;6.732295;2.829061;5.974399;6.876571;2.788460;2.274968;0.388340;2.023662
6818.81;3691;3704;5.000000;0.523613;0.000173;4.405282;6.392218;3.608729;5.828140;6.409825;2.784017;0.000100;0.397631;1.735443
6820.61;3692;3705;5.000000;0.495952;0.000173;4.515791;6.612431;3.502982;5.707032;6.878469;2.853758;0.988804;0.395723;2.081273
6822.41;3693;3706;5.000000;0.466823;0.000529;5.547766;6.805917;4.045469;5.525195;6.887986;2.899744;2.098547;0.387510;2.310174
6824.21;3694;3707;5.000000;0.539466;0.000454;5.808551;5.861680;4.807254;5.386776;6.996810;2.828860;3.698484;0.377631;1.846544
6826.01;3695;3708;5.000000;0.462904;0.000313;7.598351;6.516283;5.502301;5.253477;7.363430;2.876321;4.438805;0.382880;2.417525
6827.81;3696;3709;5.000000;0.460112;0.000486;8.404851;6.374349;6.049656;5.106086;7.177038;2.815626;5.084482;0.376906;2.225793
6829.61;3697;3710;5.000000;0.427991;0.000436;10.004379;6.383032;6.695586;4.755984;7.024191;2.741936;4.017002;0.358354;2.284275
6831.41;3698;3711;5.000000;0.469893;0.000313;10.310410;5.789308;7.578651;4.736912;6.949965;2.726769;4.601128;0.366602;2.516754
6833.21;3699;3712;5.000000;0.505292;0.000407;11.416781;5.043220;9.024075;4.438222;5.411440;2.476249;1.792286;0.326139;2.002160
6835.01;3700;3713;5.000000;0.452412;0.000322;11.737985;5.678005;8.307482;4.473862;6.100492;2.651080;2.744650;0.347813;1.055571
6836.81;3701;3714;6.000000;0.454385;0.000358;11.951986;5.609121;8.495867;4.438866;6.367757;2.674303;3.614888;0.344968;2.097798
6838.61;3702;3715;6.000000;0.481546;0.000360;11.166605;5.457852;8.404475;4.575773;6.440915;2.618467;3.673474;0.350127;2.300509
6840.41;3703;3716;6.000000;0.478768;0.000484;11.118853;5.533198;8.327408;4.613540;6.182260;2.504838;3.409824;0.330617;1.765121
6842.21;3704;3717;6.000000;0.488353;0.000173;11.153205;5.598897;8.520827;4.761866;6.546260;2.490528;4.339048;0.344371;2.241153
6844.01;3705;3718;6.000000;0.496253;0.000431;10.492603;5.555938;8.145243;4.801357;6.535618;2.480091;3.898718;0.335584;1.587629
6845.81;3706;3719;6.000000;0.502085;0.000173;9.902968;5.423221;7.778396;4.742234;6.433546;2.643264;4.580822;0.341838;1.866363
6847.61;3707;3720;6.000000;0.544521;0.000549;9.598847;5.003149;8.138980;4.726935;6.525809;2.611900;3.262990;0.340589;2.009147
6849.41;3708;3721;6.000000;0.511271;0.000173;11.124932;5.262602;8.896759;4.686010;6.606689;2.554360;4.598816;0.328257;2.803176
6851.21;3709;3722;5.000000;0.486384;0.000352;11.808598;5.571554;8.982066;4.718151;6.058563;2.733482;2.095577;0.338864;1.262121
6853.01;3710;3723;5.000000;0.464962;0.000435;12.368783;5.738116;8.994189;4.644630;6.411269;2.816394;3.142623;0.343012;1.781037
6854.81;3711;3724;5.000000;0.466919;0.000173;12.577420;5.710828;9.182677;4.640104;6.685431;2.771547;4.050648;0.343653;2.804409
6856.61;3712;3725;5.000000;0.469939;0.000173;12.529027;5.648959;9.210680;4.623443;6.730402;2.769212;4.768743;0.351639;1.028257
6858.41;3713;3726;5.000000;0.484594;0.000312;11.996528;5.506170;9.092120;4.645573;6.884995;2.792370;4.723211;0.350657;2.398222
6860.21;3714;3727;5.000000;0.442790;0.000508;13.855022;5.653965;9.595982;4.359236;6.554551;2.630422;3.718297;0.320086;1.848154
6862.01;3715;3728;5.000000;0.447462;0.000173;13.480382;5.608491;9.435454;4.370080;6.333471;2.651473;3.386730;0.317972;1.748916
6863.81;3716;3729;5.000000;0.450293;0.000173;13.634276;5.605953;9.588082;4.389400;6.712884;2.603147;4.662330;0.329041;1.801557
6865.61;3717;3730;5.000000;0.459515;0.000310;14.415135;5.228167;10.361396;4.184022;6.474943;2.604938;4.456642;0.315079;1.667366
6867.41;3718;3731;5.000000;0.463748;0.000399;14.573161;5.185982;10.572416;4.188552;6.566612;2.672655;4.115367;0.323306;1.722015
6869.21;3719;3732;5.000000;0.446306;0.000476;16.550381;5.299754;11.555363;4.119467;5.609118;2.484575;2.791172;0.293404;1.352045
6871.01;3720;3733;5.000000;0.452442;0.000596;15.134929;5.291926;10.712402;4.169941;5.831656;2.539986;3.041458;0.304664;1.704355
6872.81;3721;3734;5.000000;0.465703;0.000340;14.277426;5.184276;10.393094;4.201390;6.585193;2.618194;3.806284;0.317995;2.336871
6874.61;3722;3735;5.000000;0.462046;0.000388;14.023386;5.324377;10.136005;4.284336;6.397450;2.579642;3.802288;0.310878;2.479331
6876.41;3723;3736;5.000000;0.504099;0.000327;12.228648;5.033433;9.643454;4.418939;6.749818;2.522621;5.127390;0.308100;2.047579
6878.21;3724;3737;5.000000;0.491471;0.000481;11.789960;5.391720;9.064049;4.614924;6.950172;2.672393;4.200375;0.326191;2.020476
6880.01;3725;3738;5.000000;0.544114;0.000173;9.297024;5.226210;7.912131;4.952177;7.097250;2.766947;2.951676;0.348868;2.487199
6881.81;3726;3739;5.000000;0.586586;0.000501;8.375749;5.229768;7.683670;5.342366;6.726579;2.528637;2.367184;0.344536;2.109831
6883.61;3727;3740;5.000000;0.591642;0.000351;7.504523;5.592450;6.944440;5.762583;7.469171;2.593042;2.965799;0.371802;2.520372
6885.41;3728;3741;5.000000;0.528936;0.000330;8.226433;6.212007;6.806754;5.722035;7.482443;2.452589;3.359880;0.367900;2.867738
6887.21;3729;3742;5.000000;0.581393;0.000173;6.635336;5.421592;6.017912;5.472583;6.928972;2.289462;0.739903;0.369545;2.022992
6889.01;3730;3743;5.000000;0.575730;0.000513;6.672981;5.412105;6.000717;5.417253;7.093636;2.297081;1.625509;0.363043;1.818094
6890.81;3731;3744;5.000000;0.577224;0.000173;6.549978;5.352082;5.914503;5.380333;7.230951;2.273257;2.949775;0.351162;2.299652
6892.61;3732;3745;5.000000;0.550480;0.000625;6.710249;5.705515;5.777358;5.467958;6.763497;2.287440;0.629878;0.356309;0.985728
6894.41;3733;3746;5.000000;0.649587;0.000173;6.127819;4.670794;6.226864;5.284253;6.948755;2.188872;1.597375;0.349106;2.197418
6896.21;3734;3747;5.000000;0.699057;0.000683;5.225643;4.338411;5.714808;5.281974;6.833823;2.247731;1.651739;0.345533;1.693438
6898.01;3735;3748;5.000000;0.764502;0.000609;3.992569;4.140698;4.777578;5.507949;7.230864;2.621000;2.104271;0.369101;1.601181
6899.81;3736;3749;5.000000;0.727663;0.000667;4.852035;4.362222;5.523214;5.527984;7.555761;2.763134;3.672164;0.381773;2.157566
6901.61;3737;3750;5.000000;0.698495;0.000653;5.333468;4.506899;5.828083;5.482580;7.543021;2.796211;2.847198;0.383803;3.085010
6903.41;3738;3751;5.000000;0.719879;0.000173;5.100773;4.354504;5.735523;5.447491;7.226027;2.845263;2.273162;0.383340;2.183114
6905.21;3739;3752;4.000000;0.655905;0.000173;5.712303;4.780453;5.861240;5.460885;6.852625;2.868816;0.000100;0.384586;2.060864
6907.01;3740;3753;4.000000;0.653242;0.000366;5.796993;4.828873;5.920896;5.491338;7.165585;2.866127;1.701789;0.382320;1.806315
6908.81;3741;3754;4.000000;0.763954;0.000721;4.457373;4.152491;5.323697;5.523963;7.447590;2.937713;2.285584;0.388131;2.259793
6910.61;3742;3755;4.000000;0.729155;0.000511;4.679656;4.343466;5.337749;5.515721;7.351672;2.953118;3.052827;0.393183;1.861003
6912.41;3743;3756;4.000000;0.782072;0.000305;4.457965;4.064349;5.453440;5.535963;7.647698;2.980319;3.193238;0.402235;1.606647
6914.21;3744;3757;4.000000;0.750743;0.000173;5.419111;4.071819;6.363666;5.323280;7.727222;2.822614;3.161626;0.385261;2.441768
6916.01;3745;3758;4.000000;0.743781;0.000173;4.758605;4.226864;5.536925;5.475393;7.926277;2.959959;3.591115;0.394031;1.594624
6917.81;3746;3759;4.000000;0.748457;0.000321;5.401875;4.116181;6.324524;5.365356;7.613534;2.850865;3.790609;0.391452;2.761071
6919.61;3747;3760;4.000000;0.935426;0.000642;2.615277;3.546242;3.825907;5.775307;8.205938;3.204453;2.351642;0.429354;2.041181
6921.41;3748;3761;3.000000;0.938082;0.000308;2.473730;3.579199;3.627187;5.843810;8.129880;3.229665;2.967024;0.424226;2.449216
6923.21;3749;3762;3.000000;1.021651;0.000626;1.663538;3.518008;2.655391;6.251390;7.651052;3.396318;0.000100;0.453291;1.846546
6925.01;3750;3763;3.000000;1.016662;0.000321;1.660032;3.518782;2.638658;6.222891;7.997740;3.387230;0.641344;0.459927;1.914498
6926.81;3751;3764;3.000000;0.950871;0.000393;1.947009;3.670890;2.896586;6.077877;8.034774;3.290775;0.581308;0.442448;1.902629
6928.61;3752;3765;3.000000;1.029066;0.000563;1.657582;3.478887;2.668106;6.235074;8.309405;3.381144;0.662668;0.458000;2.127431
6930.41;3753;3766;4.000000;0.715259;0.000372;2.076887;5.091309;2.323840;6.341941;8.115459;3.187689;0.733423;0.456358;2.330560
6932.21;3754;3767;4.000000;0.729209;0.000450;2.069586;4.990908;2.358615;6.334717;8.166963;3.244575;1.367249;0.470581;1.782964
6934.01;3755;3768;4.000000;0.500582;0.000173;9.895455;5.937770;7.750123;5.176443;5.932859;2.249268;0.000100;0.340450;1.828707
6935.81;3756;3769;4.000000;0.463915;0.000173;12.570074;6.077534;9.117063;4.903987;5.966523;2.080431;1.447902;0.328498;1.632994
6937.61;3757;3770;4.000000;0.498060;0.000346;12.485210;5.611685;9.709751;4.863685;6.219222;2.043681;2.337316;0.338948;2.302997
6939.41;3758;3771;5.000000;0.465906;0.000173;14.242702;5.780069;10.379908;4.687505;6.163741;1.880410;1.859107;0.323737;2.226267
6941.21;3759;3772;5.000000;0.469403;0.000379;13.636812;5.873960;10.011848;4.801832;5.941548;1.951431;2.256303;0.333515;2.875376
6943.01;3760;3773;5.000000;0.489799;0.000173;13.188560;5.640667;10.105068;4.810618;6.304336;1.921637;3.564447;0.337389;2.394064
6944.81;3761;3774;4.000000;0.519934;0.000403;12.241928;5.405511;9.956395;4.894537;6.337691;1.890842;3.328257;0.331648;2.346605
6946.61;3762;3775;4.000000;0.501782;0.000173;12.731502;5.601614;9.993527;4.895033;6.406741;1.894901;3.831525;0.335237;2.313700
6948.41;3763;3776;4.000000;0.513185;0.000173;12.255704;5.518173;9.837140;4.930882;6.244097;1.831714;3.834015;0.334380;2.981899
6950.21;3764;3777;5.000000;0.506344;0.000173;11.748119;5.700820;9.305874;5.027241;6.620654;1.889063;3.856411;0.338026;2.306623
6952.01;3765;3778;5.000000;0.513825;0.000318;12.101117;5.495555;9.725317;4.916339;6.657121;1.841186;3.566216;0.328005;2.660272
6953.81;3766;3779;5.000000;0.492430;0.000173;12.114687;5.741879;9.332550;4.924292;6.524007;1.869214;3.663211;0.339461;3.176171
6955.61;3767;3780;5.000000;0.475069;0.000173;10.515108;6.225078;7.810773;5.146958;6.648746;1.966014;3.855807;0.349402;2.674880
6957.41;3768;3781;5.000000;0.487204;0.000173;10.228127;6.090433;7.793495;5.166354;6.526001;1.950180;2.996723;0.350972;2.206226
6959.21;3769;3782;5.000000;0.434921;0.000173;8.428156;7.405865;5.730217;5.608878;5.691329;2.156702;0.000100;0.361562;1.721019
6961.01;3770;3783;5.000000;0.486589;0.000307;7.639650;6.658080;5.816387;5.642428;6.024260;2.143874;1.122029;0.364910;2.009222
6962.81;3771;3784;5.000000;0.485308;0.000531;7.211005;6.685515;5.471964;5.649705;6.342786;2.197465;1.207765;0.368766;2.185696
6964.61;3772;3785;5.000000;0.516955;0.000574;6.444912;6.292529;5.212977;5.665359;6.225806;2.125371;0.635567;0.364426;2.169760
6966.41;3773;3786;5.000000;0.529753;0.000173;5.599426;6.370431;4.636629;5.873055;6.292794;2.117814;1.984752;0.351545;2.542989
6968.21;3774;3787;5.000000;0.576677;0.000173;5.258647;5.643987;4.741836;5.668057;6.098448;2.118098;1.323057;0.347242;2.317747
6970.01;3775;3788;5.000000;0.723378;0.000472;5.173762;4.064786;5.852162;5.119639;6.110560;2.037392;2.305474;0.360095;2.435712
6971.81;3776;3789;5.000000;0.599034;0.000426;4.595481;5.237834;4.306592;5.464586;6.929013;2.444904;3.373365;0.357292;2.009264
6973.61;3777;3790;5.000000;0.611894;0.000173;4.872393;5.225960;4.661216;5.561107;6.404533;2.421148;1.002395;0.366697;2.273305
6975.41;3778;3791;5.000000;0.587813;0.000173;5.108490;5.414215;4.694648;5.539190;5.936535;2.415040;0.963976;0.365005;1.979043
6977.21;3779;3792;5.000000;0.607023;0.000173;4.883428;5.216306;4.637397;5.514639;6.677536;2.445399;0.931062;0.369079;2.130017
6979.01;3780;3793;5.000000;0.594157;0.000313;5.075137;5.343364;4.715262;5.527538;6.844849;2.443847;2.822051;0.368832;2.097613
6980.81;3781;3794;5.000000;0.567309;0.000304;5.331421;5.626124;4.731740;5.558405;6.468755;2.407031;1.056451;0.360877;2.481983
6982.61;3782;3795;5.000000;0.591123;0.000347;5.061088;4.975190;4.679758;5.121323;6.524568;2.647763;2.584063;0.334638;2.460801
6984.41;3783;3796;5.000000;0.565402;0.000383;5.561727;5.312745;4.913582;5.226996;6.702177;2.450509;4.049481;0.353098;2.480954
6986.21;3784;3797;5.000000;0.565143;0.000173;5.469809;5.333959;4.835522;5.249884;6.942989;2.470648;4.685769;0.350313;2.967035
6988.01;3785;3798;5.000000;0.570091;0.000543;5.375801;5.262015;4.793701;5.224030;6.980029;2.480801;3.959581;0.359182;2.079981
6989.81;3786;3799;5.000000;0.503828;0.000456;7.518240;6.246013;5.925703;5.480539;6.802517;2.300352;3.781342;0.384283;3.008574
6991.61;3787;3800;5.000000;0.550775;0.000173;5.902681;6.146437;5.084681;5.894941;6.187744;2.548262;0.000100;0.396078;1.856092
6993.41;3788;3801;4.000000;0.595277;0.000391;5.144697;5.869813;4.787299;6.079493;7.054770;2.766667;0.000100;0.424549;2.657608
6995.21;3789;3802;4.000000;0.572972;0.000435;5.291973;6.026728;4.743578;6.014079;7.123941;2.758136;0.000100;0.417732;2.347861
6997.01;3790;3803;4.000000;0.575713;0.000173;5.308019;6.030876;4.780565;6.046985;7.261434;2.734311;0.000100;0.421004;1.993046
6998.81;3791;3804;4.000000;0.590345;0.000374;5.200961;5.917590;4.802794;6.083801;7.189761;2.777667;0.000100;0.416909;2.186289
7000.61;3792;3805;4.000000;0.593958;0.000294;2.981075;6.357154;2.768702;6.568131;7.872868;3.137540;0.000100;0.468945;2.273715
7002.41;3793;3806;4.000000;0.629121;0.000173;2.722660;5.975246;2.675137;6.533942;8.247638;3.170532;0.000100;0.480850;2.295828
7004.21;3794;3807;4.000000;0.609780;0.000173;2.840992;6.137520;2.710067;6.516904;8.178680;3.170817;0.884319;0.471586;2.319467
7006.01;3795;3808;5.000000;0.570890;0.000367;2.734430;6.018033;2.435633;5.965484;6.989999;2.758954;0.000100;0.445289;2.191217
7007.81;3796;3809;5.000000;0.609882;0.000467;2.777580;5.487205;2.647329;5.822559;7.583648;2.623684;1.100870;0.450708;1.718777
7009.61;3797;3810;5.000000;0.596977;0.000308;2.911909;5.546067;2.719002;5.765987;7.608142;2.655302;0.510144;0.462009;1.904847
7011.41;3798;3811;5.000000;0.562823;0.000671;4.100711;5.309658;3.602173;5.188176;7.414270;2.031570;2.325640;0.428103;1.789821
7013.21;3799;3812;5.000000;0.559789;0.000355;4.326774;5.308086;3.787729;5.173191;7.506159;2.028920;3.230143;0.440909;1.216642
7015.01;3800;3813;5.000000;0.564079;0.000351;4.277021;5.190526;3.774607;5.098379;7.453047;1.987418;3.465325;0.424494;1.342329
7016.81;3801;3814;5.000000;0.602383;0.000409;4.006955;4.910166;3.747805;5.104838;7.704229;1.973203;3.669958;0.431738;1.903571
7018.61;3802;3815;5.000000;0.571368;0.000464;4.023807;5.122243;3.596092;5.096815;7.638614;1.980048;3.415851;0.440007;1.494726
7020.41;3803;3816;4.000000;0.950500;0.000651;1.745628;3.640969;2.593662;6.019605;8.570986;3.287036;3.360982;0.458509;2.038817
7022.21;3804;3817;4.000000;0.920735;0.000561;1.735541;3.774805;2.499833;6.053159;8.279151;3.410013;2.544265;0.451820;1.638378
7024.01;3805;3818;3.000000;0.787737;0.000355;2.951409;4.164834;3.636736;5.713825;6.918861;3.083979;0.000100;0.409776;1.511337
7025.81;3806;3819;3.000000;0.775680;0.000640;3.155473;4.186188;3.829152;5.655186;7.106995;3.004816;0.000100;0.402449;1.574112
7027.61;3807;3820;3.000000;0.758912;0.000720;3.851581;4.145272;4.566729;5.475049;7.685756;2.829369;2.305857;0.392280;1.684720
7029.41;3808;3821;5.000000;0.690906;0.000173;4.633912;4.427364;5.007856;5.326901;7.515473;2.648231;2.950405;0.377160;1.636979
7031.21;3809;3822;5.000000;0.607839;0.000657;6.118965;4.861372;5.811867;5.143567;7.402597;2.539504;2.565316;0.368756;1.588799
7033.01;3810;3823;5.000000;0.562322;0.000626;6.925136;5.132074;6.087353;5.022391;7.175448;2.516572;3.068905;0.348860;1.385121
7034.81;3811;3824;5.000000;0.691471;0.000627;5.446443;4.176939;5.889788;5.028858;7.273444;2.585578;2.087373;0.356342;2.117123
7036.61;3812;3825;5.000000;0.721571;0.000585;5.040819;4.157616;5.685372;5.222076;7.403942;2.777826;3.178145;0.369383;2.079136
7038.41;3813;3826;5.000000;0.695554;0.000480;5.333410;4.336278;5.802090;5.251805;7.224838;2.775651;1.863169;0.372002;1.969624
7040.21;3814;3827;4.000000;0.762312;0.000566;4.366929;4.095020;5.207174;5.436738;6.982025;2.944745;0.000100;0.380362;1.283114
7042.01;3815;3828;5.000000;0.769268;0.000173;4.317402;4.072295;5.191264;5.450215;7.165124;2.932740;0.698842;0.391610;1.725389
7043.81;3816;3829;5.000000;0.815258;0.000173;4.110473;3.894236;5.239549;5.524495;7.456487;2.943445;1.930664;0.377799;1.621163
7045.61;3817;3830;5.000000;0.789221;0.000385;4.295156;4.008249;5.298385;5.505875;7.597643;2.951492;2.541931;0.395157;1.870711
7047.41;3818;3831;5.000000;0.797761;0.000548;4.215569;3.933435;5.257695;5.462914;7.678832;2.921265;2.537606;0.386107;1.978840
7049.21;3819;3832;5.000000;0.655370;0.000371;5.078667;5.028305;5.206270;5.738781;7.208643;2.761004;1.849050;0.386783;2.198740
7051.01;3820;3833;5.000000;0.632152;0.000315;5.144649;5.057096;5.088633;5.570202;7.247457;2.694636;0.689514;0.377187;2.248608
7052.81;3821;3834;5.000000;0.673465;0.000447;4.919861;4.868346;5.181838;5.708481;7.351803;2.751341;1.159216;0.387954;2.035195
7054.61;3822;3835;5.000000;0.534768;0.000173;6.445918;6.018366;5.388867;5.604038;6.788531;2.534706;0.000100;0.361415;1.966430
7056.41;3823;3836;5.000000;0.548911;0.000303;6.371428;5.829702;5.467341;5.568592;6.947221;2.526160;0.000100;0.377564;2.123895
7058.21;3824;3837;5.000000;0.539684;0.000437;6.500077;5.954566;5.487723;5.596819;7.130901;2.526359;1.522218;0.378086;2.721366
7060.01;3825;3838;4.000000;0.667636;0.000173;5.006909;4.732530;5.217265;5.490291;5.998405;2.474859;0.000100;0.371171;1.289912
7061.81;3826;3839;4.000000;0.660374;0.000369;5.282214;4.799013;5.439740;5.508465;6.437393;2.545528;0.000100;0.379032;1.810039
7063.61;3827;3840;5.000000;0.670590;0.000173;5.319199;4.743962;5.580410;5.540461;7.007786;2.508128;0.000100;0.372758;2.082517
7065.41;3828;3841;5.000000;0.529613;0.000611;6.676174;6.225133;5.531480;5.741738;7.152147;2.548582;0.630876;0.379306;2.119764
7067.21;3829;3842;5.000000;0.503509;0.000334;6.675747;6.591810;5.258271;5.780433;7.106819;2.578231;0.739523;0.374669;2.206958
7069.01;3830;3843;5.000000;0.614475;0.000543;6.290551;5.187151;6.046222;5.550082;6.659073;2.321093;2.306387;0.370487;1.806439
7070.81;3831;3844;5.000000;0.596985;0.000396;6.061391;5.493103;5.664155;5.679318;7.144246;2.444708;2.246599;0.374034;2.346069
7072.61;3832;3845;5.000000;0.601396;0.000173;5.641949;5.707746;5.307094;5.976343;6.649021;2.412043;1.065832;0.374416;2.294906
7074.41;3833;3846;5.000000;0.559427;0.000173;5.972983;6.199977;5.227578;6.040739;6.966289;2.534870;0.000100;0.374652;2.189076
7076.21;3834;3847;5.000000;0.577515;0.000173;5.699210;6.013903;5.148900;6.048784;7.046390;2.486466;0.000100;0.374651;1.794706
7078.01;3835;3848;5.000000;0.635784;0.000173;6.416243;5.251989;6.380935;5.814626;7.062977;2.397846;1.279617;0.367867;2.292315
7079.81;3836;3849;5.000000;0.646097;0.000173;6.223023;5.149206;6.278058;5.782403;6.448444;2.351632;0.767639;0.364224;2.254003
7081.61;3837;3850;5.000000;0.632509;0.000331;6.263204;5.278464;6.193703;5.806925;6.823902;2.361725;0.741391;0.360062;2.457033
7083.41;3838;3851;5.000000;0.618857;0.000332;6.412520;5.374655;6.208135;5.792866;6.894109;2.341548;0.686486;0.353440;2.187734
7085.21;3839;3852;5.000000;0.573155;0.000304;8.592391;5.235497;7.701539;5.223801;6.335203;2.253034;0.000100;0.353517;2.201571
7087.01;3840;3853;5.000000;0.575722;0.000360;8.855567;5.177499;7.975605;5.191327;6.778650;2.326469;0.572757;0.359689;2.873401
7088.81;3841;3854;5.000000;0.519550;0.000295;12.427167;5.106651;10.092139;4.616355;6.484217;2.173474;0.841297;0.332744;1.975405
7090.61;3842;3855;5.000000;0.515123;0.000326;12.308557;5.113048;9.918548;4.586034;6.357120;2.107701;0.941593;0.328172;2.734760
7092.41;3843;3856;5.000000;0.479958;0.000173;13.021040;5.477533;9.775905;4.578591;5.547907;2.080026;0.000100;0.322384;1.739849
7094.21;3844;3857;5.000000;0.495830;0.000467;12.697111;5.327975;9.847770;4.599445;6.021238;2.097771;0.000100;0.318572;1.546046
7096.01;3845;3858;5.000000;0.510848;0.000173;13.494670;5.091759;10.775713;4.526588;6.228338;2.012030;1.365119;0.319344;2.621059
7097.81;3846;3859;5.000000;0.508064;0.000445;13.534260;5.118432;10.754342;4.526358;6.180794;2.045204;1.035140;0.320239;2.519671
7099.61;3847;3860;6.000000;0.488547;0.000371;15.729484;5.063822;12.021609;4.308642;5.735536;1.859202;0.543085;0.298339;1.851056
7101.41;3848;3861;6.000000;0.511006;0.000173;14.689711;4.944777;11.742184;4.400498;5.657347;1.897008;0.000100;0.300004;1.688408
7103.21;3849;3862;6.000000;0.514456;0.000319;14.739482;4.829764;11.850459;4.322263;5.824817;1.862012;1.140856;0.304399;2.446912
7105.01;3850;3863;6.000000;0.491248;0.000322;15.678438;5.046234;12.048059;4.316964;5.802994;1.834785;0.000100;0.291826;1.399282
7106.81;3851;3864;6.000000;0.495349;0.000173;15.901123;4.915328;12.314839;4.237287;5.527843;1.809938;1.977488;0.292320;1.776369
7108.61;3852;3865;6.000000;0.499099;0.000173;15.925841;4.800183;12.417386;4.167415;5.608678;1.804193;1.303306;0.300809;1.824504
7110.41;3853;3866;6.000000;0.581568;0.000293;5.903532;5.893689;5.371046;5.968898;6.859881;2.444495;0.000100;0.368065;2.537327
7112.21;3854;3867;6.000000;0.489386;0.000465;15.981058;4.941196;12.234963;4.211258;5.799676;1.805158;1.077553;0.299456;2.033759
7114.01;3855;3868;5.000000;0.512375;0.000572;15.531762;4.733242;12.443996;4.222552;6.096998;1.815355;2.803068;0.292261;2.703732
7115.81;3856;3869;5.000000;0.502552;0.000376;15.176087;4.916102;11.924531;4.302138;5.897839;1.892183;2.349369;0.304812;2.343774
7117.61;3857;3870;5.000000;0.491025;0.000302;15.476549;5.043597;11.888211;4.313133;6.042134;1.898018;2.316953;0.308524;2.537826
7119.41;3858;3871;6.000000;0.500088;0.000173;15.702658;4.929912;12.279290;4.291747;6.141109;1.894399;2.348630;0.307241;2.381257
7121.21;3859;3872;6.000000;0.495629;0.000298;15.657775;4.967932;12.136659;4.287771;5.801036;1.869618;2.160002;0.303301;1.713459
7123.01;3860;3873;6.000000;0.567988;0.000350;13.671321;4.476013;12.146031;4.427083;6.111606;2.041081;1.450960;0.309719;2.370546
7124.81;3861;3874;6.000000;0.544390;0.000510;13.978442;4.698525;11.900703;4.454043;6.285896;2.140260;0.000100;0.314894;1.662103
7126.61;3862;3875;6.000000;0.526279;0.000555;14.742712;4.742820;12.134832;4.346424;6.142435;2.072680;0.723636;0.306213;2.694202
7128.41;3863;3876;6.000000;0.520248;0.000321;15.123045;4.843241;12.258101;4.368108;6.061681;2.075304;1.649502;0.299835;1.781069
7130.21;3864;3877;6.000000;0.515711;0.000173;15.202091;4.835961;12.260886;4.341238;6.252806;2.059280;1.181030;0.300532;2.252133
7132.01;3865;3878;4.666667;0.765390;0.000321;7.545284;3.898803;9.034381;5.197143;7.108565;2.642389;2.567351;0.421019;1.919447
7133.81;3866;3879;4.000000;0.769060;0.000689;7.201636;3.813325;8.662826;5.106739;7.616538;2.758813;4.226550;0.446579;2.653891
7135.61;3867;3880;5.000000;0.698450;0.000301;2.638819;5.317906;2.882924;6.467915;7.813293;3.354065;0.000100;0.494615;1.459816
7137.41;3868;3881;5.000000;0.720525;0.000173;2.520301;5.038772;2.840579;6.322957;8.009255;3.277929;0.000100;0.480021;2.207393
7139.21;3869;3882;5.000000;0.712524;0.000607;2.324659;5.121712;2.591486;6.355504;7.597333;3.156163;0.663723;0.465889;1.752664
7141.01;3870;3883;5.000000;0.722307;0.000173;2.246592;5.073257;2.537136;6.379768;8.008568;3.232317;0.000100;0.471994;1.440539
7142.81;3871;3884;5.000000;0.710976;0.000328;2.020955;5.092523;2.247626;6.304853;8.185926;3.233800;1.584641;0.465617;1.842871
7144.61;3872;3885;5.000000;0.719629;0.000173;2.071933;5.099741;2.331388;6.389310;8.056441;3.208388;1.605333;0.476394;1.410495
7146.41;3873;3886;5.000000;0.842018;0.000466;2.005743;4.235162;2.640337;6.204664;8.421768;3.251873;2.186434;0.457518;2.630562
7148.21;3874;3887;5.000000;0.845945;0.000464;2.067727;4.210223;2.728856;6.188096;8.245872;3.250651;2.147251;0.457416;2.232104
7150.01;3875;3888;5.000000;0.843199;0.000298;2.050952;4.163157;2.705228;6.113802;8.282586;3.186713;2.279015;0.456383;2.382849
7151.81;3876;3889;4.000000;0.829398;0.000348;1.938971;4.256846;2.516430;6.148013;8.228015;3.207846;2.031063;0.447470;2.552874
7153.61;3877;3890;4.000000;0.887274;0.000390;2.834712;3.734894;3.935772;5.770631;8.362757;3.169050;3.444515;0.421226;3.142045
7155.41;3878;3891;4.000000;0.882851;0.000572;1.651491;4.000033;2.280023;6.150140;8.031234;3.220170;0.729139;0.448158;1.579128
7157.21;3879;3892;4.000000;0.861006;0.000630;6.557247;3.426281;8.827476;5.135351;7.298747;2.734351;3.454740;0.443704;2.382177
7159.01;3880;3893;4.000000;0.896032;0.000330;2.964408;3.673521;4.153505;5.731801;7.750910;3.034993;1.925742;0.409549;1.875355
7160.81;3881;3894;4.000000;0.820951;0.000498;3.118592;3.981865;4.004366;5.691768;7.119016;3.025171;0.000100;0.413191;1.671257
7162.61;3882;3895;4.000000;0.687946;0.000323;5.605583;4.383740;6.031511;5.250915;6.874018;2.723955;2.369187;0.376963;2.156795
7164.41;3883;3896;4.000000;0.677062;0.000496;5.846085;4.496355;6.191139;5.300774;6.936346;2.697851;2.517264;0.359699;1.836117
7166.21;3884;3897;4.000000;0.793032;0.000361;4.313849;3.973964;5.350791;5.488367;7.467196;2.910226;2.631286;0.390802;1.613341
7168.01;3885;3898;4.000000;0.809114;0.000330;4.242897;3.893271;5.370538;5.486273;7.541655;2.919001;2.805327;0.386934;1.858091
7169.81;3886;3899;4.000000;0.804661;0.000300;4.186714;3.919540;5.269659;5.492629;7.540795;2.906764;2.755299;0.382321;2.220350
7171.61;3887;3900;4.000000;0.807550;0.000355;4.204567;3.909607;5.310588;5.497388;7.432215;2.864622;2.360063;0.387476;2.271116
7173.41;3888;3901;4.000000;0.812617;0.000563;4.206303;3.889410;5.345529;5.503231;7.322667;2.888322;2.874700;0.379407;2.368662
7175.21;3889;3902;4.666667;0.584393;0.000412;6.165334;6.255705;5.636272;6.366729;7.445729;2.204197;0.000100;0.669645;3.035250
7177.01;3890;3903;5.000000;0.596354;0.000385;6.078566;6.104594;5.669944;6.339601;7.539389;2.198694;0.000100;0.675718;2.511414
7178.81;3891;3904;5.000000;0.595241;0.000319;5.983780;6.088122;5.572065;6.311429;7.129502;2.150177;0.000100;0.668878;2.463368
7180.61;3892;3905;5.000000;0.613488;0.000173;5.856271;5.999446;5.619738;6.409351;7.333641;2.208903;0.000100;0.670578;2.640792
7182.41;3893;3906;5.000000;0.528020;0.000306;7.076041;6.159927;5.844946;5.664826;7.074200;2.676392;2.033297;0.393120;2.102165
7184.21;3894;3907;5.000000;0.544813;0.000329;6.621250;6.012147;5.643226;5.704679;7.356695;2.681144;1.986919;0.380481;2.506359
7186.01;3895;3908;5.000000;0.674492;0.000301;5.666504;4.504807;5.977797;5.290793;6.939000;2.751444;2.139961;0.378251;1.673710
7187.81;3896;3909;5.000000;0.552339;0.000425;6.774262;5.875718;5.853454;5.651954;7.235495;2.680015;1.707587;0.374419;1.916659
7189.61;3897;3910;5.000000;0.534215;0.000464;6.894906;6.112322;5.760503;5.685234;7.265054;2.704624;2.941883;0.380754;2.522998
7191.41;3898;3911;5.000000;0.537570;0.000401;6.455557;6.328785;5.427713;5.924021;7.110664;2.622586;2.094676;0.376124;2.329740
7193.21;3899;3912;5.000000;0.527231;0.000173;6.537084;6.367691;5.390808;5.846611;7.246211;2.602806;2.862009;0.366655;3.254335
7195.01;3900;3913;5.000000;0.571192;0.000332;5.780910;6.121865;5.164223;6.089123;7.158200;2.622393;1.927171;0.377606;2.364392
7196.81;3901;3914;5.000000;0.583548;0.000173;5.782014;5.964907;5.274533;6.059006;7.565770;2.670381;3.153967;0.384456;2.929580
7198.61;3902;3915;5.000000;0.582017;0.000330;5.863014;5.928778;5.338911;6.009069;7.281666;2.616620;2.966335;0.372068;2.229560
7200.41;3903;3916;5.000000;0.579580;0.000173;6.034780;5.976714;5.471634;6.032913;7.112381;2.650866;1.856396;0.378505;2.665032
7202.21;3904;3917;6.000000;0.632056;0.000173;5.481945;4.222272;5.419783;4.647961;6.719183;2.459503;2.867981;0.292434;2.127960
7204.01;3905;3918;6.000000;0.658351;0.000364;5.148250;4.032211;5.300313;4.620911;6.477227;2.423842;3.081254;0.286373;2.031453
7205.81;3906;3919;6.000000;0.628658;0.000315;5.321630;4.149234;5.233014;4.540344;6.531565;2.409966;3.078692;0.280924;1.623383
7207.61;3907;3920;6.000000;0.657075;0.000514;3.668584;2.790027;3.770678;3.192292;6.709315;2.648547;5.175032;0.195641;1.383911
7209.41;3908;3921;6.000000;0.628972;0.000495;3.942711;2.915861;3.879512;3.193965;6.942882;2.689682;6.518876;0.200023;1.740886
7211.21;3909;3922;6.000000;0.553650;0.000173;5.916171;6.260534;5.123425;6.035423;6.764799;2.621693;0.759067;0.371260;1.811310
7213.01;3910;3923;6.000000;0.642487;0.000516;3.818659;2.910866;3.836626;3.254975;6.606490;2.676558;3.846548;0.203646;1.540132
7214.81;3911;3924;6.000000;0.644008;0.000508;3.840953;2.901611;3.869498;3.254266;6.679716;2.704331;4.407121;0.201306;1.912644
7216.61;3912;3925;6.000000;0.731652;0.000488;4.741621;2.892029;5.420926;3.679683;6.761153;2.440783;3.546441;0.233389;1.768514
7218.41;3913;3926;6.000000;0.719228;0.000173;4.775170;2.956324;5.369265;3.700917;6.053030;2.415840;0.783562;0.235765;0.975694
7220.21;3914;3927;7.000000;0.751973;0.000529;4.511813;2.717653;5.306358;3.559335;6.614602;2.465461;2.823721;0.225864;1.167935
7222.01;3915;3928;7.000000;0.752698;0.000544;4.481889;2.716529;5.271124;3.554839;6.741245;2.446254;3.015704;0.221730;1.569784
7223.81;3916;3929;6.000000;0.482861;0.000173;13.508906;5.354082;10.199257;4.499146;6.518111;2.291639;4.141619;0.319840;2.572127
7225.61;3917;3930;6.000000;0.512242;0.000307;12.595717;5.038940;10.090314;4.493489;6.590648;2.234432;3.705382;0.325312;2.462874
7227.41;3918;3931;6.000000;0.486556;0.000507;13.600837;5.336099;10.347614;4.520388;6.642352;2.281836;3.575857;0.321817;2.073292
7229.21;3919;3932;6.000000;0.489771;0.000426;13.293205;5.278792;10.185043;4.502611;6.076106;2.202781;2.139765;0.322824;1.641674
7231.01;3920;3933;6.000000;0.488940;0.000420;13.145663;5.239873;10.054806;4.461938;5.980392;2.173221;2.325153;0.311282;2.255010
7232.81;3921;3934;5.000000;0.485211;0.000173;15.324207;5.177243;11.628794;4.374025;5.980537;2.016565;3.711362;0.299049;2.399458
7234.61;3922;3935;5.000000;0.507370;0.000173;14.457155;4.962688;11.471246;4.383129;6.027528;2.037131;4.165628;0.295047;2.354675
7236.41;3923;3936;5.000000;0.467274;0.000173;15.726020;5.398053;11.490913;4.390956;5.997110;1.991183;4.318781;0.290880;2.598034
7238.21;3924;3937;5.000000;0.478921;0.000173;15.883449;5.222164;11.893443;4.354896;5.991017;1.975418;4.877622;0.296951;1.775818
7240.01;3925;3938;5.000000;0.480034;0.000173;15.573025;5.273969;11.687959;4.405234;5.984085;1.953382;3.787394;0.301657;1.968134
7241.81;3926;3939;5.000000;0.455203;0.000393;16.698441;5.425866;11.888604;4.300068;5.871246;1.985660;4.145032;0.297374;1.952445
7243.61;3927;3940;5.000000;0.423155;0.000352;17.648775;5.802777;11.679585;4.275080;4.908322;1.943546;0.689728;0.283858;1.990895
7245.41;3928;3941;5.000000;0.418577;0.000173;17.828967;5.854102;11.671402;4.265510;4.894128;1.944545;0.000100;0.289824;1.820709
7247.21;3929;3942;5.000000;0.459847;0.000173;16.312407;5.428897;11.728754;4.345126;5.392745;1.954497;2.765698;0.297563;1.729202
7249.01;3930;3943;5.000000;0.469982;0.000173;16.128357;5.247244;11.856313;4.294556;5.655191;1.961850;3.431254;0.305653;2.123172
7250.81;3931;3944;5.000000;0.440060;0.000173;14.339800;6.100514;9.872744;4.675353;5.898613;2.035970;3.465913;0.315042;2.444001
7252.61;3932;3945;5.000000;0.449571;0.000320;13.703283;6.163690;9.637309;4.825830;6.167270;2.108705;3.939246;0.328763;2.335257
7254.41;3933;3946;5.000000;0.470348;0.000310;12.672810;6.001265;9.319061;4.911891;6.430779;2.109396;4.439684;0.332434;2.316780
7256.21;3934;3947;5.000000;0.482341;0.000173;12.197974;5.892535;9.204018;4.950296;6.628542;2.142770;4.876441;0.341170;3.012873
7258.01;3935;3948;5.000000;0.522458;0.000173;10.777900;5.536602;8.789914;5.029348;6.345116;2.068260;4.395795;0.326539;2.561568
7259.81;3936;3949;5.000000;0.516838;0.000471;11.589622;5.525230;9.370182;4.973220;6.538172;2.095334;4.369046;0.339339;2.474633
7261.61;3937;3950;5.000000;0.459121;0.000173;12.754089;6.254043;9.157348;4.999807;5.924097;2.127389;1.908599;0.340554;1.767319
7263.41;3938;3951;5.000000;0.527840;0.000173;11.847751;5.270313;9.782963;4.844933;5.988428;1.895963;3.548921;0.320038;1.856985
7265.21;3939;3952;5.000000;0.549832;0.000173;11.423943;5.000431;9.823207;4.786837;6.133493;1.937570;3.959391;0.328112;1.978438
7267.01;3940;3953;5.000000;0.571986;0.000317;11.073844;4.838080;9.906666;4.819197;6.476650;2.000368;4.541412;0.341014;2.136699
7268.81;3941;3954;5.000000;0.564771;0.000335;11.747790;4.870238;10.373537;4.787428;6.154906;1.871576;4.278578;0.329163;2.587383
7270.61;3942;3955;5.000000;0.557264;0.000326;12.145945;4.905574;10.587408;4.760628;6.352671;1.858784;4.684745;0.328164;3.132019
7272.41;3943;3956;5.000000;0.542001;0.000173;12.355819;5.034962;10.474602;4.752694;6.331726;1.887769;3.501289;0.332560;2.530909
7274.21;3944;3957;5.000000;0.468108;0.000332;14.548399;5.770473;10.649284;4.702354;6.331788;1.880185;4.738931;0.327003;2.630208
7276.01;3945;3958;5.000000;0.476741;0.000309;14.427907;6.006706;10.748328;4.983967;5.858278;1.469038;1.396259;0.447095;2.130038
7277.81;3946;3959;5.000000;0.427584;0.000173;14.750376;6.652625;9.857950;4.951005;5.058590;1.332459;0.000100;0.443223;1.340719
7279.61;3947;3960;5.000000;0.427488;0.000173;14.750053;6.640714;9.864150;4.943611;5.120919;1.331745;0.000100;0.444291;2.382026
7281.41;3948;3961;5.000000;0.473296;0.000173;15.058916;5.971816;11.147947;4.921124;5.734787;1.297369;0.000100;0.503732;1.794485
7283.21;3949;3962;5.000000;0.479429;0.000450;14.728500;5.840213;11.042946;4.876066;5.368060;1.231299;0.000100;0.491073;2.000935
7285.01;3950;3963;5.000000;0.483161;0.000387;14.675110;5.817039;11.066037;4.880398;5.667005;1.292424;0.607430;0.480582;2.098896
7286.81;3951;3964;5.000000;0.485404;0.000173;16.700472;5.138798;12.671283;4.342301;5.938305;1.570412;2.524798;0.336156;3.247549
7288.61;3952;3965;5.000000;0.466010;0.000173;17.357527;5.406626;12.647620;4.387243;5.892827;1.631557;2.671166;0.341068;2.218514
7290.41;3953;3966;5.000000;0.507020;0.000173;15.030035;5.023783;11.920818;4.434597;5.803328;1.736227;2.406172;0.313872;1.921689
7292.21;3954;3967;5.000000;0.502587;0.000173;15.222241;5.062786;11.948207;4.426523;5.773167;1.769565;2.229378;0.312678;1.746167
7294.01;3955;3968;5.000000;0.530848;0.000173;9.833214;5.792509;8.166306;5.354884;4.949097;2.087136;0.000100;0.325684;1.773482
7295.81;3956;3969;5.000000;0.492289;0.000308;12.387265;5.553484;9.531950;4.753101;4.733181;1.769900;0.000100;0.309026;1.319138
7297.61;3957;3970;5.000000;0.585052;0.000173;9.001700;5.369835;8.235598;5.469813;6.278096;2.133381;0.623587;0.345671;1.982880
7299.41;3958;3971;5.000000;0.528090;0.000173;8.321572;6.289015;6.873171;5.783275;6.574200;2.287170;0.730440;0.366932;2.313755
7301.21;3959;3972;5.000000;0.536380;0.000173;8.242796;6.175844;6.916673;5.769286;6.614886;2.224169;0.838638;0.368364;2.055317
7303.01;3960;3973;5.000000;0.551338;0.000385;7.956165;5.992848;6.862459;5.754533;6.985204;2.289023;0.958773;0.385489;2.533273
7304.81;3961;3974;5.000000;0.521468;0.000484;8.802263;6.135062;7.180279;5.571647;6.703775;2.326598;1.138815;0.370512;1.870136
7306.61;3962;3975;5.000000;0.521288;0.000173;8.627085;6.154604;7.034868;5.587551;6.779839;2.316078;0.768134;0.365628;1.617558
7308.41;3963;3976;5.000000;0.529298;0.000173;8.487594;6.005509;7.026722;5.534314;7.003702;2.286601;2.197052;0.367283;2.426304
7310.21;3964;3977;5.000000;0.529143;0.000364;8.498035;6.025133;7.033817;5.552282;6.755936;2.324417;1.440249;0.369847;2.122438
7312.01;3965;3978;5.000000;0.634630;0.000378;6.493415;4.763821;6.446483;5.265215;6.275178;2.534709;0.000100;0.360106;1.734919
7313.81;3966;3979;5.000000;0.608338;0.000481;6.586587;5.001501;6.263172;5.292190;6.834861;2.607786;1.653591;0.379098;2.238398
7315.61;3967;3980;5.000000;0.654290;0.000345;5.190292;4.789578;5.311071;5.455127;6.997820;2.697030;0.964059;0.390705;1.879644
7317.41;3968;3981;4.000000;0.789532;0.000334;3.835364;4.108371;4.736652;5.648489;7.582488;2.906274;1.779827;0.409840;1.548539
7319.21;3969;3982;4.000000;0.765862;0.000455;3.987675;4.227758;4.777121;5.638283;7.617306;2.907138;2.157598;0.411895;2.396309
7321.01;3970;3983;4.000000;0.919624;0.000404;2.816367;3.580778;4.048932;5.733148;7.690668;3.011480;1.992913;0.422372;1.902433
7322.81;3971;3984;4.000000;0.928151;0.000549;2.796355;3.547633;4.059327;5.733523;7.819412;3.021174;1.696482;0.419831;1.712022
7324.61;3972;3985;4.000000;0.919661;0.000475;2.900802;3.568587;4.172502;5.715365;8.044846;3.030151;3.718637;0.421551;1.981112
7326.41;3973;3986;4.000000;0.783725;0.000342;6.361856;3.590207;7.799948;4.900463;5.283266;2.188267;0.000100;0.354867;2.060966
7328.21;3974;3987;4.000000;0.750820;0.000443;2.389416;4.703365;2.810461;6.146192;6.810231;2.912260;0.000100;0.427191;1.208625
7330.01;3975;3988;4.000000;0.797030;0.000379;2.459546;4.397651;3.062578;6.101283;7.329209;2.996267;0.000100;0.440872;1.535775
7331.81;3976;3989;4.000000;0.880305;0.000744;2.191364;4.040401;2.995061;6.159016;7.582363;3.001201;0.000100;0.442672;1.618875
7333.61;3977;3990;4.000000;0.837362;0.000372;2.312976;4.261336;3.030207;6.214488;8.212753;3.120936;1.100418;0.452085;2.001719
7335.41;3978;3991;4.000000;0.719503;0.000624;2.051122;5.123818;2.308237;6.420078;8.103168;3.091310;0.000100;0.468374;2.115858
7337.21;3979;3992;4.000000;0.740704;0.000173;1.348924;5.104789;1.562891;6.583247;8.049257;3.175543;0.000100;0.467397;2.004080
7339.01;3980;3993;4.000000;0.912900;0.000339;2.710772;3.977989;3.870334;6.317903;7.868706;2.938503;3.405676;0.449392;2.100561
7340.81;3981;3994;4.000000;0.779256;0.000334;1.147169;4.961129;1.399878;6.728152;8.266990;3.179762;0.992912;0.479384;2.502705
7342.61;3982;3995;4.000000;0.723624;0.000306;1.346072;5.278708;1.523533;6.652209;8.285764;3.209691;0.662347;0.482864;1.752902
7344.41;3983;3996;4.000000;0.640208;0.000374;1.516150;5.851029;1.518626;6.523168;6.999543;3.073905;0.000100;0.456725;1.460211
7346.21;3984;3997;4.000000;0.636214;0.000173;1.930157;5.842138;1.915590;6.456214;7.206629;3.008973;0.000100;0.453321;1.544424
7348.01;3985;3998;4.000000;0.696546;0.000563;1.694924;5.346451;1.845360;6.477578;7.731865;3.085746;0.518826;0.472798;1.689640
7349.81;3986;3999;4.000000;0.682501;0.000173;1.644017;5.385161;1.754634;6.400202;7.781927;3.114810;0.622935;0.464533;1.893169
7351.61;3987;4000;4.000000;0.681641;0.000315;1.618020;5.417930;1.725144;6.432101;8.128474;3.099847;0.859259;0.456773;1.795795
7353.41;3988;4001;4.000000;0.670378;0.000173;1.715353;5.528020;1.798672;6.449968;8.224244;3.099365;0.881828;0.466665;2.234387
7355.21;3989;4002;4.000000;0.685636;0.000335;1.656314;5.472984;1.774906;6.534088;8.208791;3.191846;1.913311;0.472565;1.607353
7357.01;3990;4003;4.000000;0.751002;0.000329;1.447202;5.112894;1.699761;6.684644;8.694288;3.215068;2.726493;0.477110;2.014867
7358.81;3991;4004;4.000000;0.723476;0.000393;1.425931;5.365376;1.613766;6.759925;8.745167;3.262467;1.593825;0.471132;1.445321
7360.61;3992;4005;4.000000;0.760327;0.000477;1.298912;5.319085;1.545306;7.038217;8.458131;3.115293;0.000100;0.471467;2.148220
7362.41;3993;4006;4.000000;0.764107;0.000334;0.986649;5.185861;1.177839;6.896973;8.162009;3.297559;0.000100;0.487739;2.081981
7364.21;3994;4007;4.000000;0.761379;0.000497;1.000280;5.205157;1.191582;6.899388;8.291764;3.285071;0.000100;0.476894;2.027025
7366.01;3995;4008;4.000000;0.757015;0.000334;1.011279;5.241494;1.197441;6.910784;8.109249;3.205165;0.000100;0.478679;1.653597
7367.81;3996;4009;4.000000;0.787013;0.000571;1.007622;5.066578;1.240615;6.944454;7.952539;3.190023;0.000100;0.475715;1.439321
7369.61;3997;4010;4.000000;0.766421;0.000173;0.955466;5.214780;1.144084;6.958665;8.311249;3.248184;0.000100;0.487354;1.679761
7371.41;3998;4011;4.000000;0.767572;0.000173;1.130644;4.949144;1.357548;6.616016;8.221140;3.299727;0.000100;0.479760;1.549822
7373.21;3999;4012;4.000000;0.765156;0.000287;1.133385;4.991808;1.356315;6.651232;8.230403;3.353270;0.000100;0.483334;1.522159
7375.01;4000;4013;4.000000;0.784587;0.000322;1.128888;4.870357;1.384944;6.649231;8.415953;3.319343;0.000100;0.479998;2.445585
7376.81;4001;4014;4.000000;0.563313;0.000400;1.425196;6.679283;1.255389;6.550906;7.169157;3.212357;0.000100;0.466434;1.595020
7378.61;4002;4015;4.000000;0.533698;0.000173;1.397778;6.993235;1.166162;6.493022;7.644669;3.351514;0.000100;0.478860;0.921068
7380.41;4003;4016;4.000000;0.571782;0.000399;1.353462;6.454875;1.205924;6.411803;8.067484;3.400722;0.000100;0.477038;1.486936
7382.21;4004;4017;4.000000;0.665473;0.000291;1.157358;5.257667;1.204695;6.092451;8.724999;3.714587;0.000100;0.499893;1.953624
7384.01;4005;4018;4.000000;0.660710;0.000759;2.347183;4.941966;2.426058;5.686743;8.220925;3.670173;2.164019;0.464896;0.997513
7385.81;4006;4019;4.000000;0.765278;0.000569;3.313085;3.978342;3.965878;5.301421;8.556901;3.618122;1.296636;0.477635;1.141751
7387.61;4007;4020;4.000000;0.925378;0.000977;4.485066;3.101964;6.492687;4.999620;7.841450;3.193175;1.803497;0.435504;1.479239
7389.41;4008;4021;4.000000;0.939260;0.001272;4.623198;2.770954;6.793161;4.532839;7.159170;2.980229;0.000100;0.437713;1.662755
7391.21;4009;4022;3.000000;0.980344;0.001578;4.392370;2.559737;6.732593;4.368593;6.926870;3.132897;0.000100;0.451924;0.835353
7393.01;4010;4023;3.000000;0.994970;0.001478;4.291911;2.506355;6.680550;4.342825;7.103525;3.222381;0.000100;0.455699;1.682446
7394.81;4011;4024;4.000000;1.467719;0.002079;2.222246;1.333780;5.098877;3.409312;6.166978;2.839150;0.000100;0.448379;0.935560
7396.61;4012;4025;4.000000;1.636077;0.002032;1.662962;1.106165;4.256651;3.151608;6.345452;2.576469;0.000100;0.437557;1.255949
7398.41;4013;4026;3.000000;1.554371;0.001789;1.164034;1.129559;2.829989;3.057721;6.916349;2.744174;0.000100;0.457419;1.651155
7400.21;4014;4027;3.000000;1.499940;0.001659;1.050385;1.187388;2.464660;3.101697;7.135426;3.018061;0.000100;0.483281;1.484185
7402.01;4015;4028;3.000000;1.495443;0.001617;1.132800;1.245503;2.651282;3.243242;7.408304;3.345180;0.000100;0.533492;0.812549
7403.81;4016;4029;3.000000;1.370636;0.001788;1.189645;1.516604;2.550858;3.619449;7.564457;3.617773;0.000100;0.549863;1.499162
7405.61;4017;4030;3.000000;1.158041;0.001462;1.660021;1.998478;3.005511;4.031073;7.593420;3.682232;0.000100;0.542930;0.200737
7407.41;4018;4031;3.000000;0.994034;0.001466;1.427029;2.555136;2.218998;4.423441;7.774645;3.673502;0.000100;0.534755;1.096802
7409.21;4019;4032;3.000000;0.940164;0.001318;1.494865;3.020966;2.195857;4.944867;8.022204;3.717893;0.000100;0.534127;1.690142
7411.01;4020;4033;3.000000;0.864162;0.000641;1.360900;3.833968;1.836711;5.745748;8.384540;3.567224;0.000100;0.494698;1.626996
7412.81;4021;4034;4.000000;0.776067;0.000604;1.794788;4.329221;2.178580;5.848220;7.982724;3.422789;0.000100;0.456801;1.738383
7414.61;4022;4035;4.000000;0.775113;0.000551;1.727303;4.372201;2.094371;5.902168;7.858843;3.442235;0.000100;0.460238;1.490638
7416.41;4023;4036;4.000000;0.768304;0.000545;1.785213;4.399024;2.145551;5.886182;7.489449;3.314213;0.000100;0.445748;1.780444
7418.21;4024;4037;4.000000;0.791425;0.000639;1.731038;4.265274;2.143153;5.878746;7.755038;3.348986;0.000100;0.450426;1.700601
7420.01;4025;4038;4.000000;0.760165;0.000480;1.828946;4.481742;2.174725;5.931889;7.669934;3.331461;0.000100;0.449816;1.660725
7421.81;4026;4039;4.000000;0.640008;0.000173;5.288824;5.456339;5.295051;6.081725;6.688222;2.430726;0.000100;0.497254;1.705160
7423.61;4027;4040;4.000000;0.481201;0.000173;7.488935;8.340090;5.633344;6.985773;6.131261;1.668278;0.000100;0.637114;3.413164
7425.41;4028;4041;4.000000;0.515889;0.000173;7.221219;7.549755;5.826612;6.782535;6.330027;1.752817;0.000100;0.624243;3.678854
7427.21;4029;4042;5.000000;0.552835;0.000322;6.472983;6.747098;5.597749;6.496093;6.053009;2.125620;0.000100;0.553189;2.100396
7429.01;4030;4043;5.000000;0.527417;0.000350;7.296071;6.871394;6.020663;6.310957;6.518091;2.152205;0.000100;0.543316;2.532258
7430.81;4031;4044;5.000000;0.512259;0.000304;6.891252;7.467433;5.520576;6.659759;6.546359;2.121985;0.000100;0.551953;3.178932
7432.61;4032;4045;5.000000;0.516006;0.000310;6.977198;7.389132;5.611474;6.609087;6.669791;2.103907;0.000100;0.557090;2.996039
7434.41;4033;4046;5.000000;0.520668;0.000621;6.824315;7.272820;5.556666;6.594415;6.608846;2.169935;0.000100;0.553340;3.121523
7436.21;4034;4047;5.000000;0.584114;0.000437;6.594973;5.744968;6.023492;5.841895;7.068661;2.489911;0.000100;0.394863;2.642696
7438.01;4035;4048;5.000000;0.610381;0.000173;6.355590;5.420844;6.068431;5.760830;7.159334;2.535047;0.000100;0.384896;2.458404
7439.81;4036;4049;5.000000;0.576815;0.000173;6.541997;5.816011;5.902516;5.842223;6.874004;2.484578;0.000100;0.378767;2.268982
7441.61;4037;4050;5.000000;0.493124;0.000309;14.947876;5.140195;11.531311;4.414572;5.570999;1.890803;1.409926;0.304905;2.041838
7443.41;4038;4051;5.000000;0.467598;0.000407;16.331313;5.319211;11.941179;4.329991;5.448398;1.864668;2.223938;0.302707;0.693060
7445.21;4039;4052;6.000000;0.490431;0.000173;15.043705;5.186909;11.542102;4.429958;5.050379;1.871198;0.000100;0.304929;1.462795
7447.01;4040;4053;6.000000;0.457833;0.000370;15.336995;5.726118;10.982743;4.565410;5.431524;1.870204;1.188947;0.309351;1.770478
7448.81;4041;4054;6.000000;0.462728;0.000301;14.598106;5.718797;10.558215;4.606968;5.645230;1.919865;1.108117;0.316546;1.463623
7450.61;4042;4055;6.000000;0.481854;0.000367;13.288732;5.661954;10.014076;4.749162;5.826380;1.942046;1.762266;0.324624;2.021104
7452.41;4043;4056;6.000000;0.525708;0.000173;13.000389;5.061960;10.691643;4.634645;5.850941;1.868634;2.466757;0.321696;1.698542
7454.21;4044;4057;5.000000;0.506957;0.000173;13.190281;5.351385;10.457832;4.724081;5.538874;1.756647;2.052805;0.332281;2.140217
7456.01;4045;4058;5.000000;0.535226;0.000173;12.379969;5.100064;10.361032;4.751317;5.724010;1.747361;1.845208;0.323462;2.420963
7457.81;4046;4059;5.000000;0.511490;0.000390;13.354501;5.286434;10.680802;4.707242;5.637277;1.775980;2.273205;0.320714;2.143161
7459.61;4047;4060;6.000000;0.487254;0.000501;12.498852;5.815151;9.525723;4.934576;4.878639;1.753643;0.000100;0.325855;1.443136
7461.41;4048;4061;6.000000;0.502610;0.000345;11.835760;5.646169;9.304429;4.941955;5.204382;1.719405;0.596919;0.329198;1.985100
7463.21;4049;4062;6.000000;0.481306;0.000173;12.429726;5.984028;9.360488;5.014138;5.417158;1.792748;0.000100;0.334257;2.294680
7465.01;4050;4063;6.000000;0.514745;0.000518;11.293686;5.579796;9.087531;5.001996;5.402521;1.761778;0.000100;0.335365;1.944251
7466.81;4051;4064;6.000000;0.508890;0.000447;11.716004;5.678472;9.328086;5.032220;5.937438;1.857944;1.661171;0.336889;2.731697
7468.61;4052;4065;6.000000;0.517322;0.000173;11.232968;5.661097;9.091031;5.100423;5.937227;1.866694;2.681385;0.339480;2.346013
7470.41;4053;4066;6.000000;0.507904;0.000345;11.721304;5.608354;9.311241;4.957780;6.073664;1.892592;3.061175;0.335710;1.630916
7472.21;4054;4067;6.000000;0.526483;0.000340;11.334989;5.469532;9.316849;5.006068;5.904777;1.864128;2.499427;0.328764;2.460121
7474.01;4055;4068;6.000000;0.511028;0.000368;11.619133;5.538547;9.289179;4.929035;5.757451;1.847605;2.228911;0.326078;1.973167
7475.81;4056;4069;6.000000;0.512081;0.000341;11.826303;5.456158;9.472865;4.855646;5.140184;1.824793;1.477312;0.329495;1.666477
7477.61;4057;4070;5.000000;0.528698;0.000173;11.605790;5.326632;9.597607;4.903525;5.431281;1.917655;1.179950;0.334420;1.810445
7479.41;4058;4071;5.000000;0.521469;0.000299;11.565382;5.406453;9.434336;4.910091;5.552439;1.885573;0.770342;0.330212;1.921716
7481.21;4059;4072;5.000000;0.537105;0.000326;11.233136;5.247082;9.435302;4.906265;5.759599;1.897089;1.870182;0.328661;1.851006
7483.01;4060;4073;5.000000;0.561595;0.000173;11.050388;5.002560;9.696064;4.885390;5.737969;1.863423;2.721904;0.334170;2.184651
7484.81;4061;4074;5.000000;0.564085;0.000319;10.935692;4.933584;9.649443;4.846654;5.763544;1.818944;2.179413;0.326419;2.060871
7486.61;4062;4075;5.000000;0.497291;0.000173;12.123698;6.592584;9.422586;5.704481;5.334889;1.545005;0.000100;0.565800;2.622906
7488.41;4063;4076;5.000000;0.498228;0.000173;11.975010;6.626031;9.329893;5.745375;5.185641;1.457517;0.000100;0.588526;1.961426
7490.21;4064;4077;5.000000;0.516850;0.000368;11.479653;6.434807;9.280427;5.791811;5.688556;1.470657;0.000100;0.599741;2.421566
7492.01;4065;4078;5.000000;0.459551;0.000173;13.278391;6.244354;9.545998;4.997765;5.787638;1.806613;1.582766;0.366050;2.604793
7493.81;4066;4079;5.000000;0.469511;0.000173;13.002888;6.184257;9.541025;5.053658;5.989222;1.823436;2.719386;0.359063;2.424603
7495.61;4067;4080;6.000000;0.411616;0.000490;16.469866;6.624777;10.602307;4.747451;4.768905;1.705063;0.000100;0.345774;1.660131
7497.41;4068;4081;6.000000;0.421315;0.000339;16.492015;6.494788;10.867107;4.764015;5.568972;1.756192;2.050014;0.348386;1.931618
7499.21;4069;4082;6.000000;0.435424;0.000336;16.416234;6.108149;11.146704;4.620158;5.812060;1.755706;2.785885;0.327576;2.377560
7501.01;4070;4083;6.000000;0.447690;0.000524;16.555638;5.740221;11.591974;4.474848;5.740956;1.729377;3.270102;0.325551;3.241822
7502.81;4071;4084;5.000000;0.458655;0.000173;15.342740;5.733011;10.975897;4.570523;5.416579;1.880070;1.559236;0.318587;2.053917
7504.61;4072;4085;5.000000;0.444016;0.000173;16.525232;5.841672;11.478365;4.517396;5.678493;1.932178;1.479157;0.319250;2.545584
7506.41;4073;4086;5.000000;0.566715;0.000173;8.296203;5.770089;7.354675;5.694228;6.431663;2.386459;0.000100;0.431773;2.577123
7508.21;4074;4087;5.000000;0.532931;0.000173;7.197873;6.424230;6.000659;5.962423;6.281320;2.294311;0.000100;0.381635;2.256114
7510.01;4075;4088;5.000000;0.536032;0.000173;7.063622;6.503242;5.922852;6.070204;6.407761;2.319690;0.000100;0.392442;2.372835
7511.81;4076;4089;5.000000;0.600122;0.000173;7.195664;6.229046;6.753818;6.507868;6.282527;1.836438;0.000100;0.588601;2.359944
7513.61;4077;4090;5.000000;0.604275;0.000173;6.825364;6.291276;6.451872;6.620696;6.149034;1.755289;0.000100;0.621961;2.573616
7515.41;4078;4091;5.000000;0.625589;0.000340;6.470770;6.118821;6.332403;6.666155;6.278783;1.753544;0.000100;0.664556;3.166155
7517.21;4079;4092;5.000000;0.655190;0.000173;6.221923;5.859528;6.376104;6.685832;6.444517;1.801561;0.000100;0.659278;3.185267
7519.01;4080;4093;6.000000;0.494023;0.000173;7.516520;8.907366;5.808988;7.663537;5.970149;1.793124;0.000100;1.020481;2.656476
7520.81;4081;4094;6.000000;0.508091;0.000173;7.180027;8.576877;5.699716;7.574717;6.185162;1.778803;0.000100;1.018972;3.103999
7522.61;4082;4095;6.000000;0.490941;0.000173;7.364509;8.633928;5.655829;7.382091;5.909867;1.710423;0.000100;0.981507;2.368463
7524.41;4083;4096;6.000000;0.489001;0.000173;7.508525;8.566583;5.742501;7.292341;5.510986;1.772760;0.000100;0.983598;2.653298
7526.21;4084;4097;5.000000;0.543772;0.000173;7.144696;5.946291;6.077744;5.631283;6.736695;2.708095;0.000100;0.397635;2.043856
7528.01;4085;4098;5.000000;0.566018;0.000336;6.881584;5.740333;6.087345;5.654228;6.740800;2.630599;0.000100;0.385847;2.165942
7529.81;4086;4099;4.500000;0.638711;0.000451;5.366924;5.013528;5.360163;5.575879;6.673408;2.788311;0.000100;0.389190;1.619069
7531.61;4087;4100;4.000000;0.661863;0.000173;5.298919;4.865206;5.485638;5.607711;7.087213;2.787707;1.012416;0.387454;2.259537
7533.41;4088;4101;4.000000;0.643622;0.000173;5.438662;5.046988;5.474778;5.655726;6.719439;2.874653;0.677333;0.396734;1.684453
7535.21;4089;4102;4.000000;0.690888;0.000173;4.966373;4.628410;5.367783;5.568667;7.034407;2.827541;1.402553;0.382537;2.946562
7537.01;4090;4103;4.000000;0.718344;0.000664;5.009644;4.306908;5.627419;5.387621;6.836865;2.854718;0.707366;0.394466;1.652756
7538.81;4091;4104;4.000000;0.737965;0.000524;4.795339;4.163696;5.524738;5.341795;6.639628;2.846879;0.000100;0.390332;2.229624
7540.61;4092;4105;4.000000;0.713130;0.000576;4.988720;4.337566;5.565649;5.387182;6.783483;2.912287;0.000100;0.392365;2.235035
7542.41;4093;4106;4.000000;0.745369;0.000654;4.784313;4.184105;5.576436;5.429342;7.103602;2.885998;1.761257;0.398865;2.488352
7544.21;4094;4107;5.000000;0.563655;0.000534;7.271166;5.310092;6.409422;5.211997;7.012006;2.766899;2.539030;0.398143;2.321840
7546.01;4095;4108;5.000000;0.557232;0.000173;7.272943;5.392882;6.339062;5.230403;7.010618;2.728432;2.747727;0.385679;2.349723
7547.81;4096;4109;5.000000;0.645681;0.000719;5.768557;5.032067;5.827313;5.657599;7.174002;2.739406;1.598844;0.375102;2.344830
7549.61;4097;4110;4.000000;0.566726;0.000173;7.065850;5.322405;6.264577;5.253159;6.570035;2.718281;1.557385;0.375074;1.559327
7551.41;4098;4111;4.000000;0.663299;0.000173;3.786233;6.105086;3.928804;7.046379;6.734568;2.714589;0.000100;0.364707;1.504847
7553.21;4099;4112;4.000000;0.695507;0.000173;3.606143;5.702012;3.922995;6.900830;6.560843;2.702614;0.000100;0.365419;1.487950
7555.01;4100;4113;4.000000;0.696635;0.000173;3.697276;5.793244;4.028416;7.028988;7.053014;2.761215;0.000100;0.370727;2.213118
7556.81;4101;4114;3.000000;0.922749;0.000368;1.720129;3.673042;2.476881;5.887165;7.192323;3.359923;0.000100;0.426245;1.834736
7558.61;4102;4115;3.000000;0.872394;0.000521;1.791777;3.850225;2.445948;5.849445;7.422820;3.380117;1.276587;0.429924;1.747354
7560.41;4103;4116;3.000000;0.795675;0.000593;1.619960;4.256980;2.016403;5.899073;7.145322;3.294100;0.547422;0.422578;2.028233
7562.21;4104;4117;3.000000;0.831801;0.000173;1.684689;4.216228;2.192065;6.106758;7.390203;3.235480;0.000100;0.422936;1.619176
7564.01;4105;4118;3.000000;0.778538;0.000342;1.439643;5.542308;1.752598;7.513057;7.117007;3.014385;0.000100;0.406455;1.712731
7565.81;4106;4119;3.000000;0.747532;0.000544;1.358759;5.845144;1.588363;7.608832;7.570451;3.256018;0.000100;0.432917;1.836278
7567.61;4107;4120;3.000000;0.747330;0.000173;1.435959;5.837591;1.678763;7.597755;7.405732;3.189914;0.000100;0.416088;1.652741
7569.41;4108;4121;3.000000;0.724336;0.000173;1.470280;6.087572;1.666066;7.679471;7.339220;3.149020;0.000100;0.414791;1.523442
7571.21;4109;4122;3.000000;0.719647;0.000346;1.513454;6.105006;1.702103;7.646529;7.365918;3.099904;0.000100;0.411013;2.298619
7573.01;4110;4123;3.000000;0.776035;0.000535;1.471480;5.273004;1.785158;7.110832;7.844611;3.355241;0.000100;0.429518;1.777853
7574.81;4111;4124;3.000000;0.789271;0.000397;1.450137;4.638122;1.788904;6.373124;8.034921;3.485033;1.249973;0.451093;2.045699
7576.61;4112;4125;3.000000;0.664716;0.000360;2.189923;5.660855;2.277252;6.553474;7.768270;3.234766;0.000100;0.439364;2.358006
7578.41;4113;4126;3.000000;0.696576;0.000582;1.980020;5.561215;2.156311;6.740422;7.468032;3.174530;0.000100;0.422135;1.498051
7580.21;4114;4127;4.000000;0.646095;0.000355;2.147685;6.870772;2.170337;7.728579;7.288741;3.007317;0.000100;0.412378;1.855629
7582.01;4115;4128;4.000000;0.667084;0.000490;2.142962;6.054100;2.233683;7.008019;7.778450;3.270846;0.000100;0.437924;2.137963
7583.81;4116;4129;4.000000;0.687847;0.000346;3.427379;4.971847;3.688000;5.956276;7.230082;2.847910;1.123013;0.356658;1.594487
7585.61;4117;4130;4.000000;0.707912;0.000651;3.258954;5.378608;3.599625;6.603914;7.179258;2.701868;0.000100;0.341762;1.526729
7587.41;4118;4131;5.000000;0.897755;0.000537;1.734530;3.766488;2.436094;5.891342;6.654397;3.043899;0.000100;0.347214;0.982283
7589.21;4119;4132;5.000000;0.891769;0.000578;1.748361;3.944328;2.433578;6.072961;7.229468;3.041205;0.915526;0.356674;1.582548
7591.01;4120;4133;5.000000;0.836242;0.000683;1.968022;4.821846;2.573838;7.021772;7.008529;2.796798;0.000100;0.338085;1.818421
7592.81;4121;4134;5.000000;0.905565;0.000636;2.070229;3.562923;2.932791;5.619257;7.827602;3.202996;2.986382;0.385526;1.848774
7594.61;4122;4135;5.000000;0.912646;0.000622;1.816444;4.075094;2.594161;6.458415;7.644061;3.036708;1.332914;0.374026;1.698115
7596.41;4123;4136;5.000000;0.730489;0.000530;2.287011;5.790106;2.608913;7.356709;6.921329;2.742044;0.000100;0.344175;0.612585
7598.21;4124;4137;5.000000;0.772477;0.000347;2.311260;5.263746;2.795582;7.083305;7.492745;2.836788;0.000100;0.369111;1.947865
7600.01;4125;4138;5.000000;0.760254;0.000582;2.397966;5.513241;2.852258;7.288041;7.276174;2.678374;0.000100;0.360351;1.750191
7601.81;4126;4139;5.000000;0.830660;0.000429;2.266394;5.086801;2.945929;7.358065;7.379802;2.711573;0.000100;0.360147;1.574450
7603.61;4127;4140;5.000000;0.723498;0.000624;3.592889;4.862567;4.068243;6.124401;7.453168;2.808537;0.541129;0.410262;2.320392
7605.41;4128;4141;5.000000;0.557094;0.000358;6.821129;7.154148;5.940032;6.939265;7.383537;2.292826;0.000100;0.418187;2.708505
7607.21;4129;4142;5.000000;0.576830;0.000390;6.514463;7.226498;5.873243;7.245711;6.989268;2.205930;0.000100;0.407517;3.375579
7609.01;4130;4143;5.000000;0.558227;0.000398;7.727620;6.746249;6.748513;6.547487;6.833798;2.237751;0.990349;0.413748;2.358471
7610.81;4131;4144;5.000000;0.566639;0.000173;7.126992;7.163049;6.315655;7.068208;6.894919;2.246580;0.000100;0.385371;2.451450
7612.61;4132;4145;5.000000;0.534441;0.000173;6.904196;6.355256;5.772222;5.915565;6.586971;2.352025;0.512498;0.368637;1.888216
7614.41;4133;4146;5.000000;0.528080;0.000324;7.121760;6.277162;5.882632;5.772769;6.570632;2.436153;1.636992;0.376734;2.012045
7616.21;4134;4147;5.000000;0.602068;0.000347;5.983432;5.446256;5.634118;5.708324;7.315006;2.707280;3.396227;0.392402;2.831872
7618.01;4135;4148;4.000000;0.589630;0.000280;5.906003;5.892783;5.449692;6.037802;6.905175;2.743582;1.369487;0.368775;2.047039
7619.81;4136;4149;4.000000;0.619138;0.000173;5.763196;5.103025;5.582055;5.502602;6.635718;2.765602;1.497335;0.382021;1.486042
7621.61;4137;4150;4.000000;0.609616;0.000173;5.882547;5.150163;5.610028;5.468022;6.909310;2.794960;2.244066;0.374580;1.933271
7623.41;4138;4151;4.000000;0.588249;0.000173;5.990173;5.641148;5.512438;5.779385;6.785410;2.679910;2.460933;0.365451;1.909331
7625.21;4139;4152;4.000000;0.562911;0.000173;5.805677;7.367821;5.112531;7.223237;6.620095;2.435588;0.000100;0.322497;1.604253
7627.01;4140;4153;4.000000;0.730088;0.000635;2.780080;5.764773;3.175235;7.330109;7.269570;2.934962;0.000100;0.389326;1.895082
7628.81;4141;4154;4.000000;0.745486;0.000173;2.653978;5.685950;3.095137;7.382363;7.228909;2.929026;0.000100;0.378271;1.251984
7630.61;4142;4155;4.000000;0.793127;0.000558;2.490963;5.224907;3.090675;7.217295;7.300687;2.880770;0.000100;0.378187;2.428117
7632.41;4143;4156;4.000000;0.820707;0.000524;2.666290;4.100051;3.423252;5.860443;8.060157;3.390447;2.676194;0.429640;2.413059
7634.21;4144;4157;4.000000;0.751355;0.000517;1.588785;4.798174;1.867471;6.278768;8.129202;3.519858;3.420231;0.477234;1.762555
7636.01;4145;4158;4.000000;0.756233;0.000411;1.691229;4.781206;2.000790;6.297181;8.223358;3.500638;3.015739;0.471881;2.186160
7637.81;4146;4159;4.000000;0.807577;0.000864;1.543420;4.588103;1.949896;6.453127;8.388265;3.481675;3.832479;0.470215;1.941774
7639.61;4147;4160;4.000000;0.709880;0.000173;2.084864;4.954288;2.315293;6.125186;7.915735;3.310014;3.441966;0.461048;2.491400
7641.41;4148;4161;4.000000;0.804324;0.001377;1.579868;2.212531;1.987902;3.099369;7.286905;2.555134;55.991106;0.126938;0.200737
7643.21;4149;4162;4.000000;0.735897;0.000993;1.604076;2.394527;1.846653;3.068948;6.893988;2.614928;61.038725;0.129197;0.200737
7645.01;4150;4163;4.000000;0.723103;0.000866;1.705951;3.397277;1.929792;4.278430;7.720082;2.975899;50.374519;0.247571;1.229459
7646.81;4151;4164;4.000000;0.622281;0.000729;2.026585;4.761228;1.972853;5.160104;8.342870;3.062538;4.813035;0.318557;1.433645
7648.61;4152;4165;;;;;;;;;;;;
7650.41;4153;4166;5.000000;0.648664;0.000484;1.391064;5.716566;1.411595;6.458148;7.507876;3.398247;1.480062;0.461464;1.141679
7652.21;4154;4167;5.000000;0.707817;0.000619;1.247266;5.320630;1.381095;6.558991;7.819881;3.428838;1.070479;0.473557;1.830980
7654.01;4155;4168;5.000000;0.672497;0.000520;1.186622;5.648238;1.248378;6.615404;7.914928;3.509954;2.676896;0.471710;1.776862
7655.81;4156;4169;5.000000;0.716632;0.000431;1.026256;5.431215;1.150522;6.778692;7.731966;3.457919;0.000100;0.478556;1.665314
7657.61;4157;4170;5.000000;0.669864;0.000553;1.311403;5.754612;1.374252;6.713605;7.590028;3.299536;1.620648;0.451453;2.119175
7659.41;4158;4171;5.000000;0.732027;0.000561;1.171653;5.265346;1.341744;6.712853;8.482898;3.496698;2.859750;0.475945;1.949177
7661.21;4159;4172;5.000000;0.712724;0.000598;1.074803;5.347504;1.198377;6.637818;8.143026;3.478956;2.681969;0.468994;1.461243
7663.01;4160;4173;5.000000;0.688938;0.000173;1.183255;5.555280;1.275268;6.665595;8.495700;3.570028;2.915825;0.488522;1.904638
7664.81;4161;4174;4.000000;0.597299;0.000448;1.183925;7.641650;1.106265;7.949356;7.693548;3.234777;0.000100;0.435474;2.169699
7666.61;4162;4175;4.000000;0.655917;0.000682;1.188487;6.910379;1.219513;7.894120;7.298919;3.147564;0.000100;0.412408;0.969035
7668.41;4163;4176;4.000000;0.635714;0.000621;1.273600;7.242880;1.266595;8.019102;7.524122;3.157790;0.000100;0.421211;0.939399
7670.21;4164;4177;4.000000;0.716396;0.000173;1.153519;5.267222;1.292770;6.571853;7.821360;3.504368;0.000100;0.469377;1.978604
7672.01;4165;4178;4.000000;0.755045;0.000173;1.120518;5.089078;1.323533;6.692135;7.890884;3.570254;2.431442;0.475946;1.681964
7673.81;4166;4179;4.000000;0.629012;0.000476;1.288336;7.018301;1.267743;7.688541;7.787879;3.316251;0.000100;0.446007;1.347477
7675.61;4167;4180;4.000000;0.588642;0.000173;1.332656;7.587858;1.227192;7.778991;7.729245;3.329996;0.000100;0.431680;1.638745
7677.41;4168;4181;4.000000;0.608334;0.000173;1.373042;7.331082;1.306680;7.767176;7.901088;3.175929;0.000100;0.429697;1.428843
7679.21;4169;4182;5.000000;0.506435;0.000173;1.563153;8.926914;1.238423;7.873692;7.383906;3.336704;0.000100;0.443403;1.894022
7681.01;4170;4183;5.000000;0.527043;0.000436;1.295231;7.356491;1.067914;6.752576;7.560187;3.624959;2.580478;0.467282;0.779696
7682.81;4171;4184;5.000000;0.534982;0.000712;1.368943;7.173188;1.145691;6.683505;7.732436;3.641219;2.114509;0.487684;1.199203
7684.61;4172;4185;5.000000;0.490270;0.000173;1.976068;6.906299;1.515585;5.897029;7.307067;3.621718;0.000100;0.527332;1.979477
7686.41;4173;4186;5.000000;0.667153;0.000714;1.761498;4.637783;1.838447;5.388764;6.400745;3.695332;57.590000;0.623418;1.142137
7688.21;4174;4187;5.000000;0.573755;0.000583;2.158261;4.938945;1.937198;4.935304;6.034545;3.815156;56.734919;0.621948;0.200737
7690.01;4175;4188;5.000000;0.521234;0.000599;2.468483;5.383405;2.012826;4.887007;5.254176;3.466213;55.687694;0.649040;0.200737
7691.81;4176;4189;6.000000;0.491100;0.000754;2.730298;5.876604;2.097603;5.026311;5.970797;3.614956;0.000100;0.684767;0.200737
7693.61;4177;4190;6.000000;0.531185;0.000887;2.559156;5.456783;2.126600;5.048187;5.943207;3.669691;51.809341;0.703635;0.976133
7695.41;4178;4191;6.000000;0.545293;0.000719;2.525067;5.404528;2.154002;5.132639;6.472649;3.298554;0.000100;0.615745;0.200737
7697.21;4179;4192;5.000000;0.662432;0.000805;2.111675;4.591832;2.188324;5.297613;6.865237;2.706211;0.000100;0.570993;1.228330
7699.01;4180;4193;5.000000;0.684643;0.000682;2.051996;4.465563;2.197780;5.324681;6.913938;2.709003;0.000100;0.591522;1.039673
7700.81;4181;4194;5.000000;0.752185;0.000794;0.697691;4.192313;0.820977;5.492012;7.973778;4.005872;4.472601;0.490308;1.097580
7702.61;4182;4195;4.000000;0.750404;0.000630;0.681346;4.344584;0.799846;5.678015;8.278488;3.997660;5.526933;0.486089;1.171097
7704.41;4183;4196;4.000000;0.747571;0.000568;0.773252;4.373721;0.904309;5.694513;8.174955;3.944008;4.592734;0.493249;1.176832
7706.21;4184;4197;4.000000;0.807989;0.001057;0.619675;3.995128;0.783273;5.621980;8.381866;4.092549;5.120221;0.494876;1.204621
7708.01;4185;4198;4.000000;0.870882;0.001027;0.647926;3.852185;0.882730;5.842778;8.331966;4.030494;4.624951;0.485799;1.372114
7709.81;4186;4199;4.000000;0.967108;0.000780;0.665193;3.471690;1.006388;5.847481;9.146004;4.243781;5.987250;0.502102;1.281208
7711.61;4187;4200;4.000000;0.973217;0.000478;1.035506;2.182441;1.576542;3.699177;6.951698;3.853632;46.826494;0.438559;0.200737
7713.41;4188;4201;4.000000;1.037723;0.000173;0.954555;2.147170;1.549621;3.880618;6.905483;3.859334;60.929788;0.474980;0.200737
7715.21;4189;4202;6.000000;0.751760;0.000173;1.455385;2.323773;1.711593;3.042469;6.051434;4.056192;66.824931;0.439154;0.200737
7717.01;4190;4203;6.000000;0.732303;0.000173;1.577816;2.396783;1.807551;3.056839;6.142304;4.053659;54.273600;0.460709;0.712294
7718.81;4191;4204;6.000000;0.788506;0.000619;1.451376;2.185867;1.790310;3.001800;6.170707;4.014684;66.685506;0.434723;0.200737
7720.61;4192;4205;6.000000;0.512615;0.000173;1.681074;2.597315;1.348099;2.318831;5.459991;3.763041;46.233253;0.309262;0.200737
7722.41;4193;4206;5.000000;0.944019;0.000703;1.134800;2.666269;1.675883;4.383671;7.233773;4.079350;52.588038;0.470945;1.201905
7724.21;4194;4207;5.000000;1.020596;0.000820;1.031854;2.419245;1.647463;4.300181;6.878504;4.123974;67.261450;0.477014;0.200737
7726.01;4195;4208;4.000000;0.829499;0.000594;0.908524;4.111955;1.178951;5.940421;8.439684;4.044872;3.995048;0.496479;1.733878
7727.81;4196;4209;4.000000;0.927674;0.000898;0.797542;3.747137;1.157424;6.054078;8.844716;4.107704;5.921751;0.491014;1.570282
7729.61;4197;4210;4.000000;0.906121;0.000748;0.774164;3.847199;1.097393;6.071330;8.956317;4.114467;4.813977;0.488457;1.472710
7731.41;4198;4211;4.000000;0.811913;0.000728;0.846878;4.302847;1.075657;6.084410;8.481823;4.021801;3.120189;0.480050;1.306197
7733.21;4199;4212;5.000000;0.835314;0.000173;0.784930;4.165256;1.025709;6.059608;8.966152;3.984800;5.801309;0.509457;1.464634
7735.01;4200;4213;5.000000;0.849559;0.000440;0.928564;4.099808;1.234095;6.066109;8.847666;3.950820;5.734692;0.507865;1.581532
7736.81;4201;4214;5.000000;0.873227;0.000586;0.753129;4.014362;1.028821;6.105153;8.691506;3.881461;5.493763;0.484732;1.815884
7738.61;4202;4215;5.000000;0.746873;0.000173;0.882390;4.640844;1.030981;6.036662;8.689333;4.122876;5.024875;0.521678;1.305319
7740.41;4203;4216;5.000000;0.675005;0.000764;1.117573;5.213482;1.180120;6.128977;8.367448;3.694700;4.392280;0.480984;1.343232
7742.21;4204;4217;5.000000;0.738760;0.000430;1.021229;4.783106;1.180239;6.154126;8.887331;3.811397;5.135421;0.499908;2.003130
7744.01;4205;4218;5.000000;0.681500;0.000173;1.290707;5.102669;1.376058;6.056424;8.909102;3.849259;4.314179;0.517497;1.818804
7745.81;4206;4219;5.000000;0.525356;0.000493;1.125159;7.076224;0.924721;6.474528;8.061622;3.496098;2.276730;0.488968;1.553323
7747.61;4207;4220;5.000000;0.578616;0.000413;1.036506;6.301243;0.938222;6.349945;8.267171;3.497815;2.047306;0.477731;2.035562
7749.41;4208;4221;5.000000;0.561406;0.000554;1.112806;6.597319;0.977326;6.450557;7.997670;3.476556;1.988993;0.471484;1.479346
7751.21;4209;4222;5.000000;0.693051;0.000416;1.173636;5.319921;1.272453;6.421307;7.747501;3.490718;2.192575;0.461284;1.650468
7753.01;4210;4223;5.000000;0.679166;0.000581;1.261141;5.418039;1.339933;6.408720;8.071629;3.460136;1.866231;0.476532;1.755918
7754.81;4211;4224;4.000000;0.687733;0.000667;1.014948;5.357902;1.091961;6.417527;7.558101;3.439830;1.464382;0.451662;1.787104
7756.61;4212;4225;4.000000;0.653896;0.000692;0.998948;5.592841;1.021868;6.369337;7.715316;3.414078;1.167249;0.456463;1.950446
7758.41;4213;4226;5.000000;0.673683;0.000727;0.863357;4.433004;0.909891;5.201238;7.374991;3.491585;5.433052;0.361380;1.335453
7760.21;4214;4227;5.000000;0.694911;0.000810;0.845350;4.425826;0.918985;5.356441;7.618652;3.586223;6.925960;0.369993;1.152504
7762.01;4215;4228;5.000000;0.663198;0.000887;0.760219;4.062872;0.788725;4.692772;6.773020;3.388559;7.480505;0.293690;1.056222
7763.81;4216;4229;5.000000;0.661142;0.000930;0.793624;4.114452;0.820829;4.737617;6.626082;3.390897;6.740570;0.295701;1.109887
7765.61;4217;4230;5.000000;0.659750;0.001008;0.795725;4.295258;0.821269;4.935393;7.347074;3.442665;8.245667;0.314481;1.071084
7767.41;4218;4231;5.000000;0.667857;0.001139;0.816355;4.290956;0.852916;4.991034;7.152642;3.471660;6.952353;0.314252;1.210219
7769.21;4219;4232;5.000000;0.666407;0.001013;0.823061;4.264631;0.858054;4.949644;7.416034;3.462146;8.551188;0.328005;1.784912
7771.01;4220;4233;5.000000;0.704327;0.000514;0.975423;5.462460;1.074759;6.700633;8.583765;3.441756;3.844053;0.474059;2.282976
7772.81;4221;4234;5.000000;0.711676;0.000619;0.944927;5.310793;1.052020;6.582560;8.418180;3.462906;2.399204;0.467648;2.140124
7774.61;4222;4235;5.000000;0.687473;0.000788;0.969677;5.532291;1.042861;6.623902;8.536518;3.493729;3.208119;0.475589;1.895677
7776.41;4223;4236;5.000000;0.696038;0.000434;0.933970;5.543719;1.016972;6.720277;8.332826;3.519518;1.410580;0.463984;1.053486
7778.21;4224;4237;5.000000;0.700280;0.000764;0.932555;5.435721;1.021619;6.629513;8.683716;3.534216;3.567117;0.472661;1.428071
7780.01;4225;4238;5.000000;0.687276;0.000419;1.013326;5.591927;1.089491;6.693382;8.603167;3.515030;2.764089;0.489411;2.123784
7781.81;4226;4239;6.000000;0.898292;0.000425;0.643300;2.436717;0.904013;3.812202;5.767507;3.469350;52.301441;0.250582;0.200737
7783.61;4227;4240;6.000000;0.890711;0.000474;0.642964;2.594950;0.895916;4.025493;5.983452;3.577665;62.607419;0.269933;0.200737
7785.41;4228;4241;;;;;;;;;;;;
7787.21;4229;4242;4.000000;0.646276;0.000609;1.242981;5.360736;1.256684;6.033866;7.232581;3.278816;1.394727;0.410991;1.113825
7789.01;4230;4243;4.000000;0.664187;0.000173;1.726933;5.226554;1.794358;6.045871;7.732526;3.385704;3.095632;0.444653;1.029834
7790.81;4231;4244;5.000000;0.675402;0.000504;1.758617;5.198650;1.858134;6.115135;7.994834;3.387526;3.828448;0.444403;1.628450
7792.61;4232;4245;5.000000;0.654785;0.000567;2.459387;5.229573;2.519235;5.963729;7.421584;3.243085;2.388927;0.425042;1.841234
7794.41;4233;4246;5.000000;0.634879;0.000463;3.849952;5.230317;3.823748;5.783246;7.782801;3.145202;4.028190;0.405150;2.019662
7796.21;4234;4247;5.000000;0.524095;0.000173;6.719122;6.152413;5.508912;5.615759;6.992702;2.698274;2.675757;0.384311;2.303239
7798.01;4235;4248;5.000000;0.530826;0.000485;6.380506;6.064392;5.298470;5.606506;6.971435;2.783264;2.692160;0.390682;1.608427
7799.81;4236;4249;5.000000;0.484835;0.000173;7.019884;6.715891;5.324354;5.670878;6.252994;2.641557;0.000100;0.368525;1.735438
7801.61;4237;4250;5.000000;0.502811;0.000173;6.718063;6.498923;5.284352;5.691134;6.499966;2.654912;1.039882;0.368829;2.309239
7803.41;4238;4251;5.000000;0.516555;0.000484;6.354362;6.396608;5.134896;5.754652;6.788472;2.727849;1.400848;0.373543;2.466204
7805.21;4239;4252;5.000000;0.525455;0.000433;6.336226;6.281796;5.208462;5.748736;6.683597;2.613806;1.330783;0.378363;2.378871
7807.01;4240;4253;5.000000;0.535614;0.000173;6.520446;6.192923;5.463523;5.776979;6.814698;2.557339;1.539993;0.371734;2.115352
7808.81;4241;4254;5.000000;0.516946;0.000173;6.744956;6.396378;5.454659;5.758805;6.984256;2.611638;1.604702;0.383145;3.119433
7810.61;4242;4255;5.000000;0.507544;0.000173;6.609643;6.504973;5.248019;5.750063;6.311699;2.613389;1.077617;0.369318;1.852743
7812.41;4243;4256;5.000000;0.626598;0.000173;6.128180;5.744448;6.007087;6.268886;6.709562;2.355169;0.000100;0.605679;2.505101
7814.21;4244;4257;5.000000;0.670272;0.000173;5.808911;5.449290;6.091005;6.361270;6.707109;2.311715;0.000100;0.608784;2.164803
7816.01;4245;4258;5.000000;0.633497;0.000173;5.875613;5.695167;5.822925;6.283538;7.085407;2.434920;0.000100;0.600397;1.149465
7817.81;4246;4259;5.000000;0.672375;0.000173;5.528702;5.316175;5.815375;6.225347;7.361772;2.433658;0.000100;0.616837;3.042517
7819.61;4247;4260;5.000000;0.570179;0.000173;6.674421;5.845694;5.953438;5.804970;6.248016;2.519540;0.000100;0.399548;1.735752
7821.41;4248;4261;5.000000;0.541364;0.000467;7.162006;6.122179;6.065507;5.772290;6.596002;2.541749;0.000100;0.386843;2.420842
7823.21;4249;4262;5.000000;0.515139;0.000173;6.948894;6.476260;5.599937;5.810338;6.595359;2.500129;1.844139;0.374576;2.961121
7825.01;4250;4263;5.000000;0.522567;0.000518;6.779112;6.425342;5.541892;5.847782;6.983391;2.548601;1.900008;0.378105;2.466206
7826.81;4251;4264;5.000000;0.524965;0.000173;6.932406;6.321353;5.693213;5.779539;6.935591;2.510323;1.855733;0.380245;2.576648
7828.61;4252;4265;5.000000;0.545487;0.000173;6.568407;6.111303;5.605156;5.805921;6.925528;2.547067;0.000100;0.380407;1.598637
7830.41;4253;4266;5.000000;0.569415;0.000173;6.787297;6.039344;6.046013;5.989240;7.401622;2.398745;3.867117;0.377715;2.976668
7832.21;4254;4267;5.000000;0.576566;0.000464;6.390020;6.043370;5.763611;6.068498;7.477235;2.454393;3.940931;0.382456;1.733933
7834.01;4255;4268;5.000000;0.546112;0.000173;7.056245;6.304336;6.028358;5.996177;6.835707;2.367971;2.562232;0.379099;2.911951
7835.81;4256;4269;5.000000;0.571648;0.000502;6.662144;6.039170;5.957797;6.012549;6.946563;2.329514;2.451989;0.373056;3.323624
7837.61;4257;4270;5.000000;0.547584;0.000173;7.069302;6.299355;6.055791;6.007588;6.423816;2.299745;0.000100;0.364826;2.318039
7839.41;4258;4271;6.000000;0.508523;0.000173;6.963097;10.218818;5.539318;9.050326;6.577825;1.087165;0.000100;1.415261;3.216185
7841.21;4259;4272;6.000000;0.497411;0.000173;7.086861;10.705749;5.514579;9.274385;6.512023;0.930168;0.000100;1.532432;3.255193
7843.01;4260;4273;6.000000;0.505078;0.000173;6.971702;10.243373;5.508593;9.010616;6.829013;1.052992;0.000100;1.438750;4.082898
7844.81;4261;4274;5.000000;0.561508;0.000173;6.947453;6.106176;6.102743;5.971431;6.809166;2.335549;0.000100;0.379371;2.511717
7846.61;4262;4275;;;;;;;;;;;;
7848.41;4263;4276;5.000000;0.525232;0.000173;10.149480;8.787945;8.339463;8.038802;6.025409;0.965425;0.000100;1.236466;2.854986
7850.21;4264;4277;5.000000;0.499775;0.000173;10.604715;9.233044;8.291194;8.036606;6.001532;0.943554;0.000100;1.219033;2.724544
7852.01;4265;4278;6.000000;0.506705;0.000173;10.773097;9.084390;8.539634;8.016858;6.146513;0.907867;0.000100;1.227879;3.462283
7853.81;4266;4279;6.000000;0.521046;0.000173;10.113358;8.916551;8.243559;8.091442;5.938662;0.915665;0.000100;1.229719;3.040922
7855.61;4267;4280;6.000000;0.496819;0.000173;10.520309;9.623084;8.176551;8.326560;5.825874;0.944147;0.000100;1.203432;2.624051
7857.41;4268;4281;6.000000;0.423681;0.000173;19.351444;5.729946;12.826123;4.228071;5.751066;1.790022;3.517344;0.333232;2.775704
7859.21;4269;4282;6.000000;0.433027;0.000173;18.540937;5.697782;12.560008;4.297083;5.670938;1.833789;2.759698;0.331018;2.776193
7861.01;4270;4283;6.000000;0.448682;0.000173;17.781293;5.639042;12.480887;4.406534;5.751599;1.873193;3.507225;0.329989;0.966662
7862.81;4271;4284;6.000000;0.697642;0.000173;10.646317;3.658629;11.619179;4.445331;5.999587;1.759376;5.304075;0.361630;3.055479
7864.61;4272;4285;6.000000;0.713462;0.000173;10.571652;3.584986;11.799316;4.454625;6.177983;1.778851;4.619596;0.376194;2.301479
7866.41;4273;4286;6.000000;0.727159;0.000173;10.337251;3.496053;11.759199;4.427518;6.208932;1.768982;4.748540;0.372852;2.175359
7868.21;4274;4287;6.000000;0.482688;0.000436;14.009209;5.683848;10.578494;4.778179;5.840981;1.824595;3.250067;0.333225;2.508709
7870.01;4275;4288;6.000000;0.490544;0.000431;13.617232;5.597304;10.449855;4.782005;5.894978;1.827801;3.926543;0.332350;2.346328
7871.81;4276;4289;6.000000;0.512322;0.000173;13.275625;5.440607;10.639987;4.854485;5.979399;1.894753;4.610299;0.337937;2.882699
7873.61;4277;4290;5.000000;0.458324;0.000752;14.367210;6.044334;10.301212;4.824741;5.935216;1.848593;2.367095;0.355656;2.480841
7875.41;4278;4291;5.000000;0.507394;0.000663;12.978057;5.438152;10.301454;4.805625;5.972865;1.876569;2.948524;0.344031;1.602864
7877.21;4279;4292;5.000000;0.502401;0.000173;13.748116;5.326716;10.805297;4.660824;6.175157;1.943290;4.213543;0.350281;2.472208
7879.01;4280;4293;5.000000;0.501985;0.000173;13.569500;5.402945;10.656096;4.723615;6.240707;1.961561;4.453691;0.338696;3.228736
7880.81;4281;4294;5.000000;0.505853;0.000173;12.633392;5.395971;9.997412;4.753866;5.640386;1.800206;2.174835;0.349181;1.982578
7882.61;4282;4295;5.000000;0.513892;0.000628;13.298626;5.238179;10.691098;4.688194;6.027970;1.940538;3.690547;0.356717;2.498178
7884.41;4283;4296;5.000000;0.535392;0.000451;11.555753;5.114028;9.678625;4.768570;5.205938;1.787067;2.350445;0.335389;1.903544
7886.21;4284;4297;5.000000;0.477280;0.000173;15.551695;5.429257;11.611670;4.513018;5.702959;1.759834;3.806294;0.319782;2.565061
7888.01;4285;4298;5.000000;0.496058;0.000173;14.821169;5.229779;11.501605;4.518238;6.004075;1.790283;5.293871;0.327370;2.453190
7889.81;4286;4299;5.000000;0.473400;0.000644;14.057169;5.733808;10.410449;4.727423;5.754099;1.865645;3.454350;0.322655;2.050704
7891.61;4287;4300;5.000000;0.457968;0.000445;14.281687;6.008298;10.231947;4.792256;5.890531;1.880038;4.154070;0.324623;2.321251
7893.41;4288;4301;5.000000;0.509442;0.000173;14.571566;5.088308;11.612986;4.514616;5.854843;1.826605;4.865159;0.336663;2.022954
7895.21;4289;4302;5.000000;0.481992;0.000173;15.021074;5.348202;11.326208;4.489532;5.799972;1.756959;3.837499;0.324290;2.642915
7897.01;4290;4303;5.000000;0.515928;0.000173;13.285766;5.365774;10.723076;4.821419;5.995459;1.895719;3.926095;0.342251;2.517236
7898.81;4291;4304;5.000000;0.489975;0.000173;14.963721;5.281827;11.469818;4.507241;5.384384;1.752667;2.504714;0.324267;2.121149
7900.61;4292;4305;5.000000;0.437171;0.000173;14.801782;6.011577;10.122985;4.577125;5.598386;1.768353;3.359450;0.325124;2.476172
7902.41;4293;4306;5.000000;0.447340;0.000478;14.289885;5.941241;10.000215;4.628790;5.637506;1.743834;2.931033;0.332326;2.635910
7904.21;4294;4307;5.000000;0.440716;0.000173;14.520855;5.980611;10.011388;4.590472;5.335797;1.735585;2.562742;0.323696;2.270452
7906.01;4295;4308;5.000000;0.424857;0.000173;15.026323;6.241369;9.987088;4.618232;5.721497;1.881936;3.929939;0.345059;2.352665
7907.81;4296;4309;5.000000;0.430903;0.000449;14.780775;6.123186;9.963676;4.595254;5.901969;1.886619;3.554001;0.334237;2.337408
7909.61;4297;4310;5.000000;0.422662;0.000173;15.179446;6.218402;10.036723;4.577460;5.902463;1.860759;4.029604;0.330051;3.359387
7911.41;4298;4311;5.000000;0.430098;0.000173;15.179634;6.172058;10.213441;4.623283;5.676395;1.793583;4.199795;0.333170;2.777305
7913.21;4299;4312;5.000000;0.416389;0.000536;15.322449;6.344374;9.980932;4.600885;5.736382;1.874122;3.771184;0.335828;1.956755
7915.01;4300;4313;5.000000;0.413561;0.000508;15.454303;6.379489;9.998452;4.594931;5.774186;1.864572;4.094344;0.337430;2.273149
7916.81;4301;4314;5.000000;0.466101;0.000173;10.814301;6.551143;7.885359;5.318018;6.723427;2.244566;4.544066;0.379764;1.711137
7918.61;4302;4315;5.000000;0.430051;0.000531;11.675205;7.077545;7.854664;5.300971;6.531140;2.277199;4.896115;0.372116;1.902451
7920.41;4303;4316;5.000000;0.439029;0.000541;11.391553;6.967012;7.823834;5.327125;6.576677;2.226043;3.918391;0.372211;2.650893
7922.21;4304;4317;5.000000;0.533156;0.000173;5.090062;6.436670;4.245517;5.976765;6.943160;2.601843;3.033104;0.419744;3.096736
7924.01;4305;4318;5.000000;0.428579;0.000566;11.570649;7.155846;7.757673;5.341268;6.152045;2.195238;2.301937;0.387767;2.051004
7925.81;4306;4319;5.000000;0.615504;0.000173;5.072581;6.650220;4.884308;7.128854;6.638338;1.997857;0.000100;1.000295;3.199353
7927.61;4307;4320;5.000000;0.608807;0.000173;5.111779;6.756109;4.868499;7.163567;6.474291;1.954168;0.000100;0.999868;2.771491
7929.41;4308;4321;5.000000;0.545914;0.000173;5.598978;6.152092;4.781631;5.849245;6.927852;2.559138;3.299776;0.418976;3.378865
7931.21;4309;4322;5.000000;0.551101;0.000439;5.491263;6.183543;4.734198;5.935007;6.929945;2.548449;2.458318;0.417959;2.049538
7933.01;4310;4323;5.000000;0.631067;0.000173;5.111578;6.428869;5.046304;7.065823;6.441052;1.971989;0.000100;0.957860;2.338223
7934.81;4311;4324;5.000000;0.589938;0.000173;6.199713;5.397713;5.721647;5.545860;6.687591;2.419104;2.974632;0.422575;2.954913
7936.61;4312;4325;5.000000;0.583225;0.000173;5.915389;5.839187;5.397129;5.931186;6.028237;2.292109;0.000100;0.530078;1.206752
7938.41;4313;4326;5.000000;0.576105;0.000173;6.098801;5.613071;5.496538;5.631900;6.659857;2.483762;4.092400;0.404943;2.709805
7940.21;4314;4327;5.000000;0.574108;0.000173;6.232728;5.439114;5.597775;5.438450;6.866521;2.470262;3.700688;0.383314;2.631212
7942.01;4315;4328;5.000000;0.574818;0.000173;7.257243;5.259400;6.525969;5.265253;6.029131;2.212094;2.718776;0.359099;1.642124
7943.81;4316;4329;5.000000;0.597570;0.000173;7.274622;5.037151;6.800532;5.242363;6.290412;2.240626;4.221009;0.377118;2.329800
7945.61;4317;4330;5.000000;0.591899;0.000173;7.334524;5.099520;6.791455;5.256902;6.443203;2.266498;4.519581;0.364564;2.973279
7947.41;4318;4331;5.000000;0.621812;0.000173;5.928298;5.087219;5.766764;5.509248;6.647739;2.286710;4.062454;0.379614;3.096925
7949.21;4319;4332;5.000000;0.566412;0.000173;6.741576;5.738271;5.973620;5.660657;6.225994;2.196364;0.000100;0.458501;2.203008
7951.01;4320;4333;5.000000;0.570869;0.000173;7.724745;5.325861;6.898650;5.295165;5.908410;2.169696;3.171036;0.379165;2.288595
7952.81;4321;4334;6.000000;0.564199;0.000173;7.767460;5.359445;6.855747;5.266296;6.203377;2.209177;3.478313;0.382764;2.802907
7954.61;4322;4335;6.000000;0.606761;0.000173;6.314180;5.457156;5.993467;5.766831;6.552845;2.162640;2.433355;0.438704;2.488136
7956.41;4323;4336;6.000000;0.643986;0.000173;5.104920;6.260048;5.142907;7.021131;6.876079;2.027286;0.000100;0.934081;3.765239
7958.21;4324;4337;5.000000;0.569024;0.000173;5.886787;5.692213;5.240252;5.641111;6.439511;2.254058;2.279329;0.399436;2.122163
7960.01;4325;4338;5.000000;0.581700;0.000621;5.745880;5.513607;5.228762;5.585831;6.554293;2.313075;3.610477;0.403897;3.197175
7961.81;4326;4339;5.000000;0.581054;0.000457;5.729429;5.590386;5.208004;5.657329;6.241415;2.283776;1.696494;0.420097;2.195345
7963.61;4327;4340;5.000000;0.601971;0.000173;5.468221;5.385557;5.149503;5.646242;6.671237;2.293111;3.649703;0.414656;2.349174
7965.41;4328;4341;5.000000;0.578550;0.000612;6.068207;5.518122;5.492178;5.560134;6.060700;2.177883;2.119904;0.383236;2.327661
7967.21;4329;4342;5.000000;0.552896;0.000613;6.161339;5.801467;5.329197;5.586428;5.687003;2.156533;2.569678;0.383882;2.372665
7969.01;4330;4343;5.000000;0.548571;0.000574;6.411212;5.770910;5.501944;5.513534;6.267520;2.179481;2.044482;0.378643;2.977626
7970.81;4331;4344;5.000000;0.593139;0.000173;5.215535;5.473809;4.839482;5.654568;5.984560;2.213030;2.718828;0.359945;2.464589
7972.61;4332;4345;5.000000;0.629225;0.000173;5.001338;5.124576;4.923061;5.615865;5.849887;2.209561;2.086379;0.356227;2.070393
7974.41;4333;4346;5.000000;0.621695;0.000483;4.070573;5.334898;3.958914;5.776387;6.040684;2.216746;2.149894;0.358468;2.349799
7976.21;4334;4347;5.000000;0.599367;0.000461;4.105092;5.574255;3.849097;5.818787;6.061134;2.218988;0.000100;0.362975;2.343860
7978.01;4335;4348;5.000000;0.680509;0.000173;3.591502;5.179694;3.823434;6.138910;5.952723;2.419356;0.000100;0.367028;2.302629
7979.81;4336;4349;6.000000;0.731159;0.000790;1.080566;2.627681;1.235966;3.346091;4.914512;3.456412;66.844831;0.318828;0.200737
7981.61;4337;4350;6.000000;0.762131;0.000892;0.839366;2.399593;1.000747;3.185079;5.096511;3.633466;69.174869;0.314045;0.200737
7983.41;4338;4351;6.000000;0.758214;0.000927;0.732201;2.414829;0.868492;3.188831;5.226371;3.633567;69.362175;0.318746;0.200737
7985.21;4339;4352;6.000000;0.625260;0.001254;0.884494;2.983578;0.865166;3.249012;4.954742;3.562341;57.571625;0.329363;0.200737
7987.01;4340;4353;6.000000;0.694831;0.000471;1.978691;3.593447;2.150803;4.348540;4.605558;3.288249;44.657931;0.289951;0.824660
7988.81;4341;4354;5.000000;0.625478;0.000459;3.985040;5.338725;3.899314;5.815711;6.153948;2.468327;0.000100;0.367245;2.397698
7990.61;4342;4355;5.000000;0.600668;0.000736;4.049387;5.565432;3.805106;5.822186;5.688408;2.414364;0.000100;0.361269;2.006743
7992.41;4343;4356;5.000000;0.574179;0.000173;4.736256;5.899032;4.254276;5.899034;5.733647;2.287889;0.000100;0.359971;1.520537
7994.21;4344;4357;5.000000;0.620045;0.000173;4.519811;5.723804;4.384162;6.181030;5.972095;2.166790;0.000100;0.363080;2.225526
7996.01;4345;4358;5.000000;0.584827;0.000173;4.658283;5.856508;4.261831;5.965115;6.111163;2.314945;1.177724;0.380842;2.782814
7997.81;4346;4359;5.000000;0.609752;0.000518;4.540403;5.900176;4.331031;6.265728;5.916914;2.127957;0.000100;0.365194;2.412197
7999.61;4347;4360;5.000000;0.609720;0.000173;4.679496;5.862664;4.463472;6.225561;6.103917;2.158538;0.000100;0.377056;1.949879
8001.41;4348;4361;5.000000;0.624283;0.000173;4.542564;5.327240;4.436353;5.792113;5.851886;2.268111;1.460731;0.345481;1.932734
8003.21;4349;4362;5.000000;0.631162;0.000173;4.651821;5.351466;4.593110;5.882559;5.669165;2.256803;1.223301;0.341101;1.967633
8005.01;4350;4363;5.000000;0.503827;0.000699;5.334069;6.110502;4.204204;5.361814;5.382125;2.323312;1.984398;0.337503;2.093341
8006.81;4351;4364;5.000000;0.498471;0.000173;5.142623;6.136379;4.010215;5.327272;5.344712;2.338238;1.313975;0.323651;2.178517
8008.61;4352;4365;5.000000;0.469700;0.000173;5.814011;6.633775;4.272081;5.426678;5.817491;2.437790;1.395030;0.350050;1.488775
8010.41;4353;4366;5.000000;0.458615;0.000458;5.670932;6.675938;4.068610;5.332288;5.734777;2.455631;3.896637;0.332375;2.426521
8012.21;4354;4367;5.000000;0.462205;0.000173;5.576124;6.428036;4.031906;5.174472;5.945073;2.447263;3.889234;0.337018;1.676040
8014.01;4355;4368;5.000000;0.438534;0.000173;5.929782;6.799754;4.068044;5.193377;5.912757;2.435357;3.556495;0.329596;1.894798
8015.81;4356;4369;5.000000;0.564443;0.000470;5.788463;4.868834;5.111245;4.786280;5.882330;2.728875;3.439198;0.326906;1.582671
8017.61;4357;4370;5.000000;0.579295;0.000477;5.696609;4.769402;5.162493;4.811901;6.073418;2.715016;3.841304;0.322488;2.128784
8019.41;4358;4371;5.000000;0.574808;0.000528;5.945585;4.780758;5.346395;4.786002;5.797377;2.723538;3.618654;0.337013;1.628798
8021.21;4359;4372;4.000000;0.787636;0.000585;2.899913;3.443864;3.573174;4.724162;6.433447;3.141894;3.024575;0.413381;1.903015
8023.01;4360;4373;4.000000;0.788073;0.000580;2.759487;3.515639;3.402029;4.825292;6.536025;3.197949;2.410964;0.398683;2.590300
8024.81;4361;4374;4.000000;0.860493;0.000631;2.610509;3.248746;3.514112;4.868734;6.622129;3.261815;5.020477;0.417752;1.330175
8026.61;4362;4375;5.000000;0.753475;0.000450;4.698280;3.667024;5.537972;4.812107;6.081954;2.908243;3.601088;0.383377;1.766581
8028.41;4363;4376;5.000000;0.786394;0.000469;4.769705;3.503140;5.867799;4.797897;6.260657;2.927090;4.854225;0.383618;2.377061
8030.21;4364;4377;5.000000;0.648837;0.000630;9.000471;3.539004;9.135745;3.999167;4.696626;2.395884;2.179848;0.324800;1.357915
8032.01;4365;4378;5.000000;0.686649;0.000173;8.342960;3.377782;8.961866;4.039425;5.353018;2.521433;3.168505;0.340781;2.093205
8033.81;4366;4379;5.000000;0.679006;0.000173;8.254455;3.429985;8.768095;4.056195;5.364237;2.502514;3.646922;0.332921;1.766805
8035.61;4367;4380;5.000000;0.730135;0.000556;8.050554;3.226576;9.195174;4.102934;5.534848;2.500870;4.744043;0.333600;2.181503
8037.41;4368;4381;5.000000;0.763267;0.000607;8.239213;3.037587;9.837977;4.037928;5.402223;2.422984;3.769026;0.322790;0.694294
8039.21;4369;4382;5.000000;0.743014;0.000471;8.621138;3.077220;10.020858;3.982067;5.535727;2.408300;4.988266;0.336776;1.816160
8041.01;4370;4383;5.000000;0.669810;0.000587;9.056248;3.292263;9.489501;3.840601;5.181168;2.434366;3.639030;0.315823;0.918016
8042.81;4371;4384;5.000000;0.728952;0.000571;7.969839;2.970335;9.088488;3.771005;5.623802;2.610868;5.756112;0.322052;1.475910
8044.61;4372;4385;5.000000;0.719794;0.000429;7.892776;3.082931;8.887538;3.864784;5.656940;2.606310;6.760881;0.324015;1.878116
8046.41;4373;4386;5.000000;0.783069;0.000608;7.017370;2.849671;8.596421;3.886402;5.397319;2.476979;4.462853;0.309944;1.989874
8048.21;4374;4387;4.000000;0.694653;0.000547;7.388591;3.359426;8.029214;4.064304;5.447225;2.319809;5.909443;0.317127;1.684018
8050.01;4375;4388;4.000000;0.557515;0.000716;8.528660;4.225693;7.438413;4.103054;5.138534;2.104318;6.222917;0.299818;2.196053
8051.81;4376;4389;4.000000;0.562671;0.000506;8.740804;4.209756;7.693952;4.125388;5.022745;2.053497;5.266848;0.299917;2.081029
8053.61;4377;4390;4.000000;0.431925;0.000173;12.569445;5.522937;8.493121;4.154617;5.005888;1.848481;6.045220;0.292900;2.063026
8055.41;4378;4391;4.000000;0.451282;0.000646;12.291570;5.153179;8.677586;4.050200;5.249014;1.854671;7.146341;0.282950;2.817147
8057.21;4379;4392;5.000000;0.415705;0.000173;12.832391;5.804339;8.345189;4.202339;5.028962;1.960555;5.055716;0.300902;2.130856
8059.01;4380;4393;5.000000;0.404709;0.000173;13.917773;5.791316;8.811618;4.081998;5.334847;1.948055;6.654861;0.294947;2.308610
8060.81;4381;4394;6.000000;0.390431;0.000173;15.088817;5.813728;9.215998;3.953226;4.683339;1.948811;3.297422;0.299110;1.956583
8062.61;4382;4395;6.000000;0.375427;0.000173;15.890209;6.066693;9.332520;3.966716;4.982656;1.971763;5.496822;0.297839;2.862184
8064.41;4383;4396;6.000000;0.363829;0.000420;16.484865;6.121698;9.382657;3.879020;4.886076;1.909640;4.382373;0.287678;1.632553
8066.21;4384;4397;6.000000;0.340487;0.000173;17.962248;6.377616;9.567632;3.781916;4.961578;1.875732;5.355927;0.279261;2.957605
8068.01;4385;4398;6.000000;0.365582;0.000173;16.035337;6.031294;9.170790;3.840156;4.950285;1.877378;5.335609;0.284024;2.769763
8069.81;4386;4399;6.000000;0.356721;0.000463;16.707377;6.243455;9.323539;3.878888;4.651871;1.795042;5.773950;0.278927;2.674513
8071.61;4387;4400;6.000000;0.346318;0.000173;17.227162;6.411008;9.333237;3.866825;5.049864;1.798862;5.599456;0.280969;1.624882
8073.41;4388;4401;6.000000;0.343138;0.000173;17.566445;6.347101;9.429655;3.793124;4.713442;1.751327;6.003279;0.275686;2.326474
8075.21;4389;4402;6.000000;0.327363;0.000173;19.357120;6.585654;9.913193;3.754754;4.581378;1.723765;5.553952;0.269096;1.425991
8077.01;4390;4403;6.000000;0.310845;0.000173;19.553844;7.150078;9.508652;3.870859;4.489154;1.686397;5.624186;0.279093;1.603186
8078.81;4391;4404;6.000000;0.303029;0.000173;20.296996;7.379801;9.621863;3.894770;4.698703;1.685563;6.159429;0.268372;2.506878
8080.61;4392;4405;6.000000;0.314395;0.000173;18.421431;7.155369;9.060287;3.917963;5.256761;1.833071;7.554207;0.274219;2.833749
8082.41;4393;4406;6.000000;0.297828;0.000463;19.225233;7.679559;8.957370;3.983409;4.929409;1.805698;5.882792;0.285061;2.207745
8084.21;4394;4407;6.000000;0.310500;0.000519;17.914681;7.246406;8.701891;3.918654;5.171812;1.814868;7.440786;0.280317;2.691928
8086.01;4395;4408;6.000000;0.306514;0.000173;17.719078;7.435661;8.496391;3.969380;5.164588;1.797731;7.596406;0.280517;1.666767
8087.81;4396;4409;6.000000;0.302861;0.000173;16.604715;7.517014;7.867152;3.964982;4.858659;1.817723;5.767452;0.271958;1.865252
8089.61;4397;4410;6.000000;0.296492;0.000173;17.656429;7.544078;8.189540;3.895583;5.005707;1.846538;7.049577;0.281622;1.809783
8091.41;4398;4411;5.000000;0.304447;0.000173;16.924682;7.498693;8.060745;3.976032;4.853574;1.857737;6.176580;0.283610;1.931730
8093.21;4399;4412;5.000000;0.299258;0.000173;17.706731;7.624044;8.289479;3.973598;5.136868;1.918427;6.269141;0.279909;2.088970
8095.01;4400;4413;5.000000;0.308200;0.000173;16.550010;7.382895;7.979463;3.962888;4.968275;1.870356;6.901026;0.276072;2.268167
8096.81;4401;4414;5.000000;0.279575;0.000453;18.420526;8.025895;8.056462;3.907918;4.906927;1.857777;6.779704;0.277228;2.019339
8098.61;4402;4415;5.000000;0.318347;0.000173;15.721972;7.069546;7.829809;3.919632;5.133090;1.967584;6.603344;0.273136;2.233363
8100.41;4403;4416;5.000000;0.313716;0.000173;15.601538;7.142750;7.656805;3.902611;4.711685;1.955213;5.991470;0.279064;1.972427
8102.21;4404;4417;5.000000;0.319292;0.000173;15.470596;7.041827;7.727495;3.915856;5.107673;1.985709;6.259680;0.294336;1.341485
8104.01;4405;4418;5.000000;0.343117;0.000173;14.561055;6.595160;7.815885;3.941126;5.114104;1.995749;7.443312;0.275234;1.180054
8105.81;4406;4419;5.000000;0.425303;0.000540;10.751376;5.411619;7.153285;4.008468;5.176641;2.035514;5.908313;0.284277;1.849404
8107.61;4407;4420;5.000000;0.428138;0.000566;11.007102;5.473240;7.372249;4.081137;5.638330;2.117053;7.961308;0.296300;2.750000
8109.41;4408;4421;5.000000;0.407729;0.000173;11.561282;5.778502;7.374301;4.103362;5.285971;2.112604;7.086491;0.289922;1.254883
8111.21;4409;4422;5.000000;0.417287;0.000173;11.065276;5.571318;7.223375;4.048979;5.438742;2.061313;7.198678;0.296982;2.566761
8113.01;4410;4423;4.000000;0.613672;0.000449;5.393150;4.204076;5.177527;4.493245;6.074739;2.470593;7.082092;0.346829;2.789162
8114.81;4411;4424;4.000000;0.624634;0.000521;5.250792;4.140811;5.130901;4.504679;6.137051;2.514496;6.946906;0.335610;2.340167
8116.61;4412;4425;4.000000;0.647097;0.000173;4.858190;3.903670;4.917985;4.399421;6.036822;2.502534;6.063587;0.332267;2.592480
8118.41;4413;4426;4.000000;0.804046;0.000173;3.250725;3.277281;4.088882;4.589313;6.299736;2.622599;7.701898;0.361365;2.876787
8120.21;4414;4427;4.000000;0.766745;0.000408;3.228642;3.456777;3.872700;4.616099;6.303406;2.611433;7.278498;0.353380;2.218106
8122.01;4415;4428;4.000000;0.961640;0.000173;2.174762;2.933874;3.271657;4.913684;6.083534;2.885898;3.762488;0.373053;1.801241
8123.81;4416;4429;4.000000;0.946973;0.000431;2.285420;2.946657;3.385687;4.859819;6.254369;2.929789;5.663426;0.367213;1.609324
8125.61;4417;4430;4.000000;0.938582;0.000173;1.953786;2.948987;2.868748;4.820566;5.918274;2.905842;5.154456;0.366538;1.707078
8127.41;4418;4431;4.000000;0.974470;0.000398;1.880639;2.860694;2.866931;4.855041;5.953043;2.895081;4.697272;0.369046;1.991467
8129.21;4419;4432;4.000000;1.145392;0.000541;1.691694;2.464245;3.031231;4.915763;6.198175;3.055696;4.709336;0.380834;2.418596
8131.01;4420;4433;4.000000;1.076215;0.000173;1.770166;2.574384;2.980276;4.825314;5.990363;2.992005;4.155226;0.369968;1.833064
8132.81;4421;4434;3.000000;1.038206;0.000173;1.779594;2.637147;2.890332;4.768380;6.204872;3.005785;4.144754;0.369100;2.661069
8134.61;4422;4435;3.000000;0.943391;0.000548;3.405722;2.661659;5.026253;4.373179;5.791016;2.814619;4.060500;0.357119;1.282676
8136.41;4423;4436;3.000000;1.011107;0.000408;3.141238;2.532804;4.968681;4.460172;5.514547;2.725777;5.043295;0.335747;1.538350
8138.21;4424;4437;3.000000;0.898278;0.000173;3.645650;2.715536;5.123054;4.248340;5.745541;2.775867;5.744722;0.337521;2.872096
8140.01;4425;4438;3.000000;0.931076;0.000520;3.587572;2.618447;5.225517;4.246021;6.195730;2.869107;6.109454;0.347207;2.331247
8141.81;4426;4439;3.000000;0.929376;0.000846;3.660895;2.676993;5.322578;4.333031;5.759785;2.805646;5.109015;0.331528;1.655810
8143.61;4427;4440;3.000000;0.912453;0.000173;4.328259;2.632156;6.178274;4.182878;6.024856;2.765996;6.912503;0.328342;1.647742
8145.41;4428;4441;3.000000;0.929809;0.000607;4.223136;2.559635;6.142883;4.145003;6.170179;2.802055;6.488018;0.341928;1.572774
8147.21;4429;4442;4.000000;0.859494;0.000555;5.011049;2.668392;6.737753;3.994346;5.524643;2.711302;4.104547;0.336058;1.950818
8149.01;4430;4443;3.000000;0.937838;0.000507;4.737596;2.520494;6.950709;4.116864;5.938363;2.743242;5.912935;0.341330;1.680728
8150.81;4431;4444;3.000000;0.828010;0.000815;5.545406;2.799660;7.183104;4.037326;5.899905;2.695724;6.460393;0.329889;1.948304
8152.61;4432;4445;3.000000;0.848705;0.000522;5.910257;2.701523;7.847051;3.993177;6.327261;2.874811;6.840072;0.345980;1.929344
8154.41;4433;4446;3.000000;0.823668;0.000760;5.852258;2.799257;7.540827;4.015577;5.927415;2.895390;6.132307;0.352714;1.586354
8156.21;4434;4447;3.000000;0.845539;0.000173;5.673410;2.694361;7.504488;3.967732;6.378091;2.892772;7.655212;0.355666;2.474610
8158.01;4435;4448;3.000000;0.885685;0.000516;5.473515;2.604739;7.583832;4.017875;6.112877;2.757390;6.084878;0.341985;1.905616
8159.81;4436;4449;3.000000;0.838639;0.000173;5.746449;2.685869;7.539070;3.922950;6.203070;2.854775;6.633980;0.354861;1.381678
8161.61;4437;4450;3.000000;0.781654;0.000595;6.807442;2.834461;8.324184;3.858672;5.671889;2.759402;5.350028;0.338474;1.539417
8163.41;4438;4451;3.000000;0.856155;0.000501;6.339408;2.623799;8.490723;3.912336;6.293355;2.759731;6.964761;0.332198;2.615856
8165.21;4439;4452;3.000000;0.780580;0.000475;6.929192;2.851591;8.461421;3.876660;5.801332;2.710384;5.995007;0.339456;1.589435
8167.01;4440;4453;3.000000;0.778058;0.000735;6.781399;2.880174;8.254196;3.902869;6.015146;2.723937;6.615487;0.338194;1.081956
8168.81;4441;4454;3.000000;0.772383;0.000750;7.400210;2.808662;8.941705;3.778204;6.204197;2.692881;6.533730;0.336704;2.909077
8170.61;4442;4455;3.000000;0.765476;0.000173;7.657818;2.899521;9.170220;3.865544;6.370065;2.772937;7.922579;0.341280;1.951705
8172.41;4443;4456;3.000000;0.760948;0.000173;7.544471;2.903213;8.981052;3.847575;6.035046;2.732321;6.572963;0.334341;1.807612
8174.21;4444;4457;3.000000;0.815579;0.000464;6.995926;2.715289;8.925955;3.856872;6.313549;2.733142;7.994308;0.349763;1.375852
8176.01;4445;4458;3.000000;0.768538;0.000173;7.530271;2.859833;9.053554;3.827884;6.300372;2.605170;7.132083;0.340194;2.157623
8177.81;4446;4459;4.000000;0.838812;0.000515;6.899356;2.676752;9.053499;3.910441;6.209824;2.820547;7.071817;0.343839;1.837435
8179.61;4447;4460;4.000000;0.800274;0.000440;7.150288;2.776536;8.951703;3.869859;6.498268;2.883483;7.667409;0.344060;1.169959
8181.41;4448;4461;4.000000;0.796681;0.000173;6.898784;2.744407;8.598052;3.807902;6.534893;2.929517;7.496330;0.345883;2.014079
8183.21;4449;4462;4.000000;0.824594;0.000624;6.846901;2.694813;8.832371;3.870095;6.686801;2.887825;8.020499;0.362727;2.367614
8185.01;4450;4463;7.000000;0.682168;0.000555;2.861415;3.375134;3.053622;4.009915;5.902216;3.293866;4.581088;0.549997;1.355648
8186.81;4451;4464;7.000000;0.783943;0.000544;2.490243;2.937280;3.054003;4.010354;5.889818;3.217092;5.619134;0.551404;1.176827
8188.61;4452;4465;7.000000;0.810569;0.000637;2.249791;2.755072;2.852828;3.889341;5.395662;3.263456;46.799231;0.508106;0.200737
8190.41;4453;4466;7.000000;0.772938;0.000497;2.070903;1.939818;2.504077;2.611312;5.366928;3.744005;48.157547;0.339212;0.200737
8192.21;4454;4467;4.000000;1.095960;0.000173;3.957914;2.321971;6.785854;4.432050;6.054865;2.625062;6.226527;0.312000;1.852255
8194.01;4455;4468;4.000000;1.225769;0.000583;3.727454;2.010600;7.147666;4.292273;6.720491;2.782921;8.694129;0.322284;2.471355
8195.81;4456;4469;4.000000;1.230720;0.000689;3.430083;2.091676;6.604005;4.483394;6.138241;2.661364;6.018008;0.306700;2.680014
8197.61;4457;4470;4.000000;1.274331;0.000173;3.479729;2.070776;6.936991;4.595880;6.447582;2.727620;6.737182;0.313329;2.683598
8199.41;4458;4471;4.000000;1.295860;0.000509;3.625795;2.001732;7.350294;4.517697;6.604080;2.739454;8.233648;0.337276;2.384207
8201.21;4459;4472;4.000000;1.394157;0.000533;2.983196;2.061800;6.506339;5.006235;5.950875;2.789572;4.804815;0.337874;2.445589
8203.01;4460;4473;4.000000;1.364647;0.000536;3.081033;2.088029;6.577488;4.962608;5.966517;2.717686;4.553476;0.333495;2.384143
8204.81;4461;4474;4.000000;1.323352;0.000495;3.175070;2.113235;6.573125;4.870529;6.261487;2.757116;6.860152;0.338137;2.882589
8206.61;4462;4475;4.000000;1.371999;0.000173;2.372051;2.657784;5.091214;6.350774;6.606594;2.407492;1.237989;0.468506;2.559954
8208.41;4463;4476;6.000000;1.275073;0.000173;2.540196;2.817162;5.066939;6.256047;6.192641;2.340039;0.000100;0.449630;2.454180
8210.21;4464;4477;6.000000;1.303261;0.000799;2.313368;2.858972;4.716498;6.489250;6.550196;2.290075;0.000100;0.474353;2.768054
8212.01;4465;4478;6.000000;1.302278;0.000173;2.268752;2.795884;4.622041;6.341262;6.721707;2.268753;0.000100;0.473500;2.527426
8213.81;4466;4479;6.000000;1.299829;0.000321;2.325076;2.798020;4.727798;6.334140;6.533211;2.322759;0.000100;0.476053;2.909541
8215.61;4467;4480;6.000000;1.059844;0.000173;2.660326;3.494192;4.410829;6.449736;6.550205;2.569687;0.000100;0.671054;3.110731
8217.41;4468;4481;6.000000;0.684343;0.000173;6.556323;6.570896;7.019041;7.831623;5.754703;0.912875;0.000100;1.086915;3.049519
8219.21;4469;4482;3.000000;1.147644;0.000661;1.079614;2.531900;1.938291;5.060655;7.065299;3.631367;4.042349;0.396413;1.973262
8221.01;4470;4483;3.000000;1.174683;0.000818;1.050962;2.512856;1.931306;5.140926;7.290813;3.691252;4.992665;0.400368;2.812855
8222.81;4471;4484;3.000000;1.151383;0.000575;1.096130;2.550122;1.974355;5.113684;6.866791;3.661687;3.573854;0.394879;1.807873
8224.61;4472;4485;3.000000;1.188945;0.000173;1.056438;2.489449;1.964939;5.154873;7.320858;3.705831;4.154036;0.408397;2.308723
8226.41;4473;4486;3.000000;1.000380;0.000449;1.325460;2.962953;2.074317;5.162296;6.849006;3.398754;2.980418;0.418419;2.206032
8228.21;4474;4487;3.000000;0.930606;0.000464;1.449373;3.189881;2.110034;5.170036;6.694602;3.403934;3.957580;0.412484;2.389509
8230.01;4475;4488;4.000000;0.517655;0.000173;14.702811;4.330890;11.906489;3.904543;4.769682;1.771684;3.813358;0.282767;2.147207
8231.81;4476;4489;4.000000;0.478253;0.000173;16.572042;4.632831;12.398737;3.858847;5.092806;1.835223;2.798996;0.284620;2.102503
8233.61;4477;4490;4.000000;0.486527;0.000472;16.130046;4.653517;12.276831;3.943136;4.874019;1.773136;4.614109;0.284276;3.246770
8235.41;4478;4491;4.000000;0.483869;0.000517;16.022336;4.699596;12.128228;3.960425;5.003679;1.790317;3.387114;0.284467;2.719560
8237.21;4479;4492;5.000000;0.491924;0.000173;16.018589;4.581563;12.327236;3.925227;5.217896;1.799114;4.287536;0.293502;2.806741
8239.01;4480;4493;5.000000;0.466275;0.000173;17.838209;4.797278;13.011778;3.895740;4.961545;1.698306;3.914882;0.273132;1.664854
8240.81;4481;4494;5.000000;0.469011;0.000173;17.919674;4.665652;13.147914;3.811086;4.786940;1.685384;3.485833;0.271441;1.931471
8242.61;4482;4495;5.000000;0.467457;0.000173;17.793116;4.777356;13.011787;3.889397;4.871881;1.727181;4.352157;0.274308;1.669122
8244.41;4483;4496;5.000000;0.519722;0.000173;15.547756;4.547704;12.641022;4.116389;4.624232;1.684075;3.342240;0.265872;1.476419
8246.21;4484;4497;5.000000;0.524278;0.000587;15.036067;4.507649;12.332170;4.115902;4.947508;1.609907;3.358073;0.263420;1.859344
8248.01;4485;4498;5.000000;0.515852;0.000173;12.680421;5.089479;10.232983;4.572477;4.982655;1.820344;1.747129;0.299318;1.506715
8249.81;4486;4499;5.000000;0.524489;0.000173;8.780378;5.572703;7.204322;5.090442;5.627400;2.256102;3.282054;0.333306;2.148305
8251.61;4487;4500;5.000000;0.487114;0.000521;7.772076;6.268830;5.922584;5.318271;5.913501;2.477013;3.229771;0.341659;2.747717
8253.41;4488;4501;5.000000;0.595689;0.000173;3.241083;4.666840;3.020323;4.841676;6.317036;2.717101;3.385353;0.299403;1.706026
8255.21;4489;4502;5.000000;0.557635;0.000173;3.325846;4.950382;2.901317;4.807746;6.236151;2.703456;4.459868;0.298498;1.672439
8257.01;4490;4503;6.000000;0.620865;0.000173;4.007987;4.489138;3.892843;4.854151;5.901086;2.518123;2.626064;0.306191;1.498591
8258.81;4491;4504;6.000000;0.701919;0.000656;3.608691;3.923969;3.962598;4.796954;6.180015;2.527189;2.921641;0.311263;2.139182
8260.61;4492;4505;6.000000;0.670653;0.000568;3.629939;4.133180;3.808382;4.827643;5.868418;2.556169;2.448522;0.302584;2.510777
8262.41;4493;4506;6.000000;0.659125;0.000610;3.454186;4.126557;3.561693;4.737054;5.797395;2.519953;2.055318;0.297321;2.395840
8264.21;4494;4507;5.000000;0.586334;0.000173;4.931597;5.210298;4.523517;5.320604;6.299637;2.699969;2.701539;0.334332;1.804032
8266.01;4495;4508;5.000000;0.572616;0.000552;5.044827;5.301140;4.519109;5.286710;6.139704;2.709233;2.837720;0.342566;2.419291
8267.81;4496;4509;5.000000;0.590104;0.000545;4.903136;5.165035;4.526323;5.308289;6.021612;2.651233;2.704548;0.335974;2.831744
8269.61;4497;4510;5.000000;0.550572;0.000521;5.213852;5.614555;4.490722;5.383720;6.351341;2.706362;2.410728;0.336607;2.223346
8271.41;4498;4511;5.000000;0.565001;0.000173;5.069266;5.354980;4.480613;5.269386;6.328607;2.685578;3.056020;0.344354;1.380363
8273.21;4499;4512;5.000000;0.724534;0.000173;3.363391;4.764287;3.812232;6.011870;6.317666;2.473203;2.102977;0.365929;2.404087
8275.01;4500;4513;5.000000;0.833954;0.000451;2.827762;4.210128;3.689167;6.114916;6.279563;2.522814;2.454722;0.366628;2.483020
8276.81;4501;4514;5.000000;0.796310;0.000173;3.012168;4.407717;3.752362;6.112923;6.394031;2.484980;3.647156;0.361242;2.695726
8278.61;4502;4515;5.000000;0.689283;0.000173;3.434146;5.038255;3.703052;6.048267;6.447601;2.525107;2.723661;0.355528;2.621023
8280.41;4503;4516;5.000000;0.662094;0.000427;3.940607;5.307101;4.081558;6.119697;6.325823;2.453096;2.257469;0.356557;3.101112
8282.21;4504;4517;5.000000;0.652969;0.000486;4.038026;5.513537;4.124820;6.270121;6.449915;2.412477;2.607255;0.378870;3.313992
8284.01;4505;4518;5.000000;0.564967;0.000468;4.862981;6.062275;4.298029;5.965022;6.011946;2.331251;0.000100;0.366661;2.377348
8285.81;4506;4519;5.000000;0.537237;0.000173;5.399588;6.350576;4.538053;5.941988;6.701991;2.432692;2.454557;0.378472;2.419085
8287.61;4507;4520;5.000000;0.552134;0.000173;5.252644;6.339933;4.536969;6.096523;6.312732;2.381260;2.481059;0.386318;2.561110
8289.41;4508;4521;5.000000;0.584806;0.000610;4.790729;5.893547;4.382849;6.002627;6.445334;2.358677;1.677202;0.379027;2.671730
8291.21;4509;4522;5.000000;0.547334;0.000536;6.798614;5.644798;5.821252;5.380890;6.297868;2.388561;3.734826;0.370855;1.430048
8293.01;4510;4523;5.000000;0.554282;0.000173;6.758776;5.578082;5.860604;5.384791;6.369882;2.490998;2.218197;0.361314;2.524237
8294.81;4511;4524;5.000000;0.547254;0.000489;6.555231;5.699028;5.612034;5.431788;6.012877;2.392908;1.903790;0.369503;2.226184
8296.61;4512;4525;5.000000;0.541493;0.000458;6.954020;5.734928;5.890772;5.408464;5.984599;2.428296;2.637258;0.354205;2.577148
8298.41;4513;4526;5.000000;0.549904;0.000173;4.340383;6.128970;3.733734;5.869924;6.477391;2.698093;2.497462;0.381080;2.208501
8300.21;4514;4527;5.000000;0.533896;0.000631;4.285251;6.351785;3.579123;5.906168;6.634441;2.702711;2.471093;0.378772;2.602806
8302.01;4515;4528;5.000000;0.543048;0.000173;4.457745;6.226155;3.787014;5.888589;6.778058;2.728843;2.790319;0.389697;2.107127
8303.81;4516;4529;5.000000;0.545243;0.000173;4.374101;6.213917;3.730973;5.900766;6.837235;2.650568;3.212408;0.379320;2.432401
8305.61;4517;4530;5.000000;0.576272;0.000173;4.534133;5.868039;4.087566;5.889429;5.626886;2.425215;0.000100;0.373991;1.615256
8307.41;4518;4531;5.000000;0.602251;0.000173;4.586305;5.607147;4.320995;5.881289;6.288788;2.508267;1.906066;0.390710;2.092072
8309.21;4519;4532;5.000000;0.593452;0.000643;4.431347;5.680044;4.114003;5.870704;6.719862;2.540449;2.633759;0.389084;2.460455
8311.01;4520;4533;5.000000;0.582907;0.000173;3.821557;5.970830;3.484840;6.061594;6.514006;2.595040;1.044052;0.388981;2.202258
8312.81;4521;4534;5.000000;0.570143;0.000173;3.796180;6.191151;3.385900;6.147641;6.642237;2.631929;1.932541;0.392866;2.944638
8314.61;4522;4535;5.000000;0.569320;0.000173;2.999518;6.303512;2.671478;6.250177;6.345583;2.688486;0.000100;0.391985;1.974346
8316.41;4523;4536;5.000000;0.568834;0.000415;3.189218;6.283125;2.838006;6.224643;6.674536;2.711651;1.126907;0.396150;2.177143
8318.21;4524;4537;5.000000;0.522228;0.000173;3.393893;6.781141;2.772693;6.167600;6.667594;2.675619;0.000100;0.391783;1.723837
8320.01;4525;4538;5.000000;0.516884;0.000631;3.560444;6.823943;2.878994;6.143017;6.650687;2.730047;0.000100;0.402367;2.797885
8321.81;4526;4539;5.000000;0.553653;0.000173;3.210687;6.437834;2.780860;6.207699;6.570543;2.751311;1.456006;0.397052;2.508798
8323.61;4527;4540;5.000000;0.562486;0.000406;3.264010;6.356175;2.872145;6.226735;6.951209;2.702541;2.354677;0.399087;2.149061
8325.41;4528;4541;5.000000;0.536615;0.000424;3.959119;6.508159;3.323569;6.082385;7.259247;2.746369;2.777200;0.400670;2.889534
8327.21;4529;4542;5.000000;0.546894;0.000173;3.865677;6.382797;3.307288;6.079489;7.187460;2.780708;1.556471;0.406542;3.105311
8329.01;4530;4543;5.000000;0.537861;0.000710;3.933462;6.465687;3.309696;6.056721;7.347877;2.811979;2.923603;0.415577;3.438845
8330.81;4531;4544;5.000000;0.509656;0.000571;4.367637;6.739133;3.482307;5.981832;4.841242;2.701442;0.000100;0.387875;1.461949
8332.61;4532;4545;5.000000;0.532707;0.000439;4.233274;6.437237;3.527832;5.972288;6.573026;2.734860;0.000100;0.394538;2.216035
8334.41;4533;4546;5.000000;0.527268;0.000173;4.797336;6.413917;3.957079;5.889897;6.403303;2.679939;1.465939;0.375420;2.965281
8336.21;4534;4547;5.000000;0.542902;0.000173;5.076502;6.022009;4.311511;5.693981;6.520892;2.693901;2.003215;0.371750;2.331673
8338.01;4535;4548;5.000000;0.520681;0.000463;6.197278;6.125045;5.047961;5.554360;5.927471;2.407980;1.549031;0.369547;2.762626
8339.81;4536;4549;5.000000;0.497517;0.000565;4.092114;7.049938;3.184924;6.108666;6.459562;2.792857;0.000100;0.399902;1.790202
8341.61;4537;4550;5.000000;0.558473;0.000472;5.895834;5.732587;5.150995;5.575788;6.296832;2.507385;1.735562;0.383301;1.729541
8343.41;4538;4551;5.000000;0.546274;0.000422;5.871729;5.819777;5.017874;5.536939;5.966495;2.523758;0.000100;0.385121;2.444581
8345.21;4539;4552;5.000000;0.552446;0.000173;6.776056;5.862517;5.856120;5.640619;6.132017;2.279658;0.000100;0.362377;2.461390
8347.01;4540;4553;5.000000;0.534526;0.000701;6.874864;6.016035;5.748783;5.600565;4.824214;2.274719;0.000100;0.352878;2.014701
8348.81;4541;4554;5.000000;0.535394;0.000173;7.069646;6.051937;5.921264;5.643141;6.326403;2.361379;0.000100;0.381422;2.398898
8350.61;4542;4555;5.000000;0.596590;0.000479;6.143565;5.502577;5.733761;5.717352;6.533434;2.438467;2.449925;0.381477;3.430036
8352.41;4543;4556;5.000000;0.558164;0.000173;6.475077;5.929064;5.653925;5.763694;5.797659;2.328180;0.000100;0.379032;1.631915
8354.21;4544;4557;5.000000;0.568966;0.000565;6.408542;5.779289;5.704122;5.726822;6.152611;2.392073;0.000100;0.388381;1.585085
8356.01;4545;4558;5.000000;0.646836;0.000173;6.306380;4.894001;6.381422;5.513293;5.434538;2.259249;0.000100;0.351480;1.542877
8357.81;4546;4559;5.000000;0.625883;0.000472;6.548264;5.018567;6.411545;5.470487;5.643166;2.267356;0.000100;0.350915;2.156589
8359.61;4547;4560;5.000000;0.582228;0.000173;6.347800;6.305436;5.781756;6.393834;5.264156;1.896547;0.000100;0.673950;1.874825
8361.41;4548;4561;5.000000;0.611492;0.000594;5.626811;7.776659;5.382654;8.282032;5.644738;1.511298;0.000100;1.209716;2.754994
8363.21;4549;4562;5.000000;0.595758;0.000173;5.764862;7.973443;5.372820;8.273112;6.284031;1.548471;0.000100;1.205906;3.137150
8365.01;4550;4563;5.000000;0.577153;0.000173;6.384070;5.610513;5.764104;5.639576;6.091504;2.380978;1.180613;0.373617;1.504097
8366.81;4551;4564;5.000000;0.570737;0.000173;6.395275;5.970240;5.710035;5.934457;6.176963;2.283028;0.000100;0.449496;2.840391
8368.61;4552;4565;5.000000;0.580591;0.000459;6.361777;5.935017;5.778195;6.001301;6.160857;2.260371;0.000100;0.494036;1.819825
8370.41;4553;4566;5.000000;0.596647;0.000173;6.409284;5.522931;5.982334;5.739056;6.319904;2.371406;1.916993;0.374032;2.990776
8372.21;4554;4567;5.000000;0.579823;0.000173;5.542858;5.726771;5.027734;5.783066;6.549194;2.388991;0.000100;0.402756;2.618041
8374.01;4555;4568;5.000000;0.612612;0.000444;5.253159;5.493559;5.034418;5.861277;6.502664;2.364412;2.389723;0.404647;1.805064
8375.81;4556;4569;5.000000;0.590981;0.000173;5.485598;5.756127;5.071550;5.924569;6.560652;2.393110;0.000100;0.460973;2.586153
8377.61;4557;4570;5.000000;0.593653;0.000427;5.214332;5.748492;4.842557;5.943465;6.612552;2.391451;1.344210;0.471326;2.737739
8379.41;4558;4571;5.000000;0.608769;0.000426;4.664073;5.822182;4.441823;6.172930;5.780610;2.212091;0.000100;0.495602;2.494548
8381.21;4559;4572;5.000000;0.613928;0.000173;4.237964;5.586452;4.070220;5.973190;5.862498;2.416811;0.000100;0.399131;2.231447
8383.01;4560;4573;5.000000;0.668340;0.000740;3.599992;4.908024;3.763936;5.712905;5.855651;2.530700;2.309417;0.352160;2.347827
8384.81;4561;4574;5.000000;0.634940;0.000521;3.788272;5.101318;3.762852;5.641156;5.994636;2.538383;3.304990;0.337552;2.450566
8386.61;4562;4575;5.000000;0.568286;0.000173;5.541094;7.189574;4.926129;7.115789;6.259050;1.943270;0.000100;0.818658;3.413300
8388.41;4563;4576;5.000000;0.609286;0.000173;5.422199;7.634578;5.168208;8.101384;6.077029;1.625541;0.000100;1.169166;3.419255
8390.21;4564;4577;5.000000;0.580314;0.000173;5.643533;7.927854;5.123393;8.012573;6.027771;1.628509;0.000100;1.149625;3.645251
8392.01;4565;4578;5.000000;0.611737;0.000173;5.170810;6.593054;4.948417;7.024316;6.390752;1.962102;0.000100;0.849302;3.089358
8393.81;4566;4579;5.000000;0.602734;0.000733;4.529212;5.083038;4.270626;5.335830;6.536995;2.711689;3.149011;0.380628;3.123040
8395.61;4567;4580;5.000000;0.621685;0.000565;4.265012;4.968750;4.147956;5.379858;6.538131;2.743388;3.563336;0.374003;2.045662
8397.41;4568;4581;5.000000;0.627006;0.000173;4.211593;4.935261;4.131060;5.389332;6.679528;2.718149;3.474542;0.389114;2.325165
8399.21;4569;4582;5.000000;0.583850;0.000489;4.756466;5.030372;4.344391;5.115102;6.624994;2.749594;4.970043;0.357842;2.209955
8401.01;4570;4583;5.000000;0.617686;0.000173;4.301378;4.831893;4.156415;5.198024;6.700343;2.763162;4.430097;0.355588;2.396207
8402.81;4571;4584;5.000000;0.610897;0.000173;4.367684;5.036645;4.174100;5.358740;6.952541;2.756903;5.178743;0.388383;2.523499
8404.61;4572;4585;5.000000;0.497910;0.000499;6.289389;6.175074;4.898949;5.354838;5.708993;2.474035;0.000100;0.352967;1.624221
8406.41;4573;4586;5.000000;0.531934;0.000173;6.011822;5.829559;5.002730;5.400654;5.773569;2.440917;3.125804;0.350980;2.307495
8408.21;4574;4587;5.000000;0.524354;0.000420;5.758244;5.888044;4.723435;5.377106;6.249527;2.521495;3.256980;0.352995;1.921519
8410.01;4575;4588;5.000000;0.528608;0.000173;5.694804;5.867904;4.709298;5.402192;6.067055;2.519884;3.220848;0.365155;2.344979
8411.81;4576;4589;5.000000;0.619903;0.000173;4.693158;4.894972;4.551263;5.284778;5.900287;2.579214;2.330758;0.364057;2.262431
8413.61;4577;4590;5.000000;0.624761;0.000173;4.718107;4.775251;4.611316;5.195926;6.178736;2.641753;4.195757;0.353924;2.245198
8415.41;4578;4591;5.000000;0.546388;0.000173;6.383188;7.801398;5.456093;7.423799;6.113530;1.319206;0.000100;1.038473;3.431527
8417.21;4579;4592;5.000000;0.554671;0.000679;6.053559;7.715991;5.252781;7.453838;6.421413;1.487997;0.000100;0.929873;3.698291
8419.01;4580;4593;6.000000;0.632590;0.000424;4.139223;4.693763;4.096233;5.171264;6.597334;2.729093;4.246890;0.344823;2.885582
8420.81;4581;4594;6.000000;0.957557;0.001509;1.287763;2.128000;1.929051;3.548863;5.079363;2.947421;54.880556;0.258044;0.200737
8422.61;4582;4595;7.000000;1.051195;0.001344;0.893444;1.926371;1.469244;3.526762;4.958921;2.995252;60.863550;0.244658;0.200737
8424.41;4583;4596;7.000000;1.083601;0.001305;0.880802;1.858442;1.493107;3.507288;4.929068;2.973967;68.604688;0.240768;0.200737
8426.21;4584;4597;6.000000;1.060740;0.001435;0.934857;1.868367;1.551306;3.451629;5.176456;2.954783;57.111581;0.241070;0.200737
8428.01;4585;4598;6.000000;0.507001;0.000173;5.888393;6.633713;4.670340;5.857578;5.403661;2.297259;0.000100;0.479743;1.870097
8429.81;4586;4599;6.000000;0.525374;0.000576;5.926929;6.365821;4.871260;5.824729;5.954802;2.368200;0.000100;0.487036;2.267234
8431.61;4587;4600;6.000000;0.551989;0.000173;5.765464;5.965762;4.978609;5.735211;6.184432;2.383352;0.000100;0.497826;2.924095
8433.41;4588;4601;6.000000;0.532290;0.000445;5.862405;6.059459;4.881657;5.617396;6.459361;2.371326;1.893789;0.454293;2.401958
8435.21;4589;4602;6.000000;0.542203;0.000527;5.838431;5.965772;4.952233;5.633539;6.110164;2.425634;1.709968;0.463329;2.078215
8437.01;4590;4603;6.000000;1.132480;0.001619;0.838004;1.715142;1.484637;3.382857;4.878561;2.953531;70.058225;0.251471;0.200737
8438.81;4591;4604;7.000000;1.006902;0.001592;1.094060;1.983292;1.723342;3.477978;5.024920;2.882790;60.596131;0.249735;0.741368
8440.61;4592;4605;7.000000;1.137426;0.001584;0.966427;1.784769;1.719633;3.535561;5.082186;2.942508;64.061475;0.272827;1.108150
8442.41;4593;4606;7.000000;1.105280;0.001504;0.925368;1.831210;1.600037;3.525035;4.777359;2.914202;67.089356;0.256644;0.200737
8444.21;4594;4607;6.000000;0.548741;0.000173;5.394491;5.454587;4.630859;5.212940;6.367720;2.430218;4.320229;0.376902;2.618359
8446.01;4595;4608;5.000000;0.544640;0.000173;5.378436;5.551270;4.582564;5.265682;6.407075;2.517880;3.597819;0.386826;2.811831
8447.81;4596;4609;5.000000;0.547007;0.000523;5.350610;5.508477;4.578668;5.247798;6.284430;2.474059;4.362871;0.381090;3.289849
8449.61;4597;4610;5.000000;0.553744;0.000469;5.296161;5.470669;4.587900;5.275977;6.469750;2.493275;4.425750;0.385343;2.438828
8451.41;4598;4611;5.000000;0.556505;0.000479;5.258827;5.418678;4.578267;5.251886;6.317831;2.460194;4.732398;0.379584;1.825191
8453.21;4599;4612;5.000000;0.465273;0.000458;4.804079;6.276994;3.496725;5.086427;5.968275;3.011818;2.441340;0.328598;1.793094
8455.01;4600;4613;5.000000;0.405893;0.000581;5.236110;7.053673;3.324785;4.986316;4.717212;2.892751;0.000100;0.350901;1.343323
8456.81;4601;4614;5.000000;0.442763;0.000173;6.021744;6.450388;4.170964;4.974045;6.020431;2.893231;1.072414;0.348153;1.764376
8458.61;4602;4615;5.000000;0.471621;0.000173;5.095457;6.281569;3.759409;5.159580;6.223529;2.822343;0.000100;0.352335;2.360893
8460.41;4603;4616;5.000000;0.507766;0.000173;5.771706;5.931857;4.584707;5.245751;5.717426;2.568451;2.219446;0.376302;1.839379
8462.21;4604;4617;5.000000;0.481773;0.000173;4.946919;6.459952;3.728384;5.420320;5.717636;2.650335;0.000100;0.355779;1.501775
8464.01;4605;4618;5.000000;0.464412;0.000593;5.079432;6.716876;3.690302;5.432800;6.076651;2.694236;0.000100;0.356596;2.086581
8465.81;4606;4619;5.000000;0.498652;0.000173;4.762497;6.321235;3.715142;5.489748;6.230753;2.807148;2.348105;0.361419;2.302181
8467.61;4607;4620;5.000000;0.539707;0.000526;5.501202;5.567039;4.644717;5.232818;6.130602;2.554084;3.262541;0.388272;2.748873
8469.41;4608;4621;5.000000;0.498944;0.000599;4.852095;6.347494;3.787256;5.515785;6.422317;2.766905;2.928377;0.356174;2.804453
8471.21;4609;4622;5.000000;0.534253;0.000173;4.616578;5.929619;3.858428;5.517301;6.564487;2.770693;3.069284;0.360399;2.107376
8473.01;4610;4623;5.000000;0.476537;0.000410;5.181558;6.649378;3.862785;5.518625;6.741820;2.818263;2.651696;0.361850;2.160814
8474.81;4611;4624;5.000000;0.442663;0.000660;6.807290;7.077346;4.714011;5.456277;6.355128;2.654639;1.894993;0.378282;2.577585
8476.61;4612;4625;5.000000;0.470593;0.000437;6.357754;6.671814;4.680502;5.468175;6.402419;2.679376;2.916706;0.373769;1.948308
8478.41;4613;4626;5.000000;0.428109;0.000173;7.002750;7.212535;4.689933;5.377688;5.525321;2.651764;0.000100;0.367373;2.208304
8480.21;4614;4627;5.000000;0.410308;0.000442;7.132073;7.543089;4.577924;5.390285;5.839313;2.618266;1.334937;0.372418;2.854047
8482.01;4615;4628;6.000000;0.473790;0.000173;9.924275;6.009159;7.355770;4.958528;5.232050;2.398083;0.000100;0.350810;2.197488
8483.81;4616;4629;6.000000;0.427298;0.000173;10.260163;6.873319;6.858481;5.115050;5.081112;2.315500;0.000100;0.342347;2.009944
8485.61;4617;4630;6.000000;0.429346;0.000173;9.061225;6.953108;6.086085;5.199239;5.568420;2.479381;0.000100;0.358635;1.835431
8487.41;4618;4631;6.000000;0.460100;0.000529;7.662558;6.498035;5.515306;5.207000;5.649356;2.563579;1.911998;0.361000;1.478901
8489.21;4619;4632;6.000000;0.530897;0.000173;7.839329;5.386051;6.510772;4.980051;5.703830;2.462354;2.341899;0.365986;1.558781
8491.01;4620;4633;6.000000;0.489037;0.000173;9.314333;5.751647;7.125859;4.898773;5.798254;2.353590;2.706333;0.350068;1.772304
8492.81;4621;4634;6.000000;0.577980;0.000173;8.955665;4.707943;8.097557;4.739113;5.616782;2.204246;3.666129;0.327646;2.649228
8494.61;4622;4635;6.000000;0.569092;0.000488;9.956611;4.566119;8.864162;4.525672;5.280923;2.121065;3.141461;0.316554;2.178398
8496.41;4623;4636;5.000000;0.566527;0.000173;10.050874;4.584290;8.907750;4.523202;5.730590;2.159449;4.121913;0.319456;3.287246
8498.21;4624;4637;5.000000;0.594532;0.000526;9.024255;4.052629;8.393245;4.196286;5.332617;2.266214;4.732644;0.289390;1.653997
8500.01;4625;4638;5.000000;0.558813;0.000609;7.877046;5.238929;6.886094;5.098727;6.033066;2.393127;4.135688;0.350158;2.790096
8501.81;4626;4639;5.000000;0.524693;0.000173;8.293454;5.547377;6.807438;5.069273;6.081928;2.419977;3.990367;0.342629;2.452044
8503.61;4627;4640;5.000000;0.509856;0.000173;8.371100;5.719495;6.676875;5.078765;5.895572;2.383061;3.989677;0.349172;2.805021
8505.41;4628;4641;5.000000;0.591487;0.000173;9.184578;4.053332;8.498605;4.175517;5.407825;2.298336;4.830297;0.288402;2.174997
8507.21;4629;4642;6.000000;0.529534;0.000173;18.219006;4.052253;15.092533;3.737178;4.874643;1.425716;4.196283;0.233718;2.254930
8509.01;4630;4643;6.000000;0.503740;0.000173;18.769396;4.296828;14.791081;3.769704;4.950494;1.440054;4.679562;0.244070;2.091214
8510.81;4631;4644;6.000000;0.524354;0.000173;19.289540;4.132763;15.823042;3.774143;4.579434;1.278718;2.944858;0.238293;2.552515
8512.61;4632;4645;6.000000;0.500975;0.000518;19.785948;4.299091;15.506583;3.750987;4.569986;1.336257;3.596037;0.241817;2.337023
8514.41;4633;4646;6.000000;0.571708;0.000173;7.137626;7.588887;6.383685;7.556235;5.819336;1.780287;0.000100;0.991658;1.721483
8516.21;4634;4647;5.000000;0.602227;0.000173;6.975103;7.362033;6.571340;7.721661;6.607673;1.812690;0.000100;1.009039;2.869565
8518.01;4635;4648;5.000000;0.633869;0.000173;6.762515;6.995863;6.705811;7.723143;6.403118;1.727524;0.000100;1.010881;2.817074
8519.81;4636;4649;5.000000;0.556014;0.000173;6.035760;9.030826;5.250019;8.745127;6.302482;1.549183;0.000100;1.386564;4.337284
8521.61;4637;4650;5.000000;0.548114;0.000173;6.189591;9.199384;5.307327;8.781777;6.310988;1.523891;0.000100;1.428679;3.547933
8523.41;4638;4651;5.000000;0.590334;0.000173;5.879941;8.498362;5.430175;8.737472;6.292132;1.613288;0.000100;1.347134;2.323427
8525.21;4639;4652;5.000000;0.454396;0.000173;15.063171;5.962856;10.707655;4.718913;5.066349;1.730985;0.000100;0.491717;2.220866
8527.01;4640;4653;5.000000;0.449522;0.000173;17.501156;5.031004;12.307251;3.938752;5.291311;1.754961;4.090993;0.335437;2.125318
8528.81;4641;4654;6.000000;0.478352;0.000173;12.778647;4.973049;9.562595;4.143080;4.966641;2.160504;1.375002;0.336699;2.496699
8530.61;4642;4655;6.000000;0.493440;0.000173;12.227029;4.772650;9.438413;4.101543;4.958112;2.298813;3.400266;0.330465;1.837573
8532.41;4643;4656;6.000000;0.544917;0.000173;10.334102;4.453533;8.809406;4.226572;5.446499;2.372640;3.919480;0.343980;1.285395
8534.21;4644;4657;6.000000;0.587329;0.000173;8.661522;4.163741;7.958271;4.259100;5.758871;2.561106;5.012170;0.342171;2.422385
8536.01;4645;4658;5.000000;0.619781;0.000673;7.295239;4.090618;7.073284;4.415504;5.915223;2.663588;4.599820;0.356052;2.267990
8537.81;4646;4659;5.000000;0.662153;0.000173;6.149761;3.871672;6.370297;4.464879;6.137496;2.773441;4.218589;0.360147;2.166060
8539.61;4647;4660;5.000000;0.760911;0.000173;4.686595;3.544468;5.578718;4.697186;7.119198;2.976020;7.568523;0.379976;3.026463
8541.41;4648;4661;5.000000;0.801128;0.000514;3.503370;3.421724;4.390674;4.774190;7.247975;3.114281;5.903623;0.391965;2.160085
8543.21;4649;4662;5.000000;0.846867;0.000748;2.878613;3.323032;3.813657;4.901202;7.009523;3.261508;5.191908;0.410724;1.458162
8545.01;4650;4663;5.000000;0.818774;0.000661;2.489255;3.493162;3.188427;4.981218;7.274048;3.333225;5.879250;0.427402;2.610997
8546.81;4651;4664;4.000000;0.916187;0.000173;1.724336;3.199870;2.471435;5.105865;7.414702;3.498246;5.953823;0.423049;1.838551
8548.61;4652;4665;4.000000;0.901937;0.000518;1.519222;3.275789;2.143586;5.145709;7.223499;3.481718;4.622861;0.450557;1.578047
8550.41;4653;4666;4.000000;0.863325;0.000615;2.201115;3.532590;2.972763;5.311541;7.438538;3.369409;1.943124;0.525349;2.073872
8552.21;4654;4667;4.000000;0.740239;0.001003;4.564857;4.730383;5.286184;6.098473;6.933554;2.811752;0.000100;0.694835;1.789918
8554.01;4655;4668;5.000000;0.962982;0.000422;1.491487;3.066347;2.246886;5.142716;7.324814;3.470395;4.204289;0.467649;1.869825
8555.81;4656;4669;5.000000;0.906079;0.000635;1.418344;3.104221;2.010440;4.898599;7.698199;3.575319;6.414332;0.443303;2.957891
8557.61;4657;4670;4.000000;0.906855;0.000173;1.657068;3.160316;2.350833;4.991392;6.874494;3.478742;2.863799;0.426721;1.555681
8559.41;4658;4671;4.000000;0.791079;0.000173;2.080495;3.428554;2.574720;4.723718;6.218312;3.335662;0.000100;0.409660;0.880563
8561.21;4659;4672;4.000000;0.872899;0.000630;1.840766;3.152950;2.513658;4.793297;7.427191;3.539113;6.180166;0.435433;1.657633
8563.01;4660;4673;4.000000;0.901051;0.000468;2.061383;3.048691;2.905704;4.784270;7.558468;3.421003;7.053213;0.429892;3.237640
8564.81;4661;4674;4.000000;0.877802;0.000526;2.234052;3.078153;3.067844;4.705870;7.519762;3.403534;7.060477;0.416413;2.475260
8566.61;4662;4675;4.000000;0.885047;0.000704;2.673358;3.036228;3.701407;4.680085;8.008516;3.421890;9.402844;0.430079;1.917363
8568.41;4663;4676;4.000000;0.779750;0.000581;3.220714;3.402361;3.928716;4.620496;7.266219;3.214508;6.734373;0.396098;1.832021
8570.21;4664;4677;5.000000;0.780857;0.000173;3.387325;3.473851;4.137823;4.724283;6.046507;3.186544;1.804687;0.403807;1.537582
8572.01;4665;4678;5.000000;0.728127;0.000696;3.942311;3.661641;4.490568;4.643397;6.392315;3.147583;4.482960;0.404459;2.114679
8573.81;4666;4679;5.000000;0.814851;0.000173;3.670204;3.426388;4.678555;4.862592;6.559358;3.149503;3.845325;0.399118;0.994715
8575.61;4667;4680;5.000000;0.741706;0.000520;4.566887;3.838418;5.299015;4.958346;6.917758;3.069713;4.409975;0.445256;2.059300
8577.41;4668;4681;5.000000;1.444649;0.001255;1.444197;1.743200;3.259274;4.364880;5.835452;2.808674;26.703009;0.292575;1.771109
8579.21;4669;4682;5.000000;0.972212;0.000671;3.964258;2.989850;6.029289;5.062480;6.484494;2.818105;5.128540;0.480650;2.202204
8581.01;4670;4683;5.000000;0.715117;0.000173;5.375559;4.128668;6.013732;5.142095;6.807923;2.803440;2.486493;0.514992;2.098597
8582.81;4671;4684;5.000000;0.716778;0.000502;5.175035;4.064936;5.802851;5.074480;6.878277;2.863042;3.224474;0.459442;2.179857
8584.61;4672;4685;5.000000;0.723612;0.000467;6.188614;3.740186;7.005556;4.713593;6.560929;2.763196;5.624624;0.393245;2.248612
8586.41;4673;4686;5.000000;0.723529;0.000173;6.057794;3.623046;6.856682;4.565445;6.618204;2.761587;6.446993;0.372469;1.379956
8588.21;4674;4687;5.000000;0.691498;0.000173;7.297562;4.102142;7.894275;4.940318;5.988011;2.417092;2.140145;0.507351;2.409674
8590.01;4675;4688;5.000000;0.702392;0.000496;6.931720;4.105017;7.616645;5.021661;6.105818;2.549612;3.209202;0.544064;2.897544
8591.81;4676;4689;5.000000;0.684108;0.000173;7.010696;4.223930;7.502896;5.032620;5.575470;2.452083;0.000100;0.529646;0.720382
8593.61;4677;4690;5.000000;0.732089;0.000173;6.408461;4.052760;7.339405;5.167348;5.735413;2.415673;1.933456;0.543465;2.044379
8595.41;4678;4691;5.000000;0.706232;0.000173;8.141139;3.268635;8.994478;4.020378;5.627120;2.506562;6.307827;0.353804;1.259728
8597.21;4679;4692;5.000000;0.697286;0.000601;8.384398;3.252052;9.145900;3.949314;5.931584;2.576187;6.028868;0.330512;2.197708
8599.01;4680;4693;5.000000;0.715404;0.000173;7.763259;3.196295;8.688381;3.982459;5.820141;2.617985;5.479229;0.339441;2.029848
8600.81;4681;4694;5.000000;0.659519;0.000173;8.600140;3.393323;8.873121;3.897676;5.405745;2.552043;5.339503;0.324092;1.966498
8602.61;4682;4695;4.000000;0.825497;0.000714;5.843575;2.759088;7.546360;3.966744;5.948670;2.778623;5.448272;0.339018;1.734683
8604.41;4683;4696;4.000000;0.812671;0.000173;5.871415;2.770511;7.464505;3.921279;5.929691;2.789124;5.876966;0.331549;1.864505
8606.21;4684;4697;4.000000;0.823854;0.000727;5.523879;2.711305;7.119306;3.890287;5.882706;2.739246;6.464495;0.319236;2.136482
8608.01;4685;4698;4.000000;0.766661;0.000482;6.169518;2.878041;7.399420;3.842848;5.843662;2.771218;5.266597;0.327688;1.770406
8609.81;4686;4699;4.000000;0.804961;0.000173;5.413411;2.862512;6.816938;4.013057;5.925369;2.765735;6.212780;0.342340;1.277983
8611.61;4687;4700;4.000000;0.989908;0.000173;2.863599;2.758621;4.434557;4.755978;6.284366;2.764222;4.999899;0.435967;2.412419
8613.41;4688;4701;4.000000;0.977493;0.000539;2.420227;2.832137;3.700947;4.821484;6.264076;2.882829;5.654868;0.419024;2.603365
8615.21;4689;4702;4.000000;0.999767;0.000635;1.830076;2.808760;2.862275;4.890650;6.443584;2.959049;4.038540;0.379303;2.598116
8617.01;4690;4703;4.000000;0.974118;0.000409;1.836076;2.861162;2.797988;4.854084;6.373030;2.959081;3.966601;0.391254;1.817396
8618.81;4691;4704;4.000000;0.845099;0.000173;3.012560;3.348005;3.982785;4.927731;6.040763;2.650547;3.150716;0.444269;1.786001
8620.61;4692;4705;4.000000;0.871628;0.000580;2.832408;3.229965;3.862161;4.903227;6.498348;2.675409;4.496818;0.444902;2.605747
8622.41;4693;4706;4.000000;0.806594;0.000485;3.015725;3.494121;3.805309;4.908466;5.812967;2.599499;3.450465;0.434448;2.609457
8624.21;4694;4707;4.000000;0.844378;0.000173;2.952566;3.338330;3.900137;4.909296;6.341461;2.668266;4.343902;0.434363;2.230046
8626.01;4695;4708;4.000000;0.840060;0.000507;3.103270;3.366187;4.078246;4.924948;5.988782;2.522602;3.922854;0.421083;2.512523
8627.81;4696;4709;4.000000;0.615697;0.000435;5.743059;4.195951;5.531637;4.499357;5.608692;2.298176;4.948061;0.343671;2.420439
8629.61;4697;4710;4.000000;0.572681;0.000564;6.027964;4.393632;5.400414;4.382175;5.398600;2.263433;4.963204;0.338394;2.262184
8631.41;4698;4711;4.000000;0.824193;0.000456;3.093201;3.458275;3.988231;4.964110;6.103613;2.584453;3.616248;0.439025;3.035768
8633.21;4699;4712;4.000000;0.608814;0.000173;5.649058;4.214745;5.380273;4.468989;5.422015;2.323282;3.494988;0.343545;2.093524
8635.01;4700;4713;5.000000;0.356290;0.000439;14.343993;6.578500;7.994981;4.082103;4.956081;1.878581;5.752516;0.319750;1.806933
8636.81;4701;4714;5.000000;0.310054;0.000402;17.903846;7.553207;8.684141;4.078699;5.037917;1.798573;4.718950;0.307690;2.853919
8638.61;4702;4715;5.000000;0.316837;0.000173;18.257855;7.434055;9.049598;4.102182;5.138334;1.884209;5.428843;0.313836;2.368606
8640.41;4703;4716;5.000000;0.336042;0.000420;17.268217;6.956436;9.077888;4.071306;5.219263;1.792225;5.606305;0.317925;2.409784
8642.21;4704;4717;5.000000;0.381604;0.000173;16.518469;5.897930;9.861111;3.919813;5.155968;1.736516;5.236011;0.313487;2.178843
8644.01;4705;4718;5.000000;0.678760;0.000173;7.411009;4.201870;7.869317;4.967205;4.573456;1.916815;1.046213;0.317198;1.997376
8645.81;4706;4719;5.000000;0.596225;0.000675;8.424841;4.633771;7.858056;4.811690;4.374481;1.896387;1.933611;0.319603;1.985144
8647.61;4707;4720;5.000000;0.442741;0.000173;12.491266;6.137248;8.651652;4.732341;4.722219;1.836102;1.073705;0.352238;0.808505
8649.41;4708;4721;5.000000;0.419936;0.000570;13.309191;6.267827;8.743363;4.584095;4.822581;1.787139;2.991672;0.350833;1.528038
8651.21;4709;4722;5.000000;0.402251;0.000430;13.766177;6.735700;8.662701;4.718809;4.851790;1.807945;3.026302;0.335064;2.054622
8653.01;4710;4723;5.000000;0.415274;0.000173;13.277040;6.518768;8.625405;4.714693;4.790786;1.821425;2.654626;0.335394;1.702269
8654.81;4711;4724;5.000000;0.422844;0.000561;12.881905;6.462957;8.521260;4.759537;5.160161;2.056425;2.237433;0.334320;2.633634
8656.61;4712;4725;5.000000;0.438581;0.000173;12.354031;6.168594;8.476203;4.711819;4.987225;2.040159;3.633416;0.326207;2.061696
8658.41;4713;4726;5.000000;0.423123;0.000173;13.027614;6.332946;8.623327;4.666867;5.312891;2.058943;4.554468;0.318104;2.965193
8660.21;4714;4727;5.000000;0.400986;0.000173;13.503075;6.695462;8.470420;4.675870;5.061897;2.029674;3.539950;0.320227;1.943575
8662.01;4715;4728;5.000000;0.530047;0.000173;13.527428;4.401140;11.216901;4.062866;4.805413;1.983818;2.599569;0.288044;1.557953
8663.81;4716;4729;5.000000;0.545465;0.000173;13.411303;4.245922;11.444091;4.033593;4.758854;1.927820;3.236491;0.282024;2.108405
8665.61;4717;4730;5.000000;0.562713;0.000627;13.244703;4.111957;11.659293;4.029844;4.889735;1.934868;4.031877;0.290008;0.200737
8667.41;4718;4731;4.000000;0.528355;0.000501;13.653684;4.487478;11.285445;4.129343;4.959410;2.031648;4.003211;0.291969;2.419743
8669.21;4719;4732;4.000000;0.626046;0.000173;8.065357;4.163111;7.899016;4.539177;5.551622;2.352320;1.829857;0.399971;2.829160
8671.01;4720;4733;4.000000;0.640683;0.000523;7.887434;4.108781;7.905374;4.584684;5.651134;2.416858;2.679593;0.396897;1.747159
8672.81;4721;4734;4.000000;0.669006;0.000173;7.511705;3.879928;7.861612;4.520707;5.858366;2.378321;3.065807;0.399699;2.659498
8674.61;4722;4735;4.000000;0.874089;0.000173;2.103545;3.416282;2.876411;5.200709;6.532440;3.231374;0.000100;0.440353;1.958134
8676.41;4723;4736;4.000000;0.830883;0.000569;2.034445;3.561568;2.644413;5.153878;6.382791;3.130600;0.000100;0.447920;2.093775
8678.21;4724;4737;4.000000;0.842679;0.000550;2.355578;3.464009;3.105296;5.083868;6.767666;3.173098;2.068219;0.455862;1.791554
8680.01;4725;4738;4.000000;0.775627;0.000574;3.571325;3.559472;4.333371;4.808303;6.628059;2.841357;4.603737;0.435335;2.780495
8681.81;4726;4739;4.000000;0.724718;0.000629;4.084353;3.854252;4.630584;4.864768;5.893742;2.804697;1.108906;0.417575;1.431487
8683.61;4727;4740;4.000000;0.660077;0.000462;4.729722;4.111006;4.883975;4.726022;5.600117;2.833871;2.567689;0.382880;1.684496
8685.41;4728;4741;4.000000;0.670879;0.000461;5.604694;3.868176;5.882197;4.519637;5.935888;2.781318;3.025787;0.368077;2.102965
8687.21;4729;4742;4.000000;0.622595;0.000173;6.719924;4.048920;6.545052;4.390334;5.684894;2.706675;4.035519;0.345003;1.885214
8689.01;4730;4743;4.000000;0.593064;0.000173;8.854285;4.079952;8.214830;4.214148;6.149077;2.600700;5.253463;0.343032;2.924374
8690.81;4731;4744;5.000000;0.535218;0.000173;10.282973;4.405321;8.609791;4.106399;5.503104;2.381083;3.350359;0.317081;1.921645
8692.61;4732;4745;5.000000;0.537326;0.000173;11.807224;4.326243;9.924968;4.048573;5.553634;2.323235;4.121400;0.322859;2.517861
8694.41;4733;4746;5.000000;0.503276;0.000551;13.201904;4.606534;10.394081;4.037695;5.321909;2.194209;3.356590;0.318294;1.601149
8696.21;4734;4747;5.000000;0.525965;0.000439;12.792989;4.309253;10.526213;3.947406;5.735548;2.209431;5.251775;0.317641;2.620410
8698.01;4735;4748;5.000000;0.500184;0.000173;12.989875;4.614587;10.164309;4.019901;5.224947;2.186810;2.953089;0.313839;1.642328
8699.81;4736;4749;5.000000;0.504354;0.000173;13.262529;4.607086;10.464177;4.046828;5.311249;2.161447;3.582887;0.321651;2.760904
8701.61;4737;4750;5.000000;0.447704;0.000173;16.797262;4.916191;11.764493;3.833303;4.954523;1.888077;4.499040;0.287361;2.908639
8703.41;4738;4751;5.000000;0.452635;0.000637;16.593387;4.873833;11.749681;3.842124;4.762026;1.904716;3.277468;0.283632;1.578146
8705.21;4739;4752;6.000000;0.403560;0.000173;21.128055;5.178241;13.338633;3.639517;4.486794;1.706684;3.573508;0.265555;1.743613
8707.01;4740;4753;6.000000;0.407951;0.000173;21.363940;5.107771;13.634289;3.629045;4.637892;1.725491;3.734461;0.272326;2.078286
8708.81;4741;4754;6.000000;0.424306;0.000173;18.920369;5.147261;12.558901;3.803714;4.580886;1.687364;3.078620;0.273441;1.926893
8710.61;4742;4755;6.000000;0.421480;0.000470;20.725610;4.993269;13.665573;3.665348;4.616707;1.599632;3.907475;0.259322;2.151510
8712.41;4743;4756;6.000000;0.403200;0.000569;20.459868;5.359295;12.905256;3.763407;4.342575;1.532579;2.509059;0.260515;1.870948
8714.21;4744;4757;6.000000;0.403769;0.000488;21.332811;5.283203;13.474875;3.715213;4.346634;1.464840;3.550626;0.255855;2.540098
8716.01;4745;4758;6.000000;0.419288;0.000173;21.112749;5.101766;13.848431;3.725512;4.364121;1.462533;2.981947;0.254492;2.072056
8717.81;4746;4759;6.000000;0.417311;0.000173;20.429001;5.258353;13.336759;3.821753;4.392068;1.420320;3.215192;0.240485;2.225014
8719.61;4747;4760;6.000000;0.427963;0.000173;21.228152;4.912420;14.212198;3.661460;4.196449;1.388987;3.522443;0.245532;2.949364
8721.41;4748;4761;6.000000;0.472174;0.000173;17.960419;4.722328;13.266655;3.883388;4.144106;1.406982;1.600685;0.241060;2.524531
8723.21;4749;4762;6.000000;0.504090;0.000173;16.046996;4.609292;12.654501;4.046645;4.215649;1.449939;2.388996;0.254778;2.539775
8725.01;4750;4763;6.000000;0.476453;0.000173;15.961699;4.940874;11.897141;4.099935;4.478012;1.566723;2.154662;0.265124;2.244015
8726.81;4751;4764;6.000000;0.505051;0.000656;14.291274;4.921629;11.291439;4.329093;4.956396;1.631342;2.481588;0.280448;2.939656
8728.61;4752;4765;6.000000;0.485798;0.000173;12.448690;5.800171;9.460696;4.907382;5.406330;1.914705;0.000100;0.400801;2.149602
8730.41;4753;4766;6.000000;0.697655;0.000173;5.303505;4.746122;5.788250;5.766774;5.975554;2.214782;0.000100;0.528577;2.426728
8732.21;4754;4767;6.000000;0.539051;0.000683;6.979948;5.543140;5.886072;5.204020;5.694150;2.443157;1.276021;0.362783;2.032284
8734.01;4755;4768;6.000000;0.592335;0.000575;8.669671;4.659695;8.033660;4.807043;5.475556;2.201324;2.485822;0.319321;1.726734
8735.81;4756;4769;6.000000;0.521502;0.000173;8.888630;5.411193;7.251602;4.914754;5.561102;2.430803;1.563472;0.341240;2.011209
8737.61;4757;4770;6.000000;0.586098;0.000712;7.740035;4.857440;7.096700;4.958275;5.678130;2.360478;2.179125;0.335072;1.952108
8739.41;4758;4771;6.000000;0.638962;0.000519;6.827236;4.495376;6.824386;5.002584;5.767777;2.460589;2.864373;0.345630;1.428787
8741.21;4759;4772;5.000000;0.560078;0.000748;7.913980;5.142318;6.934043;5.016031;5.534039;2.444444;1.619088;0.346139;2.116798
8743.01;4760;4773;5.000000;0.538991;0.000445;8.098012;5.314012;6.828148;4.988348;5.438029;2.373328;1.378491;0.337174;1.708688
8744.81;4761;4774;5.000000;0.406926;0.000173;7.951616;7.611428;5.061909;5.394295;5.903143;2.624069;0.000100;0.354094;1.792631
8746.61;4762;4775;5.000000;0.418349;0.000173;7.693444;7.290025;5.035040;5.311545;5.483828;2.457633;0.000100;0.340970;1.795152
8748.41;4763;4776;5.000000;0.437855;0.000685;7.372627;7.042775;5.050048;5.370649;6.250615;2.562474;1.957214;0.357493;2.105433
8750.21;4764;4777;5.000000;0.432811;0.000467;7.419126;7.073540;5.023359;5.331973;6.001216;2.537228;1.908884;0.363121;1.712886
8752.01;4765;4778;5.000000;0.536000;0.000173;5.570386;6.029255;4.670823;5.628355;5.950691;2.657596;0.000100;0.394932;1.551809
8753.81;4766;4779;5.000000;0.537252;0.000500;5.464808;6.005606;4.593001;5.619377;6.230227;2.680773;0.000100;0.405538;2.493112
8755.61;4767;4780;5.000000;1.221098;0.002003;1.716964;2.121561;3.279857;4.511895;4.228447;2.311879;68.013244;0.157970;0.200737
8757.41;4768;4781;5.000000;0.432673;0.000623;17.001408;5.224329;11.507695;3.936803;4.677584;1.756910;2.504636;0.291481;1.530566
8759.21;4769;4782;5.000000;0.419945;0.000551;18.856369;5.328133;12.387793;3.896913;4.680329;1.708528;4.145646;0.301075;1.999204
8761.01;4770;4783;5.000000;0.395951;0.000556;21.410751;5.676573;13.262234;3.914540;4.435115;1.521675;2.908131;0.284163;1.629830
8762.81;4771;4784;5.000000;0.456994;0.000173;18.364839;5.039837;13.129294;4.011256;4.652011;1.440065;2.349524;0.278263;2.088363
8764.61;4772;4785;5.000000;0.444083;0.000173;19.761168;5.001013;13.728394;3.867896;4.686251;1.505909;4.248808;0.285056;2.475223
8766.41;4773;4786;5.000000;0.455190;0.000173;17.233351;5.283150;12.271731;4.188309;4.156939;1.552063;0.000100;0.277100;1.399190
8768.21;4774;4787;5.000000;0.399240;0.000173;19.973464;6.048376;12.474729;4.205583;4.147295;1.430490;0.000100;0.299568;1.417929
8770.01;4775;4788;5.000000;0.434897;0.000173;15.500768;6.751054;10.545881;5.113414;4.545284;1.347471;0.000100;0.436456;2.546164
8771.81;4776;4789;5.000000;0.375692;0.000173;14.990688;10.083317;8.810413;6.597628;5.186365;1.305244;0.000100;0.598246;3.222003
8773.61;4777;4790;5.000000;0.360363;0.000824;15.373367;10.643568;8.666676;6.680062;5.183396;1.286313;0.000100;0.616793;3.212274
8775.41;4778;4791;4.000000;0.680597;0.000173;4.601813;4.857976;4.899620;5.758355;6.230359;2.769236;0.000100;0.511815;2.510030
8777.21;4779;4792;4.000000;0.628480;0.000450;5.003248;5.143313;4.919116;5.629731;6.310526;2.684938;0.000100;0.501502;1.951792
8779.01;4780;4793;4.000000;0.699542;0.000473;4.210029;4.660047;4.607254;5.677499;6.131399;2.753412;0.000100;0.498897;1.976897
8780.81;4781;4794;4.000000;0.719758;0.000431;3.997792;4.531357;4.501422;5.680252;6.324780;2.831165;0.000100;0.507193;2.934422
8782.61;4782;4795;4.000000;0.693366;0.000489;4.227873;4.736087;4.585936;5.719202;6.234701;2.756017;0.000100;0.493567;2.459785
8784.41;4783;4796;4.000000;0.708610;0.000443;4.186105;4.597900;4.640458;5.674400;6.004039;2.633358;0.000100;0.497709;1.380764
8786.21;4784;4797;5.000000;0.431584;0.000173;5.280907;6.996483;3.565470;5.258934;6.128482;2.799166;2.257345;0.334276;2.246098
8788.01;4785;4798;5.000000;0.427045;0.000173;5.510668;7.023659;3.681473;5.223847;6.364359;2.840773;4.035618;0.324583;1.994697
8789.81;4786;4799;5.000000;0.442549;0.000488;5.242702;6.831546;3.629606;5.265420;6.565691;2.872468;3.906767;0.334984;2.087776
8791.61;4787;4800;5.000000;0.430813;0.000173;5.877904;7.432411;3.961453;5.576624;6.104862;2.658157;2.203679;0.371244;1.554322
8793.41;4788;4801;5.000000;0.423031;0.000647;5.995602;7.585139;3.967789;5.588420;6.368322;2.642887;3.725466;0.356396;2.018502
8795.21;4789;4802;5.000000;0.413778;0.000173;6.175899;7.621428;3.997709;5.492335;6.406430;2.684458;3.549336;0.363603;2.492922
8797.01;4790;4803;5.000000;0.434526;0.000602;7.128651;7.570379;4.845807;5.729095;5.877809;2.117322;0.000100;0.499856;2.617894
8798.81;4791;4804;5.000000;0.434056;0.000524;7.273229;7.459001;4.938745;5.638709;5.524450;2.098338;0.000100;0.465175;1.471310
8800.61;4792;4805;5.000000;0.439170;0.000173;7.125822;7.558921;4.895654;5.781563;5.870269;2.077028;0.000100;0.495980;1.501779
8802.41;4793;4806;5.000000;0.445044;0.000676;6.996770;7.298675;4.871291;5.657183;6.005738;2.055338;0.000100;0.498551;2.158429
8804.21;4794;4807;5.000000;0.374879;0.000173;7.766757;8.388733;4.554848;5.476968;6.014383;2.537075;1.957074;0.375978;2.036806
8806.01;4795;4808;5.000000;0.364928;0.000173;7.749931;8.794355;4.424335;5.589383;5.917988;2.585657;1.662709;0.379251;2.183801
8807.81;4796;4809;5.000000;0.393801;0.000173;7.335412;7.964708;4.519020;5.462599;6.249158;2.580290;1.615302;0.377547;1.785328
8809.61;4797;4810;5.000000;0.437545;0.000414;7.089986;7.100497;4.853008;5.410832;5.385294;2.505662;0.000100;0.364548;1.518815
8811.41;4798;4811;5.000000;0.449077;0.000173;6.878423;6.917011;4.832287;5.409934;5.709036;2.563858;0.000100;0.365159;2.288415
8813.21;4799;4812;5.000000;0.441114;0.000173;8.142433;6.749371;5.618864;5.185222;5.291708;2.403778;1.436411;0.359189;1.766111
8815.01;4800;4813;5.000000;0.469919;0.000703;7.906207;6.323011;5.812116;5.174873;5.763565;2.389408;1.527383;0.353550;2.262908
8816.81;4801;4814;5.000000;0.496057;0.000421;9.326023;5.613508;7.237219;4.849748;5.376922;2.207924;2.557655;0.337566;2.232213
8818.61;4802;4815;5.000000;0.490728;0.000438;9.609848;5.667112;7.377348;4.843455;5.707027;2.268548;2.874744;0.342664;2.131412
8820.41;4803;4816;5.000000;0.492163;0.000173;13.056972;5.178110;10.052973;4.438468;4.835779;1.730757;3.010759;0.292208;2.411144
8822.21;4804;4817;5.000000;0.514397;0.000173;12.671583;4.926875;10.197002;4.413904;4.952770;1.738147;2.902556;0.298307;2.211643
8824.01;4805;4818;5.000000;0.509394;0.000173;16.318953;4.551950;13.004362;4.038350;4.643848;1.393596;3.364549;0.250512;1.683018
8825.81;4806;4819;5.000000;0.471810;0.000173;17.673913;4.893595;13.044977;4.021132;4.475072;1.338022;3.841400;0.257005;2.042443
8827.61;4807;4820;5.000000;0.458627;0.000173;19.036948;5.009401;13.658427;4.001279;4.503753;1.365331;2.203143;0.257225;2.901665
8829.41;4808;4821;5.000000;0.437075;0.000173;20.163859;5.177159;13.787086;3.940942;4.727942;1.358297;2.681327;0.248653;2.115281
8831.21;4809;4822;5.000000;0.415796;0.000173;20.874436;5.500066;13.578078;3.982916;4.476736;1.293374;3.123542;0.254487;2.581678
8833.01;4810;4823;5.000000;0.540069;0.000173;16.568716;5.012511;13.998498;4.714739;4.568215;1.245257;0.000100;0.427514;2.441354
8834.81;4811;4824;5.000000;0.528338;0.000173;16.905683;5.132163;13.972955;4.722431;4.361797;1.222700;0.000100;0.431608;2.089242
8836.61;4812;4825;5.000000;0.544442;0.000173;16.197764;4.874634;13.795895;4.622176;4.461561;1.218154;1.274390;0.409927;2.578313
8838.41;4813;4826;5.000000;0.464519;0.000173;17.120412;4.644130;12.441165;3.757171;5.344324;1.734391;4.175485;0.279157;2.337451
8840.21;4814;4827;5.000000;0.451854;0.000462;17.328871;4.764729;12.249316;3.749640;5.394272;1.814306;6.557668;0.289390;2.441911
8842.01;4815;4828;5.000000;0.474982;0.000173;15.850255;4.704507;11.777591;3.891742;4.952445;1.744875;3.657356;0.286188;2.567175
8843.81;4816;4829;5.000000;0.519572;0.000557;10.030100;4.705208;8.152565;4.257725;5.062029;2.182387;3.322409;0.322588;1.740994
8845.61;4817;4830;5.000000;0.549892;0.000173;9.812870;4.484825;8.441447;4.295127;5.370569;2.221323;2.920725;0.326708;2.506203
8847.41;4818;4831;5.000000;0.638041;0.000173;6.746049;3.970237;6.733503;4.411819;6.035421;2.629014;3.963418;0.352433;1.452713
8849.21;4819;4832;4.000000;0.598390;0.000708;7.227853;4.231704;6.766078;4.410143;5.845818;2.601269;3.333882;0.363693;1.594453
8851.01;4820;4833;4.000000;0.715290;0.000416;4.403595;3.762608;4.927568;4.687313;6.213204;2.912435;4.049025;0.376701;2.812997
8852.81;4821;4834;4.000000;0.683784;0.000733;4.588182;3.862844;4.907983;4.600227;6.344829;2.892248;5.023572;0.362211;2.286011
8854.61;4822;4835;4.000000;0.753180;0.000173;3.154481;3.662228;3.716809;4.803938;6.790366;3.238680;3.926142;0.401224;1.181399
8856.41;4823;4836;4.000000;0.913322;0.000407;1.234248;3.118749;1.763477;4.960864;7.371415;3.626104;3.549665;0.429480;1.794354
8858.21;4824;4837;4.000000;0.920330;0.000658;1.270870;3.125927;1.829736;5.010437;7.325188;3.596533;3.532935;0.430926;1.202956
8860.01;4825;4838;4.000000;0.833464;0.000600;1.498519;3.485331;1.953856;5.059225;6.886679;3.524637;3.079608;0.418756;1.712236
8861.81;4826;4839;3.000000;0.911942;0.000513;1.273204;3.147546;1.816388;4.999106;6.925865;3.468522;3.212119;0.422994;2.075200
8863.61;4827;4840;3.000000;0.886652;0.000611;1.230780;3.191560;1.707172;4.928439;7.011893;3.544227;3.747026;0.431291;1.490456
8865.41;4828;4841;3.000000;0.837888;0.000613;1.953839;3.367974;2.561051;4.914822;6.811038;3.388350;2.101735;0.420459;2.771282
8867.21;4829;4842;4.000000;0.797031;0.000173;1.900520;3.583338;2.369688;4.974119;6.677791;3.447782;3.272833;0.417732;2.120772
8869.01;4830;4843;4.000000;0.746464;0.000173;2.044157;3.629739;2.387079;4.718864;7.044959;3.506029;4.501502;0.429273;1.939474
8870.81;4831;4844;4.000000;0.874721;0.000760;2.244894;3.128879;3.071911;4.766627;6.621717;3.307472;3.674513;0.406740;2.333067
8872.61;4832;4845;4.000000;0.820846;0.000532;2.212489;3.395912;2.841096;4.854795;6.595798;3.372577;3.455279;0.414446;1.469640
8874.41;4833;4846;4.000000;0.838342;0.000509;2.801835;3.296116;3.674574;4.812566;6.778861;3.239727;4.693620;0.428445;1.390102
8876.21;4834;4847;;;;;;;;;;;;
8878.01;4835;4848;4.000000;0.765298;0.000664;4.232454;3.613477;5.067178;4.816248;5.725777;2.942965;0.000100;0.397631;1.565681
8879.81;4836;4849;4.000000;0.778274;0.000480;4.204105;3.559480;5.118582;4.824723;5.922590;2.983202;2.232866;0.389404;1.100991
8881.61;4837;4850;4.000000;0.765539;0.000477;4.361455;3.632365;5.223268;4.842951;6.052781;3.027008;2.219448;0.406294;2.028627
8883.41;4838;4851;4.000000;0.722878;0.000173;4.414112;3.777266;4.991735;4.755492;5.927600;2.937431;1.888165;0.403831;2.044335
8885.21;4839;4852;5.000000;0.651405;0.000488;5.875114;4.211313;5.987018;4.777728;6.342191;2.952239;3.741221;0.383766;1.712115
8887.01;4840;4853;5.000000;0.670290;0.000173;5.620669;4.042644;5.893781;4.719338;6.515718;3.002422;4.371452;0.392161;2.787100
8888.81;4841;4854;5.000000;0.677357;0.000574;5.443809;4.037855;5.768509;4.763445;6.477838;3.007373;4.051702;0.390826;1.959252
8890.61;4842;4855;5.000000;0.629037;0.000549;5.882044;4.333630;5.788253;4.747673;6.257858;2.918134;4.660741;0.388427;2.633156
8892.41;4843;4856;5.000000;0.685070;0.000547;8.981646;3.416205;9.625736;4.075976;5.744302;2.522683;5.218316;0.337474;1.990125
8894.21;4844;4857;5.000000;0.669531;0.000173;9.419055;3.397641;9.865552;3.961879;5.407259;2.505177;4.122134;0.337017;2.388558
8896.01;4845;4858;5.000000;0.669399;0.000695;9.793610;3.130010;10.255834;3.649082;5.173098;2.432154;4.741697;0.315431;2.326870
8897.81;4846;4859;5.000000;0.686631;0.000173;9.469791;3.093035;10.172020;3.698804;5.353789;2.446564;3.675270;0.313772;2.054330
8899.61;4847;4860;5.000000;0.703337;0.000779;9.698847;2.970641;10.671530;3.638869;5.661154;2.469624;4.630872;0.323745;1.668980
8901.41;4848;4861;6.000000;0.834486;0.000712;3.802655;2.231993;4.964202;3.243881;4.825250;3.113528;42.418778;0.184946;0.783047
8903.21;4849;4862;6.000000;1.020067;0.000651;3.059980;1.826917;4.883046;3.245642;4.899141;3.195912;61.436631;0.179506;0.200737
8905.01;4850;4863;5.000000;0.821881;0.000173;5.207503;2.553340;6.695482;3.654860;5.531952;2.809065;6.348227;0.272867;1.155581
8906.81;4851;4864;5.000000;0.876856;0.000672;5.565393;2.481671;7.634273;3.789882;5.491000;2.710210;5.660070;0.305709;1.860660
8908.61;4852;4865;5.000000;0.802764;0.000173;6.039221;2.725874;7.584245;3.811070;5.128293;2.677446;4.414390;0.303513;1.500427
8910.41;4853;4866;4.000000;0.971498;0.000891;3.762844;2.559043;5.718755;4.329847;5.917292;2.785737;3.751435;0.352874;1.919537
8912.21;4854;4867;4.000000;0.912540;0.000556;3.963744;2.715256;5.658491;4.315345;5.698816;2.697615;3.464102;0.350078;2.361423
8914.01;4855;4868;3.000000;1.035534;0.000451;2.223527;2.534425;3.602054;4.570848;6.063414;2.907462;3.701466;0.385724;2.142016
8915.81;4856;4869;3.000000;0.968292;0.000444;2.354450;2.717703;3.566474;4.583122;5.663675;2.911811;2.986347;0.376764;1.237402
8917.61;4857;4870;3.000000;1.000398;0.000713;2.446695;2.653583;3.829094;4.623369;5.985534;2.895702;2.658121;0.378820;2.048536
8919.41;4858;4871;4.000000;1.074073;0.000173;2.220265;2.487197;3.730628;4.652614;5.969413;2.888053;3.820045;0.372588;2.744517
8921.21;4859;4872;4.000000;0.840177;0.000435;2.511796;3.316887;3.301403;4.853494;5.630475;2.710462;2.711079;0.368496;1.594248
8923.01;4860;4873;4.000000;0.829470;0.000552;2.396495;3.320428;3.109716;4.796760;5.695877;2.687605;2.755081;0.372650;2.482290
8924.81;4861;4874;4.000000;0.859742;0.000173;2.465711;3.167510;3.316300;4.742849;5.643752;2.658573;0.000100;0.377671;1.972155
8926.61;4862;4875;5.000000;0.606603;0.000173;8.491149;8.534296;8.057754;9.016230;5.208236;0.640299;0.000100;1.576385;2.179787
8928.41;4863;4876;5.000000;0.557497;0.000173;9.258802;9.182524;8.074963;8.915742;5.538823;0.658116;0.000100;1.539498;3.177282
8930.21;4864;4877;5.000000;0.600765;0.000173;8.656494;8.561673;8.135611;8.958112;4.987153;0.651343;0.000100;1.533207;2.490470
8932.01;4865;4878;5.000000;0.604483;0.000173;8.598653;8.301735;8.131258;8.739888;5.054194;0.675745;0.000100;1.532392;2.378282
8933.81;4866;4879;5.000000;0.556124;0.000173;9.480276;9.054597;8.247763;8.769888;4.981238;0.652136;0.000100;1.523065;1.958249
8935.61;4867;4880;5.000000;0.518176;0.000173;9.027081;8.495258;7.317583;7.666666;5.312617;1.261144;0.000100;1.147871;3.011217
8937.41;4868;4881;5.000000;0.554771;0.000173;8.263079;7.798128;7.171319;7.534547;5.472026;1.291031;0.000100;1.115662;3.205295
8939.21;4869;4882;5.000000;0.517799;0.000532;8.962012;7.942471;7.259558;7.162588;5.505781;1.341846;0.000100;1.066081;3.092306
8941.01;4870;4883;5.000000;0.508959;0.000503;8.792153;6.814211;7.000373;6.040198;5.262004;1.621769;0.000100;0.752250;2.377110
8942.81;4871;4884;5.000000;0.552896;0.000497;8.457276;5.487702;7.315045;5.284291;5.317664;1.821577;0.000100;0.585211;1.738664
8944.61;4872;4885;5.000000;0.566941;0.000562;7.933508;5.305557;7.036329;5.238676;5.432326;1.974389;0.000100;0.559124;1.976856
8946.41;4873;4886;5.000000;0.451554;0.000615;7.769369;6.354568;5.488313;4.997455;5.696084;2.355650;1.225657;0.359621;2.291447
8948.21;4874;4887;5.000000;0.412411;0.000732;8.160057;6.938329;5.264620;4.983545;5.923063;2.398252;2.619880;0.348583;2.794274
8950.01;4875;4888;5.000000;0.440397;0.000724;6.306355;6.430690;4.344763;4.932361;5.732623;2.502946;2.153084;0.326029;2.162865
8951.81;4876;4889;5.000000;0.470563;0.000173;5.801412;5.999419;4.270655;4.916768;4.431290;2.394380;0.000100;0.317558;1.630417
8953.61;4877;4890;5.000000;0.533538;0.000548;5.125689;5.393409;4.278197;5.011660;5.818764;2.376440;3.814683;0.321588;2.029090
8955.41;4878;4891;5.000000;0.544148;0.000583;4.723482;5.339187;4.020891;5.059933;5.844390;2.438581;3.262205;0.333257;1.556592
8957.21;4879;4892;4.000000;0.512233;0.000510;3.950185;5.719162;3.165400;5.102151;5.287650;2.650929;1.174500;0.305485;1.705793
8959.01;4880;4893;4.000000;0.547135;0.000542;3.675657;5.357197;3.146102;5.104875;5.728925;2.760672;2.318312;0.305797;2.172540
8960.81;4881;4894;4.000000;0.545628;0.000173;3.994225;5.430268;3.409357;5.160253;5.728336;2.596624;1.470311;0.314606;2.294276
8962.61;4882;4895;4.000000;0.537187;0.000173;4.276535;5.549234;3.593861;5.191728;6.286004;2.723708;2.442899;0.332036;1.424899
8964.41;4883;4896;4.000000;0.564103;0.000173;4.110579;5.200198;3.627475;5.108943;6.472307;2.744893;4.475814;0.322112;2.074489
8966.21;4884;4897;4.000000;0.565303;0.000173;3.961371;5.413984;3.503242;5.330296;5.994337;2.467974;2.267233;0.338708;2.231050
8968.01;4885;4898;4.000000;0.546691;0.000476;4.192424;5.628733;3.585506;5.359268;6.177078;2.519213;3.065140;0.335275;2.023039
8969.81;4886;4899;4.000000;0.634820;0.000173;4.026657;4.909508;3.998885;5.428026;6.153838;2.384208;4.152988;0.349801;2.808145
8971.61;4887;4900;4.000000;0.631918;0.000443;3.732714;5.020456;3.690021;5.525314;6.206152;2.415816;3.231644;0.351047;1.588946
8973.41;4888;4901;4.000000;0.668829;0.000173;3.325787;4.685888;3.479791;5.458336;5.960516;2.328887;3.536428;0.341699;2.218167
8975.21;4889;4902;4.000000;0.723831;0.000483;3.250225;4.359156;3.680389;5.495312;6.043405;2.401914;2.744827;0.334533;2.204363
8977.01;4890;4903;4.000000;0.717235;0.000173;3.182292;4.363611;3.570631;5.450806;6.213770;2.430405;3.638314;0.344887;2.868481
8978.81;4891;4904;5.000000;0.897795;0.000453;2.612544;3.349712;3.669307;5.237664;6.447940;2.666342;5.104998;0.324434;2.590924
8980.61;4892;4905;5.000000;0.906127;0.000472;2.545822;3.257938;3.608778;5.141439;6.315933;2.660044;5.878475;0.301888;2.483616
8982.41;4893;4906;5.000000;0.849860;0.000602;2.862853;3.517489;3.806183;5.206345;6.299441;2.630533;4.620991;0.346675;3.366425
8984.21;4894;4907;5.000000;0.821334;0.000584;3.444444;3.938307;4.425703;5.633554;6.297781;2.373754;3.763663;0.330028;2.538123
8986.01;4895;4908;5.000000;0.834644;0.000173;3.349108;3.846807;4.372941;5.591838;6.372774;2.384051;3.756505;0.321249;2.072907
8987.81;4896;4909;5.000000;0.763139;0.000173;3.953647;4.481132;4.720031;5.955860;5.080798;2.059399;0.000100;0.322409;2.294870
8989.61;4897;4910;5.000000;0.765986;0.000173;3.782086;4.490796;4.532057;5.990968;5.523691;2.093520;0.000100;0.344577;2.514749
8991.41;4898;4911;5.000000;0.863556;0.000173;3.565505;4.108252;4.816761;6.178752;6.190986;2.239212;1.549652;0.349653;3.025667
8993.21;4899;4912;5.000000;0.878533;0.000173;3.578823;4.022877;4.918599;6.155277;6.218748;2.190474;2.403700;0.341417;1.556383
8995.01;4900;4913;5.000000;0.902614;0.000173;4.574041;4.486007;6.458704;7.052044;5.789253;1.493292;0.000100;0.985891;2.149090
8996.81;4901;4914;5.000000;1.016756;0.000173;4.245283;4.088810;6.752533;7.240470;6.069031;1.563597;0.000100;0.953719;2.191582
8998.61;4902;4915;5.000000;0.943183;0.000487;4.478291;4.316271;6.607718;7.090185;5.947338;1.542046;0.000100;0.907920;2.454867
9000.41;4903;4916;5.000000;0.754519;0.000173;4.858513;4.769438;5.734780;6.267442;6.393702;1.917817;0.000100;0.546830;3.061446
9002.21;4904;4917;5.000000;0.842090;0.000173;4.485096;4.392676;5.908452;6.442299;6.079558;1.779096;0.000100;0.662743;1.813520
9004.01;4905;4918;5.000000;0.720965;0.000572;5.345070;4.734039;6.028525;5.944280;5.838599;1.861099;0.000100;0.485068;1.580921
9005.81;4906;4919;5.000000;0.703762;0.000173;5.419353;4.889602;5.966457;5.993111;6.156178;1.866969;0.000100;0.469353;2.623095
9007.61;4907;4920;6.000000;0.879574;0.000173;3.876027;4.291967;5.333382;6.574791;6.570367;1.701421;0.000100;0.729559;2.655314
9009.41;4908;4921;6.000000;0.942368;0.000173;3.667294;3.895308;5.406417;6.393156;6.280867;1.721328;0.000100;0.724027;2.006065
9011.21;4909;4922;6.000000;0.750690;0.000173;4.336706;4.848641;5.092888;6.339191;5.827177;1.733357;0.000100;0.587614;2.819393
9013.01;4910;4923;6.000000;0.815245;0.000173;3.942523;4.493085;5.028123;6.379490;5.956215;1.821899;0.000100;0.576050;1.783475
9014.81;4911;4924;6.000000;0.676603;0.000987;2.937570;3.935805;3.109321;4.637892;5.026009;2.077558;5.009265;0.229849;0.872618
9016.61;4912;4925;5.000000;0.670689;0.000810;2.983638;3.945918;3.130476;4.609162;5.094799;2.054782;5.489847;0.232910;1.379578
9018.41;4913;4926;5.000000;0.617473;0.000173;4.790682;5.536814;4.627631;5.954304;5.751767;2.077716;1.021569;0.358095;1.830536
9020.21;4914;4927;5.000000;0.630633;0.000173;4.641546;5.447330;4.579129;5.982927;5.970993;2.110951;2.825890;0.348133;2.539234
9022.01;4915;4928;5.000000;0.694099;0.000537;4.371770;5.068913;4.747032;6.127586;6.347379;2.151985;3.257093;0.374956;2.686754
9023.81;4916;4929;5.000000;0.692909;0.000474;4.371201;5.055554;4.738277;6.100959;6.437528;2.138717;2.725705;0.384855;2.453844
9025.61;4917;4930;5.000000;0.618612;0.000173;4.677414;5.706316;4.526553;6.147907;6.569284;2.176858;3.682654;0.394538;3.013435
9027.41;4918;4931;5.000000;0.636435;0.000541;4.543504;5.609711;4.523645;6.217957;6.572945;2.224014;1.886820;0.388064;2.346415
9029.21;4919;4932;5.000000;0.623789;0.000449;4.520940;5.640816;4.411740;6.128197;6.613131;2.179983;3.762275;0.390349;3.364110
9031.01;4920;4933;5.000000;0.617046;0.000173;4.616291;5.707412;4.456091;6.133519;6.510301;2.207902;2.679062;0.390762;2.421645
9032.81;4921;4934;5.000000;0.626386;0.000173;5.254506;5.353354;5.148933;5.840109;6.182079;2.180770;1.905680;0.378837;2.529076
9034.61;4922;4935;5.000000;0.628354;0.000173;5.176249;5.382555;5.088187;5.890418;6.427652;2.165406;2.497080;0.383156;2.076781
9036.41;4923;4936;5.000000;0.546991;0.000173;6.752142;5.945961;5.777836;5.664419;5.763401;2.125521;0.000100;0.378134;2.078165
9038.21;4924;4937;5.000000;0.594710;0.000597;6.377922;5.421059;5.933725;5.614900;6.142600;2.118635;2.288719;0.380973;2.844025
9040.01;4925;4938;5.000000;0.568977;0.000578;6.503074;5.649473;5.788377;5.598295;6.088622;2.136637;2.279088;0.369082;2.436241
9041.81;4926;4939;5.000000;0.568045;0.000173;6.423953;5.739362;5.708588;5.678056;6.347223;2.132499;1.876655;0.367818;2.163830
9043.61;4927;4940;5.000000;0.554767;0.000610;6.333100;5.839450;5.496295;5.642030;5.998289;2.135531;2.983019;0.368381;2.965582
9045.41;4928;4941;5.000000;0.561293;0.000173;6.343443;5.799235;5.570034;5.669089;5.950215;2.159925;2.265470;0.371347;1.706041
9047.21;4929;4942;5.000000;0.561663;0.000432;6.127485;5.788846;5.383958;5.662668;6.266698;2.197372;2.091015;0.381582;2.164126
9049.01;4930;4943;5.000000;0.571746;0.000173;6.014536;5.724388;5.379584;5.700138;5.902595;2.201861;0.000100;0.386440;1.808040
9050.81;4931;4944;5.000000;0.593705;0.000459;5.886784;5.501643;5.467541;5.688739;5.893280;2.126641;0.000100;0.382550;2.706388
9052.61;4932;4945;5.000000;0.548850;0.000634;5.971785;5.988107;5.127449;5.723958;6.278853;2.386531;1.762692;0.385076;2.563382
9054.41;4933;4946;5.000000;0.529260;0.000481;6.185852;6.154034;5.121672;5.672596;6.705811;2.390195;2.649949;0.393559;3.473786
9056.21;4934;4947;5.000000;0.567936;0.000173;5.829298;5.807003;5.179156;5.743869;6.755370;2.434216;1.922857;0.387475;2.022531
9058.01;4935;4948;5.000000;0.547589;0.000173;6.156791;6.015730;5.274151;5.737150;6.842766;2.366655;3.131997;0.387178;2.881443
9059.81;4936;4949;6.000000;0.836764;0.000556;2.394938;2.799850;3.135022;4.080288;5.937845;3.296189;53.208700;0.303170;0.959204
9061.61;4937;4950;6.000000;0.896843;0.000470;2.247671;2.561574;3.153496;4.001070;5.885688;3.262971;65.938781;0.320101;1.240370
9063.41;4938;4951;6.000000;0.858728;0.000716;2.280680;2.726698;3.063821;4.077985;5.898454;3.303677;57.348931;0.310717;1.340886
9065.21;4939;4952;6.000000;0.860210;0.000462;2.180119;2.615984;2.933784;3.919158;6.010276;3.323609;56.189813;0.284312;0.936260
9067.01;4940;4953;5.000000;0.612055;0.000173;4.808390;4.884899;4.603982;5.207139;6.705802;2.760139;4.354680;0.364921;1.837080
9068.81;4941;4954;5.000000;0.602248;0.000173;5.556660;5.329521;5.235188;5.590058;6.751900;2.421178;3.988491;0.378677;2.611356
9070.61;4942;4955;5.000000;0.614352;0.000536;5.569741;5.183811;5.352978;5.546504;6.695999;2.475081;3.894381;0.374604;2.358345
9072.41;4943;4956;5.000000;0.529679;0.000173;8.370617;5.798518;6.936066;5.349122;6.414456;2.208659;3.280284;0.369244;2.704413
9074.21;4944;4957;5.000000;0.522322;0.000471;8.414759;5.831748;6.875803;5.305059;6.291347;2.224556;2.116088;0.369629;2.686467
9076.01;4945;4958;5.000000;0.527623;0.000173;11.883058;5.450095;9.808327;5.008187;5.513348;1.674534;2.720817;0.312058;1.556164
9077.81;4946;4959;5.000000;0.506698;0.000173;12.492159;5.643798;9.902157;4.980506;5.528730;1.587358;3.026783;0.324215;3.419245
9079.61;4947;4960;5.000000;0.523744;0.000173;11.922148;5.448786;9.768245;4.970172;5.271666;1.571207;1.813972;0.317770;3.106122
9081.41;4948;4961;5.000000;0.473494;0.000173;14.359579;5.739394;10.636524;4.732970;4.965438;1.441529;1.764425;0.299050;1.983055
9083.21;4949;4962;5.000000;0.502689;0.000493;13.746731;5.517777;10.810402;4.830769;4.826691;1.469052;1.518828;0.296910;2.236249
9085.01;4950;4963;5.000000;0.538275;0.000173;13.845821;4.988371;11.659140;4.676449;5.286618;1.520696;2.170680;0.298217;2.360180
9086.81;4951;4964;5.000000;0.528756;0.000173;14.131245;5.040435;11.688678;4.641495;5.116429;1.499617;1.549702;0.309482;2.222827
9088.61;4952;4965;5.000000;0.549776;0.000173;12.864176;4.929204;11.063969;4.719711;5.463929;1.607102;2.649231;0.293985;2.541183
9090.41;4953;4966;5.000000;0.553918;0.000173;13.455525;4.838769;11.659748;4.668025;5.554221;1.582975;2.561054;0.297086;2.459975
9092.21;4954;4967;5.000000;0.530915;0.000436;14.069378;5.020527;11.685384;4.642235;5.382316;1.601060;3.415388;0.300062;1.938908
9094.01;4955;4968;5.000000;0.527348;0.000173;11.934608;5.263711;9.845756;4.834401;5.335674;1.671653;2.145057;0.339089;2.022932
9095.81;4956;4969;5.000000;0.515120;0.000173;12.444711;5.308890;10.028518;4.762833;5.165238;1.779618;1.613204;0.323025;2.335120
9097.61;4957;4970;5.000000;0.802338;0.000173;11.065353;3.375740;13.888836;4.717145;4.956682;1.588465;0.000100;0.354077;2.468745
9099.41;4958;4971;5.000000;0.759909;0.000543;11.579468;3.608338;13.765544;4.775531;4.893792;1.609134;0.000100;0.323439;2.709612
9101.21;4959;4972;5.000000;0.715973;0.000173;13.373188;3.782458;14.978731;4.716544;4.698128;1.522008;0.000100;0.327978;2.393012
9103.01;4960;4973;5.000000;0.776638;0.000173;12.578579;3.455909;15.282470;4.674488;4.751696;1.476797;0.000100;0.324158;2.434273
9104.81;4961;4974;6.000000;1.232324;0.000584;4.307373;2.906001;8.303874;6.236972;6.284245;2.366752;0.000100;0.680022;3.010183
9106.61;4962;4975;6.000000;1.177713;0.000173;4.574465;3.000726;8.427977;6.154872;6.412845;2.386275;0.000100;0.625607;2.226421
9108.41;4963;4976;6.000000;1.441047;0.000650;2.941545;2.671711;6.631273;6.705336;6.346572;2.601397;0.000100;0.731781;0.200737
9110.21;4964;4977;5.000000;1.606309;0.000969;2.382146;2.369327;5.986058;6.628376;6.387514;2.853139;64.826738;0.766767;1.371973
9112.01;4965;4978;5.000000;1.359360;0.001039;2.670705;2.700291;5.679419;6.392905;6.006424;2.803975;0.000100;0.768459;0.200737
9113.81;4966;4979;5.000000;1.404155;0.000663;2.533462;2.541254;5.565098;6.214645;6.115530;2.823158;0.000100;0.726141;1.053234
9115.61;4967;4980;5.000000;0.947886;0.000173;9.294221;2.859074;13.782013;4.719920;4.234580;1.498968;0.000100;0.370625;2.221666
9117.41;4968;4981;5.000000;0.717423;0.000173;12.625944;3.444552;14.170411;4.303888;4.813449;1.526424;0.000100;0.257764;2.828713
9119.21;4969;4982;5.000000;0.763855;0.000173;11.651253;3.265067;13.922809;4.343662;4.912441;1.621545;0.000100;0.261914;2.319906
9121.01;4970;4983;5.000000;0.658579;0.000736;10.698480;4.154170;11.022320;4.764802;5.572149;1.939544;0.000100;0.319181;2.389530
9122.81;4971;4984;5.000000;0.697764;0.000492;10.923487;3.813968;11.923762;4.634882;5.995839;1.929402;0.000100;0.318375;1.900195
9124.61;4972;4985;5.000000;0.537231;0.000481;9.507285;5.585560;7.990253;5.226132;6.122394;2.198510;0.000100;0.351992;1.745875
9126.41;4973;4986;4.000000;0.518659;0.000478;9.555091;5.761666;7.752832;5.204551;5.679450;2.188914;0.000100;0.333030;3.278263
9128.21;4974;4987;4.000000;0.553715;0.000173;8.672589;5.642525;7.512392;5.441425;6.389107;2.334946;0.000100;0.354939;2.217640
9130.01;4975;4988;4.000000;0.552851;0.000525;8.947934;5.639546;7.738808;5.430066;6.564516;2.367306;1.135117;0.370161;2.613480
9131.81;4976;4989;4.000000;0.579456;0.000484;8.473395;5.490375;7.681061;5.540838;6.310692;2.307597;1.470775;0.349647;1.451239
9133.61;4977;4990;4.000000;0.598579;0.000592;8.328390;5.352899;7.798767;5.580379;6.666481;2.292969;0.000100;0.351981;3.116644
9135.41;4978;4991;4.000000;0.539786;0.000173;8.193496;6.004896;6.918852;5.645208;6.265754;2.287342;0.000100;0.344465;2.544111
9137.21;4979;4992;4.000000;0.523242;0.000173;8.356985;6.246327;6.840618;5.692200;6.070241;2.239374;0.000100;0.340985;2.061395
9139.01;4980;4993;4.000000;0.499216;0.000444;8.510668;6.614800;6.646544;5.751202;6.361736;2.201759;0.000100;0.387064;2.241679
9140.81;4981;4994;5.000000;0.481894;0.000173;9.151736;6.930332;6.899195;5.816459;6.223259;2.067830;0.000100;0.461678;2.364731
9142.61;4982;4995;5.000000;0.506592;0.000453;8.738686;6.561150;6.925447;5.788838;6.339975;2.070441;0.000100;0.463698;2.160920
9144.41;4983;4996;5.000000;0.521784;0.000173;8.141634;6.588184;6.645772;5.987000;6.405350;2.042208;0.000100;0.497494;2.788617
9146.21;4984;4997;5.000000;0.507755;0.000665;8.577089;6.646834;6.812979;5.877893;6.435698;2.041872;0.000100;0.479679;2.640629
9148.01;4985;4998;5.000000;0.530268;0.000173;8.500286;5.930465;7.051344;5.476925;6.604399;2.386688;1.084842;0.387138;2.938704
9149.81;4986;4999;5.000000;0.476997;0.000439;9.312572;6.563613;6.949107;5.452706;6.481316;2.435175;1.434321;0.392592;2.712903
9151.61;4987;5000;4.000000;0.492362;0.000526;9.144806;6.413671;7.043729;5.499770;6.842347;2.407759;1.487464;0.374573;1.760344
9153.41;4988;5001;4.000000;0.491297;0.000173;9.202398;6.379341;7.072748;5.458492;7.124120;2.487709;2.376847;0.375175;2.838725
9155.21;4989;5002;4.000000;0.533536;0.000520;8.299966;5.917722;6.927613;5.498847;6.740536;2.477536;2.115144;0.379233;2.115888
9157.01;4990;5003;4.000000;0.542154;0.000548;7.972741;5.855996;6.761980;5.529383;7.082588;2.480214;2.039234;0.367856;2.987465
9158.81;4991;5004;4.000000;0.580164;0.000490;7.400153;5.470071;6.716377;5.527096;7.051177;2.621740;2.304784;0.371775;2.145691
9160.61;4992;5005;4.000000;0.554072;0.000589;7.480262;5.743690;6.483747;5.542554;6.907891;2.612067;2.479341;0.362958;2.294142
9162.41;4993;5006;5.000000;0.685975;0.000584;6.511656;4.641298;6.987846;5.544994;6.816722;2.503387;0.000100;0.362139;2.310851
9164.21;4994;5007;5.000000;0.737223;0.000606;5.842701;4.364652;6.738387;5.604045;6.769160;2.549909;1.380567;0.377342;1.377978
9166.01;4995;5008;5.000000;0.838740;0.000628;4.481100;3.848864;5.879703;5.622287;7.527057;2.752411;1.398426;0.372001;3.061638
9167.81;4996;5009;5.000000;0.857393;0.000526;4.266694;3.761199;5.722882;5.616418;7.764390;2.749056;1.634355;0.367184;2.425220
9169.61;4997;5010;5.000000;0.755564;0.000550;4.845973;4.217332;5.727903;5.549606;6.879752;2.670362;1.050999;0.349258;1.941241
9171.41;4998;5011;;;;;;;;;;;;
9173.21;4999;5012;5.000000;0.730773;0.000173;6.184912;4.367197;7.070652;5.558255;6.676584;2.127947;0.000100;0.361742;1.943534
9175.01;5000;5013;4.000000;0.622296;0.000519;7.677423;5.012544;7.474045;5.432605;6.094083;2.208491;0.000100;0.371862;1.440328
9176.81;5001;5014;4.000000;0.546878;0.000173;10.882720;5.341828;9.310470;5.087843;6.095960;2.108602;0.000100;0.339060;2.315753
9178.61;5002;5015;4.000000;0.561365;0.000608;10.191705;5.301988;8.950251;5.183663;6.040591;2.147171;0.000100;0.338555;2.126369
9180.41;5003;5016;4.000000;0.707137;0.000698;4.605637;4.629572;5.094912;5.701611;7.170784;2.751386;0.000100;0.404506;2.142047
9182.21;5004;5017;4.000000;0.707005;0.000173;4.827573;4.630684;5.339424;5.701911;7.534800;2.727160;1.497807;0.418890;3.000061
9184.01;5005;5018;4.000000;0.707943;0.000173;4.677563;4.603062;5.180376;5.675423;7.406892;2.807513;1.663067;0.412435;2.112795
9185.81;5006;5019;3.000000;0.641577;0.000764;4.529215;5.153848;4.545849;5.758818;7.466479;2.899041;0.000100;0.424683;2.541343
9187.61;5007;5020;3.000000;0.657692;0.000464;4.350103;5.033594;4.475744;5.765720;7.789818;2.933972;1.569053;0.425027;2.635849
9189.41;5008;5021;4.000000;0.669669;0.000426;4.603430;4.998676;4.822641;5.829995;7.573073;2.804929;0.000100;0.415940;2.975317
9191.21;5009;5022;4.000000;0.671176;0.000173;4.530623;4.950055;4.757050;5.786280;7.454176;2.848331;1.172705;0.411086;2.457069
9193.01;5010;5023;5.000000;0.529219;0.000173;5.577753;6.228794;4.617834;5.741069;7.330345;2.799867;0.000100;0.409136;2.276860
9194.81;5011;5024;5.000000;0.538633;0.000173;5.507041;6.162901;4.640394;5.781379;7.546802;2.800840;0.000100;0.414737;2.794840
9196.61;5012;5025;4.000000;0.536465;0.000465;5.643087;6.237582;4.735890;5.827883;7.220301;2.654780;1.360126;0.395019;2.453714
9198.41;5013;5026;4.000000;0.538960;0.000468;5.391678;6.156799;4.545945;5.779162;7.483109;2.768927;0.000100;0.404790;2.619191
9200.21;5014;5027;4.000000;0.506029;0.000520;5.647940;6.558731;4.471047;5.780276;6.912610;2.741370;1.343863;0.390056;2.409793
9202.01;5015;5028;5.000000;0.502198;0.000730;5.688627;6.670154;4.469158;5.833965;7.391349;2.838660;0.000100;0.414273;2.529236
9203.81;5016;5029;5.000000;0.548803;0.000523;6.212412;6.020221;5.333591;5.754156;7.591804;2.791665;2.356739;0.412967;2.822285
9205.61;5017;5030;5.000000;0.538596;0.000173;6.270746;6.105281;5.283547;5.726927;7.485281;2.795377;2.930534;0.409419;2.410697
9207.41;5018;5031;5.000000;0.530210;0.000609;6.271734;6.168445;5.202097;5.696082;7.361591;2.794667;1.388598;0.400151;2.003149
9209.21;5019;5032;4.000000;0.589014;0.000539;5.918005;5.538916;5.453113;5.682032;7.355990;2.742281;2.266384;0.391227;2.388938
9211.01;5020;5033;4.000000;0.541864;0.000173;6.239711;6.046154;5.289295;5.705875;7.555555;2.786997;2.150187;0.396359;2.443214
9212.81;5021;5034;4.000000;0.572964;0.000173;5.995816;5.699569;5.374266;5.687515;6.812421;2.663651;1.721671;0.368558;2.625310
9214.61;5022;5035;4.000000;0.477179;0.000784;7.790456;6.688365;5.815500;5.558453;6.847231;2.613330;0.000100;0.366516;2.603195
9216.41;5023;5036;4.000000;0.502552;0.000173;7.325098;6.342477;5.758876;5.551277;7.154427;2.749729;1.685581;0.377361;2.790161
9218.21;5024;5037;4.000000;0.578563;0.000173;6.243695;5.422003;5.651133;5.463404;7.128929;2.791800;2.131818;0.384639;2.446683
9220.01;5025;5038;4.000000;0.665411;0.000173;5.327905;4.773477;5.546128;5.531946;7.212699;2.870098;1.592524;0.379846;1.504586
9221.81;5026;5039;4.000000;0.605378;0.000173;6.262308;5.083890;5.930677;5.360135;7.242124;2.807155;2.319800;0.378515;2.294232
9223.61;5027;5040;4.000000;0.548549;0.000507;7.597326;5.453489;6.519582;5.210065;7.115994;2.673891;2.800972;0.370787;1.487881
9225.41;5028;5041;4.000000;0.475828;0.000464;9.164575;6.182504;6.821907;5.123510;7.181881;2.601956;3.265220;0.379546;1.457480
9227.21;5029;5042;4.000000;0.424012;0.000476;9.761812;7.115494;6.475181;5.254559;6.806508;2.561327;1.504518;0.375468;2.063246
9229.01;5030;5043;4.000000;0.448602;0.000591;9.064969;6.680695;6.361670;5.219588;7.237182;2.641576;3.223080;0.374477;3.002961
9230.81;5031;5044;4.000000;0.512092;0.000606;6.936728;6.090264;5.557072;5.431718;6.909603;2.748914;0.000100;0.395677;1.473120
9232.61;5032;5045;4.000000;0.588519;0.000778;5.543294;5.583775;5.103544;5.723234;7.365995;2.821924;0.000100;0.408421;1.971735
9234.41;5033;5046;4.000000;0.557450;0.000649;5.729968;5.691344;4.996906;5.525524;7.341577;2.864007;1.059236;0.402626;1.944502
9236.21;5034;5047;4.000000;0.545400;0.000514;5.738519;5.861707;4.896190;5.567911;6.957061;2.789216;1.216490;0.400937;2.694187
9238.01;5035;5048;4.000000;0.579988;0.000487;5.479129;5.500288;4.971348;5.555943;7.552256;2.910829;2.082155;0.403346;2.521599
9239.81;5036;5049;4.000000;0.625693;0.000954;4.086197;5.266861;3.999670;5.739399;7.458898;3.016031;1.905929;0.426138;2.672393
9241.61;5037;5050;4.000000;0.605493;0.000173;4.046142;5.405456;3.832602;5.700260;7.498544;2.979531;1.653482;0.430515;2.222991
9243.41;5038;5051;4.000000;0.647824;0.000173;3.976812;5.109881;4.030281;5.765284;7.547973;2.960523;0.000100;0.425482;1.674105
9245.21;5039;5052;4.000000;0.561495;0.000562;5.432885;5.694879;4.772209;5.569076;7.766927;2.908647;2.382673;0.396697;2.899355
9247.01;5040;5053;4.000000;0.609894;0.000173;4.123347;5.384722;3.934120;5.719665;7.582122;2.973270;0.000100;0.426443;2.595738
9248.81;5041;5054;4.000000;0.778204;0.000419;1.839946;4.562150;2.239967;6.183236;8.285053;3.278127;0.000100;0.509651;2.477605
9250.61;5042;5055;4.000000;0.832574;0.000532;1.652462;4.312233;2.152275;6.252851;8.072133;3.240904;0.000100;0.509271;2.328414
9252.41;5043;5056;4.000000;0.797214;0.000173;1.547114;4.490856;1.929481;6.235296;7.945078;3.207995;1.055906;0.507459;2.486748
9254.21;5044;5057;4.000000;0.782378;0.000822;1.617112;4.507286;1.979248;6.141647;7.837904;3.187411;0.000100;0.496411;2.347869
9256.01;5045;5058;4.000000;0.735440;0.000406;1.330369;5.244977;1.530604;6.718062;8.554166;3.248621;0.000100;0.550398;2.507809
9257.81;5046;5059;4.000000;0.734517;0.000611;1.292694;5.169817;1.485391;6.613479;8.406842;3.291200;0.000100;0.553495;2.485712
9259.61;5047;5060;4.000000;0.565017;0.000582;2.182555;6.305320;1.929167;6.204711;7.054968;2.915223;0.000100;0.483600;1.629115
9261.41;5048;5061;4.000000;0.705856;0.000173;1.321866;5.220933;1.459644;6.418260;8.090781;3.221778;0.000100;0.510398;2.476416
9263.21;5049;5062;4.000000;0.755779;0.000173;2.195362;5.273369;2.595640;6.941225;6.870453;2.820510;0.000100;0.554673;1.466326
9265.01;5050;5063;;;;;;;;;;;;
9266.81;5051;5064;4.000000;0.644067;0.000173;1.963101;6.300570;1.977956;7.067464;7.702175;2.928255;0.000100;0.562639;2.094269
9268.61;5052;5065;4.000000;0.685202;0.000173;1.809436;5.666580;1.939569;6.762273;7.771103;3.071543;0.000100;0.519116;1.885903
9270.41;5053;5066;4.000000;0.677306;0.000462;1.875610;5.588890;1.987334;6.592703;8.066373;3.230344;1.133502;0.475337;1.887344
9272.21;5054;5067;4.000000;0.686158;0.000173;1.751871;5.399281;1.880483;6.452277;8.033971;3.303027;0.000100;0.464793;2.038845
9274.01;5055;5068;4.000000;0.712757;0.000173;2.061273;5.076989;2.298371;6.302322;7.956505;3.127904;0.000100;0.461630;2.174918
9275.81;5056;5069;4.000000;0.706835;0.000173;2.212858;4.982355;2.446893;6.133465;7.860357;3.053691;0.000100;0.474388;1.505212
9277.61;5057;5070;4.000000;0.744637;0.000173;2.248985;4.639154;2.619836;6.016392;7.621023;2.946017;0.000100;0.486090;1.323068
9279.41;5058;5071;4.000000;0.792971;0.000173;1.800460;4.458536;2.233491;6.157477;7.871130;3.336902;1.374480;0.446603;2.766355
9281.21;5059;5072;4.000000;0.936429;0.000173;1.623342;3.746734;2.378089;6.110555;8.309109;3.373902;1.110601;0.434436;2.122916
9283.01;5060;5073;4.000000;0.934503;0.000478;1.746026;3.644720;2.552553;5.931955;8.210289;3.378081;3.381012;0.447576;1.110773
9284.81;5061;5074;4.000000;0.937150;0.000462;1.749821;3.691054;2.565347;6.024382;8.572693;3.498345;4.295522;0.459655;2.305611
9286.61;5062;5075;4.000000;0.906816;0.000173;1.849410;3.763818;2.623589;5.944303;8.116545;3.461605;2.670854;0.445672;2.118558
9288.41;5063;5076;4.000000;0.809182;0.000457;1.544486;4.424468;1.955120;6.235341;7.801713;3.315082;0.000100;0.505109;1.800338
9290.21;5064;5077;4.000000;0.789041;0.000466;1.612857;4.528962;1.990851;6.223738;7.862302;3.212085;0.000100;0.508084;2.170504
9292.01;5065;5078;4.000000;0.830223;0.000537;1.519255;4.305000;1.973190;6.224736;8.034547;3.327282;0.000100;0.525227;1.315822
9293.81;5066;5079;5.000000;0.733565;0.000173;3.485504;4.423719;3.999883;5.651698;7.505188;2.966187;1.592429;0.422755;1.941126
9295.61;5067;5080;5.000000;0.599210;0.000486;5.103443;5.344524;4.783942;5.577522;6.608506;2.823137;0.000100;0.393642;1.137202
9297.41;5068;5081;5.000000;0.616281;0.000553;5.162526;5.169818;4.977191;5.548902;6.889088;2.859214;1.589757;0.391328;2.554272
9299.21;5069;5082;5.000000;0.636305;0.000546;5.032854;5.041394;5.009831;5.586877;6.830861;2.762423;1.254405;0.376067;2.072590
9301.01;5070;5083;5.000000;0.739938;0.000666;3.245547;3.835817;3.756873;4.943178;6.552256;2.921877;4.268561;0.304688;2.287804
9302.81;5071;5084;5.000000;1.356777;0.000812;0.727774;1.451722;1.544715;3.430403;6.130337;3.408004;0.000100;0.145578;0.959366
9304.61;5072;5085;5.000000;1.811030;0.000774;0.338458;1.012819;0.958900;3.194557;5.613660;3.426125;54.873050;0.162362;0.200737
9306.41;5073;5086;5.000000;1.685384;0.000518;0.349158;1.036868;0.920586;3.043514;5.923487;3.415947;0.000100;0.165776;0.200737
9308.21;5074;5087;5.000000;1.787963;0.000643;0.364076;1.020917;1.018344;3.179084;5.945070;3.427065;55.203269;0.179515;0.200737
9310.01;5075;5088;5.000000;1.285785;0.000518;1.417117;1.845179;2.850476;4.131996;6.754457;3.528765;0.000100;0.253943;1.307406
9311.81;5076;5089;5.000000;1.511738;0.000532;1.119020;1.415765;2.646415;3.727529;6.747836;3.629709;0.000100;0.261158;1.274743
9313.61;5077;5090;5.000000;1.347108;0.000458;1.320439;1.753657;2.782685;4.114339;5.946589;3.428065;45.730422;0.243577;0.200737
9315.41;5078;5091;5.000000;1.783712;0.000173;0.500336;0.996085;1.396144;3.094385;6.012437;3.943013;55.843038;0.288204;0.200737
9317.21;5079;5092;5.000000;1.585831;0.000451;0.847190;1.159676;2.101750;3.202924;5.903918;3.757544;41.919022;0.250622;0.200737
9319.01;5080;5093;5.000000;1.097885;0.000436;2.824255;2.409979;4.850695;4.608111;6.604252;3.111675;4.110004;0.320009;0.687233
9320.81;5081;5094;6.000000;0.723142;0.000173;4.856103;3.984248;5.493568;5.017908;6.341403;2.926139;1.563362;0.357148;2.265712
9322.61;5082;5095;5.000000;0.659951;0.000525;5.658083;4.431938;5.841497;5.093991;6.197681;2.662831;1.617075;0.344963;1.710419
9324.41;5083;5096;5.000000;0.743359;0.000173;3.273675;4.411353;3.806952;5.711147;7.468977;3.100865;2.557402;0.432454;1.938860
9326.21;5084;5097;5.000000;0.699090;0.000173;5.466562;4.274622;5.978477;5.204556;6.988963;2.816564;3.624680;0.356720;2.648403
9328.01;5085;5098;5.000000;0.721993;0.000731;5.230244;4.049205;5.907422;5.091614;6.818597;2.817998;3.269084;0.365867;2.464693
9329.81;5086;5099;5.000000;0.732769;0.000544;5.469843;4.122309;6.270260;5.260911;7.266056;2.804783;3.691316;0.355897;1.750815
9331.61;5087;5100;5.000000;0.633285;0.000173;5.495549;4.748144;5.444448;5.236926;6.352048;2.522251;2.627386;0.323641;1.351323
9333.41;5088;5101;5.000000;0.771771;0.000486;5.256513;3.934298;6.346429;5.288209;7.092725;2.705669;4.584504;0.356693;1.814508
9335.21;5089;5102;5.000000;0.643617;0.000496;6.156549;4.649984;6.198808;5.212331;6.753420;2.695602;2.256115;0.373740;2.734331
9337.01;5090;5103;5.000000;0.639290;0.000173;6.249218;4.677376;6.249809;5.207785;6.786488;2.749551;1.836847;0.363660;2.148346
9338.81;5091;5104;5.000000;0.600386;0.000535;6.159186;4.994764;5.784918;5.222742;6.344522;2.506710;1.213752;0.344423;1.784624
9340.61;5092;5105;5.000000;0.723900;0.000173;4.199203;4.441716;4.755417;5.599925;7.256932;2.939147;2.690368;0.401985;2.880771
9342.41;5093;5106;5.000000;0.682343;0.000173;3.097849;5.207086;3.306786;6.187998;7.475872;3.020227;1.236139;0.412937;2.182789
9344.21;5094;5107;5.000000;0.600661;0.000173;3.473063;5.980923;3.263513;6.256776;7.237560;3.003666;0.000100;0.407450;1.151193
9346.01;5095;5108;5.000000;0.841640;0.000173;1.274881;4.543504;1.678571;6.659942;6.736544;2.965646;0.000100;0.426010;1.700729
9347.81;5096;5109;5.000000;0.950928;0.000452;1.207012;4.233990;1.795571;7.012137;8.036672;3.380166;0.000100;0.479834;1.925861
9349.61;5097;5110;;;;;;;;;;;;
9351.41;5098;5111;;;;;;;;;;;;
9353.21;5099;5112;5.000000;0.738333;0.000173;1.474352;5.409014;1.702930;6.955417;6.967675;3.288081;0.000100;0.478946;1.690013
9355.01;5100;5113;5.000000;0.799821;0.000513;1.266583;5.157019;1.584784;7.183642;7.478356;3.403298;0.000100;0.510381;2.024060
9356.81;5101;5114;5.000000;0.750690;0.000454;1.298662;5.434664;1.525106;7.105362;7.696293;3.469914;0.000100;0.480971;1.885569
9358.61;5102;5115;5.000000;0.670762;0.000173;1.165610;5.778232;1.223108;6.750193;7.666577;3.450867;0.000100;0.451155;1.325950
9360.41;5103;5116;5.000000;0.705811;0.000416;1.432779;5.341597;1.582017;6.566180;7.741277;3.482236;0.000100;0.478096;1.505841
9362.21;5104;5117;5.000000;0.636448;0.000417;1.753693;5.861965;1.746063;6.497693;7.971261;3.370978;1.715857;0.482633;1.972785
9364.01;5105;5118;5.000000;0.614386;0.000517;2.106417;5.503326;2.024552;5.888700;7.645446;2.974653;1.271593;0.451548;1.996673
9365.81;5106;5119;5.000000;0.728738;0.000692;1.638525;4.295243;1.867960;5.451448;7.374940;2.573597;3.629404;0.409304;1.388674
9367.61;5107;5120;5.000000;0.713345;0.000474;1.571561;4.285739;1.753777;5.324496;7.007673;2.331573;2.581765;0.401671;1.791895
9369.41;5108;5121;5.000000;0.823727;0.000173;1.794029;3.782091;2.311832;5.425859;6.894724;2.304370;0.000100;0.391766;1.206346
9371.21;5109;5122;5.000000;1.214621;0.000173;1.268176;2.970391;2.409704;6.283586;7.366812;2.625837;0.000100;0.406716;1.462427
9373.01;5110;5123;5.000000;1.057426;0.000637;1.397199;3.373439;2.311274;6.212632;6.544621;2.475253;0.000100;0.397197;1.742257
9374.81;5111;5124;5.000000;1.119990;0.000173;1.344718;3.169097;2.356072;6.181626;7.301003;2.538348;0.000100;0.390191;1.287771
9376.61;5112;5125;5.000000;1.206964;0.000762;1.255642;2.948842;2.370846;6.198675;7.150634;2.528649;0.000100;0.391940;1.340735
9378.41;5113;5126;4.000000;0.771599;0.000632;2.001382;4.600169;2.415824;6.181853;7.321498;3.306118;0.000100;0.444720;1.502350
9380.21;5114;5127;4.000000;0.767508;0.000433;2.042854;4.653397;2.452809;6.220228;7.880120;3.458969;2.119595;0.451332;2.435183
9382.01;5115;5128;4.000000;0.870366;0.000173;1.998196;3.985794;2.720717;6.041850;7.623963;3.461568;0.000100;0.437847;1.574526
9383.81;5116;5129;4.000000;0.787303;0.000173;2.877834;4.301187;3.544468;5.897709;7.439595;3.283580;1.425476;0.409044;1.942884
9385.61;5117;5130;4.000000;0.805995;0.000173;2.829666;4.164518;3.567887;5.845886;7.670820;3.165323;2.361717;0.410260;2.013063
9387.41;5118;5131;4.000000;0.763728;0.000550;3.338070;4.329393;3.988204;5.758622;7.434795;3.159335;2.010112;0.424664;2.596190
9389.21;5119;5132;4.000000;0.702076;0.000462;3.802998;4.686202;4.176897;5.730049;7.473818;3.065755;2.731860;0.404453;2.031486
9391.01;5120;5133;4.000000;0.666646;0.000651;4.350222;4.862242;4.536806;5.645275;7.192538;2.985998;2.756665;0.395847;2.192896
9392.81;5121;5134;4.000000;0.613923;0.000173;4.894150;5.273895;4.700399;5.638955;7.428118;2.964056;1.475704;0.402492;2.300090
9394.61;5122;5135;4.000000;0.584119;0.000173;5.508223;5.410314;5.033337;5.503977;6.619373;2.818091;0.000100;0.397645;1.383075
9396.41;5123;5136;4.000000;0.580325;0.000600;6.211275;5.318426;5.638910;5.375356;6.999203;2.739352;0.000100;0.389532;1.903316
9398.21;5124;5137;4.000000;0.554657;0.000173;6.970367;5.461678;6.048158;5.275981;6.572653;2.630934;2.722198;0.374721;1.987023
9400.01;5125;5138;4.000000;0.532958;0.000173;7.448459;5.687349;6.210161;5.279052;7.141843;2.678716;2.902661;0.392280;3.421116
9401.81;5126;5139;4.000000;0.555686;0.000173;7.686264;5.564171;6.681713;5.384963;6.867751;2.681169;2.106397;0.392578;2.142064
9403.61;5127;5140;4.000000;0.495086;0.001623;8.446704;5.951037;6.542010;5.131287;6.449881;2.589632;0.000100;0.371976;1.336388
9405.41;5128;5141;5.000000;0.693853;0.000635;2.391056;4.225518;2.595376;5.106227;5.872185;2.067751;0.000100;0.469515;0.200737
9407.21;5129;5142;5.000000;0.902104;0.000740;1.809598;3.185808;2.553771;5.005289;5.557821;2.092246;50.560772;0.468346;0.200737
9409.01;5130;5143;4.000000;0.771167;0.000173;4.116671;4.091250;4.966356;5.494871;6.300951;2.386365;0.000100;0.408519;1.552368
9410.81;5131;5144;5.000000;0.890587;0.000173;4.702075;3.697592;6.551025;5.735198;5.538971;1.237215;0.000100;0.563299;1.970495
9412.61;5132;5145;5.000000;1.316955;0.000591;2.754539;2.226272;5.674966;5.106252;5.268265;1.379952;47.369763;0.435584;0.200737
9414.41;5133;5146;5.000000;1.214410;0.000758;3.109697;2.396873;5.907814;5.069481;5.858624;1.391446;0.000100;0.445419;1.758043
9416.21;5134;5147;5.000000;0.633830;0.000173;7.523470;5.218457;7.459928;5.760607;5.959538;2.060508;0.000100;0.349174;3.479545
9418.01;5135;5148;5.000000;0.593275;0.000173;7.968797;5.577647;7.395924;5.763157;5.986619;2.236822;0.000100;0.359799;1.746855
9419.81;5136;5149;5.000000;0.560659;0.000439;8.738536;5.843635;7.664441;5.706037;6.471554;2.304725;0.000100;0.343303;1.915883
9421.61;5137;5150;5.000000;0.558674;0.000480;7.979651;5.872523;6.974056;5.713943;6.046018;2.279329;0.000100;0.349873;1.494216
9423.41;5138;5151;5.000000;0.544377;0.000173;8.396368;5.964662;7.150463;5.655074;6.144432;2.313778;0.000100;0.350760;2.561937
9425.21;5139;5152;5.000000;0.606101;0.000173;7.450200;5.434923;7.064089;5.737085;6.221481;2.335651;1.195257;0.350754;2.718902
9427.01;5140;5153;5.000000;0.605637;0.000444;10.092919;4.934613;9.562526;5.204975;5.799625;2.119760;0.000100;0.317349;2.007982
9428.81;5141;5154;5.000000;0.645126;0.000463;9.390379;4.710018;9.476996;5.292000;5.893079;2.084923;1.569060;0.316940;3.258464
9430.61;5142;5155;5.000000;0.562625;0.000540;10.701877;5.385446;9.419376;5.277078;5.803884;2.128564;1.363702;0.330352;1.377792
9432.41;5143;5156;5.000000;0.455740;0.000508;12.452673;6.282687;8.878155;4.986723;5.946062;2.228661;1.215632;0.326720;2.398819
9434.21;5144;5157;5.000000;0.427625;0.000173;13.839775;6.592280;9.258397;4.909668;6.135521;2.191401;1.739703;0.326454;1.865496
9436.01;5145;5158;5.000000;0.459970;0.000173;13.727790;5.901177;9.878108;4.727391;6.029811;2.059190;2.611796;0.321633;2.548369
9437.81;5146;5159;5.000000;0.472989;0.000173;14.156771;5.671631;10.475099;4.672095;6.190933;2.060052;3.275152;0.329187;2.557653
9439.61;5147;5160;5.000000;0.478036;0.000477;14.553402;5.530659;10.883507;4.604589;6.462710;2.037540;3.792659;0.326655;2.667651
9441.41;5148;5161;5.000000;0.456777;0.000173;16.229551;5.689721;11.597215;4.526347;5.749519;1.730534;2.707962;0.303489;3.329250
9443.21;5149;5162;5.000000;0.449238;0.000643;17.493679;5.634128;12.294209;4.408145;5.613186;1.712021;3.037321;0.296681;2.114488
9445.01;5150;5163;5.000000;0.459974;0.000173;15.926576;5.607806;11.460379;4.492408;5.563047;1.679400;2.235994;0.289233;2.058408
9446.81;5151;5164;5.000000;0.464725;0.000747;15.485451;5.578311;11.258047;4.514936;5.503824;1.751851;1.460817;0.295065;1.895570
9448.61;5152;5165;5.000000;0.452467;0.000173;16.104088;5.775925;11.398986;4.551571;5.911056;1.796366;2.982476;0.294839;2.149886
9450.41;5153;5166;5.000000;0.446277;0.000578;15.956549;5.935872;11.140047;4.613625;5.808909;1.860303;1.299840;0.297057;2.402847
9452.21;5154;5167;5.000000;0.463203;0.000173;15.399987;5.703079;11.159254;4.600806;5.964383;1.869089;2.891541;0.294530;2.265880
9454.01;5155;5168;5.000000;0.473573;0.000173;15.325543;5.584917;11.353931;4.606348;5.890007;1.885281;2.851219;0.297316;2.906183
9455.81;5156;5169;5.000000;0.482117;0.000173;14.294696;5.534942;10.781290;4.647491;5.752463;1.873946;1.822217;0.303125;2.541117
9457.61;5157;5170;5.000000;0.452010;0.000173;15.405757;5.820528;10.893669;4.582085;5.743031;1.843636;3.187337;0.295838;2.795378
9459.41;5158;5171;5.000000;0.450996;0.000173;15.307795;5.989006;10.800130;4.704146;5.779495;1.894280;1.882052;0.296413;2.719923
9461.21;5159;5172;5.000000;0.456479;0.000173;14.993456;5.672813;10.706963;4.509961;4.977961;1.734965;1.332815;0.297036;2.858905
9463.01;5160;5173;5.000000;0.477199;0.000692;14.818344;5.374887;11.062231;4.467063;5.250780;1.699292;1.795523;0.291887;2.191529
9464.81;5161;5174;5.000000;0.463335;0.000471;15.540791;5.566803;11.264491;4.492147;5.415858;1.790645;1.587775;0.304966;1.363028
9466.61;5162;5175;5.000000;0.444076;0.000447;17.058408;5.617046;11.850565;4.344284;5.339453;1.665980;3.405059;0.289431;2.337947
9468.41;5163;5176;5.000000;0.434126;0.000173;17.203892;5.818378;11.683852;4.399173;4.974408;1.559134;1.996733;0.280174;1.810539
9470.21;5164;5177;5.000000;0.451345;0.000173;16.950529;5.535696;11.968369;4.351447;5.287508;1.570552;3.588000;0.283610;1.996160
9472.01;5165;5178;5.000000;0.484812;0.000613;13.873892;5.515712;10.522406;4.657233;5.313510;1.582341;1.250566;0.329311;1.340842
9473.81;5166;5179;5.000000;0.479802;0.000432;13.562027;5.788295;10.179588;4.836887;5.347777;1.577099;0.000100;0.337511;2.306015
9475.61;5167;5180;5.000000;0.472311;0.000173;14.081199;5.944430;10.404263;4.889806;5.989848;1.693036;3.621241;0.321102;3.208935
9477.41;5168;5181;5.000000;0.502705;0.000173;12.475255;5.593382;9.810840;4.897122;5.778753;1.611127;3.687699;0.310365;2.951900
9479.21;5169;5182;5.000000;0.476319;0.000173;13.220709;5.917606;9.851348;4.909041;5.476893;1.616493;2.241579;0.301669;1.756412
9481.01;5170;5183;5.000000;0.477560;0.000173;13.124089;5.983673;9.804831;4.976781;5.505334;1.651986;3.071452;0.312666;1.775017
9482.81;5171;5184;5.000000;0.481404;0.000420;13.360520;5.807690;10.061813;4.869294;5.346248;1.564279;2.444070;0.309362;1.924680
9484.61;5172;5185;5.000000;0.463458;0.000173;14.521116;5.823852;10.528181;4.700817;5.321680;1.553380;2.185976;0.300461;2.195303
9486.41;5173;5186;5.000000;0.455455;0.000173;14.805945;5.882594;10.549334;4.666245;5.525362;1.583759;2.868268;0.299969;2.198572
9488.21;5174;5187;5.000000;0.470677;0.000532;14.444871;5.659364;10.636032;4.639202;5.576840;1.601346;3.238325;0.304721;1.925263
9490.01;5175;5188;5.000000;0.448497;0.000173;15.050784;5.816984;10.559942;4.543704;5.383999;1.628228;3.251360;0.291969;2.353254
9491.81;5176;5189;5.000000;0.408841;0.000173;16.730860;6.519335;10.700795;4.642060;4.706784;1.598831;0.000100;0.291525;1.906478
9493.61;5177;5190;4.000000;0.515650;0.000173;9.918059;5.730318;8.000643;5.146200;5.690287;2.237448;0.000100;0.340751;2.212585
9495.41;5178;5191;4.000000;0.505603;0.000173;10.124381;5.798454;8.007946;5.105927;5.611970;2.233422;0.000100;0.344889;1.043729
9497.21;5179;5192;4.000000;0.491452;0.000173;10.440782;5.998631;8.027075;5.134357;5.551609;2.264880;0.000100;0.355524;1.545330
9499.01;5180;5193;4.000000;0.552211;0.000439;7.936052;5.523223;6.855713;5.311906;6.394570;2.573145;0.000100;0.381746;1.839209
9500.81;5181;5194;4.000000;0.568563;0.000173;7.578946;5.335458;6.741094;5.283272;6.344734;2.535876;0.000100;0.374320;1.679694
9502.61;5182;5195;4.000000;0.524935;0.000502;8.535391;5.809161;7.009267;5.310952;6.476525;2.474319;1.174861;0.367552;2.266122
9504.41;5183;5196;4.000000;0.551362;0.000173;7.849832;5.608562;6.770813;5.385693;6.118918;2.450741;0.000100;0.382276;1.564804
9506.21;5184;5197;4.000000;0.623986;0.000173;5.310716;5.160184;5.184078;5.607811;7.008845;2.837170;0.000100;0.421184;1.950039
9508.01;5185;5198;4.000000;0.595111;0.000173;8.196092;5.009729;7.630417;5.192367;6.639770;2.337661;0.000100;0.369429;1.694079
9509.81;5186;5199;5.000000;0.584819;0.000461;8.416733;5.015975;7.700315;5.108930;6.900202;2.324386;1.288285;0.367983;2.697736
9511.61;5187;5200;5.000000;0.576452;0.000173;8.248098;5.183590;7.438076;5.204118;6.273644;2.252828;0.000100;0.363826;0.200737
9513.41;5188;5201;5.000000;0.565947;0.000173;8.217930;5.228235;7.275809;5.153279;6.415168;2.274046;0.000100;0.351477;2.284902
9515.21;5189;5202;5.000000;0.588655;0.000442;7.773766;5.013144;7.158726;5.139539;6.532293;2.322454;0.000100;0.364244;3.120441
9517.01;5190;5203;5.000000;0.523169;0.000173;10.753191;5.293258;8.800806;4.823007;6.310535;2.239384;0.000100;0.351392;2.812181
9518.81;5191;5204;5.000000;0.519453;0.000173;10.880729;5.372126;8.841948;4.860107;6.467180;2.295189;2.724763;0.356371;2.204077
9520.61;5192;5205;5.000000;0.487822;0.000700;11.767355;5.636660;8.980150;4.788906;6.190179;2.235582;1.211290;0.350073;1.749455
9522.41;5193;5206;5.000000;0.463221;0.000173;13.755740;5.763400;9.968179;4.649650;5.614266;2.085802;1.520800;0.319309;1.464817
9524.21;5194;5207;5.000000;0.508697;0.000173;13.485662;5.132716;10.731856;4.547361;5.866661;2.065723;1.978160;0.304641;2.427046
9526.01;5195;5208;5.000000;0.516916;0.000173;13.667932;5.064449;11.052652;4.559378;5.601349;1.997517;1.822553;0.297520;2.692297
9527.81;5196;5209;5.000000;0.457124;0.000173;14.960554;5.744802;10.698544;4.573638;5.847238;2.085507;1.637554;0.297520;2.373198
9529.61;5197;5210;5.000000;0.448065;0.000173;15.572697;5.824025;10.915615;4.544826;5.441193;1.982486;0.000100;0.300660;2.422787
9531.41;5198;5211;5.000000;0.472180;0.000428;15.237942;5.571050;11.255811;4.581390;5.582223;1.992524;1.110858;0.322872;1.731172
9533.21;5199;5212;5.000000;0.492949;0.000173;14.847194;5.209907;11.449582;4.472856;5.437142;1.900708;1.051376;0.286553;3.463509
9535.01;5200;5213;5.000000;0.434974;0.000173;16.174553;5.922322;11.006239;4.486507;5.226282;1.960730;0.000100;0.291756;1.948582
9536.81;5201;5214;5.000000;0.464665;0.000173;16.931161;5.302720;12.307495;4.291325;5.077616;1.874753;1.405843;0.277686;2.515039
9538.61;5202;5215;5.000000;0.446060;0.000598;17.177666;5.554994;11.986740;4.315491;5.313876;1.920068;1.289801;0.274218;2.416400
9540.41;5203;5216;5.000000;0.448406;0.000607;16.922264;5.604713;11.870626;4.377017;5.444947;1.873202;2.066017;0.296915;3.179724
9542.21;5204;5217;5.000000;0.425075;0.000173;17.689976;5.791845;11.763481;4.287807;5.394933;1.905554;1.053102;0.274344;2.038540
9544.01;5205;5218;5.000000;0.422459;0.000173;17.904573;5.916100;11.832919;4.352845;5.379796;1.927926;0.000100;0.284431;1.489754
9545.81;5206;5219;5.000000;0.415336;0.000428;17.737476;5.955778;11.524841;4.308155;5.668368;1.880517;1.640061;0.295204;3.713533
9547.61;5207;5220;5.000000;0.425790;0.000173;17.642977;5.785037;11.751970;4.289974;5.345884;1.954674;0.000100;0.292071;1.573411
9549.41;5208;5221;5.000000;0.441421;0.000173;16.643085;5.639724;11.492917;4.335748;5.434425;1.910221;1.533011;0.289835;2.717889
9551.21;5209;5222;6.000000;0.412384;0.000173;18.103211;6.108854;11.678863;4.387472;5.792141;1.936949;1.860874;0.291176;3.375072
9553.01;5210;5223;6.000000;0.414456;0.000173;17.177669;6.128250;11.137456;4.423520;5.496719;2.003393;1.797998;0.295409;2.562122
9554.81;5211;5224;6.000000;0.405210;0.000173;17.625728;6.248286;11.173006;4.409543;5.587740;1.964162;0.000100;0.299365;2.050585
9556.61;5212;5225;6.000000;0.397275;0.000173;18.131546;6.512471;11.268572;4.505983;5.447873;1.990421;0.000100;0.311727;1.807647
9558.41;5213;5226;6.000000;0.416003;0.000661;17.362570;5.991158;11.299357;4.340704;5.839035;1.981762;1.346495;0.300775;2.418630
9560.21;5214;5227;6.000000;0.405884;0.000173;17.574919;6.241116;11.159343;4.411814;5.546422;1.978125;1.557519;0.302292;1.487599
9562.01;5215;5228;6.000000;0.455304;0.000173;15.373809;5.714426;10.950317;4.531349;5.417611;1.766639;1.525761;0.293990;2.485192
9563.81;5216;5229;6.000000;0.479209;0.000534;14.307916;5.455432;10.726159;4.553095;5.354090;1.860308;1.682505;0.311860;1.322709
9565.61;5217;5230;6.000000;0.482047;0.000470;14.679476;5.323842;11.069888;4.469588;5.367075;1.865565;2.285342;0.310110;1.483075
9567.41;5218;5231;6.000000;0.502899;0.000173;14.426226;5.103792;11.349497;4.470196;5.207658;1.812934;1.603212;0.310289;2.380825
9569.21;5219;5232;6.000000;0.476197;0.000173;14.646667;5.583830;10.911098;4.630966;5.565446;1.878853;2.094901;0.314616;2.175226
9571.01;5220;5233;6.000000;0.476806;0.000663;14.547331;5.589576;10.850959;4.641660;5.335509;1.821591;2.256140;0.313982;2.583273
9572.81;5221;5234;6.000000;0.429191;0.000456;17.185075;5.890433;11.538406;4.403026;5.025015;1.632256;0.000100;0.293368;2.901983
9574.61;5222;5235;6.000000;0.442172;0.000173;15.893887;5.925089;10.994215;4.562876;5.535415;1.851076;1.241154;0.306742;1.745097
9576.41;5223;5236;6.000000;0.453045;0.000420;15.476980;5.708278;10.969108;4.504016;5.155054;1.749463;1.856349;0.291884;2.421362
9578.21;5224;5237;6.000000;0.466814;0.000173;15.704402;5.439571;11.468546;4.422433;5.533347;1.805421;3.460222;0.302300;2.581491
9580.01;5225;5238;6.000000;0.479308;0.000173;15.339761;5.408955;11.502082;4.515241;5.280866;1.735438;2.270325;0.304123;2.445279
9581.81;5226;5239;6.000000;0.463276;0.000173;15.397807;5.800620;11.159438;4.680234;5.223772;1.754781;3.053038;0.295738;2.727198
9583.61;5227;5240;6.000000;0.445638;0.000468;15.944773;5.953486;11.115882;4.620688;5.151441;1.755059;2.017136;0.299161;2.656069
9585.41;5228;5241;6.000000;0.458276;0.000173;15.681049;5.783743;11.242049;4.616247;5.492947;1.735223;2.473562;0.289840;2.936666
9587.21;5229;5242;6.000000;0.465188;0.000446;15.313114;5.757424;11.143844;4.664547;5.412213;1.730563;2.203491;0.295497;2.341083
9589.01;5230;5243;6.000000;0.456362;0.000173;15.390930;5.934173;10.987969;4.716529;5.172229;1.737885;2.172647;0.295506;1.607280
9590.81;5231;5244;6.000000;0.662926;0.000173;10.391338;4.583759;10.776555;5.292245;5.160586;1.487420;0.000100;0.358040;2.682545
9592.61;5232;5245;6.000000;0.578250;0.000173;12.501580;5.153488;11.308995;5.190032;4.948400;1.438766;0.000100;0.356697;2.868868
9594.41;5233;5246;6.000000;0.742811;0.000626;9.283873;4.197428;10.788248;5.430186;5.137695;1.495248;0.000100;0.344634;2.691748
9596.21;5234;5247;6.000000;0.543377;0.000173;12.957796;5.556415;11.014774;5.258342;4.928590;1.460420;0.000100;0.344576;1.850250
9598.01;5235;5248;;;;;;;;;;;;
9599.81;5236;5249;;;;;;;;;;;;
9601.61;5237;5250;;;;;;;;;;;;
9603.41;5238;5251;;;;;;;;;;;;
9605.21;5239;5252;;;;;;;;;;;;
9607.01;5240;5253;5.000000;0.893537;0.000479;7.166166;3.486173;10.017114;5.425183;5.205845;1.233560;0.000100;0.461347;2.379674
9608.81;5241;5254;5.000000;0.492769;0.000546;15.388294;5.469568;11.862534;4.694072;5.096954;1.569008;0.000100;0.312308;2.025571
9610.61;5242;5255;5.000000;0.500640;0.000173;15.276031;5.316453;11.964074;4.635539;5.088737;1.604747;2.011479;0.298900;1.995109
9612.41;5243;5256;6.000000;0.569998;0.000514;12.364620;5.023000;11.025477;4.986427;5.389134;1.594124;1.896655;0.312042;2.092077
9614.21;5244;5257;6.000000;0.536667;0.000531;12.785907;5.284247;10.734450;4.939023;5.471781;1.635934;2.284180;0.314001;2.723103
9616.01;5245;5258;6.000000;0.478699;0.000694;13.787063;5.974227;10.324707;4.980780;5.339064;1.592629;1.312158;0.318798;2.144073
9617.81;5246;5259;6.000000;0.485939;0.000173;13.463571;5.837994;10.234931;4.940809;5.100835;1.539182;1.668358;0.313423;1.800844
9619.61;5247;5260;6.000000;0.503553;0.000474;12.967482;5.669349;10.215145;4.972007;5.181472;1.544890;1.704699;0.307795;0.851556
9621.41;5248;5261;6.000000;0.531599;0.000173;9.842634;5.856980;8.185376;5.422639;6.049338;1.912207;2.214725;0.396745;2.958683
9623.21;5249;5262;6.000000;0.566111;0.000173;9.124294;5.572102;8.080605;5.493806;5.841272;1.936576;0.000100;0.396601;2.473627
9625.01;5250;5263;6.000000;0.559315;0.000173;5.357424;6.039054;4.687657;5.882723;6.146683;2.319713;0.000100;0.380390;2.493839
9626.81;5251;5264;6.000000;0.544757;0.000461;4.038122;6.386955;3.441326;6.059683;6.386349;2.494655;1.063789;0.379320;2.393500
9628.61;5252;5265;5.000000;0.541248;0.000173;4.094966;6.383567;3.467290;6.017457;6.033381;2.369895;0.000100;0.373017;2.166451
9630.41;5253;5266;5.000000;0.540690;0.000472;4.068604;6.340678;3.441417;5.970865;5.929052;2.398117;0.000100;0.384670;1.705380
9632.21;5254;5267;5.000000;0.571285;0.000572;3.774140;6.130195;3.372981;6.099298;6.437277;2.557833;0.000100;0.377553;2.280059
9634.01;5255;5268;5.000000;0.575296;0.000173;3.743282;6.031986;3.368894;6.043727;6.827325;2.607985;1.126411;0.393414;1.674240
9635.81;5256;5269;5.000000;0.572094;0.000432;3.881746;6.112477;3.474063;6.090283;6.971641;2.634801;1.675201;0.396844;2.986423
9637.61;5257;5270;5.000000;0.587398;0.000173;3.946026;5.899609;3.626069;6.035442;6.424066;2.602028;0.000100;0.387206;1.911448
9639.41;5258;5271;5.000000;0.572972;0.000594;4.133756;5.978246;3.705282;5.965679;6.570991;2.597528;0.000100;0.382107;2.115720
9641.21;5259;5272;5.000000;0.559223;0.000418;4.281249;6.181988;3.745403;6.020963;6.518272;2.559914;0.000100;0.385445;2.234219
9643.01;5260;5273;5.000000;0.586474;0.000463;4.243298;5.828181;3.893100;5.952985;6.906864;2.570145;1.140751;0.388195;3.099351
9644.81;5261;5274;5.000000;0.779322;0.000475;4.201780;4.804109;5.122639;6.520531;6.204226;2.297515;0.000100;0.360290;2.494171
9646.61;5262;5275;4.000000;0.731546;0.000173;4.482659;4.919328;5.130040;6.267590;5.884388;2.242385;0.000100;0.355049;2.415794
9648.41;5263;5276;4.000000;0.666103;0.000578;4.948847;5.430586;5.156901;6.300008;6.385873;2.395453;0.000100;0.370745;2.424712
9650.21;5264;5277;4.000000;0.601124;0.000481;5.452815;5.951582;5.127765;6.230881;5.932540;2.314037;0.000100;0.366404;3.066270
9652.01;5265;5278;4.000000;0.730687;0.000173;4.696653;4.815547;5.368624;6.128157;6.152965;2.258708;0.000100;0.358731;2.833229
9653.81;5266;5279;4.000000;0.850644;0.000173;4.203203;3.971758;5.593344;5.884148;5.952386;2.151360;1.740484;0.369684;3.016331
9655.61;5267;5280;6.000000;0.549351;0.000570;6.234670;5.607485;5.358046;5.365013;6.035283;2.368546;1.573005;0.350688;2.574874
9657.41;5268;5281;5.000000;0.551169;0.000480;6.286501;5.636862;5.420473;5.410973;5.807699;2.313836;1.493779;0.346756;2.740408
9659.21;5269;5282;5.000000;0.568781;0.000173;6.684931;5.385102;5.948192;5.334475;5.987879;2.299330;1.614741;0.357313;1.670162
9661.01;5270;5283;5.000000;0.563324;0.000461;6.948843;5.420976;6.123703;5.318496;6.300399;2.336025;2.805958;0.357272;2.282455
9662.81;5271;5284;5.000000;0.552158;0.000173;7.289783;5.521341;6.296815;5.309586;6.382152;2.262473;2.168556;0.352638;2.256799
9664.61;5272;5285;5.000000;0.541470;0.000604;6.537303;5.757422;5.537538;5.429450;5.754840;2.197130;2.060797;0.348104;1.786946
9666.41;5273;5286;5.000000;0.575231;0.000173;5.983708;5.801346;5.384630;5.811977;5.877650;2.131888;0.000100;0.418217;2.244056
9668.21;5274;5287;5.000000;0.574583;0.000626;5.980965;5.858942;5.376100;5.863068;5.965438;2.113369;0.000100;0.422580;2.152372
9670.01;5275;5288;6.000000;0.593887;0.000173;5.956914;5.723670;5.534377;5.920136;6.129343;2.173086;0.000100;0.433219;2.781416
9671.81;5276;5289;5.000000;0.782388;0.000173;4.251902;5.036433;5.204138;6.862752;6.154551;2.175374;0.000100;0.565348;1.713871
9673.61;5277;5290;5.000000;0.601712;0.000173;4.815905;6.167145;4.533249;6.462872;6.463867;2.398172;0.000100;0.487558;2.395849
9675.41;5278;5291;5.000000;0.594322;0.000173;4.907324;6.309435;4.562572;6.530782;6.578598;2.405653;0.000100;0.469748;1.711040
9677.21;5279;5292;5.000000;0.692596;0.000677;4.720603;5.674032;5.114707;6.844233;6.509890;2.214388;0.000100;0.593753;3.303531
9679.01;5280;5293;5.000000;0.686185;0.000173;4.209600;5.534639;4.518823;6.614293;6.540168;2.407531;0.000100;0.512654;1.317382
9680.81;5281;5294;5.000000;0.611450;0.000173;4.780676;6.120352;4.572918;6.517636;6.630709;2.437635;0.000100;0.490379;2.370797
9682.61;5282;5295;5.000000;0.571548;0.000173;5.226682;5.816729;4.673283;5.790079;6.344804;2.518587;1.671223;0.369667;2.583526
9684.41;5283;5296;5.000000;0.604024;0.000173;4.855562;5.535231;4.588146;5.822951;6.629340;2.570093;2.592577;0.373947;2.528644
9686.21;5284;5297;5.000000;0.575786;0.000173;5.129700;5.751729;4.620577;5.767829;6.416138;2.493545;3.187031;0.364244;3.581323
9688.01;5285;5298;5.000000;0.581463;0.000622;6.095431;5.402984;5.544598;5.471533;5.941229;2.265477;2.449223;0.353417;2.007825
9689.81;5286;5299;5.000000;0.615654;0.000173;5.791129;5.213771;5.577548;5.590386;6.103658;2.251858;2.413137;0.365704;3.385654
9691.61;5287;5300;4.000000;0.588619;0.000483;6.425068;5.415256;5.916369;5.551448;5.915510;2.099840;1.050249;0.351871;2.954767
9693.41;5288;5301;4.000000;0.629647;0.000173;5.898656;5.024525;5.810231;5.509916;5.971788;2.204657;1.742133;0.363300;2.338144
9695.21;5289;5302;4.000000;0.584982;0.000173;6.983854;5.403092;6.391176;5.504751;6.192050;2.034687;2.501541;0.365390;2.746426
9697.01;5290;5303;4.000000;0.590624;0.000173;6.869796;5.352074;6.347434;5.505365;6.240444;2.095855;1.069864;0.367923;2.676670
9698.81;5291;5304;4.000000;0.522025;0.000457;7.970356;5.891352;6.508969;5.356229;5.919156;2.102408;2.166065;0.367375;2.738996
9700.61;5292;5305;4.000000;0.536849;0.000531;7.586841;5.777693;6.371711;5.402059;6.378058;2.102636;3.472471;0.372583;2.869535
9702.41;5293;5306;4.000000;0.564097;0.000173;7.181570;5.542827;6.337479;5.445504;6.077380;2.052392;1.917769;0.364521;3.030909
9704.21;5294;5307;5.000000;0.552820;0.000173;7.251491;6.461992;6.271256;6.221618;6.246157;2.089429;0.000100;0.505605;3.436316
9706.01;5295;5308;6.000000;0.605670;0.000173;7.043214;5.874113;6.673448;6.196284;6.630223;2.075880;0.000100;0.524871;3.264421
9707.81;5296;5309;6.000000;0.452260;0.000173;15.889542;5.949860;11.241983;4.686493;5.266098;1.618841;1.733918;0.331052;2.073812
9709.61;5297;5310;6.000000;0.470008;0.000694;15.632766;5.716256;11.494356;4.679184;5.359114;1.615601;2.291186;0.316661;2.486589
9711.41;5298;5311;6.000000;0.465961;0.000173;15.992209;5.687917;11.657391;4.615894;5.321418;1.608286;2.123469;0.326887;1.687710
9713.21;5299;5312;6.000000;0.446429;0.000485;16.321437;6.000882;11.398666;4.665739;5.127623;1.604718;2.390205;0.321562;1.742016
9715.01;5300;5313;6.000000;0.473120;0.000173;15.694380;5.616309;11.616050;4.627804;5.464345;1.647205;2.796438;0.323869;2.836631
9716.81;5301;5314;6.000000;0.453924;0.000578;13.452670;6.325786;9.552884;5.000924;5.234519;1.733937;1.996302;0.316986;1.996594
9718.61;5302;5315;6.000000;0.436208;0.000173;13.781728;6.567817;9.404603;4.989620;5.136107;1.735114;1.279870;0.320252;1.309389
9720.41;5303;5316;6.000000;0.450678;0.000173;13.527672;6.322141;9.537463;4.962308;5.369002;1.743894;2.484193;0.312037;2.192761
9722.21;5304;5317;6.000000;0.437971;0.000173;14.037215;6.536359;9.617655;4.985788;5.139711;1.711579;1.455246;0.315080;2.301127
9724.01;5305;5318;6.000000;0.423842;0.000173;15.175533;6.487376;10.062150;4.788788;5.212363;1.745410;2.493042;0.316092;2.621904
9725.81;5306;5319;6.000000;0.437966;0.000173;14.598552;6.128720;10.002156;4.674803;5.314827;1.712401;2.234388;0.308841;1.982684
9727.61;5307;5320;6.000000;0.455532;0.000173;14.413942;5.970584;10.271768;4.736842;5.367814;1.730157;2.703649;0.306002;2.383325
9729.41;5308;5321;6.000000;0.402933;0.000173;15.441757;6.551602;9.733580;4.597620;5.592380;1.877384;2.358397;0.321000;1.498186
9731.21;5309;5322;6.000000;0.363924;0.000173;15.905943;7.272666;9.055522;4.609538;5.484776;1.950116;1.482845;0.314519;2.262607
9733.01;5310;5323;5.000000;0.380453;0.000537;13.206481;7.392763;7.860156;4.898470;5.536686;2.096305;1.452752;0.331872;1.770374
9734.81;5311;5324;5.000000;0.368174;0.000173;12.753745;7.818313;7.345725;5.013254;5.537394;2.237735;0.000100;0.339827;2.306835
9736.61;5312;5325;5.000000;0.378957;0.000173;12.398240;7.553000;7.350099;4.984968;5.861816;2.306288;0.000100;0.348653;1.781349
9738.41;5313;5326;5.000000;0.402195;0.000675;9.866706;7.527667;6.208004;5.272904;5.717934;2.352324;0.000100;0.359328;1.419255
9740.21;5314;5327;5.000000;0.396717;0.000173;10.171026;7.526397;6.312320;5.200213;5.663563;2.341218;1.060468;0.355718;1.439481
9742.01;5315;5328;5.000000;0.383667;0.000425;12.125530;7.513306;7.277777;5.020406;5.591058;2.229927;0.000100;0.349306;2.329288
9743.81;5316;5329;5.000000;0.399282;0.000173;11.771085;7.183996;7.352577;4.995729;5.703229;2.231591;0.000100;0.349847;2.248386
9745.61;5317;5330;5.000000;0.389804;0.000173;9.933245;7.803864;6.057316;5.297957;5.771673;2.326510;0.000100;0.368019;2.914523
9747.41;5318;5331;5.000000;0.425857;0.000173;6.100907;7.858815;4.064443;5.828723;6.425388;2.643176;0.000100;0.396502;2.380824
9749.21;5319;5332;5.000000;0.431671;0.000173;5.725074;7.769554;3.866134;5.841193;6.289328;2.601773;0.000100;0.386214;2.520579
9751.01;5320;5333;5.000000;0.470653;0.000173;5.362773;7.190586;3.948513;5.894108;6.442665;2.589138;0.000100;0.385106;2.598483
9752.81;5321;5334;5.000000;0.436173;0.000173;5.872958;7.685220;4.007362;5.838048;6.130854;2.572938;0.000100;0.387596;2.106969
9754.61;5322;5335;5.000000;0.415844;0.000420;6.581920;8.076592;4.281802;5.849407;6.332958;2.588189;0.000100;0.392162;2.769024
9756.41;5323;5336;5.000000;0.580668;0.000453;9.111496;5.173095;8.276766;5.231560;5.696336;2.412554;2.063750;0.336954;1.267894
9758.21;5324;5337;5.000000;0.564186;0.000173;9.472384;5.318177;8.360359;5.225623;5.663325;2.423659;1.656239;0.327382;2.914483
9760.01;5325;5338;6.000000;1.030190;0.000515;4.829351;1.759995;7.783046;3.157780;4.921654;2.462289;6.186718;0.215479;1.421775
9761.81;5326;5339;6.000000;1.672436;0.000441;0.805993;0.878835;2.108746;2.559821;5.270486;3.043414;65.889175;0.211065;0.200737
9763.61;5327;5340;6.000000;1.458543;0.000391;2.076247;1.101387;4.737416;2.797770;5.278621;3.041956;57.988538;0.231312;0.200737
9765.41;5328;5341;6.000000;0.770819;0.000173;10.283892;2.691413;12.400899;3.613148;4.581772;1.869492;2.860139;0.225660;2.197821
9767.21;5329;5342;6.000000;0.679611;0.000492;14.663358;3.163068;15.589689;3.743883;4.224251;1.513086;2.616734;0.224445;1.860423
9769.01;5330;5343;6.000000;0.701938;0.000173;12.908911;3.238625;14.175291;3.959248;4.607261;1.653365;1.739028;0.237802;1.363451
9770.81;5331;5344;5.000000;0.489432;0.000589;15.396117;5.119036;11.788180;4.363484;4.555791;1.619387;1.821286;0.284162;1.569238
9772.61;5332;5345;5.000000;0.470770;0.000463;16.358642;5.231725;12.047578;4.289504;4.545369;1.630086;2.070906;0.283649;1.367857
9774.41;5333;5346;5.000000;0.457093;0.000475;17.693966;5.345287;12.652403;4.255284;4.882092;1.635033;2.035384;0.291567;2.234561
9776.21;5334;5347;5.000000;0.524932;0.000173;15.247105;4.746653;12.520857;4.339541;5.321518;1.650538;2.873578;0.304366;2.364419
9778.01;5335;5348;5.000000;0.461916;0.000173;17.310745;5.295460;12.508976;4.260096;4.751615;1.590735;1.879745;0.287319;1.259917
9779.81;5336;5349;5.000000;0.540036;0.000173;14.686757;4.746803;12.407711;4.464539;5.123845;1.570682;2.754159;0.289527;2.520854
9781.61;5337;5350;5.000000;0.498713;0.000173;15.434684;5.084901;12.041801;4.416578;4.402332;1.507476;0.000100;0.279289;0.817678
9783.41;5338;5351;5.000000;0.492001;0.000173;14.739197;5.338531;11.344441;4.574470;5.000303;1.591116;2.262617;0.292186;3.192531
9785.21;5339;5352;5.000000;0.499851;0.000173;15.108903;5.143111;11.814544;4.477335;4.982088;1.533050;2.416449;0.298778;1.740926
9787.01;5340;5353;5.000000;0.491281;0.000173;14.328292;5.635399;11.012033;4.821780;5.198418;1.537028;1.774856;0.314931;2.894903
9788.81;5341;5354;5.000000;0.501360;0.000173;13.810104;5.544041;10.831534;4.840934;5.178054;1.617180;1.857441;0.310403;2.547131
9790.61;5342;5355;6.000000;0.481197;0.000173;13.428318;5.838081;10.108527;4.892672;5.333343;1.569393;1.864842;0.305659;2.199569
9792.41;5343;5356;6.000000;0.469027;0.000173;14.431614;5.898528;10.589023;4.818306;5.362250;1.599164;2.701092;0.311082;3.048322
9794.21;5344;5357;6.000000;0.473066;0.000173;13.356707;5.977020;9.884723;4.924470;5.230419;1.624174;1.618147;0.314634;1.497841
9796.01;5345;5358;5.000000;0.458883;0.000436;13.478284;6.149730;9.675643;4.914858;5.322504;1.588068;2.401372;0.312475;2.501838
9797.81;5346;5359;5.000000;0.463266;0.000423;14.199609;5.865080;10.290831;4.732141;5.228540;1.581038;1.417748;0.306974;1.760316
9799.61;5347;5360;6.000000;0.430443;0.000173;15.208377;6.336652;10.240984;4.750380;4.550301;1.625738;0.000100;0.297549;1.778878
9801.41;5348;5361;6.000000;0.438222;0.000173;15.093658;6.320949;10.347407;4.824241;5.032059;1.701522;1.982244;0.302872;2.584815
9803.21;5349;5362;6.000000;0.445628;0.000173;14.954785;6.148867;10.425488;4.772226;4.984141;1.650892;1.771644;0.306192;1.644547
9805.01;5350;5363;5.000000;0.421234;0.000173;15.983715;6.355037;10.532811;4.662237;5.056284;1.714583;2.600517;0.310506;2.439903
9806.81;5351;5364;5.000000;0.433629;0.000173;15.239289;6.158023;10.337768;4.650644;5.105129;1.650176;2.164337;0.310873;2.744198
9808.61;5352;5365;5.000000;0.437702;0.000173;15.527797;6.207537;10.632401;4.732063;5.668000;1.682806;3.601574;0.320506;1.888651
9810.41;5353;5366;5.000000;0.412503;0.000427;15.617671;6.376134;10.078297;4.580765;5.669477;1.806667;3.774660;0.328272;2.856637
9812.21;5354;5367;5.000000;0.415880;0.000598;15.522655;6.347736;10.098982;4.597695;5.432674;1.743831;3.808242;0.319397;2.607632
9814.01;5355;5368;5.000000;0.415894;0.000416;15.713078;6.373896;10.223208;4.616795;5.894248;1.831962;3.404723;0.318004;3.286092
9815.81;5356;5369;5.000000;0.431927;0.000173;15.032334;6.193179;10.157334;4.658827;5.606239;1.810388;4.093294;0.323886;2.140724
9817.61;5357;5370;5.000000;0.420776;0.000173;15.375872;6.320531;10.121236;4.631877;5.616403;1.818199;3.011680;0.322723;2.060780
9819.41;5358;5371;5.000000;0.402011;0.000415;16.186681;6.596440;10.179802;4.618498;5.730259;1.813348;2.685192;0.320041;2.383510
9821.21;5359;5372;6.000000;0.412007;0.000173;14.287355;6.594728;9.208738;4.732110;6.186741;2.027563;3.230669;0.341035;2.807628
9823.01;5360;5373;6.000000;0.413432;0.000626;12.675160;6.759085;8.197873;4.866821;5.946596;2.146947;3.248632;0.349658;3.041272
9824.81;5361;5374;6.000000;0.402260;0.000420;12.900813;7.055053;8.118349;4.942659;5.920348;2.137614;2.058556;0.342667;2.618765
9826.61;5362;5375;6.000000;0.432879;0.000424;11.937902;6.638018;8.084210;5.004465;6.214108;2.117030;3.477888;0.334813;2.276478
9828.41;5363;5376;6.000000;0.445680;0.000973;10.756186;6.535208;7.499377;5.072663;6.214381;2.241044;2.307366;0.353560;2.408590
9830.21;5364;5377;6.000000;0.442127;0.000578;10.495144;6.690756;7.259031;5.151991;6.101636;2.187904;2.426988;0.360463;2.040690
9832.01;5365;5378;6.000000;0.525401;0.000173;8.016246;5.846801;6.588784;5.350104;6.138854;2.281515;2.326163;0.364106;2.717351
9833.81;5366;5379;6.000000;0.564305;0.000471;7.671976;5.329922;6.772743;5.238270;6.260682;2.205933;1.902611;0.373741;2.564593
9835.61;5367;5380;6.000000;0.392443;0.000173;14.233512;6.902648;8.738411;4.717868;5.633887;2.117290;2.738949;0.347316;2.214974
9837.41;5368;5381;6.000000;0.541249;0.000173;7.696006;6.954011;6.516377;6.555198;6.196851;1.650445;0.000100;0.720416;3.306675
9839.21;5369;5382;6.000000;0.551064;0.000173;7.595677;6.823160;6.548048;6.548482;6.256763;1.684014;0.000100;0.734486;2.676813
9841.01;5370;5383;5.000000;0.483410;0.000609;5.894893;7.026847;4.457943;5.916007;7.102521;2.497492;2.957634;0.408012;2.973200
9842.81;5371;5384;5.000000;0.491044;0.000173;5.747218;6.918907;4.414906;5.917128;6.838952;2.482962;1.883165;0.429236;3.243672
9844.61;5372;5385;5.000000;0.487450;0.000173;6.356596;6.916102;4.847282;5.871442;7.200631;2.541549;3.757406;0.403043;3.462726
9846.41;5373;5386;5.000000;0.494002;0.000500;6.375293;6.762315;4.926882;5.818046;7.155473;2.571747;3.724344;0.401454;3.047010
9848.21;5374;5387;5.000000;0.400228;0.000485;13.762052;6.937942;8.616566;4.836057;6.169981;2.104262;2.894241;0.353345;2.183904
9850.01;5375;5388;5.000000;0.400638;0.000173;14.169192;6.896593;8.880571;4.812161;5.601466;2.042787;2.993110;0.341630;2.294697
9851.81;5376;5389;5.000000;0.480483;0.000527;6.086288;7.028545;4.574819;5.881614;7.114298;2.552817;2.061096;0.399494;2.790183
9853.61;5377;5390;5.000000;0.480834;0.000516;6.053050;7.031628;4.553161;5.888495;7.304130;2.542990;2.091974;0.395534;3.425377
9855.41;5378;5391;5.000000;0.622994;0.000509;4.041046;5.553957;3.938412;6.026145;6.925963;2.542162;1.782263;0.382779;2.379335
9857.21;5379;5392;5.000000;0.642883;0.000456;4.087014;5.423266;4.110376;6.072200;7.049920;2.575902;2.852798;0.395551;2.940921
9859.01;5380;5393;5.000000;0.782560;0.000173;3.510444;4.594752;4.297569;6.262281;6.856190;2.575980;1.795041;0.402765;3.094579
9860.81;5381;5394;5.000000;0.741413;0.000499;3.576066;4.797120;4.147718;6.194323;7.180136;2.602099;2.540661;0.386984;2.003160
9862.61;5382;5395;5.000000;0.809743;0.000173;3.347840;4.383985;4.240874;6.182576;7.172435;2.657986;2.306423;0.387773;1.939441
9864.41;5383;5396;;;;;;;;;;;;
9866.21;5384;5397;5.000000;1.030789;0.000173;3.418356;3.461594;5.512272;6.214399;6.618256;2.282566;1.699957;0.360872;3.400937
9868.01;5385;5398;5.000000;1.044192;0.000173;3.292011;3.446933;5.377559;6.268539;6.412203;2.293998;0.000100;0.355925;3.398732
9869.81;5386;5399;5.000000;1.084641;0.000173;3.376215;3.396003;5.728746;6.415156;6.057315;2.129520;0.000100;0.353264;2.396249
9871.61;5387;5400;5.000000;1.144528;0.000173;3.290985;3.181813;5.892447;6.342407;6.536976;2.194624;0.000100;0.360957;3.647075
9873.41;5388;5401;5.000000;0.750752;0.000173;4.340738;4.740064;5.098040;6.197742;6.159100;2.084902;0.000100;0.354996;2.019489
9875.21;5389;5402;5.000000;0.785843;0.000432;4.086825;4.557314;5.024177;6.237313;6.269841;2.110541;0.000100;0.341487;3.374374
9877.01;5390;5403;5.000000;0.621340;0.000173;4.585259;5.846072;4.456936;6.326250;6.097352;2.149444;1.656504;0.346507;3.170860
9878.81;5391;5404;5.000000;0.622022;0.000173;4.415422;5.799864;4.296566;6.283140;5.676763;2.085618;0.998342;0.338463;2.276743
9880.61;5392;5405;5.000000;0.565960;0.000173;4.792589;6.370461;4.243259;6.279282;5.904303;2.138458;0.000100;0.330473;1.950537
9882.41;5393;5406;5.000000;0.642241;0.000709;4.691728;5.517955;4.713835;6.172050;6.364872;2.210492;0.000100;0.354526;2.770186
9884.21;5394;5407;5.000000;0.614219;0.000173;4.785306;5.784607;4.598075;6.187995;6.035575;2.169947;0.000100;0.344140;2.191478
9886.01;5395;5408;5.000000;0.630960;0.000481;4.604514;5.748842;4.544948;6.317355;5.591273;2.121267;0.000100;0.332143;2.228642
9887.81;5396;5409;5.000000;0.631200;0.000430;4.250387;5.474901;4.196998;6.018611;6.801713;2.496778;1.348425;0.377034;3.246563
9889.61;5397;5410;5.000000;0.662376;0.000173;4.629402;5.432143;4.797038;6.266559;6.063385;2.199533;1.091419;0.339797;2.220155
9891.41;5398;5411;5.000000;0.685842;0.000173;4.522072;5.200490;4.851826;6.211860;6.191265;2.233097;0.000100;0.339240;2.950506
9893.21;5399;5412;5.000000;0.774986;0.000544;4.367202;4.606538;5.294691;6.217584;6.391093;2.216654;1.661498;0.353160;3.168850
9895.01;5400;5413;5.000000;0.776828;0.000173;4.274686;4.655669;5.194841;6.298830;6.301675;2.251659;0.000100;0.343377;2.826878
9896.81;5401;5414;5.000000;0.643981;0.000173;3.985056;5.405590;4.014677;6.062740;6.889773;2.571319;1.053095;0.391228;2.476138
9898.61;5402;5415;5.000000;0.682963;0.000173;4.565483;5.223779;4.877834;6.213478;5.933706;2.153480;0.000100;0.336419;2.620821
9900.41;5403;5416;5.000000;0.702622;0.000173;4.731947;4.999550;5.201220;6.117950;5.799647;2.085848;0.000100;0.334890;2.162620
9902.21;5404;5417;5.000000;0.855988;0.000173;4.778161;4.756044;6.398402;7.090328;6.177362;1.853474;0.000100;0.856933;3.314479
9904.01;5405;5418;5.000000;0.922032;0.000173;4.367258;4.488098;6.299388;7.207115;6.208806;1.863891;0.000100;0.843249;2.214644
9905.81;5406;5419;5.000000;0.933881;0.000173;4.589095;4.628189;6.704429;7.527582;6.357933;1.793029;0.000100;0.953392;3.176781
9907.61;5407;5420;5.000000;0.963605;0.000173;4.407487;4.486130;6.644057;7.528766;6.548072;1.793658;0.000100;0.992955;3.899888
9909.41;5408;5421;5.000000;0.923690;0.000173;4.594056;4.639398;6.638434;7.463469;6.284688;1.777079;0.000100;0.981164;3.164964
9911.21;5409;5422;5.000000;0.715658;0.000528;6.252629;4.520838;7.000215;5.634786;6.029154;2.133868;0.000100;0.416975;2.309772
9913.01;5410;5423;5.000000;0.667971;0.000173;7.123009;4.663920;7.443282;5.425774;6.010952;2.141421;1.537088;0.364952;2.909018
9914.81;5411;5424;5.000000;0.681770;0.000173;6.893764;4.574794;7.352546;5.432036;6.166868;2.162900;1.860640;0.360745;3.297366
9916.61;5412;5425;5.000000;0.617343;0.000173;5.597435;5.362478;5.405785;5.765606;5.776646;2.314873;0.000100;0.350660;1.974415
9918.41;5413;5426;5.000000;0.642126;0.000173;4.913307;5.163633;4.935574;5.774693;6.113784;2.413087;0.000100;0.349896;1.885154
9920.21;5414;5427;5.000000;0.642757;0.000512;6.032352;4.931270;6.065640;5.520246;6.267447;2.339304;1.537952;0.345216;3.148531
9922.01;5415;5428;5.000000;0.614510;0.000603;5.820571;5.241206;5.595487;5.609359;6.025766;2.265523;1.511107;0.333070;2.847133
9923.81;5416;5429;4.000000;0.568978;0.000173;6.210118;5.853941;5.527630;5.800923;5.561402;2.032294;0.000100;0.445822;2.894587
9925.61;5417;5430;4.000000;0.634756;0.000173;5.496807;5.318446;5.458338;5.879554;6.028667;2.112406;0.000100;0.456984;1.717756
9927.41;5418;5431;4.000000;0.584520;0.000173;6.162686;5.456716;5.635241;5.554993;5.824526;2.306910;0.000100;0.368118;2.734606
9929.21;5419;5432;4.000000;0.576175;0.000449;6.169884;5.479031;5.561280;5.498082;5.883939;2.302638;0.000100;0.358471;2.779611
9931.01;5420;5433;4.000000;0.716929;0.000755;5.833001;4.552382;6.542017;5.684182;5.729819;2.126969;0.000100;0.353196;3.131604
9932.81;5421;5434;4.000000;0.734230;0.000518;5.853905;4.435204;6.723895;5.671509;5.701537;2.182552;0.000100;0.360994;2.114109
9934.61;5422;5435;4.000000;0.682626;0.000173;5.972788;4.927539;6.378276;5.858224;6.193179;2.299416;0.000100;0.364273;2.560606
9936.41;5423;5436;5.000000;0.705458;0.000615;6.181498;4.710280;6.821941;5.787229;5.399010;2.060326;0.000100;0.411703;1.948415
9938.21;5424;5437;5.000000;0.627352;0.000667;6.863805;5.409763;6.736273;5.910750;6.066447;2.308675;0.000100;0.374645;2.584408
9940.01;5425;5438;5.000000;0.603028;0.000173;6.928404;5.600690;6.536034;5.882099;6.152824;2.303163;0.000100;0.376185;2.745103
9941.81;5426;5439;5.000000;0.616603;0.000572;6.815283;5.569009;6.574046;5.980486;6.771583;2.391016;0.000100;0.372597;3.381136
9943.61;5427;5440;5.000000;0.600032;0.000173;6.931070;5.706522;6.506057;5.963466;6.466555;2.353414;0.000100;0.372423;2.932604
9945.41;5428;5441;5.000000;0.586023;0.000577;7.157040;5.892605;6.561328;6.014165;6.192596;2.361898;0.000100;0.377856;3.305240
9947.21;5429;5442;5.000000;0.616918;0.000623;6.871833;5.556380;6.631977;5.969969;6.506515;2.317662;0.000100;0.397301;2.959311
9949.01;5430;5443;5.000000;0.711720;0.000173;5.421063;4.646568;6.035825;5.759625;6.599283;2.453090;2.229380;0.366894;3.093556
9950.81;5431;5444;5.000000;0.688466;0.000173;5.606294;4.837567;6.038122;5.800464;6.815631;2.452123;1.972788;0.363581;2.890188
9952.61;5432;5445;5.000000;0.713293;0.000583;5.246054;4.651302;5.853886;5.778242;6.546081;2.493552;1.787507;0.351199;2.365904
9954.41;5433;5446;5.000000;0.665642;0.000578;6.173081;4.478579;6.428154;5.191994;5.942187;2.298298;0.000100;0.359983;1.824308
9956.21;5434;5447;5.000000;0.678338;0.000173;5.113725;4.778193;5.426591;5.644990;6.132033;2.440494;1.568460;0.354786;2.543267
9958.01;5435;5448;5.000000;0.654210;0.000714;5.021644;4.979219;5.139329;5.673243;6.230656;2.449434;1.036382;0.357887;2.032548
9959.81;5436;5449;5.000000;0.556184;0.000173;4.907728;6.024108;4.270141;5.835313;6.032933;2.462540;0.000100;0.367089;2.337665
9961.61;5437;5450;5.000000;0.576662;0.000173;4.804069;5.854262;4.333851;5.879584;6.298909;2.517053;0.000100;0.363089;2.610666
9963.41;5438;5451;5.000000;0.557043;0.000554;4.765985;5.992239;4.153217;5.813407;6.061260;2.496539;0.000100;0.358299;2.681761
9965.21;5439;5452;5.000000;0.591290;0.000173;5.059494;5.790874;4.680053;5.963449;6.325387;2.535311;0.000100;0.365052;2.438955
9967.01;5440;5453;5.000000;0.464200;0.000459;7.632370;7.227851;5.542532;5.843427;6.552242;2.463327;0.000100;0.367066;3.264138
9968.81;5441;5454;5.000000;0.634190;0.000631;5.687674;5.231026;5.642836;5.777757;6.171282;2.514900;0.000100;0.354104;2.435156
9970.61;5442;5455;5.000000;0.671522;0.000769;5.280723;5.004301;5.547493;5.852704;6.390781;2.550230;0.000100;0.350773;1.732963
9972.41;5443;5456;5.000000;0.572689;0.000545;6.339291;5.899138;5.679406;5.883834;6.245177;2.543981;0.000100;0.355432;1.763979
9974.21;5444;5457;5.000000;0.621462;0.000173;5.753621;5.496894;5.593701;5.949563;6.482843;2.537092;1.513943;0.356947;2.576452
9976.01;5445;5458;5.000000;0.664351;0.000173;5.514061;5.026862;5.730760;5.816307;6.247872;2.504144;0.000100;0.343023;2.188031
9977.81;5446;5459;5.000000;0.795604;0.000173;4.722440;4.308892;5.877687;5.970563;6.648095;2.647152;0.000100;0.358973;2.476769
9979.61;5447;5460;5.000000;0.784127;0.000518;4.819569;4.433356;5.912050;6.054415;6.678202;2.694302;0.000100;0.357460;2.117482
9981.41;5448;5461;5.000000;0.676259;0.000733;5.417032;4.952347;5.730832;5.832800;6.212644;2.453417;0.000100;0.341513;2.708685
9983.21;5449;5462;5.000000;0.672752;0.000475;6.046210;4.979773;6.363285;5.834685;6.645614;2.525998;1.258934;0.354948;2.812947
9985.01;5450;5463;5.000000;0.678408;0.000468;5.939933;4.908316;6.303992;5.799310;6.674897;2.467526;1.619338;0.358420;2.847547
9986.81;5451;5464;5.000000;0.689637;0.000707;5.709263;4.886279;6.159477;5.868832;6.999459;2.582177;2.398607;0.353887;2.616751
9988.61;5452;5465;5.000000;0.706595;0.000173;5.631316;4.843348;6.224779;5.960317;6.872658;2.535344;2.297018;0.358981;2.838027
9990.41;5453;5466;5.000000;0.678831;0.000173;5.845522;4.983440;6.207668;5.891747;6.730341;2.549634;2.550417;0.369472;1.603168
9992.21;5454;5467;5.000000;0.696213;0.000173;5.816025;4.813638;6.334492;5.836718;7.059194;2.587399;3.253471;0.357611;2.323385
9994.01;5455;5468;5.000000;0.476027;0.000173;12.265916;6.018564;9.134289;4.989734;6.070518;2.071522;2.266093;0.330295;2.424228
9995.81;5456;5469;5.000000;0.457457;0.000563;13.219888;6.282392;9.460666;5.005283;5.684613;2.004266;0.000100;0.319006;1.611435
9997.61;5457;5470;5.000000;0.457724;0.000173;10.250698;6.574617;7.340078;5.241159;6.223807;2.316744;1.130837;0.350687;2.139378
9999.41;5458;5471;5.000000;0.435817;0.000434;10.736197;6.855933;7.319780;5.203838;5.869547;2.278620;1.196051;0.345740;2.744305
10001.21;5459;5472;5.000000;0.662619;0.000491;6.266584;5.438613;6.495882;6.276321;6.513515;2.115310;0.000100;0.522971;3.220029
10003.01;5460;5473;5.000000;0.670950;0.000173;6.328170;5.461041;6.642198;6.381442;6.534344;2.097588;0.000100;0.533652;3.443157
10004.81;5461;5474;5.000000;0.860197;0.000469;3.727838;4.136440;5.016468;6.196943;6.814999;2.613435;0.000100;0.383805;3.006380
10006.61;5462;5475;5.000000;0.879241;0.000173;3.603354;4.096016;4.956306;6.272237;6.913098;2.629696;0.000100;0.395838;3.237672
10008.41;5463;5476;5.000000;0.832665;0.000173;3.720930;4.340404;4.846913;6.294390;6.628363;2.611490;0.000100;0.394512;2.812707
10010.21;5464;5477;5.000000;0.890958;0.000173;3.583000;4.120319;4.993984;6.393533;7.247495;2.671471;2.165546;0.403270;1.957224
10012.01;5465;5478;5.000000;0.954386;0.000173;3.653422;3.811040;5.454653;6.334618;6.522135;2.484549;1.895196;0.378961;4.101528
10013.81;5466;5479;5.000000;0.994820;0.000494;3.516048;3.652084;5.471955;6.327587;6.516293;2.608013;1.963326;0.350832;2.993943
10015.61;5467;5480;5.000000;1.066988;0.000173;3.199185;3.377045;5.340014;6.275518;6.412792;2.652701;1.749956;0.349858;2.623636
10017.41;5468;5481;5.000000;0.783292;0.000173;4.474451;4.317556;5.482858;5.889994;6.760827;2.597484;2.616370;0.353167;3.101385
10019.21;5469;5482;5.000000;0.699812;0.000173;5.082666;4.752434;5.564372;5.792291;6.102275;2.453154;1.556943;0.342469;2.636112
10021.01;5470;5483;5.000000;0.762981;0.000533;5.250502;4.385587;6.266976;5.827666;5.997241;2.411654;1.324415;0.327796;2.895187
10022.81;5471;5484;5.000000;0.879301;0.000173;5.591484;3.754307;7.691448;5.749373;6.126927;2.446650;2.990694;0.312794;2.418348
10024.61;5472;5485;5.000000;0.796404;0.000173;6.982399;3.939689;8.699243;5.464475;5.678715;2.232507;2.864530;0.304683;2.328265
10026.41;5473;5486;5.000000;0.859058;0.000173;7.675482;3.503711;10.315052;5.242081;5.679125;2.167227;2.946718;0.282152;1.399154
10028.21;5474;5487;5.000000;0.906317;0.000173;7.284188;3.280041;10.327720;5.177407;5.350886;2.318626;2.961042;0.272409;2.091519
10030.01;5475;5488;5.000000;1.625478;0.001166;3.249795;1.873847;8.263812;5.304791;5.361669;2.565673;5.254375;0.262709;2.376709
10031.81;5476;5489;5.000000;1.715804;0.001905;2.768487;1.593660;7.431105;4.762293;5.158266;2.633641;0.000100;0.207766;1.766352
10033.61;5477;5490;5.000000;1.574207;0.000784;2.938483;2.037103;7.236498;5.585062;5.711777;2.435635;5.031924;0.291759;2.813557
10035.41;5478;5491;5.000000;1.983202;0.002322;1.017557;1.266737;3.156960;4.375285;4.963320;2.773041;67.767006;0.172222;0.200737
10037.21;5479;5492;5.000000;1.720324;0.002611;0.616705;1.049015;1.659705;3.143005;4.819453;2.859907;28.388091;0.079707;0.200737
10039.01;5480;5493;5.000000;1.887997;0.002998;0.795069;1.077683;2.348279;3.543604;5.181667;2.783804;15.907061;0.102421;1.421279
10040.81;5481;5494;5.000000;1.766696;0.002329;1.366899;1.368233;3.777823;4.209930;5.194038;2.632096;67.399000;0.178378;0.842703
10042.61;5482;5495;5.000000;0.554273;0.000449;8.389568;5.407840;7.274556;5.220359;6.048488;2.300885;3.848518;0.332602;2.138630
10044.41;5483;5496;5.000000;1.796942;0.001862;1.126748;1.310880;3.167409;4.102514;4.562156;2.637329;51.540819;0.160289;0.200737
10046.21;5484;5497;5.000000;1.453104;0.001131;1.568526;1.322165;3.565593;3.346073;5.921464;1.458496;41.314294;0.228227;0.200737
10048.01;5485;5498;5.000000;0.967147;0.000465;3.630018;3.589761;5.492179;6.046600;6.076922;1.685776;0.000100;0.507821;1.895787
10049.81;5486;5499;5.000000;1.005339;0.000173;5.085437;3.611876;7.998048;6.324094;5.713884;1.479740;0.000100;0.464843;3.200698
10051.61;5487;5500;5.000000;0.915545;0.000173;5.810641;3.798077;8.322370;6.056148;6.084364;1.745194;0.000100;0.408662;2.981811
10053.41;5488;5501;5.000000;0.696156;0.000663;6.732552;4.591940;7.332121;5.567443;6.218532;2.185968;2.785769;0.343231;2.715718
10055.21;5489;5502;5.000000;0.643657;0.000173;6.007988;5.088898;6.049606;5.704683;6.158986;2.348392;3.319819;0.355563;2.688606
10057.01;5490;5503;5.000000;0.663809;0.000173;4.681116;5.109328;4.861114;5.906904;6.126795;2.410770;0.000100;0.359372;2.697001
10058.81;5491;5504;5.000000;0.739275;0.000558;3.941053;4.726357;4.557868;6.085351;6.307812;2.432554;1.526639;0.374653;2.593237
10060.61;5492;5505;5.000000;0.778627;0.000521;3.609087;4.568536;4.396124;6.195259;6.510071;2.499720;1.764923;0.369188;2.390223
10062.41;5493;5506;5.000000;0.973974;0.000173;2.857335;3.788927;4.353632;6.427122;6.769682;2.313357;0.000100;0.430929;3.162587
10064.21;5494;5507;5.000000;0.918083;0.000524;3.374606;4.010402;4.846724;6.412433;6.311219;2.220176;0.000100;0.467393;2.643337
10066.01;5495;5508;5.000000;0.736107;0.000473;5.658208;4.509626;6.515729;5.781417;5.055020;2.239529;0.000100;0.370244;1.355081
10067.81;5496;5509;5.000000;0.713378;0.000512;6.118165;4.617262;6.827852;5.736633;6.258098;2.188932;1.489498;0.340462;2.432023
10069.61;5497;5510;5.000000;0.754011;0.000173;7.499225;4.095052;8.845804;5.377619;6.458816;2.174555;4.318448;0.329894;3.296152
10071.41;5498;5511;5.000000;0.727136;0.000173;7.759514;4.226452;8.826599;5.352351;6.144645;2.227246;4.690043;0.325323;3.069419
10073.21;5499;5512;5.000000;0.718378;0.000457;7.874308;4.283548;8.849295;5.359319;6.356329;2.172507;4.477328;0.320700;2.988281
10075.01;5500;5513;6.000000;0.657263;0.000173;12.505532;3.908762;12.858334;4.474366;5.239738;1.570988;3.522200;0.264697;2.256738
10076.81;5501;5514;6.000000;0.687633;0.000173;11.564733;3.798073;12.440434;4.548549;5.166281;1.558797;4.984187;0.259653;2.523604
10078.61;5502;5515;6.000000;0.703728;0.000173;12.278788;3.657332;13.517731;4.482522;5.069004;1.558703;3.475384;0.260664;1.777490
10080.41;5503;5516;6.000000;0.645515;0.000173;13.508904;3.941747;13.641731;4.431470;5.188204;1.567548;3.881593;0.252726;2.978669
10082.21;5504;5517;6.000000;0.653740;0.000173;14.169370;3.948313;14.491009;4.495411;4.791252;1.367960;2.118995;0.332808;1.195894
10084.01;5505;5518;6.000000;0.653894;0.000173;13.531578;3.885584;13.842019;4.425038;5.128138;1.605295;3.481067;0.266773;2.750072
10085.81;5506;5519;5.000000;0.645693;0.000173;14.756825;3.951068;14.906050;4.443179;4.835116;1.341927;1.941982;0.320183;2.561775
10087.61;5507;5520;5.000000;0.626926;0.000173;14.890233;4.071935;14.603631;4.446004;4.944540;1.335661;0.000100;0.330219;2.210834
10089.41;5508;5521;5.000000;0.641003;0.000173;14.917900;4.001924;14.959302;4.467681;5.103247;1.364175;3.259553;0.326932;3.526649
10091.21;5509;5522;5.000000;0.663755;0.000512;14.676971;3.945109;15.240086;4.560575;5.010352;1.426373;3.447743;0.338366;2.414811
10093.01;5510;5523;5.000000;0.880878;0.000173;5.961909;3.917071;8.215695;6.009386;6.600633;2.160799;1.414371;0.435466;2.648762
10094.81;5511;5524;5.000000;0.855130;0.000173;5.640654;3.934678;7.545791;5.859954;6.683788;2.209613;0.000100;0.427544;2.014440
10096.61;5512;5525;5.000000;0.891286;0.000582;4.073752;4.508445;5.680088;6.998370;6.831996;2.537902;0.000100;0.641193;2.290726
10098.41;5513;5526;5.000000;1.115776;0.000561;4.244490;4.642825;7.408763;9.022196;6.083328;1.003280;0.000100;1.449854;3.694022
10100.21;5514;5527;5.000000;0.830696;0.000173;4.024351;5.517308;5.229754;7.982197;6.455754;1.932763;0.000100;1.008786;4.016077
10102.01;5515;5528;5.000000;0.896922;0.000523;4.095239;5.134688;5.746156;8.020879;6.571987;1.853554;0.000100;1.097892;3.153847
10103.81;5516;5529;5.000000;0.938442;0.000549;2.957379;4.760084;4.341679;7.779918;6.719390;2.254268;0.000100;1.004690;2.561489
10105.61;5517;5530;5.000000;1.027796;0.000173;2.314380;4.103488;3.721215;7.345358;7.278660;2.776615;0.000100;0.705318;2.773698
10107.41;5518;5531;5.000000;1.225838;0.000173;2.486362;3.665006;4.768050;7.824577;6.782971;1.814745;0.000100;0.976301;2.191308
10109.21;5519;5532;5.000000;1.254039;0.000550;2.529816;3.749032;4.962990;8.188104;6.392804;1.607415;0.000100;1.145840;2.980260
10111.01;5520;5533;5.000000;1.487917;0.000539;2.472795;3.002077;5.755857;7.779531;6.108805;1.637948;0.000100;0.958352;3.104192
10112.81;5521;5534;5.000000;1.173417;0.000173;1.808019;3.479815;3.318936;7.111507;7.655484;2.951568;0.000100;0.686645;2.305392
10114.61;5522;5535;5.000000;1.283138;0.000173;1.035205;2.997343;2.077989;6.698272;7.794564;3.648893;0.000100;0.476245;1.866210
10116.41;5523;5536;5.000000;1.237880;0.000659;1.022141;3.052631;1.979396;6.581211;7.905731;3.586545;2.703662;0.440028;1.288941
10118.21;5524;5537;5.000000;0.914051;0.000747;5.658791;3.745285;8.091659;5.962227;7.203651;2.195952;1.498487;0.457601;2.276983
10120.01;5525;5538;4.000000;1.494367;0.000511;0.940634;2.628714;2.198981;6.841538;8.539948;3.680917;2.816528;0.465179;2.123590
10121.81;5526;5539;4.000000;1.472230;0.000573;1.014357;2.658942;2.336198;6.817693;9.047003;3.636034;3.710998;0.462323;2.832845
10123.61;5527;5540;4.000000;1.442107;0.000601;1.008023;2.685008;2.274109;6.743666;8.322561;3.637508;2.426125;0.468928;2.199730
10125.41;5528;5541;4.000000;1.478457;0.000173;0.949396;2.649313;2.195833;6.821735;8.596517;3.729584;2.516715;0.464070;2.511594
10127.21;5529;5542;5.000000;1.298700;0.000173;2.999163;2.668912;6.093298;6.036654;6.880792;2.982168;0.000100;0.396174;2.146174
10129.01;5530;5543;5.000000;1.321792;0.000668;3.035637;2.631950;6.277063;6.058902;7.004858;2.950066;0.000100;0.383941;2.459913
10130.81;5531;5544;5.000000;1.219204;0.000582;2.333594;3.550539;4.450872;7.539172;7.535059;2.550397;0.000100;0.928294;2.167963
10132.61;5532;5545;5.000000;1.115322;0.000553;2.551728;3.899700;4.452234;7.575032;7.671334;2.564777;0.000100;0.901945;2.684010
10134.41;5533;5546;5.000000;1.088324;0.000548;2.613561;3.999511;4.449737;7.580856;7.581225;2.559316;0.000100;0.937957;2.400217
10136.21;5534;5547;5.000000;1.175434;0.000173;2.372333;3.652673;4.362316;7.477595;7.513896;2.502636;0.000100;0.904420;2.607814
10138.01;5535;5548;5.000000;1.241259;0.001107;3.509233;2.625927;6.814250;5.676729;6.698109;2.246143;1.225096;0.347820;2.577603
10139.81;5536;5549;5.000000;1.057964;0.001065;2.570087;1.971626;4.211339;3.615110;6.088072;3.409099;5.316270;0.265101;1.187393
10141.61;5537;5550;5.000000;1.135197;0.000946;2.085893;1.867772;3.668418;3.618968;6.130014;3.904414;6.371664;0.278046;0.763478
10143.41;5538;5551;5.000000;1.228928;0.001057;1.776282;1.551900;3.419041;3.323867;6.272768;3.837206;6.484014;0.258107;1.139086
10145.21;5539;5552;5.000000;1.248338;0.001105;1.903437;1.528925;3.699169;3.293478;6.472957;3.730059;5.438638;0.287478;0.719179
10147.01;5540;5553;5.000000;1.101006;0.000648;2.858053;2.704871;4.922698;5.186675;6.330036;1.708456;0.000100;0.622702;0.676182
10148.81;5541;5554;5.000000;1.498543;0.001014;2.126108;2.090933;4.984227;5.457105;6.951531;1.534031;0.000100;0.669102;1.679972
10150.61;5542;5555;5.000000;1.198156;0.001046;2.354638;2.117387;4.413479;4.418417;7.528360;2.736309;0.000100;0.441955;1.556189
10152.41;5543;5556;5.000000;1.209711;0.001356;2.883204;2.067734;5.456325;4.356415;7.476339;2.798694;0.000100;0.359624;0.200737
10154.21;5544;5557;5.000000;1.411609;0.000555;3.392512;1.998274;7.491677;4.912723;6.824114;2.427723;0.000100;0.350419;1.582925
10156.01;5545;5558;5.000000;1.708453;0.000723;3.100479;1.842419;8.286579;5.482070;7.197758;2.541725;0.000100;0.330662;2.979886
10157.81;5546;5559;5.000000;1.655899;0.000760;3.240764;1.980346;8.395073;5.711205;6.998465;2.578337;2.065462;0.314808;2.215494
10159.61;5547;5560;5.000000;1.279476;0.000716;4.208615;2.373641;8.423927;5.289322;6.917388;2.623839;1.553554;0.341253;2.868074
10161.41;5548;5561;5.000000;1.346519;0.000780;4.259584;2.345690;8.972696;5.500929;6.812005;2.726916;3.030969;0.367484;1.646959
10163.21;5549;5562;5.000000;1.250040;0.000473;4.425035;2.462343;8.653341;5.360747;6.520970;2.690583;1.101211;0.343389;1.925417
10165.01;5550;5563;5.000000;1.313108;0.000173;4.339883;2.374304;8.915012;5.429877;6.677006;2.695105;1.559988;0.348030;2.697803
10166.81;5551;5564;5.000000;0.901404;0.000878;5.717491;3.201370;8.062473;5.025836;6.377802;2.033526;0.000100;0.359179;2.943331
10168.61;5552;5565;5.000000;0.856750;0.000848;7.605139;3.105409;10.193062;4.633679;5.922851;1.956299;0.000100;0.313406;1.169161
10170.41;5553;5566;5.000000;0.930252;0.000518;8.283046;2.683170;12.054081;4.347122;5.620342;1.951070;0.000100;0.292713;0.797994
10172.21;5554;5567;5.000000;1.045544;0.000173;7.079860;2.368129;11.580043;4.312217;5.988886;1.977073;3.295183;0.240992;1.087884
10174.01;5555;5568;5.000000;1.164581;0.000724;5.326064;1.924315;9.703299;3.903004;6.001817;2.037141;3.923931;0.190408;0.754212
10175.81;5556;5569;5.000000;0.997155;0.000438;7.421768;2.228706;11.577458;3.870511;5.678372;1.866142;2.862846;0.194578;0.823804
10177.61;5557;5570;5.000000;1.089701;0.000528;6.293887;2.033059;10.729258;3.858429;5.897351;2.058356;2.682814;0.177315;1.295161
10179.41;5558;5571;5.000000;1.025952;0.000728;6.831730;2.211178;10.964810;3.950971;6.226792;2.028612;4.479072;0.189422;1.608216
10181.21;5559;5572;5.000000;0.651886;0.000536;13.770937;3.572186;14.043591;4.055631;5.179713;1.693061;2.737413;0.216412;2.440303
10183.01;5560;5573;5.000000;0.564632;0.000173;16.757278;4.197464;14.801722;4.127674;4.800938;1.618361;1.682259;0.213827;1.894520
10184.81;5561;5574;5.000000;0.565369;0.000173;18.080038;4.088974;15.990963;4.026237;4.703219;1.578895;2.012234;0.222803;1.953927
10186.61;5562;5575;5.000000;0.501022;0.000173;18.147344;4.599903;14.223727;4.013827;4.709576;1.553302;0.000100;0.215074;2.719535
10188.41;5563;5576;5.000000;0.569835;0.000173;15.553762;4.280126;13.865267;4.247750;4.656339;1.566117;1.932413;0.217671;2.513231
10190.21;5564;5577;5.000000;1.349162;0.000173;4.310508;2.306197;9.097786;5.418929;6.537358;2.574940;0.000100;0.335333;3.710172
10192.01;5565;5578;5.000000;0.550600;0.000173;18.714239;4.086696;16.119506;3.918877;4.876620;1.606992;3.992827;0.231032;2.618611
10193.81;5566;5579;5.000000;0.577700;0.000173;17.575281;3.887853;15.883555;3.911695;5.048116;1.609828;2.635036;0.228924;4.115084
10195.61;5567;5580;5.000000;0.580080;0.000173;17.512649;3.917555;15.892166;3.957820;5.123829;1.616783;1.544658;0.237013;2.531020
10197.41;5568;5581;5.000000;0.550420;0.000173;18.748074;4.040852;16.143356;3.873645;4.937457;1.562477;1.434646;0.233655;2.809215
10199.21;5569;5582;5.000000;0.554267;0.000173;18.580704;4.056425;16.111067;3.915753;5.098758;1.630781;1.716371;0.221428;1.622485
10201.01;5570;5583;6.000000;0.655662;0.000173;15.482652;3.551995;15.880659;4.056068;5.107634;1.485913;1.798714;0.274765;1.687814
10202.81;5571;5584;6.000000;0.630204;0.000173;16.232848;3.616378;16.003647;3.969243;5.013581;1.461373;2.398795;0.264414;1.551033
10204.61;5572;5585;6.000000;0.596055;0.000173;16.580599;3.846021;15.460719;3.992554;4.872030;1.396201;0.000100;0.255444;2.323870
10206.41;5573;5586;6.000000;0.549597;0.000487;15.621577;4.682930;13.431119;4.482442;4.965057;1.767454;3.328292;0.252456;2.813643
10208.21;5574;5587;6.000000;0.608470;0.000173;14.366383;4.206921;13.675077;4.458167;4.995156;1.826122;3.248572;0.254344;2.403655
10210.01;5575;5588;6.000000;0.605254;0.000444;14.516655;4.133329;13.745097;4.357034;5.348007;1.792356;4.148567;0.247027;2.201415
10211.81;5576;5589;6.000000;0.675034;0.000517;13.495131;3.764202;14.251030;4.425392;4.982432;1.629647;2.826659;0.239257;1.774699
10213.61;5577;5590;6.000000;0.614488;0.000173;15.293919;4.011860;14.701970;4.293507;4.394145;1.583825;2.982226;0.235259;2.846830
10215.41;5578;5591;6.000000;0.588674;0.000575;16.215849;4.075314;14.933363;4.178195;4.396260;1.529801;1.631071;0.244187;1.865970
10217.21;5579;5592;6.000000;0.624370;0.000173;15.467353;3.828349;15.107795;4.163000;4.629006;1.515811;3.055555;0.234033;2.702350
10219.01;5580;5593;6.000000;0.553153;0.000173;16.364115;4.405829;14.160581;4.244493;4.793336;1.627170;2.872424;0.243992;2.896112
10220.81;5581;5594;6.000000;0.566273;0.000173;15.656456;4.381157;13.869567;4.320838;4.958887;1.715935;3.786708;0.263132;2.461478
10222.61;5582;5595;6.000000;0.524931;0.000173;14.946395;4.909098;12.273891;4.488045;5.258884;1.881911;3.254606;0.269194;2.309144
10224.41;5583;5596;6.000000;0.524793;0.000173;15.144051;4.978568;12.432934;4.550359;5.562255;1.933543;4.819349;0.270938;3.414133
10226.21;5584;5597;6.000000;0.535947;0.000472;11.407565;5.247089;9.564406;4.897711;5.817294;2.058832;2.739099;0.311357;2.618636
10228.01;5585;5598;6.000000;0.536159;0.000173;12.257290;5.265501;10.280901;4.916841;5.898257;2.098231;3.027672;0.305090;2.772680
10229.81;5586;5599;6.000000;0.552938;0.000596;8.867888;5.534885;7.670785;5.330132;5.967273;2.370991;2.602655;0.333633;2.588718
10231.61;5587;5600;6.000000;0.557335;0.000173;8.233649;5.550416;7.178803;5.387595;5.921468;2.382955;1.872831;0.357001;2.742338
10233.41;5588;5601;6.000000;0.655974;0.000594;5.918846;5.251941;6.073891;6.000114;6.487943;2.251836;1.178562;0.435424;2.615508
10235.21;5589;5602;6.000000;0.676672;0.000678;5.730832;5.057523;6.066516;5.960316;6.438567;2.213715;0.000100;0.425584;2.544721
10237.01;5590;5603;6.000000;0.650940;0.000498;5.788346;5.299299;5.894390;6.007758;6.340963;2.249363;0.000100;0.427443;3.310361
10238.81;5591;5604;6.000000;0.756430;0.000173;5.315036;4.617244;6.289531;6.082814;6.233823;2.150063;0.000100;0.394343;2.905884
10240.61;5592;5605;6.000000;0.760700;0.000867;5.130784;4.553989;6.105772;6.033349;6.002234;2.128197;0.000100;0.384343;2.782570
10242.41;5593;5606;6.000000;0.716028;0.000616;5.634446;4.799072;6.311385;5.984672;6.403487;2.211697;0.000100;0.406961;2.563355
10244.21;5594;5607;6.000000;0.715790;0.000173;5.503811;4.834084;6.163009;6.026332;6.173563;2.189761;0.000100;0.387012;2.135140
10246.01;5595;5608;6.000000;0.715027;0.000615;6.142551;4.682439;6.870910;5.831057;6.201736;2.088166;0.000100;0.406628;2.691918
10247.81;5596;5609;6.000000;0.724683;0.000809;6.152921;4.577607;6.975463;5.777499;5.918573;2.123226;0.000100;0.408080;1.925898
10249.61;5597;5610;6.000000;0.730814;0.000173;6.128722;4.478497;7.006804;5.700225;5.592345;2.354322;0.000100;0.327579;3.054777
10251.41;5598;5611;6.000000;0.791734;0.000612;5.540568;4.099324;6.862413;5.652550;5.542860;2.185700;0.000100;0.283934;2.175189
10253.21;5599;5612;6.000000;0.721173;0.000524;6.179599;4.417183;6.971773;5.548020;5.828976;2.411499;1.420761;0.322845;2.439504
10255.01;5600;5613;6.000000;0.739590;0.000717;5.951830;4.622173;6.886280;5.953743;5.898577;2.134330;2.586607;0.338257;2.009208
10256.81;5601;5614;6.000000;0.729643;0.000605;5.805331;4.693004;6.626447;5.963680;6.258395;2.085742;1.424366;0.322679;3.477498
10258.61;5602;5615;5.000000;0.750892;0.000173;4.853719;4.899817;5.701582;6.407819;6.179869;2.198141;1.429778;0.338856;2.908414
10260.41;5603;5616;5.000000;0.708025;0.000173;5.113151;5.119758;5.663442;6.313220;5.635120;2.033550;0.000100;0.324808;2.528178
10262.21;5604;5617;5.000000;0.740743;0.000173;4.472810;4.981668;5.183123;6.426812;6.121613;2.126189;1.692526;0.328238;3.259413
10264.01;5605;5618;5.000000;0.837379;0.000484;4.100234;4.937873;5.371236;7.201370;6.445627;2.045717;0.000100;0.667194;1.969190
10265.81;5606;5619;5.000000;0.894210;0.000521;3.681898;4.722904;5.150562;7.355320;6.759581;1.999185;0.000100;0.716553;3.175450
10267.61;5607;5620;5.000000;0.909686;0.000173;3.706826;4.432284;5.275178;7.022184;6.246517;2.040823;0.000100;0.575512;3.363147
10269.41;5608;5621;5.000000;0.899506;0.000173;3.721394;4.472355;5.236647;7.006377;6.118582;2.071327;0.000100;0.532471;3.193467
10271.21;5609;5622;5.000000;0.787496;0.000173;3.959337;4.569017;4.877688;6.266486;5.910711;2.084673;0.000100;0.341636;2.875348
10273.01;5610;5623;5.000000;0.741067;0.000173;3.662586;4.754981;4.246084;6.137043;5.745382;2.265440;0.000100;0.311598;2.120446
10274.81;5611;5624;5.000000;0.841273;0.000173;3.554943;4.191177;4.678566;6.140812;6.100359;2.292152;2.291179;0.325437;2.341900
10276.61;5612;5625;5.000000;0.850266;0.000173;3.222979;4.136427;4.287022;6.125382;6.155917;2.351017;1.306813;0.325383;3.069607
10278.41;5613;5626;5.000000;0.852531;0.000438;3.279184;4.080101;4.373402;6.058069;6.246581;2.359581;2.126052;0.326175;2.786788
10280.21;5614;5627;5.000000;0.937790;0.000173;2.655383;3.754498;3.895615;6.132118;6.219298;2.506925;1.774063;0.327814;2.768251
10282.01;5615;5628;5.000000;1.030353;0.000539;2.449975;3.418824;3.949038;6.135020;6.355316;2.547904;4.132094;0.332548;2.663809
10283.81;5616;5629;5.000000;1.124215;0.000443;1.927389;2.955039;3.389707;5.785831;6.028474;2.758743;2.109446;0.297414;2.625730
10285.61;5617;5630;5.000000;1.168360;0.000449;1.943501;2.956479;3.552259;6.015952;6.197151;2.771410;3.069410;0.310185;2.881239
10287.41;5618;5631;5.000000;1.135915;0.000504;1.915280;3.004281;3.403466;5.943461;6.506248;2.818683;3.732681;0.316578;4.019323
10289.21;5619;5632;5.000000;1.104431;0.000740;1.987940;3.070003;3.434672;5.905144;6.409955;2.780758;2.660958;0.319966;2.383063
10291.01;5620;5633;5.000000;1.101877;0.000653;1.882396;3.099328;3.244797;5.947765;6.378385;2.892711;3.010019;0.325234;2.317824
10292.81;5621;5634;5.000000;0.914968;0.000479;3.858363;3.465822;5.522714;5.522878;5.797502;2.528305;2.506378;0.298669;2.928023
10294.61;5622;5635;5.000000;0.866165;0.000173;4.155435;3.622043;5.630677;5.463958;6.025045;2.555290;3.820395;0.305341;1.879030
10296.41;5623;5636;5.000000;0.910460;0.000173;4.375402;3.386536;6.231923;5.369941;5.960606;2.484761;3.948514;0.294529;1.791534
10298.21;5624;5637;5.000000;0.912393;0.000579;3.932291;3.406756;5.612686;5.413470;5.989865;2.568139;4.037361;0.287672;2.702787
10300.01;5625;5638;5.000000;0.907150;0.000597;3.772047;3.509822;5.353030;5.545203;5.556145;2.654386;2.069484;0.279162;2.761919
10301.81;5626;5639;5.000000;0.984288;0.000173;2.653922;3.386631;4.086518;5.805545;6.247697;2.733157;3.391075;0.322082;2.204979
10303.61;5627;5640;5.000000;1.027252;0.000484;2.580950;3.250184;4.147630;5.814844;6.162675;2.696912;3.476286;0.325602;2.945477
10305.41;5628;5641;5.000000;0.908272;0.000173;3.554967;3.531342;5.051202;5.586099;5.967208;2.568543;4.419332;0.309225;2.536889
10307.21;5629;5642;5.000000;0.924464;0.000461;3.473469;3.427111;5.023390;5.517868;6.158141;2.583267;4.513138;0.309177;2.804823
10309.01;5630;5643;5.000000;0.962029;0.000491;3.343377;3.262994;5.031723;5.467103;6.196237;2.576172;3.942773;0.310127;2.464601
10310.81;5631;5644;5.000000;1.233944;0.000620;3.420805;2.632567;6.603390;5.657542;6.093431;2.358351;3.236000;0.323292;2.069971
10312.61;5632;5645;5.000000;1.152808;0.000798;3.744252;2.755200;6.752512;5.531757;5.819097;2.266645;4.061418;0.323640;1.972507
10314.41;5633;5646;5.000000;1.625621;0.000459;2.252594;2.193667;5.728562;6.210736;6.224134;2.193607;2.012443;0.326708;2.983621
10316.21;5634;5647;5.000000;1.880428;0.000549;2.052445;1.933445;6.037700;6.332009;6.087712;1.927408;0.000100;0.359006;3.038788
10318.01;5635;5648;5.000000;1.586679;0.000587;2.301937;2.447684;5.713811;6.763905;6.423734;1.758444;0.000100;0.412681;3.951891
10319.81;5636;5649;5.000000;1.633133;0.000173;2.245253;2.433621;5.736281;6.921936;5.764559;1.706628;0.000100;0.408679;2.232929
10321.61;5637;5650;5.000000;1.622206;0.000635;2.248990;2.400933;5.707382;6.783269;6.074266;1.710501;0.000100;0.418180;3.467901
10323.41;5638;5651;5.000000;0.986341;0.000559;3.715121;3.933074;5.732493;6.756354;6.096599;1.680821;0.000100;0.312737;2.298409
10325.21;5639;5652;5.000000;1.158980;0.000173;2.566887;3.221498;4.653997;6.502598;6.716701;2.215432;2.378488;0.334881;3.251915
10327.01;5640;5653;5.000000;1.019569;0.000593;2.153176;3.607889;3.434309;6.406526;6.479211;2.595449;2.880765;0.303046;2.094090
10328.81;5641;5654;5.000000;1.023539;0.000173;2.325410;3.438216;3.723463;6.129012;6.205956;2.522585;3.514707;0.311411;3.314177
10330.61;5642;5655;5.000000;0.950755;0.000476;2.417999;3.659732;3.596400;6.059974;6.508076;2.730763;4.643114;0.311611;2.913010
10332.41;5643;5656;5.000000;0.909239;0.000655;2.455672;3.691709;3.492946;5.845997;6.393985;2.864249;3.034650;0.308023;2.998490
10334.21;5644;5657;5.000000;0.975996;0.000601;2.316899;3.436453;3.537516;5.841325;6.480758;2.785486;3.684823;0.302459;2.158789
10336.01;5645;5658;5.000000;0.837284;0.000447;2.822492;3.830759;3.696995;5.586125;6.160459;2.804577;3.161767;0.294810;2.587296
10337.81;5646;5659;5.000000;0.807376;0.000778;2.780472;3.955856;3.511863;5.562491;6.163881;2.800597;3.569762;0.285970;2.700303
10339.61;5647;5660;5.000000;0.911292;0.000551;2.691182;3.674609;3.836577;5.832057;6.085793;2.806733;1.750767;0.294953;2.998615
10341.41;5648;5661;5.000000;0.874305;0.000673;2.878951;3.748003;3.937681;5.707104;6.300455;2.810811;3.095806;0.303845;2.781934
10343.21;5649;5662;5.000000;0.948992;0.000732;2.750989;3.624019;4.084084;5.989713;6.274388;2.908226;3.843926;0.312151;2.322777
10345.01;5650;5663;5.000000;1.006184;0.000470;2.646828;3.408766;4.166260;5.973482;6.068070;2.760405;2.887113;0.304699;2.267226
10346.81;5651;5664;5.000000;1.177007;0.000173;3.106580;2.986960;5.720116;6.122959;6.222369;2.131030;2.673666;0.389863;3.733677
10348.61;5652;5665;5.000000;1.204223;0.000782;3.018147;2.941819;5.685788;6.169868;6.077525;2.170089;2.213123;0.394148;2.656067
10350.41;5653;5666;5.000000;0.826351;0.000173;3.993432;4.741052;5.162431;6.823267;6.129392;1.510534;0.000100;0.628782;3.332212
10352.21;5654;5667;5.000000;0.838355;0.000504;3.762280;4.561142;4.934264;6.659698;6.273812;1.521976;0.000100;0.606645;2.871743
10354.01;5655;5668;5.000000;1.145254;0.000497;2.804118;3.379122;5.023907;6.739984;6.349379;1.841113;0.000100;0.465747;3.299670
10355.81;5656;5669;5.000000;1.637817;0.000510;1.977240;2.419128;5.066033;6.900447;6.496600;2.093923;0.000100;0.363121;3.907620
10357.61;5657;5670;5.000000;1.699703;0.000173;1.954544;2.259199;5.197109;6.687758;6.743513;2.104185;0.000100;0.386203;1.922997
10359.41;5658;5671;5.000000;1.609756;0.000173;2.076176;2.358874;5.228383;6.613292;6.630745;2.072108;0.000100;0.397118;3.028928
10361.21;5659;5672;5.000000;1.131904;0.000173;3.405309;3.104794;6.029888;6.120618;6.383525;1.414350;0.000100;0.654137;2.388147
10363.01;5660;5673;5.000000;1.576867;0.000173;2.291217;2.531270;5.652031;6.951626;5.902537;1.582589;0.000100;0.621509;1.989892
10364.81;5661;5674;5.000000;1.583301;0.000732;2.209654;2.476967;5.473073;6.830253;6.163344;1.564197;0.000100;0.653702;3.079403
10366.61;5662;5675;5.000000;1.401395;0.000173;3.061493;2.824832;6.711770;6.894552;6.414272;1.779797;0.000100;0.470465;3.363642
10368.41;5663;5676;5.000000;0.943263;0.000173;4.047256;3.808852;5.972234;6.257198;5.217151;1.933382;0.000100;0.357491;2.555700
10370.21;5664;5677;5.000000;1.080635;0.000173;3.848170;3.416504;6.505436;6.430043;6.108403;2.037482;2.832490;0.349862;3.186415
10372.01;5665;5678;5.000000;1.078997;0.000484;2.973132;3.426702;5.018544;6.439462;6.097152;2.308583;2.597920;0.345070;3.188892
10373.81;5666;5679;5.000000;1.092071;0.000173;2.934008;3.351603;5.012511;6.374649;6.328579;2.309996;3.188280;0.333249;3.366532
10375.61;5667;5680;5.000000;0.995962;0.000173;3.534948;3.705567;5.507686;6.427624;6.376373;2.202134;3.376041;0.328874;3.553027
10377.41;5668;5681;5.000000;1.015254;0.000173;3.458798;3.598774;5.493423;6.363297;6.130785;2.210677;1.781038;0.322533;2.537125
10379.21;5669;5682;5.000000;1.068367;0.000495;3.215357;3.456618;5.373944;6.431690;6.078478;2.319384;2.667060;0.318031;2.552060
10381.01;5670;5683;5.000000;1.137888;0.000173;2.957648;3.279214;5.264893;6.498639;6.405759;2.319774;4.147094;0.336755;2.156001
10382.81;5671;5684;5.000000;1.393919;0.000534;2.294594;2.754610;5.003649;6.687298;6.223367;2.393119;3.817602;0.332589;2.723669
10384.61;5672;5685;5.000000;1.379530;0.000173;2.231715;2.789944;4.816295;6.703159;6.921360;2.378634;5.002646;0.330482;3.870890
10386.41;5673;5686;5.000000;1.448214;0.000655;2.131247;2.720267;4.828473;6.861156;6.629069;2.436638;2.951946;0.326907;3.558370
10388.21;5674;5687;5.000000;1.166147;0.000477;2.835840;3.132636;5.173429;6.362333;6.098248;2.354814;2.888767;0.314533;3.074213
10390.01;5675;5688;5.000000;1.136169;0.000493;2.829335;3.150425;5.028872;6.233975;6.028949;2.334214;2.246992;0.303920;3.571263
10391.81;5676;5689;5.000000;1.092544;0.000525;2.872167;3.255429;4.908987;6.194412;6.205489;2.132564;0.000100;0.532916;3.090526
10393.61;5677;5690;5.000000;1.114796;0.000173;2.882518;3.190835;5.027024;6.195166;6.296479;2.171374;0.000100;0.522820;2.623357
10395.41;5678;5691;4.000000;1.123496;0.000173;2.886150;3.250343;5.072635;6.359948;5.641418;1.831392;0.000100;0.547684;2.055617
10397.21;5679;5692;4.000000;1.189827;0.000731;2.706014;3.084861;5.036828;6.392525;6.041426;1.863841;0.000100;0.584087;2.708694
10399.01;5680;5693;5.000000;1.074756;0.000537;3.093147;3.380681;5.200606;6.328011;5.814235;1.942324;0.000100;0.452054;2.713855
10400.81;5681;5694;5.000000;1.072492;0.000515;3.891892;3.232083;6.529773;6.037116;5.666240;2.117579;0.000100;0.399742;2.442254
10402.61;5682;5695;5.000000;1.026269;0.000481;3.916689;3.322937;6.288163;5.939317;5.819812;2.158912;0.000100;0.400552;3.326129
10404.41;5683;5696;5.000000;0.873300;0.000672;4.879792;3.845889;6.666657;5.849426;5.392893;2.432984;1.212125;0.318894;2.198408
10406.21;5684;5697;5.000000;0.894471;0.000601;4.731021;3.807748;6.620098;5.931814;5.466546;2.467821;1.219587;0.325531;2.542713
10408.01;5685;5698;5.000000;1.131271;0.000173;3.737904;3.284437;6.615129;6.471139;6.575895;2.703061;3.529406;0.320501;3.549830
10409.81;5686;5699;5.000000;1.293676;0.000539;1.247120;1.558823;2.523930;3.512170;6.368493;2.481585;48.120747;0.260171;0.755919
10411.61;5687;5700;5.000000;1.275092;0.000449;1.344698;1.530060;2.682313;3.397840;6.269521;2.356263;58.874006;0.261358;1.020665
10413.41;5688;5701;5.000000;1.165522;0.000856;1.546012;1.576370;2.818879;3.199865;6.049887;1.216381;46.386838;0.235223;0.200737
10415.21;5689;5702;5.000000;1.159922;0.000610;1.690424;1.692768;3.067382;3.419632;5.852045;0.985920;46.413319;0.239871;0.200737
10417.01;5690;5703;5.000000;0.691413;0.000452;5.563301;4.731907;6.017466;5.698059;6.816088;2.603228;3.829622;0.350871;2.927928
10418.81;5691;5704;5.000000;0.505614;0.000503;14.039591;5.461554;11.104951;4.809369;5.635761;2.147398;4.039773;0.289315;2.870019
10420.61;5692;5705;5.000000;0.479801;0.000648;13.746550;5.859966;10.318066;4.896767;5.664206;2.150573;3.317104;0.288427;2.498147
10422.41;5693;5706;5.000000;0.513370;0.000669;13.618733;5.378193;10.937320;4.808618;6.085134;2.137772;4.226859;0.288861;3.529106
10424.21;5694;5707;5.000000;0.515444;0.000173;16.843709;4.814554;13.581972;4.322061;5.004717;1.853620;3.788220;0.253773;2.333121
10426.01;5695;5708;5.000000;0.510130;0.000625;15.617928;5.035559;12.463709;4.473848;4.747348;1.824007;1.847945;0.252943;2.472355
10427.81;5696;5709;5.000000;0.466759;0.000173;16.431057;5.542562;11.997801;4.505640;4.635062;1.744019;2.540330;0.242242;2.841699
10429.61;5697;5710;5.000000;0.538038;0.000173;17.178585;4.554018;14.459181;4.267374;4.405071;1.514292;4.060051;0.226698;2.981261
10431.41;5698;5711;5.000000;0.539913;0.000173;17.582928;4.535908;14.851080;4.265214;4.542377;1.482039;3.039618;0.225253;2.860541
10433.21;5699;5712;5.000000;0.518447;0.000173;18.222475;4.733066;14.779347;4.273662;4.340272;1.356123;3.303065;0.226917;2.325019
10435.01;5700;5713;5.000000;0.517670;0.000173;18.107713;4.794768;14.664242;4.322881;4.427059;1.335241;3.515001;0.243505;1.893344
10436.81;5701;5714;5.000000;0.524513;0.000173;17.266255;5.104360;14.167659;4.662845;4.877675;1.305371;3.596106;0.259728;1.917599
10438.61;5702;5715;5.000000;0.551463;0.000173;15.941287;4.969678;13.752552;4.773071;4.811508;1.369052;2.092600;0.275938;2.915606
10440.41;5703;5716;7.000000;0.509361;0.000644;18.582145;5.047686;14.806938;4.477869;4.353574;1.313440;2.795890;0.243573;2.765571
10442.21;5704;5717;7.000000;0.573232;0.000498;18.590721;4.132285;16.671313;4.125471;4.519793;1.322615;2.926200;0.227041;2.555624
10444.01;5705;5718;7.000000;0.527153;0.000173;21.132827;4.242992;17.427613;3.895491;4.179986;1.283908;3.240396;0.211272;3.227387
10445.81;5706;5719;7.000000;0.507728;0.000173;21.460748;4.373386;17.045863;3.867244;4.269515;1.266570;3.258629;0.208714;1.861541
10447.61;5707;5720;7.000000;0.566375;0.000464;20.252934;3.843832;17.944656;3.791589;3.993279;1.217615;2.272870;0.193898;2.305315
10449.41;5708;5721;7.000000;0.660981;0.000173;17.084785;3.200576;17.666153;3.684431;4.121379;1.216123;3.512017;0.206419;2.795644
10451.21;5709;5722;5.000000;0.518231;0.000498;17.805113;4.804585;14.434834;4.336434;4.165990;1.528137;2.393747;0.213073;1.720852
10453.01;5710;5723;5.000000;0.545685;0.000173;16.693896;4.555763;14.250928;4.329685;4.270009;1.580239;1.546663;0.224802;2.533018
10454.81;5711;5724;5.000000;0.560372;0.000440;17.038990;4.424142;14.937003;4.317759;4.744305;1.668374;2.670408;0.230540;1.716543
10456.61;5712;5725;5.000000;0.573832;0.000173;17.196109;4.260779;15.436831;4.258206;4.685755;1.651518;2.968005;0.231425;1.531342
10458.41;5713;5726;5.000000;0.463130;0.000665;20.464117;5.342464;14.826522;4.309209;4.755938;1.633011;1.602514;0.232487;2.725565
10460.21;5714;5727;5.000000;0.445896;0.000556;20.199641;5.715138;14.090314;4.438268;4.769162;1.679527;1.531090;0.239992;1.318831
10462.01;5715;5728;5.000000;0.447643;0.000173;24.682374;4.919965;17.284702;3.835718;4.023406;1.423122;1.559988;0.188004;1.581062
10463.81;5716;5729;5.000000;0.447295;0.000173;25.191794;4.888056;17.627734;3.807881;4.171605;1.410671;0.000100;0.186988;1.587953
10465.61;5717;5730;5.000000;0.454898;0.000173;23.889729;4.497797;17.000767;3.563419;4.159867;1.464047;0.000100;0.178885;1.911541
10467.41;5718;5731;5.000000;0.526662;0.000604;20.369501;4.151579;16.782467;3.808013;4.052145;1.314223;0.000100;0.190484;1.921213
10469.21;5719;5732;5.000000;0.518197;0.000607;20.842611;4.344167;16.896236;3.920613;4.443708;1.331111;0.000100;0.193572;2.946477
10471.01;5720;5733;5.000000;0.742455;0.000654;12.701212;2.578475;14.752266;3.334157;4.452963;1.100003;0.000100;0.162912;2.358962
10472.81;5721;5734;5.000000;0.726732;0.000550;14.207528;2.630200;16.152363;3.329017;4.374900;1.458609;2.456391;0.161742;2.861122
10474.61;5722;5735;5.000000;0.642202;0.000173;18.592645;3.321544;18.679102;3.715048;4.656795;1.417523;1.358580;0.186853;3.845954
10476.41;5723;5736;5.000000;0.619471;0.000467;19.109351;3.436328;18.518700;3.707395;4.488459;1.390239;0.000100;0.179015;0.933383
10478.21;5724;5737;5.000000;0.552238;0.000173;19.808963;4.185471;17.113216;4.025538;4.550975;1.543303;0.000100;0.215838;2.140543
10480.01;5725;5738;5.000000;0.536540;0.000664;19.859448;4.372744;16.669128;4.086105;4.566698;1.538348;1.684324;0.217853;1.529473
10481.81;5726;5739;5.000000;0.717113;0.000173;15.345443;3.191813;17.215128;3.986373;4.705835;1.627604;3.030476;0.212031;2.021340
10483.61;5727;5740;5.000000;0.869356;0.000817;11.360897;2.786208;15.450888;4.218559;4.683998;1.493079;2.315918;0.212041;2.824664
10485.41;5728;5741;5.000000;0.989602;0.000173;11.040140;2.446757;17.091431;4.217007;5.252660;1.482012;3.781531;0.208600;1.628147
10487.21;5729;5742;5.000000;1.524210;0.000173;5.603223;1.797566;13.360600;4.771804;5.712390;1.541449;3.322319;0.250559;3.097992
10489.01;5730;5743;5.000000;1.436899;0.000522;6.073476;1.830969;13.652338;4.582055;5.198167;1.466682;2.811066;0.236900;1.757847
10490.81;5731;5744;5.000000;1.493673;0.000568;4.722767;1.799813;11.035585;4.682050;5.803983;1.951594;4.485404;0.271894;1.892665
10492.61;5732;5745;5.000000;1.378186;0.000173;5.539613;2.152315;11.943473;5.166147;5.193066;2.012956;0.000100;0.383865;1.194026
10494.41;5733;5746;5.000000;1.441472;0.000485;5.238882;2.128727;11.813763;5.344157;5.454371;1.993463;0.000100;0.398434;1.408673
10496.21;5734;5747;5.000000;1.013610;0.000173;7.342079;2.781971;11.642158;4.911076;5.129344;1.828121;1.144695;0.268819;2.027356
10498.01;5735;5748;5.000000;1.015485;0.000173;7.346317;2.738478;11.670422;4.843239;5.247677;1.797913;0.000100;0.277578;1.927852
10499.81;5736;5749;5.000000;0.808323;0.000173;9.201039;3.164603;11.634966;4.455097;4.706474;1.454484;0.000100;0.264961;1.951378
10501.61;5737;5750;4.000000;1.166706;0.001071;3.258659;2.543288;5.947626;5.167852;5.924902;3.110206;0.000100;0.580816;1.599697
10503.41;5738;5751;4.000000;1.148390;0.000959;3.478274;2.541167;6.248800;5.082481;4.417459;2.743191;50.105019;0.513962;0.200737
10505.21;5739;5752;4.000000;0.995822;0.000857;6.173828;2.607832;9.617887;4.522873;5.213844;1.949544;0.000100;0.348681;1.966147
10507.01;5740;5753;5.000000;0.880389;0.000605;7.772215;2.849044;10.704414;4.368447;5.287822;1.880670;0.000100;0.327295;1.718670
10508.81;5741;5754;5.000000;0.972960;0.000173;6.877495;2.614145;10.468116;4.429734;5.287105;1.853601;0.000100;0.331002;2.665574
10510.61;5742;5755;5.000000;0.849326;0.000490;8.862401;2.909345;11.775220;4.303507;5.103186;1.637943;0.000100;0.259369;2.516574
10512.41;5743;5756;5.000000;0.697569;0.000504;15.828070;3.337147;17.272623;4.054295;4.042837;1.380372;0.000100;0.199607;3.363764
10514.21;5744;5757;5.000000;0.709669;0.000173;13.742789;3.427361;15.257175;4.236125;5.013884;1.082176;1.765484;0.265319;2.593190
10516.01;5745;5758;5.000000;0.652892;0.000173;9.775971;3.867401;9.984925;4.397581;5.162514;1.252244;0.000100;0.358092;1.938668
10517.81;5746;5759;5.000000;0.582117;0.000173;16.658316;4.006418;15.169981;4.061813;4.373323;1.446083;0.000100;0.226680;2.714001
10519.61;5747;5760;5.000000;0.576993;0.000173;18.793145;3.962353;16.963413;3.981774;4.863273;1.345947;2.309234;0.207450;2.133727
10521.41;5748;5761;5.000000;0.555525;0.000173;19.449747;4.113475;16.902877;3.979836;4.183085;1.383278;0.974344;0.177755;1.998845
10523.21;5749;5762;5.000000;0.561441;0.000457;21.188463;3.772633;18.610017;3.688940;4.678734;1.261190;1.757683;0.177310;3.070286
10525.01;5750;5763;5.000000;0.567822;0.000173;20.078965;3.842784;17.835964;3.800240;4.651884;1.339887;1.352719;0.197672;1.746457
10526.81;5751;5764;5.000000;0.521939;0.000173;22.505827;4.011866;18.376308;3.646863;4.172052;1.251363;0.000100;0.174899;2.667602
10528.61;5752;5765;5.000000;0.515477;0.000173;21.564333;4.218249;17.389570;3.786995;4.314924;1.298622;0.000100;0.202422;1.879382
10530.41;5753;5766;5.000000;0.548024;0.000173;19.874184;3.973613;17.038534;3.792611;4.697164;1.382428;0.000100;0.209154;2.566945
10532.21;5754;5767;5.000000;0.502235;0.000694;23.027970;4.274093;18.092794;3.738554;4.524820;1.248097;0.000100;0.199167;2.670914
10534.01;5755;5768;5.000000;0.510785;0.000173;22.974000;4.169387;18.357708;3.709059;4.403237;1.185365;0.000100;0.213477;2.263447
10535.81;5756;5769;5.000000;0.521680;0.000173;22.163757;4.121534;18.088013;3.744692;4.380767;1.110335;1.494315;0.206156;2.366198
10537.61;5757;5770;5.000000;0.480597;0.000173;21.646383;4.934913;16.274589;4.130607;4.312811;1.293618;0.000100;0.243077;1.612619
10539.41;5758;5771;5.000000;0.466663;0.000173;22.050376;5.154161;16.097648;4.189036;4.285838;1.303222;0.000100;0.240175;1.656384
10541.21;5759;5772;5.000000;0.502972;0.000716;19.133574;4.904190;15.055081;4.295997;4.614837;1.548173;2.046933;0.231448;1.946597
10543.01;5760;5773;5.000000;0.468298;0.000173;20.089003;5.380003;14.717167;4.387914;4.872344;1.545754;2.460326;0.242110;3.145430
10544.81;5761;5774;5.000000;0.462002;0.000173;20.630871;5.405191;14.910922;4.349183;4.541029;1.500277;3.096596;0.240587;3.260925
10546.61;5762;5775;5.000000;0.447193;0.000462;20.476317;5.718928;14.324838;4.454123;4.639023;1.569177;2.010741;0.223817;3.050693
10548.41;5763;5776;5.000000;0.450907;0.000173;20.598008;5.651185;14.529677;4.437925;4.775409;1.583651;2.433305;0.228322;3.809754
10550.21;5764;5777;;;;;;;;;;;;
10552.01;5765;5778;5.000000;0.499869;0.000173;19.936521;4.986958;15.590114;4.341555;4.688206;1.613343;2.520396;0.239098;3.005962
10553.81;5766;5779;5.000000;0.503431;0.000173;19.617544;4.997359;15.449969;4.381605;4.580828;1.591606;2.900924;0.230190;2.394427
10555.61;5767;5780;5.000000;0.479426;0.000173;19.358169;5.333427;14.518734;4.453285;4.377015;1.662248;1.473589;0.238475;2.135494
10557.41;5768;5781;5.000000;0.459447;0.000173;21.148701;5.425119;15.200664;4.341080;4.783642;1.594795;2.174561;0.243313;1.989288
10559.21;5769;5782;5.000000;0.512832;0.000173;19.363981;4.818829;15.535055;4.303971;4.610857;1.667849;2.709288;0.237902;2.404841
10561.01;5770;5783;5.000000;0.585844;0.000173;17.492197;4.266627;16.031336;4.353311;4.761318;1.579009;3.455966;0.229543;1.583363
10562.81;5771;5784;5.000000;0.571003;0.000173;17.837238;4.297180;15.933433;4.273414;4.692154;1.543425;2.983476;0.234400;0.832927
10564.61;5772;5785;5.000000;0.588919;0.000173;18.826144;3.904278;17.344450;4.004511;4.534716;1.327755;3.732067;0.216937;2.911898
10566.41;5773;5786;5.000000;0.624840;0.000173;18.331534;3.592667;17.918873;3.909656;4.500122;1.283231;3.156549;0.223198;2.370455
10568.21;5774;5787;5.000000;0.615752;0.000173;18.665205;3.689007;17.979677;3.956109;4.328872;1.292826;4.366712;0.217040;2.199250
10570.01;5775;5788;5.000000;0.623591;0.000668;17.394381;3.783410;16.968830;4.108999;4.283364;1.193031;2.713819;0.225260;2.843485
10571.81;5776;5789;5.000000;0.628065;0.000173;17.216260;3.727112;16.915572;4.076900;4.224708;1.219809;2.558682;0.230419;2.524277
10573.61;5777;5790;5.000000;0.617454;0.000173;16.669448;4.107233;16.101611;4.416794;4.144771;1.349678;2.661192;0.231783;1.287340
10575.41;5778;5791;5.000000;0.614207;0.000465;16.606542;4.126610;15.956486;4.414293;4.340738;1.389686;3.316229;0.237631;2.095456
10577.21;5779;5792;5.000000;0.548488;0.000173;17.778130;4.653695;15.254445;4.445473;4.122606;1.224522;2.504868;0.243240;2.946050
10579.01;5780;5793;5.000000;0.571811;0.000173;17.188384;4.454965;15.375548;4.436593;4.284840;1.243004;3.054333;0.234523;2.061790
10580.81;5781;5794;5.000000;0.557588;0.000173;18.289098;4.449176;15.953255;4.320622;4.280618;1.233140;2.434233;0.227088;2.872879
10582.61;5782;5795;5.000000;0.604996;0.000488;16.740416;4.140003;15.843911;4.362209;4.618354;1.261272;2.620892;0.234053;2.845385
10584.41;5783;5796;5.000000;0.586055;0.000511;16.856285;4.337919;15.454091;4.427644;4.290968;1.290348;3.455683;0.230726;1.566658
10586.21;5784;5797;5.000000;1.075144;0.000173;6.893971;2.500810;11.595229;4.682743;4.365036;1.390220;0.000100;0.342463;0.997605
10588.01;5785;5798;5.000000;1.168545;0.000173;6.778459;2.306401;12.391384;4.693894;5.041109;1.425504;0.000100;0.353158;1.526776
10589.81;5786;5799;5.000000;0.744810;0.000173;11.340792;3.516666;13.213939;4.561732;4.905807;1.703580;1.881402;0.287833;1.576251
10591.61;5787;5800;5.000000;0.653817;0.000434;12.697612;4.115216;12.987378;4.685995;5.363498;1.822953;2.021159;0.275893;2.995173
10593.41;5788;5801;5.000000;0.603333;0.000173;13.602049;4.388886;12.838214;4.611734;5.461788;1.701188;2.994240;0.287803;2.192438
10595.21;5789;5802;5.000000;0.507172;0.000173;15.773175;5.204308;12.514613;4.596963;5.191464;1.851411;2.660376;0.292236;2.571853
10597.01;5790;5803;5.000000;0.519336;0.000568;15.679125;5.109479;12.738367;4.621450;5.482681;1.868528;4.053387;0.275555;2.561530
10598.81;5791;5804;5.000000;0.469910;0.000173;18.019278;5.345860;13.246334;4.375076;4.805325;1.562292;2.303163;0.264913;3.068403
10600.61;5792;5805;5.000000;0.522289;0.000703;15.254413;5.197652;12.463788;4.727934;5.094878;1.813709;2.108030;0.275604;1.559148
10602.41;5793;5806;5.000000;0.500979;0.000508;16.367859;5.265650;12.827876;4.594356;5.262879;1.831394;3.486301;0.264301;2.078187
10604.21;5794;5807;5.000000;0.687299;0.000523;6.402009;4.950219;6.883438;5.925476;6.456959;2.329637;2.649883;0.348036;3.014845
10606.01;5795;5808;5.000000;0.684411;0.000173;6.294561;4.966968;6.739466;5.920538;6.706955;2.313628;2.794699;0.353796;3.451650
10607.81;5796;5809;5.000000;0.757380;0.000173;4.476431;5.423101;5.303821;7.153430;6.314725;1.992577;0.000100;0.774854;3.360909
10609.61;5797;5810;5.000000;0.768713;0.000173;4.837319;5.611870;5.817178;7.513200;6.549487;1.907270;0.000100;0.843538;3.026678
10611.41;5798;5811;5.000000;0.846572;0.000173;4.994588;4.665379;6.614647;6.878656;6.300769;1.771683;0.000100;0.775430;2.764433
10613.21;5799;5812;5.000000;0.808221;0.000173;5.218650;4.867886;6.598295;6.852098;6.291430;1.720809;0.000100;0.800022;3.299215
10615.01;5800;5813;5.000000;1.007497;0.000173;3.973514;4.186778;6.262705;7.346438;5.790966;1.842881;0.000100;0.776056;2.006397
10616.81;5801;5814;5.000000;1.070310;0.000173;3.803538;3.902735;6.368548;7.274974;6.380381;1.925799;0.000100;0.811695;3.307101
10618.61;5802;5815;5.000000;1.108256;0.000478;3.507370;3.350308;6.080862;6.466630;6.024669;2.129429;0.000100;0.436381;3.268211
10620.41;5803;5816;5.000000;1.097215;0.000642;3.551916;3.422648;6.096741;6.540438;6.144082;2.175859;0.000100;0.448571;3.401527
10622.21;5804;5817;5.000000;0.911135;0.000631;4.906750;3.699452;6.993912;5.870476;6.201353;2.255147;2.572455;0.346660;3.434134
10624.01;5805;5818;5.000000;0.868265;0.000490;5.041694;3.947056;6.848129;5.968682;5.805533;2.216987;2.042050;0.334927;2.602707
10625.81;5806;5819;5.000000;0.854376;0.000472;6.983203;3.639108;9.333554;5.414982;5.941087;2.134693;2.686583;0.319582;3.879412
10627.61;5807;5820;;;;;;;;;;;;
10629.41;5808;5821;5.000000;0.835679;0.000592;7.129372;3.541012;9.320390;5.153709;5.902077;2.080196;4.479469;0.304470;2.540223
10631.21;5809;5822;5.000000;0.836968;0.000613;7.285447;3.554535;9.539117;5.181368;5.865166;2.031152;3.152289;0.304128;2.126188
10633.01;5810;5823;5.000000;0.781397;0.000173;7.821872;3.800285;9.561490;5.171789;4.914961;2.046776;0.000100;0.290339;1.996489
10634.81;5811;5824;5.000000;0.753252;0.000173;7.896026;3.903617;9.304479;5.121066;4.962072;1.984213;1.128092;0.288380;1.426658
10636.61;5812;5825;5.000000;0.759573;0.000173;7.920627;3.882880;9.411792;5.136609;4.851572;2.028096;0.000100;0.291315;1.923961
10638.41;5813;5826;5.000000;0.775352;0.000173;7.678701;3.845963;9.313869;5.193465;4.842921;2.002791;0.000100;0.302352;2.449098
10640.21;5814;5827;5.000000;0.756861;0.000173;7.826059;3.912647;9.266223;5.157509;5.092505;2.036345;1.082194;0.302593;1.836904
10642.01;5815;5828;5.000000;1.028355;0.000173;4.994511;3.227682;8.034878;5.780785;5.411624;1.968953;1.136696;0.299702;2.431948
10643.81;5816;5829;5.000000;1.232656;0.000173;3.224650;3.016863;6.218245;6.476653;5.824040;1.952620;1.098227;0.303374;2.247423
10645.61;5817;5830;5.000000;1.237110;0.000682;3.288658;3.020194;6.364591;6.507234;5.948400;1.975230;0.000100;0.318301;3.282293
10647.41;5818;5831;5.000000;1.213266;0.000484;3.171452;3.063696;6.019459;6.473732;5.673854;1.929213;1.126503;0.334457;2.656094
10649.21;5819;5832;5.000000;1.297831;0.000429;3.142782;2.845906;6.380812;6.432680;6.035378;1.936154;1.253834;0.347959;2.873040
10651.01;5820;5833;5.000000;1.368193;0.000173;2.127524;2.840245;4.553709;6.767938;6.422623;2.316724;0.000100;0.432195;2.767580
10652.81;5821;5834;5.000000;1.427809;0.000173;2.137225;2.732689;4.773794;6.795373;6.595455;2.349700;1.361269;0.452169;2.378760
10654.61;5822;5835;5.000000;1.160422;0.000705;2.057935;2.640764;3.735862;5.337015;6.638390;2.632832;2.527327;0.407842;1.593679
10656.41;5823;5836;5.000000;1.180642;0.000574;2.011854;2.637201;3.715849;5.422687;6.621211;2.644929;0.000100;0.438701;1.874054
10658.21;5824;5837;5.000000;0.797624;0.000781;2.227429;2.987998;2.779365;4.150798;6.219518;3.010049;3.646740;0.370799;0.720775
10660.01;5825;5838;5.000000;0.776085;0.000704;2.222703;3.049905;2.698571;4.122384;6.353844;3.115816;3.844586;0.361366;1.428856
10661.81;5826;5839;5.000000;0.966104;0.000447;1.994587;2.540331;3.014533;4.274322;6.109107;3.014564;2.257464;0.361291;0.625810
10663.61;5827;5840;5.000000;0.954723;0.000724;2.071015;2.566808;3.093173;4.267995;6.535504;3.005926;2.918211;0.390850;1.013944
10665.41;5828;5841;5.000000;0.868136;0.000539;2.357327;3.162143;3.201481;4.781041;6.136639;3.043643;4.194945;0.297802;1.734161
10667.21;5829;5842;5.000000;0.923656;0.000676;2.292483;2.988314;3.312529;4.807170;6.550212;3.133432;4.704866;0.305965;2.153954
10669.01;5830;5843;5.000000;0.893246;0.000773;1.805802;1.781433;2.523390;2.771364;5.148968;3.315593;53.091775;0.202900;0.897937
10670.81;5831;5844;;;;;;;;;;;;
10672.61;5832;5845;;;;;;;;;;;;
10674.41;5833;5846;;;;;;;;;;;;
10676.21;5834;5847;;;;;;;;;;;;
10678.01;5835;5848;;;;;;;;;;;;
10679.81;5836;5849;;;;;;;;;;;;
10681.61;5837;5850;;;;;;;;;;;;
10683.41;5838;5851;5.000000;0.827392;0.000586;1.994431;2.118157;2.581509;3.052266;4.381830;3.288817;42.382188;0.208380;0.877587
10685.21;5839;5852;5.000000;0.806848;0.000639;2.047806;2.088038;2.584782;2.934156;4.388754;3.173702;44.194278;0.198761;0.200737
10687.01;5840;5853;5.000000;0.988656;0.000805;1.886152;1.771385;2.917195;3.050081;4.631082;3.277303;61.203156;0.210231;0.200737
10688.81;5841;5854;5.000000;0.748697;0.000173;3.401356;3.453494;3.983836;4.503165;6.041137;2.902506;5.091146;0.264730;1.896418
10690.61;5842;5855;5.000000;0.770935;0.000573;3.348445;3.358906;4.038355;4.509920;5.855640;2.915381;5.086905;0.257767;1.937469
10692.41;5843;5856;5.000000;0.751302;0.000173;3.675875;3.539103;4.320349;4.630852;5.939400;2.716158;4.081411;0.274449;1.834249
10694.21;5844;5857;5.000000;0.703136;0.000173;5.825964;4.860682;6.408416;5.952368;6.454136;2.266339;3.820613;0.330702;3.548707
10696.01;5845;5858;5.000000;0.737729;0.000173;5.572431;4.575388;6.431097;5.878655;6.210525;2.252020;3.318372;0.330227;3.161441
10697.81;5846;5859;5.000000;0.728476;0.000479;5.824366;4.809834;6.637537;6.102364;6.284078;2.182034;2.235178;0.338222;1.735002
10699.61;5847;5860;5.000000;0.751019;0.000173;5.557744;4.696231;6.529696;6.142620;6.157966;2.162915;1.708476;0.345771;2.912385
10701.41;5848;5861;5.000000;0.713146;0.000487;7.928646;4.405165;8.845466;5.471339;5.796989;2.305681;1.796836;0.317340;2.402233
10703.21;5849;5862;6.000000;0.701828;0.000651;8.732563;4.325297;9.587727;5.286881;5.739827;2.393966;2.983267;0.304575;2.536254
10705.01;5850;5863;6.000000;0.689932;0.000511;8.688736;4.328424;9.377909;5.201024;6.012163;2.548526;1.594401;0.289474;3.195692
10706.81;5851;5864;6.000000;0.705329;0.000462;7.129765;4.466401;7.867024;5.486592;5.922378;2.443358;1.648849;0.303650;2.536146
10708.61;5852;5865;6.000000;0.714893;0.000625;7.188325;4.381574;8.039191;5.455374;6.251425;2.432564;2.364395;0.309749;3.353171
10710.41;5853;5866;6.000000;0.704853;0.000645;4.319647;5.543003;4.763102;6.804504;6.180163;1.625577;0.000100;0.581302;2.975498
10712.21;5854;5867;6.000000;0.907085;0.000664;2.639632;3.944887;3.745713;6.232113;6.028372;3.027685;48.711628;0.539846;1.516730
10714.01;5855;5868;6.000000;0.868799;0.000721;2.686475;4.025511;3.651285;6.091070;6.255685;3.147376;50.676528;0.558211;1.274566
10715.81;5856;5869;6.000000;0.417264;0.000173;5.939455;10.956638;3.877047;7.962354;6.716537;1.775007;0.000100;1.279802;3.971486
10717.61;5857;5870;6.000000;0.475178;0.000173;5.646395;9.296287;4.197307;7.693407;6.307366;1.753856;0.000100;1.089636;3.236485
10719.41;5858;5871;6.000000;0.452284;0.000173;5.652345;10.271082;3.999289;8.090586;6.460772;1.542291;0.000100;1.274736;2.701685
10721.21;5859;5872;6.000000;0.453281;0.000750;5.612202;10.245385;3.979647;8.088151;6.402578;1.486792;0.000100;1.358354;2.367379
10723.01;5860;5873;6.000000;0.638577;0.000173;6.886166;5.529242;6.879134;6.149384;6.387517;1.926683;0.000100;0.456514;3.130472
10724.81;5861;5874;6.000000;0.676108;0.000651;6.597969;5.187917;6.978621;6.108886;6.263682;1.960845;0.000100;0.441912;1.985673
10726.61;5862;5875;6.000000;0.598183;0.000173;3.540393;6.612929;3.313059;6.889398;6.503852;2.853618;0.000100;0.949552;1.726206
10728.41;5863;5876;6.000000;0.722252;0.000690;2.942251;5.648992;3.324390;7.105798;6.030342;2.953737;60.457181;0.972693;0.200737
10730.21;5864;5877;6.000000;0.628225;0.000562;3.248988;6.285535;3.193059;6.877186;6.408513;2.998732;0.000100;0.955889;1.404671
10732.01;5865;5878;6.000000;0.651546;0.000620;3.244979;6.191009;3.307506;7.025217;5.825818;3.016217;54.917356;0.976247;0.200737
10733.81;5866;5879;5.000000;0.692583;0.000173;4.734689;5.458525;5.129870;6.584152;6.999815;2.578585;0.000100;0.429439;3.552206
10735.61;5867;5880;5.000000;0.704603;0.000173;4.619743;5.489145;5.092200;6.735999;6.329291;2.524502;0.000100;0.410413;2.133478
10737.41;5868;5881;5.000000;0.705212;0.000173;4.586425;5.337564;5.059845;6.555648;6.696582;2.581787;0.000100;0.405082;3.092965
10739.21;5869;5882;5.000000;0.663462;0.000557;4.851991;5.562991;5.035923;6.428020;6.391841;2.494743;0.000100;0.417602;2.712187
10741.01;5870;5883;5.000000;0.738263;0.000173;3.685647;5.105105;4.256650;6.564000;6.690511;2.597482;0.000100;0.396555;2.882387
10742.81;5871;5884;5.000000;0.722901;0.000173;3.922110;5.234772;4.435495;6.590673;7.043588;2.618501;0.000100;0.394061;3.850887
10744.61;5872;5885;5.000000;1.418300;0.000658;1.601778;2.190669;3.553971;5.411255;6.530805;2.693564;2.527125;0.303101;2.679361
10746.41;5873;5886;5.000000;1.753367;0.000694;1.215204;1.574739;3.333232;4.808775;6.361409;2.776870;1.548044;0.306664;1.798863
10748.21;5874;5887;5.000000;1.840369;0.000674;1.259285;1.562653;3.625535;5.008647;6.925841;2.856274;3.206811;0.304522;2.033052
10750.01;5875;5888;5.000000;1.487123;0.000697;1.787938;1.712490;4.159515;4.435350;5.879556;2.493766;1.696586;0.259034;1.435077
10751.81;5876;5889;5.000000;1.883216;0.000979;1.772397;1.653127;5.221611;5.421998;6.030823;1.870522;0.000100;0.286187;1.601545
10753.61;5877;5890;5.000000;1.579178;0.000800;2.690033;2.785213;6.645566;7.660241;5.297640;0.934822;0.000100;0.288356;2.619240
10755.41;5878;5891;5.000000;0.997790;0.000585;6.920473;3.592327;10.802355;6.242638;4.965016;1.620691;0.000100;0.276776;2.650899
10757.21;5879;5892;5.000000;0.860428;0.000688;7.553151;3.922041;10.166840;5.877324;5.089106;1.835201;0.000100;0.284021;3.354122
10759.01;5880;5893;5.000000;0.962980;0.000173;5.988104;3.702675;9.020906;6.209922;5.745088;2.142023;1.360102;0.299885;2.182273
10760.81;5881;5894;;;;;;;;;;;;
10762.61;5882;5895;5.000000;1.097961;0.000173;5.145453;3.030672;8.837993;5.795337;5.343958;1.981242;0.000100;0.326550;3.617545
10764.41;5883;5896;5.000000;1.133224;0.000173;5.023134;2.972551;8.904998;5.866757;5.555526;2.024313;0.000100;0.336858;2.346348
10766.21;5884;5897;5.000000;1.149096;0.000173;4.955314;2.921735;8.907806;5.847228;5.677660;2.027684;0.000100;0.322619;2.701615
10768.01;5885;5898;5.000000;1.656940;0.000173;1.859273;2.245348;4.819403;6.479529;6.572089;2.539273;0.000100;0.419410;3.035557
10769.81;5886;5899;5.000000;1.631787;0.000642;1.873441;2.271301;4.782410;6.454925;6.285265;2.547223;0.000100;0.419523;2.191742
10771.61;5887;5900;5.000000;1.709309;0.000173;1.712974;2.190703;4.580520;6.521644;6.541905;2.596482;0.000100;0.417249;2.662921
10773.41;5888;5901;5.000000;1.742868;0.000737;1.698636;2.111744;4.631357;6.410013;6.885295;2.603191;1.637377;0.438399;2.795654
10775.21;5889;5902;5.000000;1.982618;0.000673;1.446665;1.833997;4.486942;6.332727;6.980766;2.621361;1.178068;0.377661;1.789197
10777.01;5890;5903;5.000000;1.934368;0.000699;1.463687;1.863829;4.429254;6.279111;6.992567;2.578421;1.164634;0.388925;1.573713
10778.81;5891;5904;5.000000;1.928669;0.001080;1.465928;1.907033;4.422966;6.405736;6.355246;2.515954;1.139210;0.380703;1.709674
10780.61;5892;5905;5.000000;2.033960;0.001034;1.416913;1.851676;4.508467;6.559346;6.724027;2.612321;1.257174;0.359175;2.007102
10782.41;5893;5906;5.000000;2.092393;0.000524;1.373916;1.812546;4.497246;6.605191;6.842566;2.578042;0.000100;0.365853;1.981230
10784.21;5894;5907;5.000000;1.837313;0.000536;1.903984;1.999080;5.472550;6.396852;6.459544;2.182538;0.000100;0.531678;2.650044
10786.01;5895;5908;5.000000;1.683349;0.000705;2.098621;2.103607;5.526518;6.167254;6.116837;2.133986;0.000100;0.494584;1.771717
10787.81;5896;5909;5.000000;1.693212;0.000970;1.788196;1.907366;4.736633;5.624688;5.600705;2.195872;0.000100;0.397294;0.755198
10789.61;5897;5910;5.000000;1.781290;0.000966;1.675454;1.908749;4.668854;5.921565;6.319831;2.425990;0.000100;0.412142;1.421918
10791.41;5898;5911;5.000000;1.768810;0.000690;1.570893;1.949014;4.346815;6.004118;6.902092;2.162732;2.032429;0.368573;2.399528
10793.21;5899;5912;5.000000;1.766465;0.000173;1.292834;2.301939;3.572655;7.081937;7.273916;3.229628;1.396565;0.377322;1.718803
10795.01;5900;5913;5.000000;1.831125;0.000173;1.310268;2.255662;3.753370;7.193582;7.767626;3.292260;1.852772;0.398217;2.143331
10796.81;5901;5914;5.000000;1.781202;0.000173;1.269352;2.327889;3.537029;7.221517;8.185226;3.408323;2.998501;0.383289;2.257231
10798.61;5902;5915;5.000000;1.823648;0.000585;1.057591;2.208204;3.017186;7.013474;8.110541;3.286954;2.319697;0.416888;2.715713
10800.41;5903;5916;5.000000;1.839578;0.000694;1.033584;2.143811;2.974456;6.868435;8.052389;3.235957;1.108604;0.426937;2.576500
10802.21;5904;5917;5.000000;1.802740;0.000614;1.028031;2.206378;2.899232;6.927336;8.004820;3.282559;0.000100;0.430361;2.698823
10804.01;5905;5918;5.000000;2.148303;0.000173;1.237758;1.678129;4.159819;6.278759;7.412551;2.871057;0.000100;0.471577;2.139641
10805.81;5906;5919;5.000000;2.300339;0.000589;1.365578;1.475293;4.914186;5.910485;7.419201;2.853463;2.384679;0.422162;2.812932
10807.61;5907;5920;5.000000;2.202632;0.000615;1.390193;1.490060;4.790274;5.716088;7.313458;2.895126;2.616543;0.461663;1.480424
10809.41;5908;5921;5.000000;2.220549;0.000173;1.540792;1.543539;5.352387;5.969402;7.074062;2.814757;1.089018;0.406283;2.185601
10811.21;5909;5922;5.000000;2.219355;0.000756;1.567299;1.547165;5.441540;5.980210;7.715886;2.884296;2.927297;0.404060;2.939054
10813.01;5910;5923;5.000000;1.733270;0.000173;2.007413;1.822711;5.443098;5.502208;6.639249;2.521877;2.077169;0.401805;1.577224
10814.81;5911;5924;5.000000;1.869663;0.000607;1.922411;1.723643;5.622805;5.612596;7.421163;2.575240;4.416938;0.418815;2.840976
10816.61;5912;5925;5.000000;2.302608;0.000856;1.695833;1.481422;6.108667;5.940893;7.133721;2.439801;0.000100;0.535970;1.639391
10818.41;5913;5926;5.000000;1.714182;0.000875;1.515995;1.723393;4.216677;4.859512;6.541521;3.157541;30.513959;0.384254;1.448944
10820.21;5914;5927;5.000000;1.062939;0.000913;1.354956;1.957342;2.253081;3.623497;5.635075;3.916045;60.072794;0.223293;0.200737
10822.01;5915;5928;5.000000;1.117764;0.001384;1.380404;2.076988;2.413790;4.043309;5.925744;3.820256;59.199225;0.228024;0.200737
10823.81;5916;5929;0.000000;0.788108;0.001027;1.637372;2.666921;2.018722;3.660572;5.452191;3.800729;58.650969;0.197425;0.200737
10825.61;5917;5930;0.000000;0.744750;0.001239;1.834769;2.918614;2.137643;3.785648;5.979674;3.866557;0.000100;0.206563;0.200737
10827.41;5918;5931;0.000000;0.804634;0.000964;1.667106;2.674892;2.098481;3.748502;5.784081;3.840539;60.224675;0.203412;0.793412
10829.21;5919;5932;5.000000;2.464872;0.000615;2.103360;1.345232;8.110568;5.774900;6.915940;2.455412;2.248662;0.391521;1.404549
10831.01;5920;5933;5.000000;2.490200;0.000173;2.117340;1.329772;8.248371;5.767193;6.817650;2.494374;2.442825;0.382236;2.165573
10832.81;5921;5934;5.000000;2.411016;0.000701;2.152963;1.372162;8.120451;5.761805;6.913338;2.434660;2.409526;0.409081;2.616604
10834.61;5922;5935;5.000000;2.442156;0.000173;2.240323;1.285195;8.559086;5.466324;6.735184;2.496725;1.928066;0.383741;2.452946
10836.41;5923;5936;5.000000;2.477151;0.000621;2.232446;1.274984;8.651209;5.500602;6.791173;2.530720;1.356280;0.377413;2.368984
10838.21;5924;5937;5.000000;2.513707;0.000563;2.094872;1.304680;8.237879;5.711781;6.725038;2.500991;2.103633;0.403548;3.018470
10840.01;5925;5938;5.000000;2.554241;0.000635;2.176834;1.303637;8.698222;5.799247;6.517279;2.498739;1.320163;0.391742;2.384578
10841.81;5926;5939;5.000000;2.585090;0.000602;2.142708;1.262080;8.665266;5.682188;6.520819;2.462084;1.212934;0.371541;2.291049
10843.61;5927;5940;5.000000;2.603297;0.000553;2.477008;1.353242;10.087756;6.135531;6.120538;1.907315;0.000100;0.483930;2.692592
10845.41;5928;5941;5.000000;2.613680;0.000699;2.498470;1.358487;10.215742;6.183876;6.343230;1.871547;0.000100;0.485757;2.367541
10847.21;5929;5942;5.000000;2.524210;0.000173;2.568230;1.406980;10.141511;6.185379;6.115919;1.809846;0.000100;0.514558;1.893411
10849.01;5930;5943;5.000000;2.565991;0.000573;2.529270;1.381973;10.152984;6.176005;5.736718;1.716903;0.000100;0.494105;1.349014
10850.81;5931;5944;5.000000;2.056666;0.000173;3.119191;1.512189;10.035734;5.416551;5.640122;2.202294;2.084148;0.352121;0.944510
10852.61;5932;5945;5.000000;1.610675;0.000554;4.386694;1.647370;11.053216;4.621173;5.294069;2.078981;1.388781;0.336200;2.782164
10854.41;5933;5946;5.000000;1.710805;0.000733;4.245129;1.594927;11.361476;4.752198;5.706565;2.197316;2.267883;0.339585;1.535174
10856.21;5934;5947;5.000000;1.640855;0.000530;2.509405;2.141716;6.441459;6.120476;5.799661;1.827464;0.000100;0.845967;1.516298
10858.01;5935;5948;5.000000;1.816152;0.000173;2.328060;2.011003;6.614389;6.360890;5.972716;1.829687;0.000100;0.854974;1.168269
10859.81;5936;5949;5.000000;1.761283;0.000173;1.873328;1.806707;5.161623;5.542045;6.412364;2.299080;0.000100;0.655589;1.033011
10861.61;5937;5950;5.000000;1.844817;0.000931;1.805418;1.707931;5.210438;5.487524;6.401492;2.273586;0.000100;0.615575;2.506753
10863.41;5938;5951;5.000000;1.913325;0.000954;2.116661;1.809414;6.335538;6.029480;6.083707;0.959050;0.000100;0.439975;1.492055
10865.21;5939;5952;5.000000;1.880896;0.001443;2.096487;1.862398;6.168796;6.100850;6.388316;1.044998;0.000100;0.429796;1.963270
10867.01;5940;5953;;;;;;;;;;;;
10868.81;5941;5954;5.000000;1.913618;0.000923;2.553391;1.684173;7.643916;5.612999;6.560865;2.110327;0.000100;0.587875;1.953421
10870.61;5942;5955;5.000000;1.721103;0.000526;3.542369;1.513212;9.537709;4.535861;5.924779;1.895649;0.000100;0.338289;1.410365
10872.41;5943;5956;5.000000;1.758173;0.000678;3.583271;1.626020;9.855637;4.978982;5.258647;1.780527;0.000100;0.360442;1.980815
10874.21;5944;5957;5.000000;1.816797;0.000791;3.425444;1.564824;9.735685;4.951366;5.662263;1.876897;0.000100;0.378651;1.419101
10876.01;5945;5958;5.000000;1.975354;0.000618;1.779169;1.376854;5.498011;4.736809;6.565858;2.681320;0.000100;0.543650;1.426684
10877.81;5946;5959;5.000000;2.150171;0.000614;1.533261;1.340557;5.157420;5.020086;7.101976;2.703578;0.000100;0.591865;1.461658
10879.61;5947;5960;5.000000;1.757391;0.000602;1.802265;1.510234;4.954850;4.622382;6.141133;2.457365;0.000100;0.453527;1.756119
10881.41;5948;5961;5.000000;1.765755;0.000507;1.946034;1.510848;5.375565;4.646268;6.543068;2.501526;2.384224;0.475567;1.468088
10883.21;5949;5962;5.000000;2.152776;0.000862;1.498933;1.187077;5.048059;4.450724;6.302969;2.871201;62.615256;0.450877;0.200737
10885.01;5950;5963;5.000000;1.926728;0.000719;1.675660;1.288865;5.050677;4.324949;6.055421;2.757144;0.000100;0.429812;1.779452
10886.81;5951;5964;5.000000;1.791833;0.000861;2.077393;1.617600;5.823170;5.048026;6.560409;2.867718;0.000100;0.546685;1.230932
10888.61;5952;5965;5.000000;1.865135;0.000692;2.026717;1.531616;5.913528;4.975231;6.783606;2.936295;1.463747;0.518607;1.666262
10890.41;5953;5966;5.000000;1.810874;0.000173;2.092379;1.587112;5.927505;5.005515;6.669455;2.921353;0.000100;0.541220;1.422320
10892.21;5954;5967;5.000000;2.064124;0.000492;1.838990;1.405345;5.938250;5.052098;6.630207;3.029440;52.344341;0.547757;0.200737
10894.01;5955;5968;5.000000;2.021476;0.000819;1.865920;1.438310;5.900721;5.063772;6.484304;2.975574;50.382559;0.558385;0.200737
10895.81;5956;5969;5.000000;1.820779;0.000699;2.077550;1.603969;5.917686;5.086348;7.317552;2.920238;0.000100;0.539211;2.032291
10897.61;5957;5970;5.000000;1.823818;0.000784;3.479947;1.540070;9.928816;4.891870;6.605176;1.939982;0.000100;0.372913;1.691194
10899.41;5958;5971;5.000000;0.757935;0.000173;6.751090;3.809822;8.004781;5.029096;5.415439;1.969959;0.000100;0.368248;1.945556
10901.21;5959;5972;5.000000;1.122563;0.000173;4.292371;3.573935;7.537915;6.987316;6.250134;2.072873;0.000100;0.840471;2.058570
10903.01;5960;5973;5.000000;1.093456;0.000572;4.486455;3.906434;7.674465;7.439350;6.590794;2.081520;0.000100;0.928276;2.613256
10904.81;5961;5974;5.000000;1.078944;0.000771;3.576439;4.107193;6.036609;7.717862;6.255388;2.146915;0.000100;1.130380;2.606688
10906.61;5962;5975;5.000000;1.247778;0.000550;3.169424;3.663000;6.186728;7.960262;6.524407;2.296618;0.000100;1.199008;2.490232
10908.41;5963;5976;5.000000;1.236445;0.000173;4.179893;3.334615;8.085064;7.180814;6.201074;2.144614;0.000100;0.957552;2.752232
10910.21;5964;5977;5.000000;1.064585;0.000173;4.483528;3.667690;7.466956;6.800268;5.897493;2.134380;0.000100;0.877290;3.271216
10912.01;5965;5978;5.000000;1.002866;0.000173;4.847790;3.993070;7.605541;6.974337;6.499141;2.214693;0.000100;0.921050;2.097698
10913.81;5966;5979;5.000000;1.221688;0.000173;4.348325;3.445658;8.310469;7.331373;6.241957;1.879299;0.000100;0.863428;3.117457
10915.61;5967;5980;5.000000;1.291303;0.000173;4.221549;3.329243;8.527923;7.487325;6.516381;1.933539;0.000100;0.876812;3.412877
10917.41;5968;5981;5.000000;1.529496;0.000633;3.285018;2.575877;7.860123;6.861617;6.010352;1.921491;0.000100;0.821273;1.456654
10919.21;5969;5982;5.000000;1.445822;0.000173;3.613073;2.735825;8.172126;6.889001;6.244452;2.025647;0.000100;0.847276;2.222925
10921.01;5970;5983;5.000000;1.305440;0.000712;2.850418;3.543400;5.821148;8.056196;6.971934;2.348705;0.000100;1.191992;3.067719
10922.81;5971;5984;5.000000;1.289718;0.001030;2.832092;3.373352;5.714068;7.577213;6.784314;2.341436;0.000100;1.081775;3.000495
10924.61;5972;5985;5.000000;1.162562;0.000173;3.306436;4.378191;6.013395;8.864698;6.446915;2.155680;0.000100;1.295131;3.353418
10926.41;5973;5986;5.000000;1.091622;0.000734;3.473783;4.527475;5.932234;8.607586;6.583521;2.106448;0.000100;1.262364;3.914807
10928.21;5974;5987;5.000000;1.089164;0.000622;3.985543;4.658623;6.790848;8.836977;6.141457;2.049239;0.000100;1.252950;2.913833
10930.01;5975;5988;5.000000;1.212028;0.000173;3.602420;4.171304;6.830467;8.805167;6.609506;2.170731;0.000100;1.319519;3.102187
10931.81;5976;5989;5.000000;1.096250;0.000173;3.917078;4.647431;6.717616;8.873105;6.672372;2.069840;0.000100;1.362124;3.611062
10933.61;5977;5990;5.000000;1.202329;0.000173;3.612670;4.257123;6.795087;8.914409;7.000155;2.140344;0.000100;1.344341;3.147091
10935.41;5978;5991;5.000000;1.198914;0.000173;3.644019;4.333223;6.834584;9.047991;6.489627;2.148198;0.000100;1.404754;1.157518
10937.21;5979;5992;5.000000;1.184916;0.000576;3.683142;4.331699;6.827305;8.939204;6.527233;2.096373;0.000100;1.327606;4.123684
10939.01;5980;5993;5.000000;1.131037;0.000173;3.849491;4.580525;6.811201;9.022883;6.406053;2.126955;0.000100;1.341827;1.886792
10940.81;5981;5994;5.000000;1.462803;0.000173;2.471212;3.432738;5.655085;8.745395;6.845880;2.305482;0.000100;1.322814;3.583242
10942.61;5982;5995;5.000000;1.442915;0.000173;2.541784;3.515904;5.737501;8.835492;7.010970;2.327863;0.000100;1.340371;3.395160
10944.41;5983;5996;5.000000;1.467765;0.000173;2.551210;3.405479;5.857956;8.705379;7.084587;2.358967;0.000100;1.327090;2.931948
10946.21;5984;5997;5.000000;1.503794;0.000173;2.408717;3.417779;5.666533;8.951281;6.794033;2.290093;0.000100;1.302224;2.976749
10948.01;5985;5998;5.000000;1.585182;0.000173;2.347469;3.185136;5.821332;8.793466;6.849488;2.313883;0.000100;1.309005;2.768497
10949.81;5986;5999;5.000000;1.419334;0.000721;2.669240;3.583663;5.926735;8.858595;7.294324;2.391259;0.000100;1.319344;3.383350
10951.61;5987;6000;5.000000;1.492561;0.000173;2.483599;3.431811;5.799052;8.920897;7.112222;2.327160;0.000100;1.306645;3.600073
10953.41;5988;6001;5.000000;1.483069;0.000640;2.814004;3.451484;6.528742;8.914981;6.870621;2.301277;0.000100;1.248846;2.510255
10955.21;5989;6002;5.000000;1.457202;0.000608;2.839783;3.278241;6.473634;8.319813;6.961445;2.116542;0.000100;1.263108;3.877079
10957.01;5990;6003;5.000000;1.403031;0.000674;2.807901;3.644142;6.163004;8.904624;6.938541;2.402193;0.000100;1.236571;3.229719
10958.81;5991;6004;5.000000;1.271375;0.000173;3.048833;3.598573;6.063880;7.968140;6.631791;2.170256;0.000100;1.226296;3.279293
10960.61;5992;6005;5.000000;1.457182;0.000173;2.260924;3.475345;5.153984;8.819920;6.881988;2.402831;0.000100;1.456137;3.843551
10962.41;5993;6006;5.000000;1.541543;0.000594;2.060898;3.231270;4.969989;8.675246;7.081473;2.454898;0.000100;1.435761;2.568430
10964.21;5994;6007;5.000000;1.393206;0.000885;1.978031;2.683013;4.311137;6.510153;6.997489;2.705541;0.000100;1.014605;2.152973
10966.01;5995;6008;5.000000;1.360733;0.000173;1.986598;2.629380;4.228889;6.231309;6.896072;2.709333;0.000100;1.019857;1.784865
10967.81;5996;6009;5.000000;1.442429;0.000173;2.704401;3.339243;6.102514;8.388715;6.862152;2.184286;0.000100;1.455613;2.819716
10969.61;5997;6010;5.000000;1.520220;0.000173;2.421648;3.392823;5.759182;8.982984;6.913733;2.301930;0.000100;1.514577;3.118195
10971.41;5998;6011;5.000000;1.703353;0.000173;2.093222;3.105107;5.577807;9.211585;6.544871;2.432291;0.000100;1.443392;3.030693
10973.21;5999;6012;5.000000;1.757600;0.000173;2.005801;2.953411;5.515073;9.040595;7.247757;2.460643;0.000100;1.480483;3.446677
10975.01;6000;6013;5.000000;1.482044;0.000173;2.611961;3.505206;6.055794;9.047479;6.750273;2.370969;0.000100;1.441824;3.052333
10976.81;6001;6014;5.000000;1.557005;0.000173;2.429026;3.182046;5.916506;8.628780;6.946509;2.308405;0.000100;1.470919;2.889905
10978.61;6002;6015;5.000000;1.130757;0.000760;3.008106;4.019310;5.321155;7.915420;6.816781;2.216797;0.000100;1.351758;2.524135
10980.41;6003;6016;5.000000;1.294897;0.000173;2.737200;3.740494;5.544791;8.435625;7.250491;2.288209;0.000100;1.478908;1.799143
10982.21;6004;6017;5.000000;1.269604;0.000173;2.764860;3.737025;5.491423;8.263185;6.925177;2.277295;0.000100;1.418954;2.211064
10984.01;6005;6018;5.000000;1.186703;0.000173;2.969659;4.061653;5.513048;8.394556;7.070856;2.280895;0.000100;1.387323;1.621927
10985.81;6006;6019;5.000000;1.474261;0.000721;2.230225;3.140430;5.143591;8.063368;7.184699;2.242933;0.000100;1.377592;1.945270
10987.61;6007;6020;5.000000;1.471797;0.000173;2.240371;3.165736;5.158354;8.114759;7.114057;2.266696;0.000100;1.341178;2.801191
10989.41;6008;6021;5.000000;1.485873;0.000757;2.248585;3.151918;5.226782;8.156610;7.470224;2.195388;0.000100;1.394601;2.207929
10991.21;6009;6022;5.000000;1.473801;0.000173;2.256224;3.130798;5.201929;8.036129;7.421292;2.218938;0.000100;1.370263;2.257718
10993.01;6010;6023;5.000000;1.455402;0.000173;2.244363;3.177985;5.109983;8.055415;7.066646;2.184478;0.000100;1.359759;1.660828
10994.81;6011;6024;5.000000;1.410937;0.000572;2.306094;3.363526;5.090121;8.265241;7.256766;2.279496;0.000100;1.369192;2.668892
10996.61;6012;6025;5.000000;1.522870;0.000173;2.142509;3.032022;5.104213;8.041709;7.071952;2.365470;0.000100;1.296374;2.794605
10998.41;6013;6026;5.000000;1.455619;0.000173;2.224621;3.192698;5.065789;8.093913;6.746136;2.345725;0.000100;1.364303;1.978850
11000.21;6014;6027;5.000000;1.495571;0.000173;2.211016;3.051098;5.172998;7.947241;6.999715;2.270704;0.000100;1.312081;1.790773
11002.01;6015;6028;5.000000;1.437688;0.000173;2.267997;3.185015;5.100943;7.974973;6.914695;2.237360;0.000100;1.297969;1.525401
11003.81;6016;6029;5.000000;1.482082;0.000173;2.248448;3.135309;5.213129;8.092927;7.126453;2.249445;0.000100;1.335194;2.235073
11005.61;6017;6030;5.000000;1.397465;0.000173;2.280188;3.157585;4.984882;7.685091;6.976674;2.294905;0.000100;1.280750;2.484187
11007.41;6018;6031;5.000000;1.568454;0.000173;2.356118;2.988502;5.781123;8.163537;6.226705;1.914623;0.000100;1.220320;1.907980
11009.21;6019;6032;5.000000;1.429524;0.000173;2.588330;3.243628;5.788345;8.075612;6.331302;1.886040;0.000100;1.186635;2.465151
11011.01;6020;6033;5.000000;1.553726;0.000173;2.135005;2.902899;5.189393;7.855238;6.540620;2.272340;0.000100;1.211824;1.876978
11012.81;6021;6034;5.000000;1.553780;0.000173;2.128219;2.905859;5.173080;7.863523;6.662428;2.253335;0.000100;1.190644;2.956949
11014.61;6022;6035;5.000000;1.646796;0.000173;2.130099;2.825788;5.487607;8.104618;7.205732;2.351551;0.000100;1.251244;3.590697
11016.41;6023;6036;5.000000;1.674744;0.000639;2.092237;2.732056;5.481539;7.968766;6.999658;2.328647;0.000100;1.207709;1.240522
11018.21;6024;6037;5.000000;1.677041;0.000173;2.122147;2.733398;5.567530;7.983616;6.987592;2.308381;0.000100;1.211503;2.870910
11020.01;6025;6038;5.000000;1.366303;0.000952;1.568403;2.489398;3.352340;5.923718;6.766790;3.543816;0.000100;0.739020;1.101037
11021.81;6026;6039;5.000000;1.560343;0.000696;1.408979;2.208941;3.439283;6.002846;6.236325;3.511738;59.143481;0.775951;1.184109
11023.61;6027;6040;5.000000;1.507583;0.000597;1.444833;2.295105;3.407549;6.026107;6.184917;3.634999;56.800506;0.779855;1.141258
11025.41;6028;6041;5.000000;1.312664;0.000623;1.552380;2.578973;3.187828;5.895945;5.733379;3.389588;0.000100;0.707473;0.967462
11027.21;6029;6042;5.000000;1.350449;0.000723;1.603852;2.550358;3.388331;5.998359;6.261424;3.541818;0.000100;0.736390;0.200737
11029.01;6030;6043;5.000000;1.421011;0.000796;1.450165;2.424737;3.223725;6.000880;5.850359;3.561242;48.572519;0.715605;1.326499
11030.81;6031;6044;5.000000;1.570731;0.000173;1.859693;2.700634;4.569688;7.387895;6.845535;2.265878;0.000100;1.217684;2.752600
11032.61;6032;6045;5.000000;1.657191;0.000173;1.796609;2.611685;4.657678;7.537832;7.259394;2.355854;0.000100;1.198284;2.668510
11034.41;6033;6046;5.000000;1.624549;0.000173;1.838361;2.697191;4.672044;7.631282;6.867295;2.364773;0.000100;1.250264;0.200737
11036.21;6034;6047;5.000000;1.576620;0.000173;1.915775;2.751632;4.725142;7.555626;6.991162;2.340056;0.000100;1.244818;1.873662
11038.01;6035;6048;5.000000;1.519050;0.000716;1.839945;2.680139;4.372402;7.090590;6.830670;2.538018;0.000100;1.119978;1.277986
11039.81;6036;6049;5.000000;1.726856;0.000173;1.579446;2.324821;4.266822;6.991956;6.019462;2.526817;0.000100;1.095000;1.309159
11041.61;6037;6050;5.000000;1.725551;0.000657;1.651297;2.486450;4.457551;7.472410;6.635234;2.621914;0.000100;1.179731;2.164983
11043.41;6038;6051;5.000000;1.614067;0.000173;1.782203;2.659920;4.500098;7.477270;6.106691;2.568316;0.000100;1.115338;1.634417
11045.21;6039;6052;5.000000;1.618438;0.000622;1.918555;2.697165;4.857509;7.602502;6.461736;2.384781;0.000100;1.216512;2.954186
11047.01;6040;6053;5.000000;1.874447;0.000583;1.742206;2.494799;5.108765;8.144448;6.527316;2.304108;0.000100;1.321260;2.649274
11048.81;6041;6054;5.000000;1.726969;0.000604;1.892914;2.657934;5.113975;7.994323;6.000373;1.900297;0.000100;1.321583;2.181418
11050.61;6042;6055;5.000000;1.791584;0.000173;1.956201;2.590494;5.482695;8.083005;6.668017;1.890342;0.000100;1.410193;2.200554
11052.41;6043;6056;5.000000;1.650868;0.000626;1.278129;1.864442;3.300885;5.360611;5.910454;3.215154;0.000100;0.814902;0.200737
11054.21;6044;6057;5.000000;1.521389;0.000825;1.086017;1.720279;2.584760;4.558186;5.193987;3.443677;52.400131;0.678249;0.200737
11056.01;6045;6058;;;;;;;;;;;;
11057.81;6046;6059;;;;;;;;;;;;
11059.61;6047;6060;;;;;;;;;;;;
11061.41;6048;6061;;;;;;;;;;;;
11063.21;6049;6062;;;;;;;;;;;;
11065.01;6050;6063;;;;;;;;;;;;
11066.81;6051;6064;;;;;;;;;;;;
11068.61;6052;6065;;;;;;;;;;;;
11070.41;6053;6066;;;;;;;;;;;;
11072.21;6054;6067;;;;;;;;;;;;
11074.01;6055;6068;;;;;;;;;;;;
11075.81;6056;6069;;;;;;;;;;;;
11077.61;6057;6070;;;;;;;;;;;;
11079.41;6058;6071;;;;;;;;;;;;
11081.21;6059;6072;;;;;;;;;;;;
11083.01;6060;6073;;;;;;;;;;;;
11084.81;6061;6074;;;;;;;;;;;;
11086.61;6062;6075;;;;;;;;;;;;
11088.41;6063;6076;;;;;;;;;;;;
11090.21;6064;6077;;;;;;;;;;;;
11092.01;6065;6078;;;;;;;;;;;;
